observation_id,observation_hash,property_id,property_name,source_platform,stay_date,observed_at_jst,room_product_key,room_type_name,rate_plan_key,rate_plan_name,search_adults,search_children,search_rooms,length_of_stay,currency,observed_price,availability_status,inventory_count,inventory_count_semantics,inventory_scope,source_quality,raw_evidence_hash,collector_run_id
booking|hammond|2026-09-01|text:和室|unknown_rate|2|0|1|1|core_competitor_obs_20260818_045006,e604f6979150d028b99a12de8be964a086d695f293841dba9dd3323ca692866a,hammond,HAMMOND,booking,2026-09-01,2026-08-18T04:53:52+09:00,text:和室,和室,,,2,0,1,1,JPY,13860,AVAILABLE,4,PUBLIC_SCARCITY_COUNT,PRODUCT,MEDIUM,4ec2f21c2d2ca55d9984ac4822eda4d4e285c06573f136fbcb1ad49617dba911,core_competitor_obs_20260818_045006
booking|yoshidaya|2026-09-01|text:和室|unknown_rate|2|0|1|1|core_competitor_obs_20260818_045006,be6124c0c945e659fb95d304f136c3abe3babfcc885e3fd407c466b192d5f14f,yoshidaya,吉田屋,booking,2026-09-01,2026-08-18T04:57:15+09:00,text:和室,和室,,,2,0,1,1,JPY,16830,AVAILABLE,7,PUBLIC_SCARCITY_COUNT,PRODUCT,MEDIUM,08c4adfede6292f1779e2867c6557423cc0c44e225d7cd15a3d99c1a41e71bd2,core_competitor_obs_20260818_045006
booking|oakhill|2026-09-01|text:和室|unknown_rate|2|0|1|1|core_competitor_obs_20260818_045006,694e7d5d0a0fbd0d5f93d2e8b2420b0b4edbea71fac2c87d1ef682a027152d61,oakhill,ONSEN & STAY OAKHILL,booking,2026-09-01,2026-08-18T05:00:27+09:00,text:和室,和室,,,2,0,1,1,JPY,17409,AVAILABLE,,BINARY_AVAILABILITY,UNKNOWN,HIGH,c32fd105e16d3c34d893252a61c2f76bb850b5796d883a8ced3f4fcabcc3d8e8,core_competitor_obs_20260818_045006
jalan|hammond|2026-09-01|room:和室二間トリプルベッド|plan:【基本プラン☆素泊まり】蔵王温泉リーズナブルステイ!7箇所の湯めぐり無料特典♪ご夕食は温泉街へ|meal:confirmed_room_only|occ:2a0c1r|los:1|text:【基本プラン☆素泊まり】蔵王温泉リーズナブルステイ!7箇所の湯めぐり無料特典♪ご夕食は温泉街へ|2|0|1|1|core_competitor_obs_20260818_045006,44a00374e2dd097ac8d06f8797ae83e4a111473788722b8294c1d9e79a81c398,hammond,HAMMOND,jalan,2026-09-01,2026-08-18T05:03:19+09:00,room:和室二間トリプルベッド|plan:【基本プラン☆素泊まり】蔵王温泉リーズナブルステイ!7箇所の湯めぐり無料特典♪ご夕食は温泉街へ|meal:confirmed_room_only|occ:2a0c1r|los:1,和室二間トリプルベッド,text:【基本プラン☆素泊まり】蔵王温泉リーズナブルステイ!7箇所の湯めぐり無料特典♪ご夕食は温泉街へ,【基本プラン☆素泊まり】蔵王温泉リーズナブルステイ!7箇所の湯めぐり無料特典♪ご夕食は温泉街へ,2,0,1,1,JPY,19800,AVAILABLE,3,PUBLIC_SCARCITY_COUNT,PRODUCT,HIGH,a53b7d24ea83ecba0405d0dabf29932cd75e0d50e67cf33e44afc63634873985,core_competitor_obs_20260818_045006
jalan|hammond|2026-09-01|room:和室角部屋|plan:【基本プラン☆素泊まり】蔵王温泉リーズナブルステイ!7箇所の湯めぐり無料特典♪ご夕食は温泉街へ|meal:confirmed_room_only|occ:2a0c1r|los:1|text:【基本プラン☆素泊まり】蔵王温泉リーズナブルステイ!7箇所の湯めぐり無料特典♪ご夕食は温泉街へ|2|0|1|1|core_competitor_obs_20260818_045006,2bb185f392452d0839bdbab6dcf907a8a373835b86bcc3184eb22efc15af1cf2,hammond,HAMMOND,jalan,2026-09-01,2026-08-18T05:03:19+09:00,room:和室角部屋|plan:【基本プラン☆素泊まり】蔵王温泉リーズナブルステイ!7箇所の湯めぐり無料特典♪ご夕食は温泉街へ|meal:confirmed_room_only|occ:2a0c1r|los:1,和室角部屋,text:【基本プラン☆素泊まり】蔵王温泉リーズナブルステイ!7箇所の湯めぐり無料特典♪ご夕食は温泉街へ,【基本プラン☆素泊まり】蔵王温泉リーズナブルステイ!7箇所の湯めぐり無料特典♪ご夕食は温泉街へ,2,0,1,1,JPY,18000,AVAILABLE,2,PUBLIC_SCARCITY_COUNT,PRODUCT,HIGH,17697f616fd8f62521ba632b0517983888780406b2a04a2832c53929b9186abb,core_competitor_obs_20260818_045006
jalan|hammond|2026-09-01|room:スタンダード和室|plan:【基本プラン☆素泊まり】蔵王温泉リーズナブルステイ!7箇所の湯めぐり無料特典♪ご夕食は温泉街へ|meal:confirmed_room_only|occ:2a0c1r|los:1|text:【基本プラン☆素泊まり】蔵王温泉リーズナブルステイ!7箇所の湯めぐり無料特典♪ご夕食は温泉街へ|2|0|1|1|core_competitor_obs_20260818_045006,870452a598a56e23d0e700580e33c67687df9d7e7a3c6e65e8522e8d843a2978,hammond,HAMMOND,jalan,2026-09-01,2026-08-18T05:03:19+09:00,room:スタンダード和室|plan:【基本プラン☆素泊まり】蔵王温泉リーズナブルステイ!7箇所の湯めぐり無料特典♪ご夕食は温泉街へ|meal:confirmed_room_only|occ:2a0c1r|los:1,スタンダード和室,text:【基本プラン☆素泊まり】蔵王温泉リーズナブルステイ!7箇所の湯めぐり無料特典♪ご夕食は温泉街へ,【基本プラン☆素泊まり】蔵王温泉リーズナブルステイ!7箇所の湯めぐり無料特典♪ご夕食は温泉街へ,2,0,1,1,JPY,14000,AVAILABLE,,UNKNOWN,PRODUCT,MEDIUM,5c667325f08388054e79d30a94c030f8ebdcd3daf68d9519b7f29a6fb36fff69,core_competitor_obs_20260818_045006
jalan|hammond|2026-09-01|room:スタンダード洋室|plan:【基本プラン☆素泊まり】蔵王温泉リーズナブルステイ!7箇所の湯めぐり無料特典♪ご夕食は温泉街へ|meal:confirmed_room_only|occ:2a0c1r|los:1|text:【基本プラン☆素泊まり】蔵王温泉リーズナブルステイ!7箇所の湯めぐり無料特典♪ご夕食は温泉街へ|2|0|1|1|core_competitor_obs_20260818_045006,41b78a87da75eae9e78cb4c132a16276405249da1e541345a8d681cf6806ab07,hammond,HAMMOND,jalan,2026-09-01,2026-08-18T05:03:19+09:00,room:スタンダード洋室|plan:【基本プラン☆素泊まり】蔵王温泉リーズナブルステイ!7箇所の湯めぐり無料特典♪ご夕食は温泉街へ|meal:confirmed_room_only|occ:2a0c1r|los:1,スタンダード洋室,text:【基本プラン☆素泊まり】蔵王温泉リーズナブルステイ!7箇所の湯めぐり無料特典♪ご夕食は温泉街へ,【基本プラン☆素泊まり】蔵王温泉リーズナブルステイ!7箇所の湯めぐり無料特典♪ご夕食は温泉街へ,2,0,1,1,JPY,14000,AVAILABLE,,UNKNOWN,PRODUCT,MEDIUM,a57434142ab048512ea89b781a02924dd19201de4d0fdcb16d85c96035f03589,core_competitor_obs_20260818_045006
jalan|hammond|2026-09-01|room:倶楽部ルーム|plan:【基本プラン☆素泊まり】蔵王温泉リーズナブルステイ!7箇所の湯めぐり無料特典♪ご夕食は温泉街へ|meal:confirmed_room_only|occ:2a0c1r|los:1|text:【基本プラン☆素泊まり】蔵王温泉リーズナブルステイ!7箇所の湯めぐり無料特典♪ご夕食は温泉街へ|2|0|1|1|core_competitor_obs_20260818_045006,af9ac8a81951a41b0661b2cb5ba50ec62291b620b1700dac9e0c4d30731bf646,hammond,HAMMOND,jalan,2026-09-01,2026-08-18T05:03:19+09:00,room:倶楽部ルーム|plan:【基本プラン☆素泊まり】蔵王温泉リーズナブルステイ!7箇所の湯めぐり無料特典♪ご夕食は温泉街へ|meal:confirmed_room_only|occ:2a0c1r|los:1,倶楽部ルーム,text:【基本プラン☆素泊まり】蔵王温泉リーズナブルステイ!7箇所の湯めぐり無料特典♪ご夕食は温泉街へ,【基本プラン☆素泊まり】蔵王温泉リーズナブルステイ!7箇所の湯めぐり無料特典♪ご夕食は温泉街へ,2,0,1,1,JPY,14000,AVAILABLE,3,PUBLIC_SCARCITY_COUNT,PRODUCT,HIGH,125cb5cfb6518e568af524e31337d305676cdc60280ac47f2d8e09198aba7ff0,core_competitor_obs_20260818_045006
"jalan|hammond|2026-09-01|room:和室二間トリプルベッド|plan:【早割プラン☆素泊まり】7日前まで予約で1,000円off!7箇所の湯めぐり無料特典♪ご夕食は温泉街へ|meal:confirmed_room_only|occ:2a0c1r|los:1|text:【早割プラン☆素泊まり】7日前まで予約で1,000円off!7箇所の湯めぐり無料特典♪ご夕食は温泉街へ|2|0|1|1|core_competitor_obs_20260818_045006",48abf1411f575d8b604c72d570cfd2a9cfe07039bc081314da86cf13043e8dd4,hammond,HAMMOND,jalan,2026-09-01,2026-08-18T05:03:19+09:00,"room:和室二間トリプルベッド|plan:【早割プラン☆素泊まり】7日前まで予約で1,000円off!7箇所の湯めぐり無料特典♪ご夕食は温泉街へ|meal:confirmed_room_only|occ:2a0c1r|los:1",和室二間トリプルベッド,"text:【早割プラン☆素泊まり】7日前まで予約で1,000円off!7箇所の湯めぐり無料特典♪ご夕食は温泉街へ","【早割プラン☆素泊まり】7日前まで予約で1,000円OFF!7箇所の湯めぐり無料特典♪ご夕食は温泉街へ",2,0,1,1,JPY,18800,AVAILABLE,3,PUBLIC_SCARCITY_COUNT,PRODUCT,HIGH,495e95a2ee25449f8347c3931de18a266b3cc8f10da6305cf9ee38f28428bfef,core_competitor_obs_20260818_045006
"jalan|hammond|2026-09-01|room:和室角部屋|plan:【早割プラン☆素泊まり】7日前まで予約で1,000円off!7箇所の湯めぐり無料特典♪ご夕食は温泉街へ|meal:confirmed_room_only|occ:2a0c1r|los:1|text:【早割プラン☆素泊まり】7日前まで予約で1,000円off!7箇所の湯めぐり無料特典♪ご夕食は温泉街へ|2|0|1|1|core_competitor_obs_20260818_045006",793d7624b829c3490ded78e446e7f53591db649f3f9b5f5b07a0fc50cbbc4e40,hammond,HAMMOND,jalan,2026-09-01,2026-08-18T05:03:19+09:00,"room:和室角部屋|plan:【早割プラン☆素泊まり】7日前まで予約で1,000円off!7箇所の湯めぐり無料特典♪ご夕食は温泉街へ|meal:confirmed_room_only|occ:2a0c1r|los:1",和室角部屋,"text:【早割プラン☆素泊まり】7日前まで予約で1,000円off!7箇所の湯めぐり無料特典♪ご夕食は温泉街へ","【早割プラン☆素泊まり】7日前まで予約で1,000円OFF!7箇所の湯めぐり無料特典♪ご夕食は温泉街へ",2,0,1,1,JPY,17000,AVAILABLE,2,PUBLIC_SCARCITY_COUNT,PRODUCT,HIGH,222f01f9c80550ff3a962287069c3bcf1261b419ee3dd7b736c9e4966210342f,core_competitor_obs_20260818_045006
"jalan|hammond|2026-09-01|room:スタンダード和室|plan:【早割プラン☆素泊まり】7日前まで予約で1,000円off!7箇所の湯めぐり無料特典♪ご夕食は温泉街へ|meal:confirmed_room_only|occ:2a0c1r|los:1|text:【早割プラン☆素泊まり】7日前まで予約で1,000円off!7箇所の湯めぐり無料特典♪ご夕食は温泉街へ|2|0|1|1|core_competitor_obs_20260818_045006",4b6a8afe9ad27b4b48dbcc86c770b202edd764f7a436132010a97389170391e2,hammond,HAMMOND,jalan,2026-09-01,2026-08-18T05:03:19+09:00,"room:スタンダード和室|plan:【早割プラン☆素泊まり】7日前まで予約で1,000円off!7箇所の湯めぐり無料特典♪ご夕食は温泉街へ|meal:confirmed_room_only|occ:2a0c1r|los:1",スタンダード和室,"text:【早割プラン☆素泊まり】7日前まで予約で1,000円off!7箇所の湯めぐり無料特典♪ご夕食は温泉街へ","【早割プラン☆素泊まり】7日前まで予約で1,000円OFF!7箇所の湯めぐり無料特典♪ご夕食は温泉街へ",2,0,1,1,JPY,13000,AVAILABLE,,UNKNOWN,PRODUCT,MEDIUM,867eab73de0cc252a488e0b45c0ecceca2929d95389f41765fca7fae03b945aa,core_competitor_obs_20260818_045006
"jalan|hammond|2026-09-01|room:スタンダード洋室|plan:【早割プラン☆素泊まり】7日前まで予約で1,000円off!7箇所の湯めぐり無料特典♪ご夕食は温泉街へ|meal:confirmed_room_only|occ:2a0c1r|los:1|text:【早割プラン☆素泊まり】7日前まで予約で1,000円off!7箇所の湯めぐり無料特典♪ご夕食は温泉街へ|2|0|1|1|core_competitor_obs_20260818_045006",b84abc00cc23acec5f58e0f41c43e5f50283a1c5475ae3287b6a5424d579f120,hammond,HAMMOND,jalan,2026-09-01,2026-08-18T05:03:19+09:00,"room:スタンダード洋室|plan:【早割プラン☆素泊まり】7日前まで予約で1,000円off!7箇所の湯めぐり無料特典♪ご夕食は温泉街へ|meal:confirmed_room_only|occ:2a0c1r|los:1",スタンダード洋室,"text:【早割プラン☆素泊まり】7日前まで予約で1,000円off!7箇所の湯めぐり無料特典♪ご夕食は温泉街へ","【早割プラン☆素泊まり】7日前まで予約で1,000円OFF!7箇所の湯めぐり無料特典♪ご夕食は温泉街へ",2,0,1,1,JPY,13000,AVAILABLE,,UNKNOWN,PRODUCT,MEDIUM,4e8b8a427241e637792c4f2826712ab74a96e3f0102bf3d870b62a3e246eedea,core_competitor_obs_20260818_045006
"jalan|hammond|2026-09-01|room:倶楽部ルーム|plan:【早割プラン☆素泊まり】7日前まで予約で1,000円off!7箇所の湯めぐり無料特典♪ご夕食は温泉街へ|meal:confirmed_room_only|occ:2a0c1r|los:1|text:【早割プラン☆素泊まり】7日前まで予約で1,000円off!7箇所の湯めぐり無料特典♪ご夕食は温泉街へ|2|0|1|1|core_competitor_obs_20260818_045006",3f165002dd6ac862f63466a3631debc3c59a3a647de3de2dec2d4b76c7e8e4b8,hammond,HAMMOND,jalan,2026-09-01,2026-08-18T05:03:19+09:00,"room:倶楽部ルーム|plan:【早割プラン☆素泊まり】7日前まで予約で1,000円off!7箇所の湯めぐり無料特典♪ご夕食は温泉街へ|meal:confirmed_room_only|occ:2a0c1r|los:1",倶楽部ルーム,"text:【早割プラン☆素泊まり】7日前まで予約で1,000円off!7箇所の湯めぐり無料特典♪ご夕食は温泉街へ","【早割プラン☆素泊まり】7日前まで予約で1,000円OFF!7箇所の湯めぐり無料特典♪ご夕食は温泉街へ",2,0,1,1,JPY,13000,AVAILABLE,3,PUBLIC_SCARCITY_COUNT,PRODUCT,HIGH,81ad4a34aac531d728ec100774e104415f4f58163fa6f2cc0f203a713d620881,core_competitor_obs_20260818_045006
jalan|hammond|2026-09-01|room:和室二間トリプルベッド|plan:【じゃらんのお得な10日間】素泊まり★10%off!湯めぐり無料特典☆直前割|meal:confirmed_room_only|occ:2a0c1r|los:1|text:【じゃらんのお得な10日間】素泊まり★10%off!湯めぐり無料特典☆直前割|2|0|1|1|core_competitor_obs_20260818_045006,35cc3576a5cdbf6a4ddf2c3eeef2e7046c64ae2bd4181568f96114f10e2a50ac,hammond,HAMMOND,jalan,2026-09-01,2026-08-18T05:03:19+09:00,room:和室二間トリプルベッド|plan:【じゃらんのお得な10日間】素泊まり★10%off!湯めぐり無料特典☆直前割|meal:confirmed_room_only|occ:2a0c1r|los:1,和室二間トリプルベッド,text:【じゃらんのお得な10日間】素泊まり★10%off!湯めぐり無料特典☆直前割,【じゃらんのお得な10日間】素泊まり★10%OFF!湯めぐり無料特典☆直前割,2,0,1,1,JPY,17820,AVAILABLE,3,PUBLIC_SCARCITY_COUNT,PRODUCT,HIGH,b9fb15d3a2479bc80f8e0239fe7740eae271a1e464940245be61b7380ad08928,core_competitor_obs_20260818_045006
jalan|hammond|2026-09-01|room:和室角部屋|plan:【じゃらんのお得な10日間】素泊まり★10%off!湯めぐり無料特典☆直前割|meal:confirmed_room_only|occ:2a0c1r|los:1|text:【じゃらんのお得な10日間】素泊まり★10%off!湯めぐり無料特典☆直前割|2|0|1|1|core_competitor_obs_20260818_045006,1eefbb1e8f5f1c09757ea56bf090797b22d62e46ea807232043d50e52bdc4025,hammond,HAMMOND,jalan,2026-09-01,2026-08-18T05:03:19+09:00,room:和室角部屋|plan:【じゃらんのお得な10日間】素泊まり★10%off!湯めぐり無料特典☆直前割|meal:confirmed_room_only|occ:2a0c1r|los:1,和室角部屋,text:【じゃらんのお得な10日間】素泊まり★10%off!湯めぐり無料特典☆直前割,【じゃらんのお得な10日間】素泊まり★10%OFF!湯めぐり無料特典☆直前割,2,0,1,1,JPY,16200,AVAILABLE,2,PUBLIC_SCARCITY_COUNT,PRODUCT,HIGH,5143095ec3a5fb60f708eeb07e47b48f48410ad3e35c5291dcea4ddbb649892d,core_competitor_obs_20260818_045006
jalan|hammond|2026-09-01|room:スタンダード和室|plan:【じゃらんのお得な10日間】素泊まり★10%off!湯めぐり無料特典☆直前割|meal:confirmed_room_only|occ:2a0c1r|los:1|text:【じゃらんのお得な10日間】素泊まり★10%off!湯めぐり無料特典☆直前割|2|0|1|1|core_competitor_obs_20260818_045006,cde68fed59a4bd158e0750d5e31048f4c9c7ef2810ca3759192d4fc61d9c6a7e,hammond,HAMMOND,jalan,2026-09-01,2026-08-18T05:03:19+09:00,room:スタンダード和室|plan:【じゃらんのお得な10日間】素泊まり★10%off!湯めぐり無料特典☆直前割|meal:confirmed_room_only|occ:2a0c1r|los:1,スタンダード和室,text:【じゃらんのお得な10日間】素泊まり★10%off!湯めぐり無料特典☆直前割,【じゃらんのお得な10日間】素泊まり★10%OFF!湯めぐり無料特典☆直前割,2,0,1,1,JPY,12600,AVAILABLE,,UNKNOWN,PRODUCT,MEDIUM,547d98d448a0274b7b583649d4a280a8e241fa3f5eaf7ae72a5b29d7ee0a3214,core_competitor_obs_20260818_045006
jalan|hammond|2026-09-01|room:スタンダード洋室|plan:【じゃらんのお得な10日間】素泊まり★10%off!湯めぐり無料特典☆直前割|meal:confirmed_room_only|occ:2a0c1r|los:1|text:【じゃらんのお得な10日間】素泊まり★10%off!湯めぐり無料特典☆直前割|2|0|1|1|core_competitor_obs_20260818_045006,6035cf8b95a3d1c13c3e787b64b0c2f4fb181a3a0a82d5f279e88173f41f6e03,hammond,HAMMOND,jalan,2026-09-01,2026-08-18T05:03:19+09:00,room:スタンダード洋室|plan:【じゃらんのお得な10日間】素泊まり★10%off!湯めぐり無料特典☆直前割|meal:confirmed_room_only|occ:2a0c1r|los:1,スタンダード洋室,text:【じゃらんのお得な10日間】素泊まり★10%off!湯めぐり無料特典☆直前割,【じゃらんのお得な10日間】素泊まり★10%OFF!湯めぐり無料特典☆直前割,2,0,1,1,JPY,12600,AVAILABLE,,UNKNOWN,PRODUCT,MEDIUM,0277b46d24d4eab916ad4c9981ec6265506ebce9df468de485917d5ba7d4df40,core_competitor_obs_20260818_045006
jalan|hammond|2026-09-01|room:和室二間トリプルベッド|plan:【じゃらん限定ポイント10%】ポイント貯めてお得に使おう★蔵王温泉リーズナブルステイ|meal:confirmed_room_only|occ:2a0c1r|los:1|text:【じゃらん限定ポイント10%】ポイント貯めてお得に使おう★蔵王温泉リーズナブルステイ|2|0|1|1|core_competitor_obs_20260818_045006,76381f76f804e45182207da6ea9fe39d4625b03807eb45c435be4b940173992a,hammond,HAMMOND,jalan,2026-09-01,2026-08-18T05:03:19+09:00,room:和室二間トリプルベッド|plan:【じゃらん限定ポイント10%】ポイント貯めてお得に使おう★蔵王温泉リーズナブルステイ|meal:confirmed_room_only|occ:2a0c1r|los:1,和室二間トリプルベッド,text:【じゃらん限定ポイント10%】ポイント貯めてお得に使おう★蔵王温泉リーズナブルステイ,【じゃらん限定ポイント10%】ポイント貯めてお得に使おう★蔵王温泉リーズナブルステイ,2,0,1,1,JPY,21384,AVAILABLE,3,PUBLIC_SCARCITY_COUNT,PRODUCT,HIGH,d93415d52f95d27867f1e1f67233884ba0b1af6a6845c41374f56b1a5df9f915,core_competitor_obs_20260818_045006
jalan|hammond|2026-09-01|room:和室角部屋|plan:【じゃらん限定ポイント10%】ポイント貯めてお得に使おう★蔵王温泉リーズナブルステイ|meal:confirmed_room_only|occ:2a0c1r|los:1|text:【じゃらん限定ポイント10%】ポイント貯めてお得に使おう★蔵王温泉リーズナブルステイ|2|0|1|1|core_competitor_obs_20260818_045006,7605c98077cd67d3795047c799a14d56e79f9ce2a3c9699ce081df4d749efd40,hammond,HAMMOND,jalan,2026-09-01,2026-08-18T05:03:19+09:00,room:和室角部屋|plan:【じゃらん限定ポイント10%】ポイント貯めてお得に使おう★蔵王温泉リーズナブルステイ|meal:confirmed_room_only|occ:2a0c1r|los:1,和室角部屋,text:【じゃらん限定ポイント10%】ポイント貯めてお得に使おう★蔵王温泉リーズナブルステイ,【じゃらん限定ポイント10%】ポイント貯めてお得に使おう★蔵王温泉リーズナブルステイ,2,0,1,1,JPY,19440,AVAILABLE,2,PUBLIC_SCARCITY_COUNT,PRODUCT,HIGH,fce98c314e9e721351df883f8bf8d7f411e493272ace28f23baad52a79baeab9,core_competitor_obs_20260818_045006
jalan|hammond|2026-09-01|room:スタンダード和室|plan:【じゃらん限定ポイント10%】ポイント貯めてお得に使おう★蔵王温泉リーズナブルステイ|meal:confirmed_room_only|occ:2a0c1r|los:1|text:【じゃらん限定ポイント10%】ポイント貯めてお得に使おう★蔵王温泉リーズナブルステイ|2|0|1|1|core_competitor_obs_20260818_045006,8e999fffe2c5313ec541c11ae10c7747fe961bc88e78e5d3fbccb83dfebd9269,hammond,HAMMOND,jalan,2026-09-01,2026-08-18T05:03:19+09:00,room:スタンダード和室|plan:【じゃらん限定ポイント10%】ポイント貯めてお得に使おう★蔵王温泉リーズナブルステイ|meal:confirmed_room_only|occ:2a0c1r|los:1,スタンダード和室,text:【じゃらん限定ポイント10%】ポイント貯めてお得に使おう★蔵王温泉リーズナブルステイ,【じゃらん限定ポイント10%】ポイント貯めてお得に使おう★蔵王温泉リーズナブルステイ,2,0,1,1,JPY,15120,AVAILABLE,,UNKNOWN,PRODUCT,MEDIUM,6941af4541cdf92f168bbc7c73deb184f96b8b41896e7b538e4873f0263497c3,core_competitor_obs_20260818_045006
jalan|hammond|2026-09-01|room:スタンダード洋室|plan:【じゃらん限定ポイント10%】ポイント貯めてお得に使おう★蔵王温泉リーズナブルステイ|meal:confirmed_room_only|occ:2a0c1r|los:1|text:【じゃらん限定ポイント10%】ポイント貯めてお得に使おう★蔵王温泉リーズナブルステイ|2|0|1|1|core_competitor_obs_20260818_045006,6ad3c19287fb527336f14b3190de68f6c6c0a109239c4c242c4815a33e840661,hammond,HAMMOND,jalan,2026-09-01,2026-08-18T05:03:19+09:00,room:スタンダード洋室|plan:【じゃらん限定ポイント10%】ポイント貯めてお得に使おう★蔵王温泉リーズナブルステイ|meal:confirmed_room_only|occ:2a0c1r|los:1,スタンダード洋室,text:【じゃらん限定ポイント10%】ポイント貯めてお得に使おう★蔵王温泉リーズナブルステイ,【じゃらん限定ポイント10%】ポイント貯めてお得に使おう★蔵王温泉リーズナブルステイ,2,0,1,1,JPY,15120,AVAILABLE,,UNKNOWN,PRODUCT,MEDIUM,eb573774b4a8937b3bd7ca97099f0df7423c6a983d8a93ea777356be65357857,core_competitor_obs_20260818_045006
jalan|hammond|2026-09-01|room:倶楽部ルーム|plan:【じゃらん限定ポイント10%】ポイント貯めてお得に使おう★蔵王温泉リーズナブルステイ|meal:confirmed_room_only|occ:2a0c1r|los:1|text:【じゃらん限定ポイント10%】ポイント貯めてお得に使おう★蔵王温泉リーズナブルステイ|2|0|1|1|core_competitor_obs_20260818_045006,4feb69e813db7903b8d296fc9984336469f691135590ca11eb0e76ad916a646c,hammond,HAMMOND,jalan,2026-09-01,2026-08-18T05:03:19+09:00,room:倶楽部ルーム|plan:【じゃらん限定ポイント10%】ポイント貯めてお得に使おう★蔵王温泉リーズナブルステイ|meal:confirmed_room_only|occ:2a0c1r|los:1,倶楽部ルーム,text:【じゃらん限定ポイント10%】ポイント貯めてお得に使おう★蔵王温泉リーズナブルステイ,【じゃらん限定ポイント10%】ポイント貯めてお得に使おう★蔵王温泉リーズナブルステイ,2,0,1,1,JPY,15120,AVAILABLE,3,PUBLIC_SCARCITY_COUNT,PRODUCT,HIGH,a5e81445401a52571883ae90e63e0eed69d5d297a73d6cec604c9931be86e736,core_competitor_obs_20260818_045006
jalan|yoshidaya|2026-09-01|room:和室13畳|plan:【シニア割プラン】50歳以上限定!大人の贅沢なひととき♪源泉掛け流しの温泉でリフレッシュ♪|meal:meal_included|occ:2a0c1r|los:1|text:【シニア割プラン】50歳以上限定!大人の贅沢なひととき♪源泉掛け流しの温泉でリフレッシュ♪|2|0|1|1|core_competitor_obs_20260818_045006,3eef2b5ef629f07da91f459e7cdc5b024c9bfcb5beb1560af3beef9b483189bf,yoshidaya,吉田屋,jalan,2026-09-01,2026-08-18T05:06:19+09:00,room:和室13畳|plan:【シニア割プラン】50歳以上限定!大人の贅沢なひととき♪源泉掛け流しの温泉でリフレッシュ♪|meal:meal_included|occ:2a0c1r|los:1,和室13畳,text:【シニア割プラン】50歳以上限定!大人の贅沢なひととき♪源泉掛け流しの温泉でリフレッシュ♪,【シニア割プラン】50歳以上限定!大人の贅沢なひととき♪源泉掛け流しの温泉でリフレッシュ♪,2,0,1,1,JPY,25300,AVAILABLE,1,PUBLIC_SCARCITY_COUNT,PRODUCT,HIGH,531274d4410aed8d110a4d85b6f47d1d2a5f4ae37a98f28e10d2d429bbb1feeb,core_competitor_obs_20260818_045006
jalan|yoshidaya|2026-09-01|room:和室12.5畳|plan:【シニア割プラン】50歳以上限定!大人の贅沢なひととき♪源泉掛け流しの温泉でリフレッシュ♪|meal:meal_included|occ:2a0c1r|los:1|text:【シニア割プラン】50歳以上限定!大人の贅沢なひととき♪源泉掛け流しの温泉でリフレッシュ♪|2|0|1|1|core_competitor_obs_20260818_045006,f0dfc76c8dcea08b84ffeae18dbd9729e7aa0ca5f0f2fafcda93986b7a791e0a,yoshidaya,吉田屋,jalan,2026-09-01,2026-08-18T05:06:19+09:00,room:和室12.5畳|plan:【シニア割プラン】50歳以上限定!大人の贅沢なひととき♪源泉掛け流しの温泉でリフレッシュ♪|meal:meal_included|occ:2a0c1r|los:1,和室12.5畳,text:【シニア割プラン】50歳以上限定!大人の贅沢なひととき♪源泉掛け流しの温泉でリフレッシュ♪,【シニア割プラン】50歳以上限定!大人の贅沢なひととき♪源泉掛け流しの温泉でリフレッシュ♪,2,0,1,1,JPY,23100,AVAILABLE,2,PUBLIC_SCARCITY_COUNT,PRODUCT,HIGH,9a48c258668af2016e38792b2d0520209bdd6895b90c1c85739a1eef7ec33340,core_competitor_obs_20260818_045006
jalan|yoshidaya|2026-09-01|room:和室8畳|plan:【シニア割プラン】50歳以上限定!大人の贅沢なひととき♪源泉掛け流しの温泉でリフレッシュ♪|meal:meal_included|occ:2a0c1r|los:1|text:【シニア割プラン】50歳以上限定!大人の贅沢なひととき♪源泉掛け流しの温泉でリフレッシュ♪|2|0|1|1|core_competitor_obs_20260818_045006,e4cdc0512c8923fd73a3ec02d579b66bcd790fdf5b337e8c4692810d91aba5d0,yoshidaya,吉田屋,jalan,2026-09-01,2026-08-18T05:06:19+09:00,room:和室8畳|plan:【シニア割プラン】50歳以上限定!大人の贅沢なひととき♪源泉掛け流しの温泉でリフレッシュ♪|meal:meal_included|occ:2a0c1r|los:1,和室8畳,text:【シニア割プラン】50歳以上限定!大人の贅沢なひととき♪源泉掛け流しの温泉でリフレッシュ♪,【シニア割プラン】50歳以上限定!大人の贅沢なひととき♪源泉掛け流しの温泉でリフレッシュ♪,2,0,1,1,JPY,20900,AVAILABLE,3,PUBLIC_SCARCITY_COUNT,PRODUCT,HIGH,d8baee5c004c6f6c76bd583d2e2b198605e212b8bf3d75d2fbd2e97ba2fb2868,core_competitor_obs_20260818_045006
jalan|yoshidaya|2026-09-01|room:和室6畳|plan:【シニア割プラン】50歳以上限定!大人の贅沢なひととき♪源泉掛け流しの温泉でリフレッシュ♪|meal:meal_included|occ:2a0c1r|los:1|text:【シニア割プラン】50歳以上限定!大人の贅沢なひととき♪源泉掛け流しの温泉でリフレッシュ♪|2|0|1|1|core_competitor_obs_20260818_045006,b26c6904cbd61a849ea2bbb088c8cf82773afe58ba0c3e1a0197471d86c9c777,yoshidaya,吉田屋,jalan,2026-09-01,2026-08-18T05:06:19+09:00,room:和室6畳|plan:【シニア割プラン】50歳以上限定!大人の贅沢なひととき♪源泉掛け流しの温泉でリフレッシュ♪|meal:meal_included|occ:2a0c1r|los:1,和室6畳,text:【シニア割プラン】50歳以上限定!大人の贅沢なひととき♪源泉掛け流しの温泉でリフレッシュ♪,【シニア割プラン】50歳以上限定!大人の贅沢なひととき♪源泉掛け流しの温泉でリフレッシュ♪,2,0,1,1,JPY,18700,AVAILABLE,,UNKNOWN,PRODUCT,MEDIUM,9d3b27c3593ac97e7ad6e4e93ec524eae926f20330c761c70c50611e0f5ecf78,core_competitor_obs_20260818_045006
jalan|yoshidaya|2026-09-01|room:和室13畳|plan:【早割プラン】14日前までのご予約でお得にご宿泊!温泉と郷土料理に癒される♪選べるメイン料理♪|meal:meal_included|occ:2a0c1r|los:1|text:【早割プラン】14日前までのご予約でお得にご宿泊!温泉と郷土料理に癒される♪選べるメイン料理♪|2|0|1|1|core_competitor_obs_20260818_045006,a20fd7afa4fa519adae129073ccc0a5a968c029a116c195634180f6d263003b0,yoshidaya,吉田屋,jalan,2026-09-01,2026-08-18T05:06:19+09:00,room:和室13畳|plan:【早割プラン】14日前までのご予約でお得にご宿泊!温泉と郷土料理に癒される♪選べるメイン料理♪|meal:meal_included|occ:2a0c1r|los:1,和室13畳,text:【早割プラン】14日前までのご予約でお得にご宿泊!温泉と郷土料理に癒される♪選べるメイン料理♪,【早割プラン】14日前までのご予約でお得にご宿泊!温泉と郷土料理に癒される♪選べるメイン料理♪,2,0,1,1,JPY,26400,AVAILABLE,1,PUBLIC_SCARCITY_COUNT,PRODUCT,HIGH,f309d5eec02ea2d164c927f06a3b8ab87bad76a6a08948c3cd92863be58d5960,core_competitor_obs_20260818_045006
jalan|yoshidaya|2026-09-01|room:和室12.5畳|plan:【早割プラン】14日前までのご予約でお得にご宿泊!温泉と郷土料理に癒される♪選べるメイン料理♪|meal:meal_included|occ:2a0c1r|los:1|text:【早割プラン】14日前までのご予約でお得にご宿泊!温泉と郷土料理に癒される♪選べるメイン料理♪|2|0|1|1|core_competitor_obs_20260818_045006,bb4dc4caa99e6b3098dd9914dd9796206567ae213156de85e21ab33913b2bb9c,yoshidaya,吉田屋,jalan,2026-09-01,2026-08-18T05:06:19+09:00,room:和室12.5畳|plan:【早割プラン】14日前までのご予約でお得にご宿泊!温泉と郷土料理に癒される♪選べるメイン料理♪|meal:meal_included|occ:2a0c1r|los:1,和室12.5畳,text:【早割プラン】14日前までのご予約でお得にご宿泊!温泉と郷土料理に癒される♪選べるメイン料理♪,【早割プラン】14日前までのご予約でお得にご宿泊!温泉と郷土料理に癒される♪選べるメイン料理♪,2,0,1,1,JPY,24200,AVAILABLE,2,PUBLIC_SCARCITY_COUNT,PRODUCT,HIGH,f255fc5b1519d58e4a5b04ce3c6e042dc038c35e71f340489e5e8a8ed8e8fe99,core_competitor_obs_20260818_045006
jalan|yoshidaya|2026-09-01|room:和室8畳|plan:【早割プラン】14日前までのご予約でお得にご宿泊!温泉と郷土料理に癒される♪選べるメイン料理♪|meal:meal_included|occ:2a0c1r|los:1|text:【早割プラン】14日前までのご予約でお得にご宿泊!温泉と郷土料理に癒される♪選べるメイン料理♪|2|0|1|1|core_competitor_obs_20260818_045006,60efbe045ebaf411030454601bfc52ef8a5aaaa28f0a65a50273f4ed1ec5e152,yoshidaya,吉田屋,jalan,2026-09-01,2026-08-18T05:06:19+09:00,room:和室8畳|plan:【早割プラン】14日前までのご予約でお得にご宿泊!温泉と郷土料理に癒される♪選べるメイン料理♪|meal:meal_included|occ:2a0c1r|los:1,和室8畳,text:【早割プラン】14日前までのご予約でお得にご宿泊!温泉と郷土料理に癒される♪選べるメイン料理♪,【早割プラン】14日前までのご予約でお得にご宿泊!温泉と郷土料理に癒される♪選べるメイン料理♪,2,0,1,1,JPY,22000,AVAILABLE,3,PUBLIC_SCARCITY_COUNT,PRODUCT,HIGH,bb3cbd55b2aa60fc37a364ff18da3c85c8ae337bcf862bc87325e5f1cb97b2f3,core_competitor_obs_20260818_045006
jalan|yoshidaya|2026-09-01|room:和室6畳|plan:【早割プラン】14日前までのご予約でお得にご宿泊!温泉と郷土料理に癒される♪選べるメイン料理♪|meal:meal_included|occ:2a0c1r|los:1|text:【早割プラン】14日前までのご予約でお得にご宿泊!温泉と郷土料理に癒される♪選べるメイン料理♪|2|0|1|1|core_competitor_obs_20260818_045006,29945591f35e7f660cb3de834965997ee2e1a42ea1e1adabd259c74251172dc5,yoshidaya,吉田屋,jalan,2026-09-01,2026-08-18T05:06:19+09:00,room:和室6畳|plan:【早割プラン】14日前までのご予約でお得にご宿泊!温泉と郷土料理に癒される♪選べるメイン料理♪|meal:meal_included|occ:2a0c1r|los:1,和室6畳,text:【早割プラン】14日前までのご予約でお得にご宿泊!温泉と郷土料理に癒される♪選べるメイン料理♪,【早割プラン】14日前までのご予約でお得にご宿泊!温泉と郷土料理に癒される♪選べるメイン料理♪,2,0,1,1,JPY,19800,AVAILABLE,,UNKNOWN,PRODUCT,MEDIUM,7f0caaf378c5a36950bace2dee819a4bfbb6cb365ef8001ad61804fd443b0f95,core_competitor_obs_20260818_045006
jalan|yoshidaya|2026-09-01|room:和室13畳|plan:【夕食グレードアップ】ちょっとリッチに山形牛すきやきを堪能★源泉掛け流しの温泉でリフレッシュ♪|meal:meal_included|occ:2a0c1r|los:1|text:【夕食グレードアップ】ちょっとリッチに山形牛すきやきを堪能★源泉掛け流しの温泉でリフレッシュ♪|2|0|1|1|core_competitor_obs_20260818_045006,a5cc62ce026cda0657fe6004f166160d3d8df821e838a91693b917e5b2de9e53,yoshidaya,吉田屋,jalan,2026-09-01,2026-08-18T05:06:19+09:00,room:和室13畳|plan:【夕食グレードアップ】ちょっとリッチに山形牛すきやきを堪能★源泉掛け流しの温泉でリフレッシュ♪|meal:meal_included|occ:2a0c1r|los:1,和室13畳,text:【夕食グレードアップ】ちょっとリッチに山形牛すきやきを堪能★源泉掛け流しの温泉でリフレッシュ♪,【夕食グレードアップ】ちょっとリッチに山形牛すきやきを堪能★源泉掛け流しの温泉でリフレッシュ♪,2,0,1,1,JPY,35200,AVAILABLE,1,PUBLIC_SCARCITY_COUNT,PRODUCT,HIGH,3b168a8a72cb2a23b1ec2c86b05ace2d593ab6bd6dae07168e49ce4647a826c6,core_competitor_obs_20260818_045006
jalan|yoshidaya|2026-09-01|room:和室12.5畳|plan:【夕食グレードアップ】ちょっとリッチに山形牛すきやきを堪能★源泉掛け流しの温泉でリフレッシュ♪|meal:meal_included|occ:2a0c1r|los:1|text:【夕食グレードアップ】ちょっとリッチに山形牛すきやきを堪能★源泉掛け流しの温泉でリフレッシュ♪|2|0|1|1|core_competitor_obs_20260818_045006,ab6fe9cf277efba2d095fdabade60e3ceff5c4f39f2971d484b67d440d00cdc7,yoshidaya,吉田屋,jalan,2026-09-01,2026-08-18T05:06:19+09:00,room:和室12.5畳|plan:【夕食グレードアップ】ちょっとリッチに山形牛すきやきを堪能★源泉掛け流しの温泉でリフレッシュ♪|meal:meal_included|occ:2a0c1r|los:1,和室12.5畳,text:【夕食グレードアップ】ちょっとリッチに山形牛すきやきを堪能★源泉掛け流しの温泉でリフレッシュ♪,【夕食グレードアップ】ちょっとリッチに山形牛すきやきを堪能★源泉掛け流しの温泉でリフレッシュ♪,2,0,1,1,JPY,33000,AVAILABLE,2,PUBLIC_SCARCITY_COUNT,PRODUCT,HIGH,3a1f4923d87ec79b8e251ed61f8ba5818fa4ed137c1f02e4d39fb159027e2e34,core_competitor_obs_20260818_045006
jalan|yoshidaya|2026-09-01|room:和室8畳|plan:【夕食グレードアップ】ちょっとリッチに山形牛すきやきを堪能★源泉掛け流しの温泉でリフレッシュ♪|meal:meal_included|occ:2a0c1r|los:1|text:【夕食グレードアップ】ちょっとリッチに山形牛すきやきを堪能★源泉掛け流しの温泉でリフレッシュ♪|2|0|1|1|core_competitor_obs_20260818_045006,16ca57fd686d01562e111ab5285cc5291ae396d3cb6242a9d3836a61b256730e,yoshidaya,吉田屋,jalan,2026-09-01,2026-08-18T05:06:19+09:00,room:和室8畳|plan:【夕食グレードアップ】ちょっとリッチに山形牛すきやきを堪能★源泉掛け流しの温泉でリフレッシュ♪|meal:meal_included|occ:2a0c1r|los:1,和室8畳,text:【夕食グレードアップ】ちょっとリッチに山形牛すきやきを堪能★源泉掛け流しの温泉でリフレッシュ♪,【夕食グレードアップ】ちょっとリッチに山形牛すきやきを堪能★源泉掛け流しの温泉でリフレッシュ♪,2,0,1,1,JPY,30800,AVAILABLE,3,PUBLIC_SCARCITY_COUNT,PRODUCT,HIGH,13455184c65dcc64f44abed2b3a417eeb0284fc37744af4d1c612a28a16157a7,core_competitor_obs_20260818_045006
jalan|yoshidaya|2026-09-01|room:和室6畳|plan:【夕食グレードアップ】ちょっとリッチに山形牛すきやきを堪能★源泉掛け流しの温泉でリフレッシュ♪|meal:meal_included|occ:2a0c1r|los:1|text:【夕食グレードアップ】ちょっとリッチに山形牛すきやきを堪能★源泉掛け流しの温泉でリフレッシュ♪|2|0|1|1|core_competitor_obs_20260818_045006,d49af8c7e22bed79ef41d29aba134bcd36617766c229b7e24fc85cda3ab0ef25,yoshidaya,吉田屋,jalan,2026-09-01,2026-08-18T05:06:19+09:00,room:和室6畳|plan:【夕食グレードアップ】ちょっとリッチに山形牛すきやきを堪能★源泉掛け流しの温泉でリフレッシュ♪|meal:meal_included|occ:2a0c1r|los:1,和室6畳,text:【夕食グレードアップ】ちょっとリッチに山形牛すきやきを堪能★源泉掛け流しの温泉でリフレッシュ♪,【夕食グレードアップ】ちょっとリッチに山形牛すきやきを堪能★源泉掛け流しの温泉でリフレッシュ♪,2,0,1,1,JPY,28600,AVAILABLE,,UNKNOWN,PRODUCT,MEDIUM,9320a652207fddf627fbffbbd8af7f24df99e3c82293b4d2a7a5c1fa8f6f57be,core_competitor_obs_20260818_045006
jalan|yoshidaya|2026-09-01|room:和室13畳|plan:【朝食付プラン】蔵王温泉を心ゆくまで堪能!湯めぐり無料特典付き♪お食事は温泉街へgo!|meal:meal_included|occ:2a0c1r|los:1|text:【朝食付プラン】蔵王温泉を心ゆくまで堪能!湯めぐり無料特典付き♪お食事は温泉街へgo!|2|0|1|1|core_competitor_obs_20260818_045006,c9561a530527b48ee3c68cd88bdd45c64e6e7412ed26fe3f001bc504fda30bfa,yoshidaya,吉田屋,jalan,2026-09-01,2026-08-18T05:06:19+09:00,room:和室13畳|plan:【朝食付プラン】蔵王温泉を心ゆくまで堪能!湯めぐり無料特典付き♪お食事は温泉街へgo!|meal:meal_included|occ:2a0c1r|los:1,和室13畳,text:【朝食付プラン】蔵王温泉を心ゆくまで堪能!湯めぐり無料特典付き♪お食事は温泉街へgo!,【朝食付プラン】蔵王温泉を心ゆくまで堪能!湯めぐり無料特典付き♪お食事は温泉街へGO!,2,0,1,1,JPY,24200,AVAILABLE,1,PUBLIC_SCARCITY_COUNT,PRODUCT,HIGH,47fb66c570fc47bb0e32e9637d2a76e7cf800ce2be413b13deaf469c35c9aaef,core_competitor_obs_20260818_045006
jalan|yoshidaya|2026-09-01|room:和室12.5畳|plan:【朝食付プラン】蔵王温泉を心ゆくまで堪能!湯めぐり無料特典付き♪お食事は温泉街へgo!|meal:meal_included|occ:2a0c1r|los:1|text:【朝食付プラン】蔵王温泉を心ゆくまで堪能!湯めぐり無料特典付き♪お食事は温泉街へgo!|2|0|1|1|core_competitor_obs_20260818_045006,f2c1e1a3c53bfa5d885fe9fefef19dc3e180e480406410fc624ea8d3b77e9f60,yoshidaya,吉田屋,jalan,2026-09-01,2026-08-18T05:06:19+09:00,room:和室12.5畳|plan:【朝食付プラン】蔵王温泉を心ゆくまで堪能!湯めぐり無料特典付き♪お食事は温泉街へgo!|meal:meal_included|occ:2a0c1r|los:1,和室12.5畳,text:【朝食付プラン】蔵王温泉を心ゆくまで堪能!湯めぐり無料特典付き♪お食事は温泉街へgo!,【朝食付プラン】蔵王温泉を心ゆくまで堪能!湯めぐり無料特典付き♪お食事は温泉街へGO!,2,0,1,1,JPY,22000,AVAILABLE,2,PUBLIC_SCARCITY_COUNT,PRODUCT,HIGH,82b436d8a88afcfc131db26e909b90c13ff045ec2a0feaee22e83064a8d0cc50,core_competitor_obs_20260818_045006
jalan|yoshidaya|2026-09-01|room:和室8畳|plan:【朝食付プラン】蔵王温泉を心ゆくまで堪能!湯めぐり無料特典付き♪お食事は温泉街へgo!|meal:meal_included|occ:2a0c1r|los:1|text:【朝食付プラン】蔵王温泉を心ゆくまで堪能!湯めぐり無料特典付き♪お食事は温泉街へgo!|2|0|1|1|core_competitor_obs_20260818_045006,5b9606f5e2b2f86b48a31504a0089a59f43bb4399140d27afb5d32ddbb191015,yoshidaya,吉田屋,jalan,2026-09-01,2026-08-18T05:06:19+09:00,room:和室8畳|plan:【朝食付プラン】蔵王温泉を心ゆくまで堪能!湯めぐり無料特典付き♪お食事は温泉街へgo!|meal:meal_included|occ:2a0c1r|los:1,和室8畳,text:【朝食付プラン】蔵王温泉を心ゆくまで堪能!湯めぐり無料特典付き♪お食事は温泉街へgo!,【朝食付プラン】蔵王温泉を心ゆくまで堪能!湯めぐり無料特典付き♪お食事は温泉街へGO!,2,0,1,1,JPY,19800,AVAILABLE,3,PUBLIC_SCARCITY_COUNT,PRODUCT,HIGH,0eac5ac647e7d027dea1d8f55c4b02d656e4703e1f4595cbbf6c225d54068edb,core_competitor_obs_20260818_045006
jalan|yoshidaya|2026-09-01|room:和室6畳|plan:【朝食付プラン】蔵王温泉を心ゆくまで堪能!湯めぐり無料特典付き♪お食事は温泉街へgo!|meal:meal_included|occ:2a0c1r|los:1|text:【朝食付プラン】蔵王温泉を心ゆくまで堪能!湯めぐり無料特典付き♪お食事は温泉街へgo!|2|0|1|1|core_competitor_obs_20260818_045006,b794fd6a9c600b96074311a41a124c9f8fed53d82df8fabdac5e0ec45c9d7956,yoshidaya,吉田屋,jalan,2026-09-01,2026-08-18T05:06:19+09:00,room:和室6畳|plan:【朝食付プラン】蔵王温泉を心ゆくまで堪能!湯めぐり無料特典付き♪お食事は温泉街へgo!|meal:meal_included|occ:2a0c1r|los:1,和室6畳,text:【朝食付プラン】蔵王温泉を心ゆくまで堪能!湯めぐり無料特典付き♪お食事は温泉街へgo!,【朝食付プラン】蔵王温泉を心ゆくまで堪能!湯めぐり無料特典付き♪お食事は温泉街へGO!,2,0,1,1,JPY,17600,AVAILABLE,,UNKNOWN,PRODUCT,MEDIUM,a028a7553408d51ee1e199637d714b9cd1726572b7af6ab12311939e3ebe7908,core_competitor_obs_20260818_045006
jalan|yoshidaya|2026-09-01|room:和室13畳|plan:【1泊2食付★基本プラン】温泉と郷土料理に癒される♪吉田屋旅館の選べるお料理♪♪連泊にもおすすめ◎|meal:meal_included|occ:2a0c1r|los:1|text:【1泊2食付★基本プラン】温泉と郷土料理に癒される♪吉田屋旅館の選べるお料理♪♪連泊にもおすすめ◎|2|0|1|1|core_competitor_obs_20260818_045006,69345afa19ec80ec100362583c74cddbee2f45b285ee562702b74571fd091eed,yoshidaya,吉田屋,jalan,2026-09-01,2026-08-18T05:06:19+09:00,room:和室13畳|plan:【1泊2食付★基本プラン】温泉と郷土料理に癒される♪吉田屋旅館の選べるお料理♪♪連泊にもおすすめ◎|meal:meal_included|occ:2a0c1r|los:1,和室13畳,text:【1泊2食付★基本プラン】温泉と郷土料理に癒される♪吉田屋旅館の選べるお料理♪♪連泊にもおすすめ◎,【1泊2食付★基本プラン】温泉と郷土料理に癒される♪吉田屋旅館の選べるお料理♪♪連泊にもおすすめ◎,2,0,1,1,JPY,28600,AVAILABLE,1,PUBLIC_SCARCITY_COUNT,PRODUCT,HIGH,2345d101f858c899c09a45c8876b7c0f52a9b7152c5a52610308f61d5dcde4b2,core_competitor_obs_20260818_045006
jalan|yoshidaya|2026-09-01|room:和室12.5畳|plan:【1泊2食付★基本プラン】温泉と郷土料理に癒される♪吉田屋旅館の選べるお料理♪♪連泊にもおすすめ◎|meal:meal_included|occ:2a0c1r|los:1|text:【1泊2食付★基本プラン】温泉と郷土料理に癒される♪吉田屋旅館の選べるお料理♪♪連泊にもおすすめ◎|2|0|1|1|core_competitor_obs_20260818_045006,aca08f51f31db5f46c7b717d3f50fa5726ab4b22d01a650deb27ada4b4513c09,yoshidaya,吉田屋,jalan,2026-09-01,2026-08-18T05:06:19+09:00,room:和室12.5畳|plan:【1泊2食付★基本プラン】温泉と郷土料理に癒される♪吉田屋旅館の選べるお料理♪♪連泊にもおすすめ◎|meal:meal_included|occ:2a0c1r|los:1,和室12.5畳,text:【1泊2食付★基本プラン】温泉と郷土料理に癒される♪吉田屋旅館の選べるお料理♪♪連泊にもおすすめ◎,【1泊2食付★基本プラン】温泉と郷土料理に癒される♪吉田屋旅館の選べるお料理♪♪連泊にもおすすめ◎,2,0,1,1,JPY,26400,AVAILABLE,2,PUBLIC_SCARCITY_COUNT,PRODUCT,HIGH,5b80744bc5cc55a49a5b976b5ffea9cf8aa5c93c48c0e18194fe002a75824fdd,core_competitor_obs_20260818_045006
jalan|yoshidaya|2026-09-01|room:和室8畳|plan:【1泊2食付★基本プラン】温泉と郷土料理に癒される♪吉田屋旅館の選べるお料理♪♪連泊にもおすすめ◎|meal:meal_included|occ:2a0c1r|los:1|text:【1泊2食付★基本プラン】温泉と郷土料理に癒される♪吉田屋旅館の選べるお料理♪♪連泊にもおすすめ◎|2|0|1|1|core_competitor_obs_20260818_045006,4947fbae39cdc5987c7c1d346d517309987be4822eb61c9dd016e68a38294a7f,yoshidaya,吉田屋,jalan,2026-09-01,2026-08-18T05:06:19+09:00,room:和室8畳|plan:【1泊2食付★基本プラン】温泉と郷土料理に癒される♪吉田屋旅館の選べるお料理♪♪連泊にもおすすめ◎|meal:meal_included|occ:2a0c1r|los:1,和室8畳,text:【1泊2食付★基本プラン】温泉と郷土料理に癒される♪吉田屋旅館の選べるお料理♪♪連泊にもおすすめ◎,【1泊2食付★基本プラン】温泉と郷土料理に癒される♪吉田屋旅館の選べるお料理♪♪連泊にもおすすめ◎,2,0,1,1,JPY,24200,AVAILABLE,3,PUBLIC_SCARCITY_COUNT,PRODUCT,HIGH,513c28e5db1ce604ce901e4b06e7b5ba03bfb405dbe5ab4806830828949eb8af,core_competitor_obs_20260818_045006
jalan|yoshidaya|2026-09-01|room:和室6畳|plan:【1泊2食付★基本プラン】温泉と郷土料理に癒される♪吉田屋旅館の選べるお料理♪♪連泊にもおすすめ◎|meal:meal_included|occ:2a0c1r|los:1|text:【1泊2食付★基本プラン】温泉と郷土料理に癒される♪吉田屋旅館の選べるお料理♪♪連泊にもおすすめ◎|2|0|1|1|core_competitor_obs_20260818_045006,af3b91bf60fb1bd57a94aa2e600b87db66ff9a861f6d97d3c067cd1709a389c7,yoshidaya,吉田屋,jalan,2026-09-01,2026-08-18T05:06:19+09:00,room:和室6畳|plan:【1泊2食付★基本プラン】温泉と郷土料理に癒される♪吉田屋旅館の選べるお料理♪♪連泊にもおすすめ◎|meal:meal_included|occ:2a0c1r|los:1,和室6畳,text:【1泊2食付★基本プラン】温泉と郷土料理に癒される♪吉田屋旅館の選べるお料理♪♪連泊にもおすすめ◎,【1泊2食付★基本プラン】温泉と郷土料理に癒される♪吉田屋旅館の選べるお料理♪♪連泊にもおすすめ◎,2,0,1,1,JPY,22000,AVAILABLE,,UNKNOWN,PRODUCT,MEDIUM,023309423f5e986eafc0726cfd933e5db7a8f3bad2f6b76cebd323a8d8311d2f,core_competitor_obs_20260818_045006
jalan|yoshidaya|2026-09-01|room:和室13畳|plan:【じゃらん限定】ポイント10%!温泉と郷土料理に癒される♪吉田屋旅館の選べるお料理♪♪連泊にもおすすめ|meal:meal_included|occ:2a0c1r|los:1|text:【じゃらん限定】ポイント10%!温泉と郷土料理に癒される♪吉田屋旅館の選べるお料理♪♪連泊にもおすすめ|2|0|1|1|core_competitor_obs_20260818_045006,f049e2c38dd2452b9d64d3bf03516eb0c2c320237788c5fe228da35a1f2d924b,yoshidaya,吉田屋,jalan,2026-09-01,2026-08-18T05:06:19+09:00,room:和室13畳|plan:【じゃらん限定】ポイント10%!温泉と郷土料理に癒される♪吉田屋旅館の選べるお料理♪♪連泊にもおすすめ|meal:meal_included|occ:2a0c1r|los:1,和室13畳,text:【じゃらん限定】ポイント10%!温泉と郷土料理に癒される♪吉田屋旅館の選べるお料理♪♪連泊にもおすすめ,【じゃらん限定】ポイント10%!温泉と郷土料理に癒される♪吉田屋旅館の選べるお料理♪♪連泊にもおすすめ,2,0,1,1,JPY,30030,AVAILABLE,1,PUBLIC_SCARCITY_COUNT,PRODUCT,HIGH,081c0c5c9fddc694e6e896f0a4b6c54722686e8a284dc56e678599d34a656200,core_competitor_obs_20260818_045006
jalan|yoshidaya|2026-09-01|room:和室12.5畳|plan:【じゃらん限定】ポイント10%!温泉と郷土料理に癒される♪吉田屋旅館の選べるお料理♪♪連泊にもおすすめ|meal:meal_included|occ:2a0c1r|los:1|text:【じゃらん限定】ポイント10%!温泉と郷土料理に癒される♪吉田屋旅館の選べるお料理♪♪連泊にもおすすめ|2|0|1|1|core_competitor_obs_20260818_045006,09d2cb571fb5ae1f5cb1e174caa8c44d4f2614716b55f88bf5c2c99c0a90dbec,yoshidaya,吉田屋,jalan,2026-09-01,2026-08-18T05:06:19+09:00,room:和室12.5畳|plan:【じゃらん限定】ポイント10%!温泉と郷土料理に癒される♪吉田屋旅館の選べるお料理♪♪連泊にもおすすめ|meal:meal_included|occ:2a0c1r|los:1,和室12.5畳,text:【じゃらん限定】ポイント10%!温泉と郷土料理に癒される♪吉田屋旅館の選べるお料理♪♪連泊にもおすすめ,【じゃらん限定】ポイント10%!温泉と郷土料理に癒される♪吉田屋旅館の選べるお料理♪♪連泊にもおすすめ,2,0,1,1,JPY,27720,AVAILABLE,2,PUBLIC_SCARCITY_COUNT,PRODUCT,HIGH,43c7a3be8f56f039d3982102eafaf03e2f6f54912a8b9afeef833d1ea821dd06,core_competitor_obs_20260818_045006
jalan|yoshidaya|2026-09-01|room:和室8畳|plan:【じゃらん限定】ポイント10%!温泉と郷土料理に癒される♪吉田屋旅館の選べるお料理♪♪連泊にもおすすめ|meal:meal_included|occ:2a0c1r|los:1|text:【じゃらん限定】ポイント10%!温泉と郷土料理に癒される♪吉田屋旅館の選べるお料理♪♪連泊にもおすすめ|2|0|1|1|core_competitor_obs_20260818_045006,a5a48f26004425387a671368213e808bbc9f82bcf5d8145010447d8b1b05b14c,yoshidaya,吉田屋,jalan,2026-09-01,2026-08-18T05:06:19+09:00,room:和室8畳|plan:【じゃらん限定】ポイント10%!温泉と郷土料理に癒される♪吉田屋旅館の選べるお料理♪♪連泊にもおすすめ|meal:meal_included|occ:2a0c1r|los:1,和室8畳,text:【じゃらん限定】ポイント10%!温泉と郷土料理に癒される♪吉田屋旅館の選べるお料理♪♪連泊にもおすすめ,【じゃらん限定】ポイント10%!温泉と郷土料理に癒される♪吉田屋旅館の選べるお料理♪♪連泊にもおすすめ,2,0,1,1,JPY,25410,AVAILABLE,3,PUBLIC_SCARCITY_COUNT,PRODUCT,HIGH,a931b039435157a11829227ad51a256ab61f3f4ae73d481f94ee93cfbb279bbe,core_competitor_obs_20260818_045006
jalan|yoshidaya|2026-09-01|room:和室6畳|plan:【じゃらん限定】ポイント10%!温泉と郷土料理に癒される♪吉田屋旅館の選べるお料理♪♪連泊にもおすすめ|meal:meal_included|occ:2a0c1r|los:1|text:【じゃらん限定】ポイント10%!温泉と郷土料理に癒される♪吉田屋旅館の選べるお料理♪♪連泊にもおすすめ|2|0|1|1|core_competitor_obs_20260818_045006,ee76a61e48371ea4ab9040d6be5a192a96d856e14842af5341aeaada8a697c0c,yoshidaya,吉田屋,jalan,2026-09-01,2026-08-18T05:06:19+09:00,room:和室6畳|plan:【じゃらん限定】ポイント10%!温泉と郷土料理に癒される♪吉田屋旅館の選べるお料理♪♪連泊にもおすすめ|meal:meal_included|occ:2a0c1r|los:1,和室6畳,text:【じゃらん限定】ポイント10%!温泉と郷土料理に癒される♪吉田屋旅館の選べるお料理♪♪連泊にもおすすめ,【じゃらん限定】ポイント10%!温泉と郷土料理に癒される♪吉田屋旅館の選べるお料理♪♪連泊にもおすすめ,2,0,1,1,JPY,23100,AVAILABLE,,UNKNOWN,PRODUCT,MEDIUM,b56bdb399f7a87f170ba340224362a5c149925321b3cf725d40b2faa303d33de,core_competitor_obs_20260818_045006
jalan|yoshidaya|2026-09-01|room:和室13畳|plan:【素泊まりプラン】蔵王温泉を心ゆくまで堪能!湯めぐり無料特典付き♪お食事は温泉街へgo!|meal:confirmed_room_only|occ:2a0c1r|los:1|text:【素泊まりプラン】蔵王温泉を心ゆくまで堪能!湯めぐり無料特典付き♪お食事は温泉街へgo!|2|0|1|1|core_competitor_obs_20260818_045006,888ee4ee6bba4c84e46969beaf181edaaa8a4be1996ca88c0d26ffd9942f760f,yoshidaya,吉田屋,jalan,2026-09-01,2026-08-18T05:06:19+09:00,room:和室13畳|plan:【素泊まりプラン】蔵王温泉を心ゆくまで堪能!湯めぐり無料特典付き♪お食事は温泉街へgo!|meal:confirmed_room_only|occ:2a0c1r|los:1,和室13畳,text:【素泊まりプラン】蔵王温泉を心ゆくまで堪能!湯めぐり無料特典付き♪お食事は温泉街へgo!,【素泊まりプラン】蔵王温泉を心ゆくまで堪能!湯めぐり無料特典付き♪お食事は温泉街へGO!,2,0,1,1,JPY,23100,AVAILABLE,1,PUBLIC_SCARCITY_COUNT,PRODUCT,HIGH,50b1a961b9b48cfc82d03bda1455a2620067241ec2f6171a2a945e446e6d8244,core_competitor_obs_20260818_045006
jalan|yoshidaya|2026-09-01|room:和室12.5畳|plan:【素泊まりプラン】蔵王温泉を心ゆくまで堪能!湯めぐり無料特典付き♪お食事は温泉街へgo!|meal:confirmed_room_only|occ:2a0c1r|los:1|text:【素泊まりプラン】蔵王温泉を心ゆくまで堪能!湯めぐり無料特典付き♪お食事は温泉街へgo!|2|0|1|1|core_competitor_obs_20260818_045006,bcd2ee07050025bf02892953bd3fc6cd2c245d87c517406da050d896f89fbfb7,yoshidaya,吉田屋,jalan,2026-09-01,2026-08-18T05:06:19+09:00,room:和室12.5畳|plan:【素泊まりプラン】蔵王温泉を心ゆくまで堪能!湯めぐり無料特典付き♪お食事は温泉街へgo!|meal:confirmed_room_only|occ:2a0c1r|los:1,和室12.5畳,text:【素泊まりプラン】蔵王温泉を心ゆくまで堪能!湯めぐり無料特典付き♪お食事は温泉街へgo!,【素泊まりプラン】蔵王温泉を心ゆくまで堪能!湯めぐり無料特典付き♪お食事は温泉街へGO!,2,0,1,1,JPY,20900,AVAILABLE,2,PUBLIC_SCARCITY_COUNT,PRODUCT,HIGH,98624a98e7bbf1d91069e664fa74cfea5c6aeab970b944c116c8d0d8ebcee8b7,core_competitor_obs_20260818_045006
jalan|yoshidaya|2026-09-01|room:和室8畳|plan:【素泊まりプラン】蔵王温泉を心ゆくまで堪能!湯めぐり無料特典付き♪お食事は温泉街へgo!|meal:confirmed_room_only|occ:2a0c1r|los:1|text:【素泊まりプラン】蔵王温泉を心ゆくまで堪能!湯めぐり無料特典付き♪お食事は温泉街へgo!|2|0|1|1|core_competitor_obs_20260818_045006,5d566e8dcbb11eec8af62cffa1592f2433559e647b99f47916b3d0c5c0832d1f,yoshidaya,吉田屋,jalan,2026-09-01,2026-08-18T05:06:19+09:00,room:和室8畳|plan:【素泊まりプラン】蔵王温泉を心ゆくまで堪能!湯めぐり無料特典付き♪お食事は温泉街へgo!|meal:confirmed_room_only|occ:2a0c1r|los:1,和室8畳,text:【素泊まりプラン】蔵王温泉を心ゆくまで堪能!湯めぐり無料特典付き♪お食事は温泉街へgo!,【素泊まりプラン】蔵王温泉を心ゆくまで堪能!湯めぐり無料特典付き♪お食事は温泉街へGO!,2,0,1,1,JPY,18700,AVAILABLE,3,PUBLIC_SCARCITY_COUNT,PRODUCT,HIGH,0acae28bd01fd04b72802c376a86e221f5a017080d4b86828aeda7e14bdc903e,core_competitor_obs_20260818_045006
jalan|yoshidaya|2026-09-01|room:和室6畳|plan:【素泊まりプラン】蔵王温泉を心ゆくまで堪能!湯めぐり無料特典付き♪お食事は温泉街へgo!|meal:confirmed_room_only|occ:2a0c1r|los:1|text:【素泊まりプラン】蔵王温泉を心ゆくまで堪能!湯めぐり無料特典付き♪お食事は温泉街へgo!|2|0|1|1|core_competitor_obs_20260818_045006,af626b33d58acede830f3f677ebb2fa85e6a2cd6d54ffa211426a64336a05653,yoshidaya,吉田屋,jalan,2026-09-01,2026-08-18T05:06:19+09:00,room:和室6畳|plan:【素泊まりプラン】蔵王温泉を心ゆくまで堪能!湯めぐり無料特典付き♪お食事は温泉街へgo!|meal:confirmed_room_only|occ:2a0c1r|los:1,和室6畳,text:【素泊まりプラン】蔵王温泉を心ゆくまで堪能!湯めぐり無料特典付き♪お食事は温泉街へgo!,【素泊まりプラン】蔵王温泉を心ゆくまで堪能!湯めぐり無料特典付き♪お食事は温泉街へGO!,2,0,1,1,JPY,16500,AVAILABLE,,UNKNOWN,PRODUCT,MEDIUM,90122505dcd9b94b7440a79446f13714d4ac3d4e98ebe0c186232042f5a30ee1,core_competitor_obs_20260818_045006
jalan|yoshidaya|2026-09-01|room:和室13畳|plan:【じゃらんのお得な10日間】10%off!~基本プラン~温泉と郷土料理に癒される♪連泊にもおすすめ◎|meal:meal_included|occ:2a0c1r|los:1|text:【じゃらんのお得な10日間】10%off!~基本プラン~温泉と郷土料理に癒される♪連泊にもおすすめ◎|2|0|1|1|core_competitor_obs_20260818_045006,bffe24d4de29849a0d12ba00f6e05b75bb01d59c48cbe9d01fed906c5a5547c7,yoshidaya,吉田屋,jalan,2026-09-01,2026-08-18T05:06:19+09:00,room:和室13畳|plan:【じゃらんのお得な10日間】10%off!~基本プラン~温泉と郷土料理に癒される♪連泊にもおすすめ◎|meal:meal_included|occ:2a0c1r|los:1,和室13畳,text:【じゃらんのお得な10日間】10%off!~基本プラン~温泉と郷土料理に癒される♪連泊にもおすすめ◎,【じゃらんのお得な10日間】10%OFF!~基本プラン~温泉と郷土料理に癒される♪連泊にもおすすめ◎,2,0,1,1,JPY,25740,AVAILABLE,1,PUBLIC_SCARCITY_COUNT,PRODUCT,HIGH,00d36d105e9f1bb6a8f18e75f3699d5460fd15e13e4dcc75f31ded9aec9253e5,core_competitor_obs_20260818_045006
jalan|yoshidaya|2026-09-01|room:和室12.5畳|plan:【じゃらんのお得な10日間】10%off!~基本プラン~温泉と郷土料理に癒される♪連泊にもおすすめ◎|meal:meal_included|occ:2a0c1r|los:1|text:【じゃらんのお得な10日間】10%off!~基本プラン~温泉と郷土料理に癒される♪連泊にもおすすめ◎|2|0|1|1|core_competitor_obs_20260818_045006,9bc977f041db9038f831ef164ca3bb0cf35b9a88d17696e00bb81b5c5f0dd9ef,yoshidaya,吉田屋,jalan,2026-09-01,2026-08-18T05:06:19+09:00,room:和室12.5畳|plan:【じゃらんのお得な10日間】10%off!~基本プラン~温泉と郷土料理に癒される♪連泊にもおすすめ◎|meal:meal_included|occ:2a0c1r|los:1,和室12.5畳,text:【じゃらんのお得な10日間】10%off!~基本プラン~温泉と郷土料理に癒される♪連泊にもおすすめ◎,【じゃらんのお得な10日間】10%OFF!~基本プラン~温泉と郷土料理に癒される♪連泊にもおすすめ◎,2,0,1,1,JPY,23760,AVAILABLE,2,PUBLIC_SCARCITY_COUNT,PRODUCT,HIGH,ce0e6e1b38a60dc85aafa176f5522a74fb8169ee8469f997955fb0cbc1e06617,core_competitor_obs_20260818_045006
jalan|yoshidaya|2026-09-01|room:和室8畳|plan:【じゃらんのお得な10日間】10%off!~基本プラン~温泉と郷土料理に癒される♪連泊にもおすすめ◎|meal:meal_included|occ:2a0c1r|los:1|text:【じゃらんのお得な10日間】10%off!~基本プラン~温泉と郷土料理に癒される♪連泊にもおすすめ◎|2|0|1|1|core_competitor_obs_20260818_045006,4b982ae22d43c97391eea2d77aafcffd68226ee6dac8d416907ad2839006b74c,yoshidaya,吉田屋,jalan,2026-09-01,2026-08-18T05:06:19+09:00,room:和室8畳|plan:【じゃらんのお得な10日間】10%off!~基本プラン~温泉と郷土料理に癒される♪連泊にもおすすめ◎|meal:meal_included|occ:2a0c1r|los:1,和室8畳,text:【じゃらんのお得な10日間】10%off!~基本プラン~温泉と郷土料理に癒される♪連泊にもおすすめ◎,【じゃらんのお得な10日間】10%OFF!~基本プラン~温泉と郷土料理に癒される♪連泊にもおすすめ◎,2,0,1,1,JPY,21780,AVAILABLE,3,PUBLIC_SCARCITY_COUNT,PRODUCT,HIGH,898d124154845e82c829c4900f88ab08587937394850e4442977c786968f336c,core_competitor_obs_20260818_045006
jalan|yoshidaya|2026-09-01|room:和室6畳|plan:【じゃらんのお得な10日間】10%off!~基本プラン~温泉と郷土料理に癒される♪連泊にもおすすめ◎|meal:meal_included|occ:2a0c1r|los:1|text:【じゃらんのお得な10日間】10%off!~基本プラン~温泉と郷土料理に癒される♪連泊にもおすすめ◎|2|0|1|1|core_competitor_obs_20260818_045006,be0c8e220f378055871bf27779916412964ff782da42578defee880a08e0d3d9,yoshidaya,吉田屋,jalan,2026-09-01,2026-08-18T05:06:19+09:00,room:和室6畳|plan:【じゃらんのお得な10日間】10%off!~基本プラン~温泉と郷土料理に癒される♪連泊にもおすすめ◎|meal:meal_included|occ:2a0c1r|los:1,和室6畳,text:【じゃらんのお得な10日間】10%off!~基本プラン~温泉と郷土料理に癒される♪連泊にもおすすめ◎,【じゃらんのお得な10日間】10%OFF!~基本プラン~温泉と郷土料理に癒される♪連泊にもおすすめ◎,2,0,1,1,JPY,19800,AVAILABLE,,UNKNOWN,PRODUCT,MEDIUM,7f0caaf378c5a36950bace2dee819a4bfbb6cb365ef8001ad61804fd443b0f95,core_competitor_obs_20260818_045006
jalan|yoshidaya|2026-09-01|room:和室13畳|plan:【学割プラン】学生旅行応援!思い出づくりのお手伝い★選べる夕食メイン+源泉掛け流し温泉|meal:meal_included|occ:2a0c1r|los:1|text:【学割プラン】学生旅行応援!思い出づくりのお手伝い★選べる夕食メイン+源泉掛け流し温泉|2|0|1|1|core_competitor_obs_20260818_045006,835241b77e5bd91e864e7f270ddfe9ac4e5f97741a0c1722eee0ea9d67104561,yoshidaya,吉田屋,jalan,2026-09-01,2026-08-18T05:06:19+09:00,room:和室13畳|plan:【学割プラン】学生旅行応援!思い出づくりのお手伝い★選べる夕食メイン+源泉掛け流し温泉|meal:meal_included|occ:2a0c1r|los:1,和室13畳,text:【学割プラン】学生旅行応援!思い出づくりのお手伝い★選べる夕食メイン+源泉掛け流し温泉,【学割プラン】学生旅行応援!思い出づくりのお手伝い★選べる夕食メイン+源泉掛け流し温泉,2,0,1,1,JPY,25300,AVAILABLE,1,PUBLIC_SCARCITY_COUNT,PRODUCT,HIGH,531274d4410aed8d110a4d85b6f47d1d2a5f4ae37a98f28e10d2d429bbb1feeb,core_competitor_obs_20260818_045006
jalan|yoshidaya|2026-09-01|room:和室12.5畳|plan:【学割プラン】学生旅行応援!思い出づくりのお手伝い★選べる夕食メイン+源泉掛け流し温泉|meal:meal_included|occ:2a0c1r|los:1|text:【学割プラン】学生旅行応援!思い出づくりのお手伝い★選べる夕食メイン+源泉掛け流し温泉|2|0|1|1|core_competitor_obs_20260818_045006,71f5037819516fad712e7905f3cd6836885d4d2ed6d4b33c7fae268b0af36b5e,yoshidaya,吉田屋,jalan,2026-09-01,2026-08-18T05:06:19+09:00,room:和室12.5畳|plan:【学割プラン】学生旅行応援!思い出づくりのお手伝い★選べる夕食メイン+源泉掛け流し温泉|meal:meal_included|occ:2a0c1r|los:1,和室12.5畳,text:【学割プラン】学生旅行応援!思い出づくりのお手伝い★選べる夕食メイン+源泉掛け流し温泉,【学割プラン】学生旅行応援!思い出づくりのお手伝い★選べる夕食メイン+源泉掛け流し温泉,2,0,1,1,JPY,23100,AVAILABLE,2,PUBLIC_SCARCITY_COUNT,PRODUCT,HIGH,9a48c258668af2016e38792b2d0520209bdd6895b90c1c85739a1eef7ec33340,core_competitor_obs_20260818_045006
jalan|yoshidaya|2026-09-01|room:和室8畳|plan:【学割プラン】学生旅行応援!思い出づくりのお手伝い★選べる夕食メイン+源泉掛け流し温泉|meal:meal_included|occ:2a0c1r|los:1|text:【学割プラン】学生旅行応援!思い出づくりのお手伝い★選べる夕食メイン+源泉掛け流し温泉|2|0|1|1|core_competitor_obs_20260818_045006,703d3935384822fdbf542c7e7716b68b1d9b0b1ea3cc1e6d1e3224b3b16643c2,yoshidaya,吉田屋,jalan,2026-09-01,2026-08-18T05:06:19+09:00,room:和室8畳|plan:【学割プラン】学生旅行応援!思い出づくりのお手伝い★選べる夕食メイン+源泉掛け流し温泉|meal:meal_included|occ:2a0c1r|los:1,和室8畳,text:【学割プラン】学生旅行応援!思い出づくりのお手伝い★選べる夕食メイン+源泉掛け流し温泉,【学割プラン】学生旅行応援!思い出づくりのお手伝い★選べる夕食メイン+源泉掛け流し温泉,2,0,1,1,JPY,20900,AVAILABLE,3,PUBLIC_SCARCITY_COUNT,PRODUCT,HIGH,d8baee5c004c6f6c76bd583d2e2b198605e212b8bf3d75d2fbd2e97ba2fb2868,core_competitor_obs_20260818_045006
jalan|yoshidaya|2026-09-01|room:和室6畳|plan:【学割プラン】学生旅行応援!思い出づくりのお手伝い★選べる夕食メイン+源泉掛け流し温泉|meal:meal_included|occ:2a0c1r|los:1|text:【学割プラン】学生旅行応援!思い出づくりのお手伝い★選べる夕食メイン+源泉掛け流し温泉|2|0|1|1|core_competitor_obs_20260818_045006,20e775d73fa609902841bec0965a3322ea8998793a44bd8bd0e9893369c7f937,yoshidaya,吉田屋,jalan,2026-09-01,2026-08-18T05:06:19+09:00,room:和室6畳|plan:【学割プラン】学生旅行応援!思い出づくりのお手伝い★選べる夕食メイン+源泉掛け流し温泉|meal:meal_included|occ:2a0c1r|los:1,和室6畳,text:【学割プラン】学生旅行応援!思い出づくりのお手伝い★選べる夕食メイン+源泉掛け流し温泉,【学割プラン】学生旅行応援!思い出づくりのお手伝い★選べる夕食メイン+源泉掛け流し温泉,2,0,1,1,JPY,18700,AVAILABLE,,UNKNOWN,PRODUCT,MEDIUM,2aacbd08861fb67445282e34a40f58244b70bee4f24cbc9f26184b833945f8e0,core_competitor_obs_20260818_045006
"jalan|yoshidaya|2026-09-01|room:和室13畳|plan:<14日前早割>【蔵王を遊びつくそう】50種以上から選べるアクティビティクーポン2,000円分付き!|meal:meal_included|occ:2a0c1r|los:1|text:<14日前早割>【蔵王を遊びつくそう】50種以上から選べるアクティビティクーポン2,000円分付き!|2|0|1|1|core_competitor_obs_20260818_045006",57e928fc73c62adc6184c14aab0e283300c1c8a380dbc867988f18020ca12339,yoshidaya,吉田屋,jalan,2026-09-01,2026-08-18T05:06:19+09:00,"room:和室13畳|plan:<14日前早割>【蔵王を遊びつくそう】50種以上から選べるアクティビティクーポン2,000円分付き!|meal:meal_included|occ:2a0c1r|los:1",和室13畳,"text:<14日前早割>【蔵王を遊びつくそう】50種以上から選べるアクティビティクーポン2,000円分付き!","<14日前早割>【蔵王を遊びつくそう】50種以上から選べるアクティビティクーポン2,000円分付き!",2,0,1,1,JPY,30800,AVAILABLE,1,PUBLIC_SCARCITY_COUNT,PRODUCT,HIGH,31c728bc26873af84f8f97d4a52f056cf5ebea659c015acadfb39f8ae589c6e9,core_competitor_obs_20260818_045006
"jalan|yoshidaya|2026-09-01|room:和室12.5畳|plan:<14日前早割>【蔵王を遊びつくそう】50種以上から選べるアクティビティクーポン2,000円分付き!|meal:meal_included|occ:2a0c1r|los:1|text:<14日前早割>【蔵王を遊びつくそう】50種以上から選べるアクティビティクーポン2,000円分付き!|2|0|1|1|core_competitor_obs_20260818_045006",78988df1c703b87ba34da95da7c3a5838e2416b6f2327d1660c9f79fb35c4f9b,yoshidaya,吉田屋,jalan,2026-09-01,2026-08-18T05:06:19+09:00,"room:和室12.5畳|plan:<14日前早割>【蔵王を遊びつくそう】50種以上から選べるアクティビティクーポン2,000円分付き!|meal:meal_included|occ:2a0c1r|los:1",和室12.5畳,"text:<14日前早割>【蔵王を遊びつくそう】50種以上から選べるアクティビティクーポン2,000円分付き!","<14日前早割>【蔵王を遊びつくそう】50種以上から選べるアクティビティクーポン2,000円分付き!",2,0,1,1,JPY,28600,AVAILABLE,2,PUBLIC_SCARCITY_COUNT,PRODUCT,HIGH,86dd4c0f8ddf2162bc8f4bf961993c07a9172507f13ef1f220b6a2e5fc91e3dc,core_competitor_obs_20260818_045006
"jalan|yoshidaya|2026-09-01|room:和室8畳|plan:<14日前早割>【蔵王を遊びつくそう】50種以上から選べるアクティビティクーポン2,000円分付き!|meal:meal_included|occ:2a0c1r|los:1|text:<14日前早割>【蔵王を遊びつくそう】50種以上から選べるアクティビティクーポン2,000円分付き!|2|0|1|1|core_competitor_obs_20260818_045006",889aa8da6557d2d3cb5c67b01ed1e685736356d083ee53417a3eb157627b2f73,yoshidaya,吉田屋,jalan,2026-09-01,2026-08-18T05:06:19+09:00,"room:和室8畳|plan:<14日前早割>【蔵王を遊びつくそう】50種以上から選べるアクティビティクーポン2,000円分付き!|meal:meal_included|occ:2a0c1r|los:1",和室8畳,"text:<14日前早割>【蔵王を遊びつくそう】50種以上から選べるアクティビティクーポン2,000円分付き!","<14日前早割>【蔵王を遊びつくそう】50種以上から選べるアクティビティクーポン2,000円分付き!",2,0,1,1,JPY,26400,AVAILABLE,3,PUBLIC_SCARCITY_COUNT,PRODUCT,HIGH,39cb8884b1b1ef3722f47cbe7a4ee0e7af94990bfb2e669162e3d976c613bfc4,core_competitor_obs_20260818_045006
"jalan|yoshidaya|2026-09-01|room:和室6畳|plan:<14日前早割>【蔵王を遊びつくそう】50種以上から選べるアクティビティクーポン2,000円分付き!|meal:meal_included|occ:2a0c1r|los:1|text:<14日前早割>【蔵王を遊びつくそう】50種以上から選べるアクティビティクーポン2,000円分付き!|2|0|1|1|core_competitor_obs_20260818_045006",51ecb81759e91cddd8d0a60e5c3f93d6b511e344755e2a1aeff63a660693bb95,yoshidaya,吉田屋,jalan,2026-09-01,2026-08-18T05:06:19+09:00,"room:和室6畳|plan:<14日前早割>【蔵王を遊びつくそう】50種以上から選べるアクティビティクーポン2,000円分付き!|meal:meal_included|occ:2a0c1r|los:1",和室6畳,"text:<14日前早割>【蔵王を遊びつくそう】50種以上から選べるアクティビティクーポン2,000円分付き!","<14日前早割>【蔵王を遊びつくそう】50種以上から選べるアクティビティクーポン2,000円分付き!",2,0,1,1,JPY,24200,AVAILABLE,,UNKNOWN,PRODUCT,MEDIUM,b02a34808080b7f77732db237bc8162bd5c06da25614cce9e7a4cd805221b301,core_competitor_obs_20260818_045006
"jalan|yoshidaya|2026-09-01|room:和室13畳|plan:【蔵王を遊びつくそう】50種以上から選べるアクティビティクーポン2,000円分付き!選べるお料理♪|meal:meal_included|occ:2a0c1r|los:1|text:【蔵王を遊びつくそう】50種以上から選べるアクティビティクーポン2,000円分付き!選べるお料理♪|2|0|1|1|core_competitor_obs_20260818_045006",1923e91169b70d9b8c57e7027f151d85a5fd6115608b73d961cf58aa8f7143b1,yoshidaya,吉田屋,jalan,2026-09-01,2026-08-18T05:06:19+09:00,"room:和室13畳|plan:【蔵王を遊びつくそう】50種以上から選べるアクティビティクーポン2,000円分付き!選べるお料理♪|meal:meal_included|occ:2a0c1r|los:1",和室13畳,"text:【蔵王を遊びつくそう】50種以上から選べるアクティビティクーポン2,000円分付き!選べるお料理♪","【蔵王を遊びつくそう】50種以上から選べるアクティビティクーポン2,000円分付き!選べるお料理♪",2,0,1,1,JPY,31900,AVAILABLE,1,PUBLIC_SCARCITY_COUNT,PRODUCT,HIGH,2ced1a0f6f1b8e76c4dc2df176888fa9af8ad5f635bdd9cfc59d485bded4d357,core_competitor_obs_20260818_045006
"jalan|yoshidaya|2026-09-01|room:和室12.5畳|plan:【蔵王を遊びつくそう】50種以上から選べるアクティビティクーポン2,000円分付き!選べるお料理♪|meal:meal_included|occ:2a0c1r|los:1|text:【蔵王を遊びつくそう】50種以上から選べるアクティビティクーポン2,000円分付き!選べるお料理♪|2|0|1|1|core_competitor_obs_20260818_045006",aba54cbbd5d78112beb063beb380e3f229dbe0dc2b6577fdefb9d97d42093a6c,yoshidaya,吉田屋,jalan,2026-09-01,2026-08-18T05:06:19+09:00,"room:和室12.5畳|plan:【蔵王を遊びつくそう】50種以上から選べるアクティビティクーポン2,000円分付き!選べるお料理♪|meal:meal_included|occ:2a0c1r|los:1",和室12.5畳,"text:【蔵王を遊びつくそう】50種以上から選べるアクティビティクーポン2,000円分付き!選べるお料理♪","【蔵王を遊びつくそう】50種以上から選べるアクティビティクーポン2,000円分付き!選べるお料理♪",2,0,1,1,JPY,29700,AVAILABLE,2,PUBLIC_SCARCITY_COUNT,PRODUCT,HIGH,fe6e88708252674d70bb0f775499fe29ab2054bb2c8d268abcbf5a45877bce06,core_competitor_obs_20260818_045006
"jalan|yoshidaya|2026-09-01|room:和室8畳|plan:【蔵王を遊びつくそう】50種以上から選べるアクティビティクーポン2,000円分付き!選べるお料理♪|meal:meal_included|occ:2a0c1r|los:1|text:【蔵王を遊びつくそう】50種以上から選べるアクティビティクーポン2,000円分付き!選べるお料理♪|2|0|1|1|core_competitor_obs_20260818_045006",50486ef77e5ab87e9609cc3f02abcb673c1cdde0c70042c47c0ff0ff11a69107,yoshidaya,吉田屋,jalan,2026-09-01,2026-08-18T05:06:19+09:00,"room:和室8畳|plan:【蔵王を遊びつくそう】50種以上から選べるアクティビティクーポン2,000円分付き!選べるお料理♪|meal:meal_included|occ:2a0c1r|los:1",和室8畳,"text:【蔵王を遊びつくそう】50種以上から選べるアクティビティクーポン2,000円分付き!選べるお料理♪","【蔵王を遊びつくそう】50種以上から選べるアクティビティクーポン2,000円分付き!選べるお料理♪",2,0,1,1,JPY,27500,AVAILABLE,3,PUBLIC_SCARCITY_COUNT,PRODUCT,HIGH,f93c25bbcbe1b83f0b658c2b6678376f7e945f6a6eb37594fb093feca50bdf5b,core_competitor_obs_20260818_045006
"jalan|yoshidaya|2026-09-01|room:和室6畳|plan:【蔵王を遊びつくそう】50種以上から選べるアクティビティクーポン2,000円分付き!選べるお料理♪|meal:meal_included|occ:2a0c1r|los:1|text:【蔵王を遊びつくそう】50種以上から選べるアクティビティクーポン2,000円分付き!選べるお料理♪|2|0|1|1|core_competitor_obs_20260818_045006",88524da362696e9fe73d412f58a55670054a4452baf2db27c04361913d63325a,yoshidaya,吉田屋,jalan,2026-09-01,2026-08-18T05:06:19+09:00,"room:和室6畳|plan:【蔵王を遊びつくそう】50種以上から選べるアクティビティクーポン2,000円分付き!選べるお料理♪|meal:meal_included|occ:2a0c1r|los:1",和室6畳,"text:【蔵王を遊びつくそう】50種以上から選べるアクティビティクーポン2,000円分付き!選べるお料理♪","【蔵王を遊びつくそう】50種以上から選べるアクティビティクーポン2,000円分付き!選べるお料理♪",2,0,1,1,JPY,25300,AVAILABLE,,UNKNOWN,PRODUCT,MEDIUM,3298271096fed41c4d92c34416c5b7b057e9001cf57406dd5b9e2ac23d6f77ec,core_competitor_obs_20260818_045006
jalan|oakhill|2026-09-01|room:デラックス和洋室|plan:【朝食無料サービス】~onsen&stay~森に包まれたリゾート空間で蔵王の名湯を満喫/ご夕食は温泉街へ|meal:meal_included|occ:2a0c1r|los:1|text:【朝食無料サービス】~onsen&stay~森に包まれたリゾート空間で蔵王の名湯を満喫/ご夕食は温泉街へ|2|0|1|1|core_competitor_obs_20260818_045006,9f25028e217f342079548c0b61258bd42ee76660ce4843f15e44ed89192a77e6,oakhill,ONSEN & STAY OAKHILL,jalan,2026-09-01,2026-08-18T05:09:17+09:00,room:デラックス和洋室|plan:【朝食無料サービス】~onsen&stay~森に包まれたリゾート空間で蔵王の名湯を満喫/ご夕食は温泉街へ|meal:meal_included|occ:2a0c1r|los:1,デラックス和洋室,text:【朝食無料サービス】~onsen&stay~森に包まれたリゾート空間で蔵王の名湯を満喫/ご夕食は温泉街へ,【朝食無料サービス】~ONSEN&STAY~森に包まれたリゾート空間で蔵王の名湯を満喫/ご夕食は温泉街へ,2,0,1,1,JPY,34000,AVAILABLE,3,PUBLIC_SCARCITY_COUNT,PRODUCT,HIGH,a899cb08895e8bdf43fba0306bbbf439a659fb00c674ab91ee0d02751e215fff,core_competitor_obs_20260818_045006
jalan|oakhill|2026-09-01|room:倶楽部ルーム|plan:【朝食無料サービス】~onsen&stay~森に包まれたリゾート空間で蔵王の名湯を満喫/ご夕食は温泉街へ|meal:meal_included|occ:2a0c1r|los:1|text:【朝食無料サービス】~onsen&stay~森に包まれたリゾート空間で蔵王の名湯を満喫/ご夕食は温泉街へ|2|0|1|1|core_competitor_obs_20260818_045006,5175eb9f5cb0c12c5abfbe826be9ffb5404cb19defb2628055d41c6d2cb673d7,oakhill,ONSEN & STAY OAKHILL,jalan,2026-09-01,2026-08-18T05:09:17+09:00,room:倶楽部ルーム|plan:【朝食無料サービス】~onsen&stay~森に包まれたリゾート空間で蔵王の名湯を満喫/ご夕食は温泉街へ|meal:meal_included|occ:2a0c1r|los:1,倶楽部ルーム,text:【朝食無料サービス】~onsen&stay~森に包まれたリゾート空間で蔵王の名湯を満喫/ご夕食は温泉街へ,【朝食無料サービス】~ONSEN&STAY~森に包まれたリゾート空間で蔵王の名湯を満喫/ご夕食は温泉街へ,2,0,1,1,JPY,22000,AVAILABLE,3,PUBLIC_SCARCITY_COUNT,PRODUCT,HIGH,708d8e9f02fa4b3c6dddcfed3ed52f5b478d930ec40cfadcd72c9047d507d098,core_competitor_obs_20260818_045006
jalan|oakhill|2026-09-01|room:スタンダード和室|plan:【朝食無料サービス】~onsen&stay~森に包まれたリゾート空間で蔵王の名湯を満喫/ご夕食は温泉街へ|meal:meal_included|occ:2a0c1r|los:1|text:【朝食無料サービス】~onsen&stay~森に包まれたリゾート空間で蔵王の名湯を満喫/ご夕食は温泉街へ|2|0|1|1|core_competitor_obs_20260818_045006,bc095739bd8bc422796c2e7d9d062f8ef2601d3f0cd6bc132cd6cc52b1ef5094,oakhill,ONSEN & STAY OAKHILL,jalan,2026-09-01,2026-08-18T05:09:17+09:00,room:スタンダード和室|plan:【朝食無料サービス】~onsen&stay~森に包まれたリゾート空間で蔵王の名湯を満喫/ご夕食は温泉街へ|meal:meal_included|occ:2a0c1r|los:1,スタンダード和室,text:【朝食無料サービス】~onsen&stay~森に包まれたリゾート空間で蔵王の名湯を満喫/ご夕食は温泉街へ,【朝食無料サービス】~ONSEN&STAY~森に包まれたリゾート空間で蔵王の名湯を満喫/ご夕食は温泉街へ,2,0,1,1,JPY,20000,AVAILABLE,3,PUBLIC_SCARCITY_COUNT,PRODUCT,HIGH,15d97d96e757826eeaf7edfb6f71dbcfea6a3335433b366ae711447f962e41e4,core_competitor_obs_20260818_045006
jalan|oakhill|2026-09-01|room:デラックス和洋室|plan:≪じゃらん限定ポイント10%≫【朝食無料サービス】森に包まれ蔵王の名湯を満喫/ご夕食は温泉街|meal:meal_included|occ:2a0c1r|los:1|text:≪じゃらん限定ポイント10%≫【朝食無料サービス】森に包まれ蔵王の名湯を満喫/ご夕食は温泉街|2|0|1|1|core_competitor_obs_20260818_045006,c24c81475b5b390dd91e1c306f5520184f6b67156d128f877707b919c051f9ca,oakhill,ONSEN & STAY OAKHILL,jalan,2026-09-01,2026-08-18T05:09:17+09:00,room:デラックス和洋室|plan:≪じゃらん限定ポイント10%≫【朝食無料サービス】森に包まれ蔵王の名湯を満喫/ご夕食は温泉街|meal:meal_included|occ:2a0c1r|los:1,デラックス和洋室,text:≪じゃらん限定ポイント10%≫【朝食無料サービス】森に包まれ蔵王の名湯を満喫/ご夕食は温泉街,≪じゃらん限定ポイント10%≫【朝食無料サービス】森に包まれ蔵王の名湯を満喫/ご夕食は温泉街,2,0,1,1,JPY,35700,AVAILABLE,3,PUBLIC_SCARCITY_COUNT,PRODUCT,HIGH,394de60c317580c63f38bfc480e1f6ab3ca81a6667b69d3b40742d7919315e6e,core_competitor_obs_20260818_045006
jalan|oakhill|2026-09-01|room:倶楽部ルーム|plan:≪じゃらん限定ポイント10%≫【朝食無料サービス】森に包まれ蔵王の名湯を満喫/ご夕食は温泉街|meal:meal_included|occ:2a0c1r|los:1|text:≪じゃらん限定ポイント10%≫【朝食無料サービス】森に包まれ蔵王の名湯を満喫/ご夕食は温泉街|2|0|1|1|core_competitor_obs_20260818_045006,e359f3aa04bd29a1440297ad46667be2801743d82506fa6642b6444d3f85eb38,oakhill,ONSEN & STAY OAKHILL,jalan,2026-09-01,2026-08-18T05:09:17+09:00,room:倶楽部ルーム|plan:≪じゃらん限定ポイント10%≫【朝食無料サービス】森に包まれ蔵王の名湯を満喫/ご夕食は温泉街|meal:meal_included|occ:2a0c1r|los:1,倶楽部ルーム,text:≪じゃらん限定ポイント10%≫【朝食無料サービス】森に包まれ蔵王の名湯を満喫/ご夕食は温泉街,≪じゃらん限定ポイント10%≫【朝食無料サービス】森に包まれ蔵王の名湯を満喫/ご夕食は温泉街,2,0,1,1,JPY,23100,AVAILABLE,3,PUBLIC_SCARCITY_COUNT,PRODUCT,HIGH,eb67a27eaa6c5101b498c2edd884474fb548c5e602a9a3a094e5fcb3b51f0693,core_competitor_obs_20260818_045006
jalan|oakhill|2026-09-01|room:スタンダード和室|plan:≪じゃらん限定ポイント10%≫【朝食無料サービス】森に包まれ蔵王の名湯を満喫/ご夕食は温泉街|meal:meal_included|occ:2a0c1r|los:1|text:≪じゃらん限定ポイント10%≫【朝食無料サービス】森に包まれ蔵王の名湯を満喫/ご夕食は温泉街|2|0|1|1|core_competitor_obs_20260818_045006,5084e78b8f748287042921c113c28d21a008c8921509af6efdfd51f254703c0e,oakhill,ONSEN & STAY OAKHILL,jalan,2026-09-01,2026-08-18T05:09:17+09:00,room:スタンダード和室|plan:≪じゃらん限定ポイント10%≫【朝食無料サービス】森に包まれ蔵王の名湯を満喫/ご夕食は温泉街|meal:meal_included|occ:2a0c1r|los:1,スタンダード和室,text:≪じゃらん限定ポイント10%≫【朝食無料サービス】森に包まれ蔵王の名湯を満喫/ご夕食は温泉街,≪じゃらん限定ポイント10%≫【朝食無料サービス】森に包まれ蔵王の名湯を満喫/ご夕食は温泉街,2,0,1,1,JPY,21000,AVAILABLE,3,PUBLIC_SCARCITY_COUNT,PRODUCT,HIGH,6f752d7a64cb4a9e8c6655fecbbc141e005b7846fdd72f9b78fd604e2f0f1bf7,core_competitor_obs_20260818_045006
"jalan|oakhill|2026-09-01|room:デラックス和洋室|plan:【早割プラン★朝食無料】7日前までのご予約で1,100円off!森に包まれ蔵王の名湯を満喫/ご夕食は温泉街へ|meal:meal_included|occ:2a0c1r|los:1|text:【早割プラン★朝食無料】7日前までのご予約で1,100円off!森に包まれ蔵王の名湯を満喫/ご夕食は温泉街へ|2|0|1|1|core_competitor_obs_20260818_045006",da80fecbac6c5a330e0816ec21ccd838a6d22999fef53a84ca0f7ccefeac461d,oakhill,ONSEN & STAY OAKHILL,jalan,2026-09-01,2026-08-18T05:09:17+09:00,"room:デラックス和洋室|plan:【早割プラン★朝食無料】7日前までのご予約で1,100円off!森に包まれ蔵王の名湯を満喫/ご夕食は温泉街へ|meal:meal_included|occ:2a0c1r|los:1",デラックス和洋室,"text:【早割プラン★朝食無料】7日前までのご予約で1,100円off!森に包まれ蔵王の名湯を満喫/ご夕食は温泉街へ","【早割プラン★朝食無料】7日前までのご予約で1,100円OFF!森に包まれ蔵王の名湯を満喫/ご夕食は温泉街へ",2,0,1,1,JPY,31800,AVAILABLE,3,PUBLIC_SCARCITY_COUNT,PRODUCT,HIGH,0a8184096eb4420297905591c574184ee29a809a732c09ea63bf4de2e7946c7e,core_competitor_obs_20260818_045006
"jalan|oakhill|2026-09-01|room:倶楽部ルーム|plan:【早割プラン★朝食無料】7日前までのご予約で1,100円off!森に包まれ蔵王の名湯を満喫/ご夕食は温泉街へ|meal:meal_included|occ:2a0c1r|los:1|text:【早割プラン★朝食無料】7日前までのご予約で1,100円off!森に包まれ蔵王の名湯を満喫/ご夕食は温泉街へ|2|0|1|1|core_competitor_obs_20260818_045006",aff242da1c9a8fb0e3c571cd0fcd6c4f4d966cccecbdb6fee2a26c959b66df1c,oakhill,ONSEN & STAY OAKHILL,jalan,2026-09-01,2026-08-18T05:09:17+09:00,"room:倶楽部ルーム|plan:【早割プラン★朝食無料】7日前までのご予約で1,100円off!森に包まれ蔵王の名湯を満喫/ご夕食は温泉街へ|meal:meal_included|occ:2a0c1r|los:1",倶楽部ルーム,"text:【早割プラン★朝食無料】7日前までのご予約で1,100円off!森に包まれ蔵王の名湯を満喫/ご夕食は温泉街へ","【早割プラン★朝食無料】7日前までのご予約で1,100円OFF!森に包まれ蔵王の名湯を満喫/ご夕食は温泉街へ",2,0,1,1,JPY,19800,AVAILABLE,3,PUBLIC_SCARCITY_COUNT,PRODUCT,HIGH,d39096bef97c052b31ec0a3f307ce644121e7d38b96ce939cf648a8af0209a7c,core_competitor_obs_20260818_045006
"jalan|oakhill|2026-09-01|room:スタンダード和室|plan:【早割プラン★朝食無料】7日前までのご予約で1,100円off!森に包まれ蔵王の名湯を満喫/ご夕食は温泉街へ|meal:meal_included|occ:2a0c1r|los:1|text:【早割プラン★朝食無料】7日前までのご予約で1,100円off!森に包まれ蔵王の名湯を満喫/ご夕食は温泉街へ|2|0|1|1|core_competitor_obs_20260818_045006",49984ae84ca456901d17ba0e61099a84aeaec1cec1932224fb12b354474a679c,oakhill,ONSEN & STAY OAKHILL,jalan,2026-09-01,2026-08-18T05:09:17+09:00,"room:スタンダード和室|plan:【早割プラン★朝食無料】7日前までのご予約で1,100円off!森に包まれ蔵王の名湯を満喫/ご夕食は温泉街へ|meal:meal_included|occ:2a0c1r|los:1",スタンダード和室,"text:【早割プラン★朝食無料】7日前までのご予約で1,100円off!森に包まれ蔵王の名湯を満喫/ご夕食は温泉街へ","【早割プラン★朝食無料】7日前までのご予約で1,100円OFF!森に包まれ蔵王の名湯を満喫/ご夕食は温泉街へ",2,0,1,1,JPY,17800,AVAILABLE,3,PUBLIC_SCARCITY_COUNT,PRODUCT,HIGH,f4c2e47efa4c1ad415bbd24a112be992ee001b8f1cc0b95930b6bebaad20dc3d,core_competitor_obs_20260818_045006
jalan|oakhill|2026-09-01|room:デラックス和洋室|plan:【じゃらんのお得な10日間】10%off!朝食無料サービス!森に包まれたリゾート空間で蔵王の名湯を満喫|meal:meal_included|occ:2a0c1r|los:1|text:【じゃらんのお得な10日間】10%off!朝食無料サービス!森に包まれたリゾート空間で蔵王の名湯を満喫|2|0|1|1|core_competitor_obs_20260818_045006,0da08e9e9e8c70df2eb22a260ee7da6d5e62fc50576a53c25d9684018d53acad,oakhill,ONSEN & STAY OAKHILL,jalan,2026-09-01,2026-08-18T05:09:17+09:00,room:デラックス和洋室|plan:【じゃらんのお得な10日間】10%off!朝食無料サービス!森に包まれたリゾート空間で蔵王の名湯を満喫|meal:meal_included|occ:2a0c1r|los:1,デラックス和洋室,text:【じゃらんのお得な10日間】10%off!朝食無料サービス!森に包まれたリゾート空間で蔵王の名湯を満喫,【じゃらんのお得な10日間】10%OFF!朝食無料サービス!森に包まれたリゾート空間で蔵王の名湯を満喫,2,0,1,1,JPY,30600,AVAILABLE,3,PUBLIC_SCARCITY_COUNT,PRODUCT,HIGH,e848ea7afcd3d0f5ae595419b7c4cafc0a33a17859e173b2462b5278fdb11966,core_competitor_obs_20260818_045006
jalan|oakhill|2026-09-01|room:倶楽部ルーム|plan:【じゃらんのお得な10日間】10%off!朝食無料サービス!森に包まれたリゾート空間で蔵王の名湯を満喫|meal:meal_included|occ:2a0c1r|los:1|text:【じゃらんのお得な10日間】10%off!朝食無料サービス!森に包まれたリゾート空間で蔵王の名湯を満喫|2|0|1|1|core_competitor_obs_20260818_045006,f1ea15501ad695c851d03b3023b4267d393cae25b3b0698a75560d7dc6ead529,oakhill,ONSEN & STAY OAKHILL,jalan,2026-09-01,2026-08-18T05:09:17+09:00,room:倶楽部ルーム|plan:【じゃらんのお得な10日間】10%off!朝食無料サービス!森に包まれたリゾート空間で蔵王の名湯を満喫|meal:meal_included|occ:2a0c1r|los:1,倶楽部ルーム,text:【じゃらんのお得な10日間】10%off!朝食無料サービス!森に包まれたリゾート空間で蔵王の名湯を満喫,【じゃらんのお得な10日間】10%OFF!朝食無料サービス!森に包まれたリゾート空間で蔵王の名湯を満喫,2,0,1,1,JPY,19800,AVAILABLE,3,PUBLIC_SCARCITY_COUNT,PRODUCT,HIGH,d39096bef97c052b31ec0a3f307ce644121e7d38b96ce939cf648a8af0209a7c,core_competitor_obs_20260818_045006
jalan|oakhill|2026-09-01|room:スタンダード和室|plan:【じゃらんのお得な10日間】10%off!朝食無料サービス!森に包まれたリゾート空間で蔵王の名湯を満喫|meal:meal_included|occ:2a0c1r|los:1|text:【じゃらんのお得な10日間】10%off!朝食無料サービス!森に包まれたリゾート空間で蔵王の名湯を満喫|2|0|1|1|core_competitor_obs_20260818_045006,8089cfb1cb5c8ef9ca438d264c99a86d153d6facd9dcf82ddd08dd2464f89964,oakhill,ONSEN & STAY OAKHILL,jalan,2026-09-01,2026-08-18T05:09:17+09:00,room:スタンダード和室|plan:【じゃらんのお得な10日間】10%off!朝食無料サービス!森に包まれたリゾート空間で蔵王の名湯を満喫|meal:meal_included|occ:2a0c1r|los:1,スタンダード和室,text:【じゃらんのお得な10日間】10%off!朝食無料サービス!森に包まれたリゾート空間で蔵王の名湯を満喫,【じゃらんのお得な10日間】10%OFF!朝食無料サービス!森に包まれたリゾート空間で蔵王の名湯を満喫,2,0,1,1,JPY,18000,AVAILABLE,3,PUBLIC_SCARCITY_COUNT,PRODUCT,HIGH,d88ad60ad0b6f3aa5fc6b4f9c611d0e15e1eda5ca7307dd2d0f9e1f12c0a9fd9,core_competitor_obs_20260818_045006
jalan|oakhill|2026-09-01|room:デラックス和洋室|plan:【素泊まりプラン】~onsen&stay~森に包まれたリゾート空間で蔵王の名湯を満喫/ご夕食は温泉街へ|meal:confirmed_room_only|occ:2a0c1r|los:1|text:【素泊まりプラン】~onsen&stay~森に包まれたリゾート空間で蔵王の名湯を満喫/ご夕食は温泉街へ|2|0|1|1|core_competitor_obs_20260818_045006,ee5e32a875a36e86068c4a6937260f1d11ad196200651de1ccbdb6ed3c8d1327,oakhill,ONSEN & STAY OAKHILL,jalan,2026-09-01,2026-08-18T05:09:17+09:00,room:デラックス和洋室|plan:【素泊まりプラン】~onsen&stay~森に包まれたリゾート空間で蔵王の名湯を満喫/ご夕食は温泉街へ|meal:confirmed_room_only|occ:2a0c1r|los:1,デラックス和洋室,text:【素泊まりプラン】~onsen&stay~森に包まれたリゾート空間で蔵王の名湯を満喫/ご夕食は温泉街へ,【素泊まりプラン】~ONSEN&STAY~森に包まれたリゾート空間で蔵王の名湯を満喫/ご夕食は温泉街へ,2,0,1,1,JPY,34000,AVAILABLE,3,PUBLIC_SCARCITY_COUNT,PRODUCT,HIGH,a899cb08895e8bdf43fba0306bbbf439a659fb00c674ab91ee0d02751e215fff,core_competitor_obs_20260818_045006
jalan|oakhill|2026-09-01|room:倶楽部ルーム|plan:【素泊まりプラン】~onsen&stay~森に包まれたリゾート空間で蔵王の名湯を満喫/ご夕食は温泉街へ|meal:confirmed_room_only|occ:2a0c1r|los:1|text:【素泊まりプラン】~onsen&stay~森に包まれたリゾート空間で蔵王の名湯を満喫/ご夕食は温泉街へ|2|0|1|1|core_competitor_obs_20260818_045006,faa83479978bbfdb15487b59d01383e4ab5663d322fa1f90709a69dc09361b0b,oakhill,ONSEN & STAY OAKHILL,jalan,2026-09-01,2026-08-18T05:09:17+09:00,room:倶楽部ルーム|plan:【素泊まりプラン】~onsen&stay~森に包まれたリゾート空間で蔵王の名湯を満喫/ご夕食は温泉街へ|meal:confirmed_room_only|occ:2a0c1r|los:1,倶楽部ルーム,text:【素泊まりプラン】~onsen&stay~森に包まれたリゾート空間で蔵王の名湯を満喫/ご夕食は温泉街へ,【素泊まりプラン】~ONSEN&STAY~森に包まれたリゾート空間で蔵王の名湯を満喫/ご夕食は温泉街へ,2,0,1,1,JPY,22000,AVAILABLE,3,PUBLIC_SCARCITY_COUNT,PRODUCT,HIGH,708d8e9f02fa4b3c6dddcfed3ed52f5b478d930ec40cfadcd72c9047d507d098,core_competitor_obs_20260818_045006
jalan|oakhill|2026-09-01|room:スタンダード和室|plan:【素泊まりプラン】~onsen&stay~森に包まれたリゾート空間で蔵王の名湯を満喫/ご夕食は温泉街へ|meal:confirmed_room_only|occ:2a0c1r|los:1|text:【素泊まりプラン】~onsen&stay~森に包まれたリゾート空間で蔵王の名湯を満喫/ご夕食は温泉街へ|2|0|1|1|core_competitor_obs_20260818_045006,8bd93584a8a65be0cf9a23f3d6e874c1c622bfee09e119abd250280d64708868,oakhill,ONSEN & STAY OAKHILL,jalan,2026-09-01,2026-08-18T05:09:17+09:00,room:スタンダード和室|plan:【素泊まりプラン】~onsen&stay~森に包まれたリゾート空間で蔵王の名湯を満喫/ご夕食は温泉街へ|meal:confirmed_room_only|occ:2a0c1r|los:1,スタンダード和室,text:【素泊まりプラン】~onsen&stay~森に包まれたリゾート空間で蔵王の名湯を満喫/ご夕食は温泉街へ,【素泊まりプラン】~ONSEN&STAY~森に包まれたリゾート空間で蔵王の名湯を満喫/ご夕食は温泉街へ,2,0,1,1,JPY,20000,AVAILABLE,3,PUBLIC_SCARCITY_COUNT,PRODUCT,HIGH,59962965eac01e86e23c3324a74ddd4f25b5ac4f844a52497614a4685f3dd409,core_competitor_obs_20260818_045006
booking|hammond|2026-09-01|text:和室|unknown_rate|2|0|1|1|core_competitor_obs_20260818_165007,e604f6979150d028b99a12de8be964a086d695f293841dba9dd3323ca692866a,hammond,HAMMOND,booking,2026-09-01,2026-08-18T16:53:40+09:00,text:和室,和室,,,2,0,1,1,JPY,13860,AVAILABLE,4,PUBLIC_SCARCITY_COUNT,PRODUCT,MEDIUM,680870ef0196507212082306a968920f57e6e701cb115ed8d3ea29e94c9af78c,core_competitor_obs_20260818_165007
booking|yoshidaya|2026-09-01|text:和室|unknown_rate|2|0|1|1|core_competitor_obs_20260818_165007,be6124c0c945e659fb95d304f136c3abe3babfcc885e3fd407c466b192d5f14f,yoshidaya,吉田屋,booking,2026-09-01,2026-08-18T16:56:48+09:00,text:和室,和室,,,2,0,1,1,JPY,16830,AVAILABLE,7,PUBLIC_SCARCITY_COUNT,PRODUCT,MEDIUM,08c4adfede6292f1779e2867c6557423cc0c44e225d7cd15a3d99c1a41e71bd2,core_competitor_obs_20260818_165007
booking|oakhill|2026-09-01|text:和室|unknown_rate|2|0|1|1|core_competitor_obs_20260818_165007,60812465356725e013f28180895d2f005b7b552eb55c5e5364d4c5585aa28b27,oakhill,ONSEN & STAY OAKHILL,booking,2026-09-01,2026-08-18T17:00:00+09:00,text:和室,和室,,,2,0,1,1,JPY,16994,AVAILABLE,,BINARY_AVAILABILITY,UNKNOWN,HIGH,839c44711cbeb7aa92c1a73f8a7f32c0674d72cd58fb9565bad1a03b5b024415,core_competitor_obs_20260818_165007
jalan|hammond|2026-09-01|room:和室二間トリプルベッド|plan:【基本プラン☆素泊まり】蔵王温泉リーズナブルステイ!7箇所の湯めぐり無料特典♪ご夕食は温泉街へ|meal:confirmed_room_only|occ:2a0c1r|los:1|text:【基本プラン☆素泊まり】蔵王温泉リーズナブルステイ!7箇所の湯めぐり無料特典♪ご夕食は温泉街へ|2|0|1|1|core_competitor_obs_20260818_165007,44a00374e2dd097ac8d06f8797ae83e4a111473788722b8294c1d9e79a81c398,hammond,HAMMOND,jalan,2026-09-01,2026-08-18T17:03:13+09:00,room:和室二間トリプルベッド|plan:【基本プラン☆素泊まり】蔵王温泉リーズナブルステイ!7箇所の湯めぐり無料特典♪ご夕食は温泉街へ|meal:confirmed_room_only|occ:2a0c1r|los:1,和室二間トリプルベッド,text:【基本プラン☆素泊まり】蔵王温泉リーズナブルステイ!7箇所の湯めぐり無料特典♪ご夕食は温泉街へ,【基本プラン☆素泊まり】蔵王温泉リーズナブルステイ!7箇所の湯めぐり無料特典♪ご夕食は温泉街へ,2,0,1,1,JPY,19800,AVAILABLE,3,PUBLIC_SCARCITY_COUNT,PRODUCT,HIGH,a53b7d24ea83ecba0405d0dabf29932cd75e0d50e67cf33e44afc63634873985,core_competitor_obs_20260818_165007
jalan|hammond|2026-09-01|room:和室角部屋|plan:【基本プラン☆素泊まり】蔵王温泉リーズナブルステイ!7箇所の湯めぐり無料特典♪ご夕食は温泉街へ|meal:confirmed_room_only|occ:2a0c1r|los:1|text:【基本プラン☆素泊まり】蔵王温泉リーズナブルステイ!7箇所の湯めぐり無料特典♪ご夕食は温泉街へ|2|0|1|1|core_competitor_obs_20260818_165007,2bb185f392452d0839bdbab6dcf907a8a373835b86bcc3184eb22efc15af1cf2,hammond,HAMMOND,jalan,2026-09-01,2026-08-18T17:03:13+09:00,room:和室角部屋|plan:【基本プラン☆素泊まり】蔵王温泉リーズナブルステイ!7箇所の湯めぐり無料特典♪ご夕食は温泉街へ|meal:confirmed_room_only|occ:2a0c1r|los:1,和室角部屋,text:【基本プラン☆素泊まり】蔵王温泉リーズナブルステイ!7箇所の湯めぐり無料特典♪ご夕食は温泉街へ,【基本プラン☆素泊まり】蔵王温泉リーズナブルステイ!7箇所の湯めぐり無料特典♪ご夕食は温泉街へ,2,0,1,1,JPY,18000,AVAILABLE,2,PUBLIC_SCARCITY_COUNT,PRODUCT,HIGH,17697f616fd8f62521ba632b0517983888780406b2a04a2832c53929b9186abb,core_competitor_obs_20260818_165007
jalan|hammond|2026-09-01|room:スタンダード和室|plan:【基本プラン☆素泊まり】蔵王温泉リーズナブルステイ!7箇所の湯めぐり無料特典♪ご夕食は温泉街へ|meal:confirmed_room_only|occ:2a0c1r|los:1|text:【基本プラン☆素泊まり】蔵王温泉リーズナブルステイ!7箇所の湯めぐり無料特典♪ご夕食は温泉街へ|2|0|1|1|core_competitor_obs_20260818_165007,870452a598a56e23d0e700580e33c67687df9d7e7a3c6e65e8522e8d843a2978,hammond,HAMMOND,jalan,2026-09-01,2026-08-18T17:03:13+09:00,room:スタンダード和室|plan:【基本プラン☆素泊まり】蔵王温泉リーズナブルステイ!7箇所の湯めぐり無料特典♪ご夕食は温泉街へ|meal:confirmed_room_only|occ:2a0c1r|los:1,スタンダード和室,text:【基本プラン☆素泊まり】蔵王温泉リーズナブルステイ!7箇所の湯めぐり無料特典♪ご夕食は温泉街へ,【基本プラン☆素泊まり】蔵王温泉リーズナブルステイ!7箇所の湯めぐり無料特典♪ご夕食は温泉街へ,2,0,1,1,JPY,14000,AVAILABLE,,UNKNOWN,PRODUCT,MEDIUM,5c667325f08388054e79d30a94c030f8ebdcd3daf68d9519b7f29a6fb36fff69,core_competitor_obs_20260818_165007
jalan|hammond|2026-09-01|room:スタンダード洋室|plan:【基本プラン☆素泊まり】蔵王温泉リーズナブルステイ!7箇所の湯めぐり無料特典♪ご夕食は温泉街へ|meal:confirmed_room_only|occ:2a0c1r|los:1|text:【基本プラン☆素泊まり】蔵王温泉リーズナブルステイ!7箇所の湯めぐり無料特典♪ご夕食は温泉街へ|2|0|1|1|core_competitor_obs_20260818_165007,41b78a87da75eae9e78cb4c132a16276405249da1e541345a8d681cf6806ab07,hammond,HAMMOND,jalan,2026-09-01,2026-08-18T17:03:13+09:00,room:スタンダード洋室|plan:【基本プラン☆素泊まり】蔵王温泉リーズナブルステイ!7箇所の湯めぐり無料特典♪ご夕食は温泉街へ|meal:confirmed_room_only|occ:2a0c1r|los:1,スタンダード洋室,text:【基本プラン☆素泊まり】蔵王温泉リーズナブルステイ!7箇所の湯めぐり無料特典♪ご夕食は温泉街へ,【基本プラン☆素泊まり】蔵王温泉リーズナブルステイ!7箇所の湯めぐり無料特典♪ご夕食は温泉街へ,2,0,1,1,JPY,14000,AVAILABLE,,UNKNOWN,PRODUCT,MEDIUM,a57434142ab048512ea89b781a02924dd19201de4d0fdcb16d85c96035f03589,core_competitor_obs_20260818_165007
jalan|hammond|2026-09-01|room:倶楽部ルーム|plan:【基本プラン☆素泊まり】蔵王温泉リーズナブルステイ!7箇所の湯めぐり無料特典♪ご夕食は温泉街へ|meal:confirmed_room_only|occ:2a0c1r|los:1|text:【基本プラン☆素泊まり】蔵王温泉リーズナブルステイ!7箇所の湯めぐり無料特典♪ご夕食は温泉街へ|2|0|1|1|core_competitor_obs_20260818_165007,af9ac8a81951a41b0661b2cb5ba50ec62291b620b1700dac9e0c4d30731bf646,hammond,HAMMOND,jalan,2026-09-01,2026-08-18T17:03:13+09:00,room:倶楽部ルーム|plan:【基本プラン☆素泊まり】蔵王温泉リーズナブルステイ!7箇所の湯めぐり無料特典♪ご夕食は温泉街へ|meal:confirmed_room_only|occ:2a0c1r|los:1,倶楽部ルーム,text:【基本プラン☆素泊まり】蔵王温泉リーズナブルステイ!7箇所の湯めぐり無料特典♪ご夕食は温泉街へ,【基本プラン☆素泊まり】蔵王温泉リーズナブルステイ!7箇所の湯めぐり無料特典♪ご夕食は温泉街へ,2,0,1,1,JPY,14000,AVAILABLE,3,PUBLIC_SCARCITY_COUNT,PRODUCT,HIGH,125cb5cfb6518e568af524e31337d305676cdc60280ac47f2d8e09198aba7ff0,core_competitor_obs_20260818_165007
"jalan|hammond|2026-09-01|room:和室二間トリプルベッド|plan:【早割プラン☆素泊まり】7日前まで予約で1,000円off!7箇所の湯めぐり無料特典♪ご夕食は温泉街へ|meal:confirmed_room_only|occ:2a0c1r|los:1|text:【早割プラン☆素泊まり】7日前まで予約で1,000円off!7箇所の湯めぐり無料特典♪ご夕食は温泉街へ|2|0|1|1|core_competitor_obs_20260818_165007",48abf1411f575d8b604c72d570cfd2a9cfe07039bc081314da86cf13043e8dd4,hammond,HAMMOND,jalan,2026-09-01,2026-08-18T17:03:13+09:00,"room:和室二間トリプルベッド|plan:【早割プラン☆素泊まり】7日前まで予約で1,000円off!7箇所の湯めぐり無料特典♪ご夕食は温泉街へ|meal:confirmed_room_only|occ:2a0c1r|los:1",和室二間トリプルベッド,"text:【早割プラン☆素泊まり】7日前まで予約で1,000円off!7箇所の湯めぐり無料特典♪ご夕食は温泉街へ","【早割プラン☆素泊まり】7日前まで予約で1,000円OFF!7箇所の湯めぐり無料特典♪ご夕食は温泉街へ",2,0,1,1,JPY,18800,AVAILABLE,3,PUBLIC_SCARCITY_COUNT,PRODUCT,HIGH,495e95a2ee25449f8347c3931de18a266b3cc8f10da6305cf9ee38f28428bfef,core_competitor_obs_20260818_165007
"jalan|hammond|2026-09-01|room:和室角部屋|plan:【早割プラン☆素泊まり】7日前まで予約で1,000円off!7箇所の湯めぐり無料特典♪ご夕食は温泉街へ|meal:confirmed_room_only|occ:2a0c1r|los:1|text:【早割プラン☆素泊まり】7日前まで予約で1,000円off!7箇所の湯めぐり無料特典♪ご夕食は温泉街へ|2|0|1|1|core_competitor_obs_20260818_165007",793d7624b829c3490ded78e446e7f53591db649f3f9b5f5b07a0fc50cbbc4e40,hammond,HAMMOND,jalan,2026-09-01,2026-08-18T17:03:13+09:00,"room:和室角部屋|plan:【早割プラン☆素泊まり】7日前まで予約で1,000円off!7箇所の湯めぐり無料特典♪ご夕食は温泉街へ|meal:confirmed_room_only|occ:2a0c1r|los:1",和室角部屋,"text:【早割プラン☆素泊まり】7日前まで予約で1,000円off!7箇所の湯めぐり無料特典♪ご夕食は温泉街へ","【早割プラン☆素泊まり】7日前まで予約で1,000円OFF!7箇所の湯めぐり無料特典♪ご夕食は温泉街へ",2,0,1,1,JPY,17000,AVAILABLE,2,PUBLIC_SCARCITY_COUNT,PRODUCT,HIGH,222f01f9c80550ff3a962287069c3bcf1261b419ee3dd7b736c9e4966210342f,core_competitor_obs_20260818_165007
"jalan|hammond|2026-09-01|room:スタンダード和室|plan:【早割プラン☆素泊まり】7日前まで予約で1,000円off!7箇所の湯めぐり無料特典♪ご夕食は温泉街へ|meal:confirmed_room_only|occ:2a0c1r|los:1|text:【早割プラン☆素泊まり】7日前まで予約で1,000円off!7箇所の湯めぐり無料特典♪ご夕食は温泉街へ|2|0|1|1|core_competitor_obs_20260818_165007",4b6a8afe9ad27b4b48dbcc86c770b202edd764f7a436132010a97389170391e2,hammond,HAMMOND,jalan,2026-09-01,2026-08-18T17:03:13+09:00,"room:スタンダード和室|plan:【早割プラン☆素泊まり】7日前まで予約で1,000円off!7箇所の湯めぐり無料特典♪ご夕食は温泉街へ|meal:confirmed_room_only|occ:2a0c1r|los:1",スタンダード和室,"text:【早割プラン☆素泊まり】7日前まで予約で1,000円off!7箇所の湯めぐり無料特典♪ご夕食は温泉街へ","【早割プラン☆素泊まり】7日前まで予約で1,000円OFF!7箇所の湯めぐり無料特典♪ご夕食は温泉街へ",2,0,1,1,JPY,13000,AVAILABLE,,UNKNOWN,PRODUCT,MEDIUM,867eab73de0cc252a488e0b45c0ecceca2929d95389f41765fca7fae03b945aa,core_competitor_obs_20260818_165007
"jalan|hammond|2026-09-01|room:スタンダード洋室|plan:【早割プラン☆素泊まり】7日前まで予約で1,000円off!7箇所の湯めぐり無料特典♪ご夕食は温泉街へ|meal:confirmed_room_only|occ:2a0c1r|los:1|text:【早割プラン☆素泊まり】7日前まで予約で1,000円off!7箇所の湯めぐり無料特典♪ご夕食は温泉街へ|2|0|1|1|core_competitor_obs_20260818_165007",b84abc00cc23acec5f58e0f41c43e5f50283a1c5475ae3287b6a5424d579f120,hammond,HAMMOND,jalan,2026-09-01,2026-08-18T17:03:13+09:00,"room:スタンダード洋室|plan:【早割プラン☆素泊まり】7日前まで予約で1,000円off!7箇所の湯めぐり無料特典♪ご夕食は温泉街へ|meal:confirmed_room_only|occ:2a0c1r|los:1",スタンダード洋室,"text:【早割プラン☆素泊まり】7日前まで予約で1,000円off!7箇所の湯めぐり無料特典♪ご夕食は温泉街へ","【早割プラン☆素泊まり】7日前まで予約で1,000円OFF!7箇所の湯めぐり無料特典♪ご夕食は温泉街へ",2,0,1,1,JPY,13000,AVAILABLE,,UNKNOWN,PRODUCT,MEDIUM,4e8b8a427241e637792c4f2826712ab74a96e3f0102bf3d870b62a3e246eedea,core_competitor_obs_20260818_165007
"jalan|hammond|2026-09-01|room:倶楽部ルーム|plan:【早割プラン☆素泊まり】7日前まで予約で1,000円off!7箇所の湯めぐり無料特典♪ご夕食は温泉街へ|meal:confirmed_room_only|occ:2a0c1r|los:1|text:【早割プラン☆素泊まり】7日前まで予約で1,000円off!7箇所の湯めぐり無料特典♪ご夕食は温泉街へ|2|0|1|1|core_competitor_obs_20260818_165007",3f165002dd6ac862f63466a3631debc3c59a3a647de3de2dec2d4b76c7e8e4b8,hammond,HAMMOND,jalan,2026-09-01,2026-08-18T17:03:13+09:00,"room:倶楽部ルーム|plan:【早割プラン☆素泊まり】7日前まで予約で1,000円off!7箇所の湯めぐり無料特典♪ご夕食は温泉街へ|meal:confirmed_room_only|occ:2a0c1r|los:1",倶楽部ルーム,"text:【早割プラン☆素泊まり】7日前まで予約で1,000円off!7箇所の湯めぐり無料特典♪ご夕食は温泉街へ","【早割プラン☆素泊まり】7日前まで予約で1,000円OFF!7箇所の湯めぐり無料特典♪ご夕食は温泉街へ",2,0,1,1,JPY,13000,AVAILABLE,3,PUBLIC_SCARCITY_COUNT,PRODUCT,HIGH,81ad4a34aac531d728ec100774e104415f4f58163fa6f2cc0f203a713d620881,core_competitor_obs_20260818_165007
jalan|hammond|2026-09-01|room:和室二間トリプルベッド|plan:【じゃらん限定ポイント10%】ポイント貯めてお得に使おう★蔵王温泉リーズナブルステイ|meal:confirmed_room_only|occ:2a0c1r|los:1|text:【じゃらん限定ポイント10%】ポイント貯めてお得に使おう★蔵王温泉リーズナブルステイ|2|0|1|1|core_competitor_obs_20260818_165007,76381f76f804e45182207da6ea9fe39d4625b03807eb45c435be4b940173992a,hammond,HAMMOND,jalan,2026-09-01,2026-08-18T17:03:13+09:00,room:和室二間トリプルベッド|plan:【じゃらん限定ポイント10%】ポイント貯めてお得に使おう★蔵王温泉リーズナブルステイ|meal:confirmed_room_only|occ:2a0c1r|los:1,和室二間トリプルベッド,text:【じゃらん限定ポイント10%】ポイント貯めてお得に使おう★蔵王温泉リーズナブルステイ,【じゃらん限定ポイント10%】ポイント貯めてお得に使おう★蔵王温泉リーズナブルステイ,2,0,1,1,JPY,21384,AVAILABLE,3,PUBLIC_SCARCITY_COUNT,PRODUCT,HIGH,d93415d52f95d27867f1e1f67233884ba0b1af6a6845c41374f56b1a5df9f915,core_competitor_obs_20260818_165007
jalan|hammond|2026-09-01|room:和室角部屋|plan:【じゃらん限定ポイント10%】ポイント貯めてお得に使おう★蔵王温泉リーズナブルステイ|meal:confirmed_room_only|occ:2a0c1r|los:1|text:【じゃらん限定ポイント10%】ポイント貯めてお得に使おう★蔵王温泉リーズナブルステイ|2|0|1|1|core_competitor_obs_20260818_165007,7605c98077cd67d3795047c799a14d56e79f9ce2a3c9699ce081df4d749efd40,hammond,HAMMOND,jalan,2026-09-01,2026-08-18T17:03:13+09:00,room:和室角部屋|plan:【じゃらん限定ポイント10%】ポイント貯めてお得に使おう★蔵王温泉リーズナブルステイ|meal:confirmed_room_only|occ:2a0c1r|los:1,和室角部屋,text:【じゃらん限定ポイント10%】ポイント貯めてお得に使おう★蔵王温泉リーズナブルステイ,【じゃらん限定ポイント10%】ポイント貯めてお得に使おう★蔵王温泉リーズナブルステイ,2,0,1,1,JPY,19440,AVAILABLE,2,PUBLIC_SCARCITY_COUNT,PRODUCT,HIGH,fce98c314e9e721351df883f8bf8d7f411e493272ace28f23baad52a79baeab9,core_competitor_obs_20260818_165007
jalan|hammond|2026-09-01|room:スタンダード和室|plan:【じゃらん限定ポイント10%】ポイント貯めてお得に使おう★蔵王温泉リーズナブルステイ|meal:confirmed_room_only|occ:2a0c1r|los:1|text:【じゃらん限定ポイント10%】ポイント貯めてお得に使おう★蔵王温泉リーズナブルステイ|2|0|1|1|core_competitor_obs_20260818_165007,8e999fffe2c5313ec541c11ae10c7747fe961bc88e78e5d3fbccb83dfebd9269,hammond,HAMMOND,jalan,2026-09-01,2026-08-18T17:03:13+09:00,room:スタンダード和室|plan:【じゃらん限定ポイント10%】ポイント貯めてお得に使おう★蔵王温泉リーズナブルステイ|meal:confirmed_room_only|occ:2a0c1r|los:1,スタンダード和室,text:【じゃらん限定ポイント10%】ポイント貯めてお得に使おう★蔵王温泉リーズナブルステイ,【じゃらん限定ポイント10%】ポイント貯めてお得に使おう★蔵王温泉リーズナブルステイ,2,0,1,1,JPY,15120,AVAILABLE,,UNKNOWN,PRODUCT,MEDIUM,6941af4541cdf92f168bbc7c73deb184f96b8b41896e7b538e4873f0263497c3,core_competitor_obs_20260818_165007
jalan|hammond|2026-09-01|room:スタンダード洋室|plan:【じゃらん限定ポイント10%】ポイント貯めてお得に使おう★蔵王温泉リーズナブルステイ|meal:confirmed_room_only|occ:2a0c1r|los:1|text:【じゃらん限定ポイント10%】ポイント貯めてお得に使おう★蔵王温泉リーズナブルステイ|2|0|1|1|core_competitor_obs_20260818_165007,6ad3c19287fb527336f14b3190de68f6c6c0a109239c4c242c4815a33e840661,hammond,HAMMOND,jalan,2026-09-01,2026-08-18T17:03:13+09:00,room:スタンダード洋室|plan:【じゃらん限定ポイント10%】ポイント貯めてお得に使おう★蔵王温泉リーズナブルステイ|meal:confirmed_room_only|occ:2a0c1r|los:1,スタンダード洋室,text:【じゃらん限定ポイント10%】ポイント貯めてお得に使おう★蔵王温泉リーズナブルステイ,【じゃらん限定ポイント10%】ポイント貯めてお得に使おう★蔵王温泉リーズナブルステイ,2,0,1,1,JPY,15120,AVAILABLE,,UNKNOWN,PRODUCT,MEDIUM,eb573774b4a8937b3bd7ca97099f0df7423c6a983d8a93ea777356be65357857,core_competitor_obs_20260818_165007
jalan|hammond|2026-09-01|room:倶楽部ルーム|plan:【じゃらん限定ポイント10%】ポイント貯めてお得に使おう★蔵王温泉リーズナブルステイ|meal:confirmed_room_only|occ:2a0c1r|los:1|text:【じゃらん限定ポイント10%】ポイント貯めてお得に使おう★蔵王温泉リーズナブルステイ|2|0|1|1|core_competitor_obs_20260818_165007,4feb69e813db7903b8d296fc9984336469f691135590ca11eb0e76ad916a646c,hammond,HAMMOND,jalan,2026-09-01,2026-08-18T17:03:13+09:00,room:倶楽部ルーム|plan:【じゃらん限定ポイント10%】ポイント貯めてお得に使おう★蔵王温泉リーズナブルステイ|meal:confirmed_room_only|occ:2a0c1r|los:1,倶楽部ルーム,text:【じゃらん限定ポイント10%】ポイント貯めてお得に使おう★蔵王温泉リーズナブルステイ,【じゃらん限定ポイント10%】ポイント貯めてお得に使おう★蔵王温泉リーズナブルステイ,2,0,1,1,JPY,15120,AVAILABLE,3,PUBLIC_SCARCITY_COUNT,PRODUCT,HIGH,631bd91c3c3d46ba215f774a47fe10ba798cde66cd44046822943c390855b8a3,core_competitor_obs_20260818_165007
jalan|hammond|2026-09-01|room:和室二間トリプルベッド|plan:【じゃらんのお得な10日間】素泊まり★10%off!湯めぐり無料特典☆直前割|meal:confirmed_room_only|occ:2a0c1r|los:1|text:【じゃらんのお得な10日間】素泊まり★10%off!湯めぐり無料特典☆直前割|2|0|1|1|core_competitor_obs_20260818_165007,35cc3576a5cdbf6a4ddf2c3eeef2e7046c64ae2bd4181568f96114f10e2a50ac,hammond,HAMMOND,jalan,2026-09-01,2026-08-18T17:03:13+09:00,room:和室二間トリプルベッド|plan:【じゃらんのお得な10日間】素泊まり★10%off!湯めぐり無料特典☆直前割|meal:confirmed_room_only|occ:2a0c1r|los:1,和室二間トリプルベッド,text:【じゃらんのお得な10日間】素泊まり★10%off!湯めぐり無料特典☆直前割,【じゃらんのお得な10日間】素泊まり★10%OFF!湯めぐり無料特典☆直前割,2,0,1,1,JPY,17820,AVAILABLE,3,PUBLIC_SCARCITY_COUNT,PRODUCT,HIGH,b9fb15d3a2479bc80f8e0239fe7740eae271a1e464940245be61b7380ad08928,core_competitor_obs_20260818_165007
jalan|hammond|2026-09-01|room:和室角部屋|plan:【じゃらんのお得な10日間】素泊まり★10%off!湯めぐり無料特典☆直前割|meal:confirmed_room_only|occ:2a0c1r|los:1|text:【じゃらんのお得な10日間】素泊まり★10%off!湯めぐり無料特典☆直前割|2|0|1|1|core_competitor_obs_20260818_165007,1eefbb1e8f5f1c09757ea56bf090797b22d62e46ea807232043d50e52bdc4025,hammond,HAMMOND,jalan,2026-09-01,2026-08-18T17:03:13+09:00,room:和室角部屋|plan:【じゃらんのお得な10日間】素泊まり★10%off!湯めぐり無料特典☆直前割|meal:confirmed_room_only|occ:2a0c1r|los:1,和室角部屋,text:【じゃらんのお得な10日間】素泊まり★10%off!湯めぐり無料特典☆直前割,【じゃらんのお得な10日間】素泊まり★10%OFF!湯めぐり無料特典☆直前割,2,0,1,1,JPY,16200,AVAILABLE,2,PUBLIC_SCARCITY_COUNT,PRODUCT,HIGH,5143095ec3a5fb60f708eeb07e47b48f48410ad3e35c5291dcea4ddbb649892d,core_competitor_obs_20260818_165007
jalan|hammond|2026-09-01|room:スタンダード和室|plan:【じゃらんのお得な10日間】素泊まり★10%off!湯めぐり無料特典☆直前割|meal:confirmed_room_only|occ:2a0c1r|los:1|text:【じゃらんのお得な10日間】素泊まり★10%off!湯めぐり無料特典☆直前割|2|0|1|1|core_competitor_obs_20260818_165007,cde68fed59a4bd158e0750d5e31048f4c9c7ef2810ca3759192d4fc61d9c6a7e,hammond,HAMMOND,jalan,2026-09-01,2026-08-18T17:03:13+09:00,room:スタンダード和室|plan:【じゃらんのお得な10日間】素泊まり★10%off!湯めぐり無料特典☆直前割|meal:confirmed_room_only|occ:2a0c1r|los:1,スタンダード和室,text:【じゃらんのお得な10日間】素泊まり★10%off!湯めぐり無料特典☆直前割,【じゃらんのお得な10日間】素泊まり★10%OFF!湯めぐり無料特典☆直前割,2,0,1,1,JPY,12600,AVAILABLE,,UNKNOWN,PRODUCT,MEDIUM,547d98d448a0274b7b583649d4a280a8e241fa3f5eaf7ae72a5b29d7ee0a3214,core_competitor_obs_20260818_165007
jalan|hammond|2026-09-01|room:スタンダード洋室|plan:【じゃらんのお得な10日間】素泊まり★10%off!湯めぐり無料特典☆直前割|meal:confirmed_room_only|occ:2a0c1r|los:1|text:【じゃらんのお得な10日間】素泊まり★10%off!湯めぐり無料特典☆直前割|2|0|1|1|core_competitor_obs_20260818_165007,6035cf8b95a3d1c13c3e787b64b0c2f4fb181a3a0a82d5f279e88173f41f6e03,hammond,HAMMOND,jalan,2026-09-01,2026-08-18T17:03:13+09:00,room:スタンダード洋室|plan:【じゃらんのお得な10日間】素泊まり★10%off!湯めぐり無料特典☆直前割|meal:confirmed_room_only|occ:2a0c1r|los:1,スタンダード洋室,text:【じゃらんのお得な10日間】素泊まり★10%off!湯めぐり無料特典☆直前割,【じゃらんのお得な10日間】素泊まり★10%OFF!湯めぐり無料特典☆直前割,2,0,1,1,JPY,12600,AVAILABLE,,UNKNOWN,PRODUCT,MEDIUM,853f98b81960abb0aeab72c780dd8096202ded38a0b2f9c63bb76380e0f54774,core_competitor_obs_20260818_165007
jalan|yoshidaya|2026-09-01|room:和室13畳|plan:【シニア割プラン】50歳以上限定!大人の贅沢なひととき♪源泉掛け流しの温泉でリフレッシュ♪|meal:meal_included|occ:2a0c1r|los:1|text:【シニア割プラン】50歳以上限定!大人の贅沢なひととき♪源泉掛け流しの温泉でリフレッシュ♪|2|0|1|1|core_competitor_obs_20260818_165007,3eef2b5ef629f07da91f459e7cdc5b024c9bfcb5beb1560af3beef9b483189bf,yoshidaya,吉田屋,jalan,2026-09-01,2026-08-18T17:06:34+09:00,room:和室13畳|plan:【シニア割プラン】50歳以上限定!大人の贅沢なひととき♪源泉掛け流しの温泉でリフレッシュ♪|meal:meal_included|occ:2a0c1r|los:1,和室13畳,text:【シニア割プラン】50歳以上限定!大人の贅沢なひととき♪源泉掛け流しの温泉でリフレッシュ♪,【シニア割プラン】50歳以上限定!大人の贅沢なひととき♪源泉掛け流しの温泉でリフレッシュ♪,2,0,1,1,JPY,25300,AVAILABLE,1,PUBLIC_SCARCITY_COUNT,PRODUCT,HIGH,531274d4410aed8d110a4d85b6f47d1d2a5f4ae37a98f28e10d2d429bbb1feeb,core_competitor_obs_20260818_165007
jalan|yoshidaya|2026-09-01|room:和室12.5畳|plan:【シニア割プラン】50歳以上限定!大人の贅沢なひととき♪源泉掛け流しの温泉でリフレッシュ♪|meal:meal_included|occ:2a0c1r|los:1|text:【シニア割プラン】50歳以上限定!大人の贅沢なひととき♪源泉掛け流しの温泉でリフレッシュ♪|2|0|1|1|core_competitor_obs_20260818_165007,f0dfc76c8dcea08b84ffeae18dbd9729e7aa0ca5f0f2fafcda93986b7a791e0a,yoshidaya,吉田屋,jalan,2026-09-01,2026-08-18T17:06:34+09:00,room:和室12.5畳|plan:【シニア割プラン】50歳以上限定!大人の贅沢なひととき♪源泉掛け流しの温泉でリフレッシュ♪|meal:meal_included|occ:2a0c1r|los:1,和室12.5畳,text:【シニア割プラン】50歳以上限定!大人の贅沢なひととき♪源泉掛け流しの温泉でリフレッシュ♪,【シニア割プラン】50歳以上限定!大人の贅沢なひととき♪源泉掛け流しの温泉でリフレッシュ♪,2,0,1,1,JPY,23100,AVAILABLE,2,PUBLIC_SCARCITY_COUNT,PRODUCT,HIGH,9a48c258668af2016e38792b2d0520209bdd6895b90c1c85739a1eef7ec33340,core_competitor_obs_20260818_165007
jalan|yoshidaya|2026-09-01|room:和室8畳|plan:【シニア割プラン】50歳以上限定!大人の贅沢なひととき♪源泉掛け流しの温泉でリフレッシュ♪|meal:meal_included|occ:2a0c1r|los:1|text:【シニア割プラン】50歳以上限定!大人の贅沢なひととき♪源泉掛け流しの温泉でリフレッシュ♪|2|0|1|1|core_competitor_obs_20260818_165007,e4cdc0512c8923fd73a3ec02d579b66bcd790fdf5b337e8c4692810d91aba5d0,yoshidaya,吉田屋,jalan,2026-09-01,2026-08-18T17:06:34+09:00,room:和室8畳|plan:【シニア割プラン】50歳以上限定!大人の贅沢なひととき♪源泉掛け流しの温泉でリフレッシュ♪|meal:meal_included|occ:2a0c1r|los:1,和室8畳,text:【シニア割プラン】50歳以上限定!大人の贅沢なひととき♪源泉掛け流しの温泉でリフレッシュ♪,【シニア割プラン】50歳以上限定!大人の贅沢なひととき♪源泉掛け流しの温泉でリフレッシュ♪,2,0,1,1,JPY,20900,AVAILABLE,3,PUBLIC_SCARCITY_COUNT,PRODUCT,HIGH,d8baee5c004c6f6c76bd583d2e2b198605e212b8bf3d75d2fbd2e97ba2fb2868,core_competitor_obs_20260818_165007
jalan|yoshidaya|2026-09-01|room:和室6畳|plan:【シニア割プラン】50歳以上限定!大人の贅沢なひととき♪源泉掛け流しの温泉でリフレッシュ♪|meal:meal_included|occ:2a0c1r|los:1|text:【シニア割プラン】50歳以上限定!大人の贅沢なひととき♪源泉掛け流しの温泉でリフレッシュ♪|2|0|1|1|core_competitor_obs_20260818_165007,b26c6904cbd61a849ea2bbb088c8cf82773afe58ba0c3e1a0197471d86c9c777,yoshidaya,吉田屋,jalan,2026-09-01,2026-08-18T17:06:34+09:00,room:和室6畳|plan:【シニア割プラン】50歳以上限定!大人の贅沢なひととき♪源泉掛け流しの温泉でリフレッシュ♪|meal:meal_included|occ:2a0c1r|los:1,和室6畳,text:【シニア割プラン】50歳以上限定!大人の贅沢なひととき♪源泉掛け流しの温泉でリフレッシュ♪,【シニア割プラン】50歳以上限定!大人の贅沢なひととき♪源泉掛け流しの温泉でリフレッシュ♪,2,0,1,1,JPY,18700,AVAILABLE,,UNKNOWN,PRODUCT,MEDIUM,9d3b27c3593ac97e7ad6e4e93ec524eae926f20330c761c70c50611e0f5ecf78,core_competitor_obs_20260818_165007
jalan|yoshidaya|2026-09-01|room:和室13畳|plan:【夕食グレードアップ】ちょっとリッチに山形牛すきやきを堪能★源泉掛け流しの温泉でリフレッシュ♪|meal:meal_included|occ:2a0c1r|los:1|text:【夕食グレードアップ】ちょっとリッチに山形牛すきやきを堪能★源泉掛け流しの温泉でリフレッシュ♪|2|0|1|1|core_competitor_obs_20260818_165007,a5cc62ce026cda0657fe6004f166160d3d8df821e838a91693b917e5b2de9e53,yoshidaya,吉田屋,jalan,2026-09-01,2026-08-18T17:06:34+09:00,room:和室13畳|plan:【夕食グレードアップ】ちょっとリッチに山形牛すきやきを堪能★源泉掛け流しの温泉でリフレッシュ♪|meal:meal_included|occ:2a0c1r|los:1,和室13畳,text:【夕食グレードアップ】ちょっとリッチに山形牛すきやきを堪能★源泉掛け流しの温泉でリフレッシュ♪,【夕食グレードアップ】ちょっとリッチに山形牛すきやきを堪能★源泉掛け流しの温泉でリフレッシュ♪,2,0,1,1,JPY,35200,AVAILABLE,1,PUBLIC_SCARCITY_COUNT,PRODUCT,HIGH,3b168a8a72cb2a23b1ec2c86b05ace2d593ab6bd6dae07168e49ce4647a826c6,core_competitor_obs_20260818_165007
jalan|yoshidaya|2026-09-01|room:和室12.5畳|plan:【夕食グレードアップ】ちょっとリッチに山形牛すきやきを堪能★源泉掛け流しの温泉でリフレッシュ♪|meal:meal_included|occ:2a0c1r|los:1|text:【夕食グレードアップ】ちょっとリッチに山形牛すきやきを堪能★源泉掛け流しの温泉でリフレッシュ♪|2|0|1|1|core_competitor_obs_20260818_165007,ab6fe9cf277efba2d095fdabade60e3ceff5c4f39f2971d484b67d440d00cdc7,yoshidaya,吉田屋,jalan,2026-09-01,2026-08-18T17:06:34+09:00,room:和室12.5畳|plan:【夕食グレードアップ】ちょっとリッチに山形牛すきやきを堪能★源泉掛け流しの温泉でリフレッシュ♪|meal:meal_included|occ:2a0c1r|los:1,和室12.5畳,text:【夕食グレードアップ】ちょっとリッチに山形牛すきやきを堪能★源泉掛け流しの温泉でリフレッシュ♪,【夕食グレードアップ】ちょっとリッチに山形牛すきやきを堪能★源泉掛け流しの温泉でリフレッシュ♪,2,0,1,1,JPY,33000,AVAILABLE,2,PUBLIC_SCARCITY_COUNT,PRODUCT,HIGH,3a1f4923d87ec79b8e251ed61f8ba5818fa4ed137c1f02e4d39fb159027e2e34,core_competitor_obs_20260818_165007
jalan|yoshidaya|2026-09-01|room:和室8畳|plan:【夕食グレードアップ】ちょっとリッチに山形牛すきやきを堪能★源泉掛け流しの温泉でリフレッシュ♪|meal:meal_included|occ:2a0c1r|los:1|text:【夕食グレードアップ】ちょっとリッチに山形牛すきやきを堪能★源泉掛け流しの温泉でリフレッシュ♪|2|0|1|1|core_competitor_obs_20260818_165007,16ca57fd686d01562e111ab5285cc5291ae396d3cb6242a9d3836a61b256730e,yoshidaya,吉田屋,jalan,2026-09-01,2026-08-18T17:06:34+09:00,room:和室8畳|plan:【夕食グレードアップ】ちょっとリッチに山形牛すきやきを堪能★源泉掛け流しの温泉でリフレッシュ♪|meal:meal_included|occ:2a0c1r|los:1,和室8畳,text:【夕食グレードアップ】ちょっとリッチに山形牛すきやきを堪能★源泉掛け流しの温泉でリフレッシュ♪,【夕食グレードアップ】ちょっとリッチに山形牛すきやきを堪能★源泉掛け流しの温泉でリフレッシュ♪,2,0,1,1,JPY,30800,AVAILABLE,3,PUBLIC_SCARCITY_COUNT,PRODUCT,HIGH,13455184c65dcc64f44abed2b3a417eeb0284fc37744af4d1c612a28a16157a7,core_competitor_obs_20260818_165007
jalan|yoshidaya|2026-09-01|room:和室6畳|plan:【夕食グレードアップ】ちょっとリッチに山形牛すきやきを堪能★源泉掛け流しの温泉でリフレッシュ♪|meal:meal_included|occ:2a0c1r|los:1|text:【夕食グレードアップ】ちょっとリッチに山形牛すきやきを堪能★源泉掛け流しの温泉でリフレッシュ♪|2|0|1|1|core_competitor_obs_20260818_165007,d49af8c7e22bed79ef41d29aba134bcd36617766c229b7e24fc85cda3ab0ef25,yoshidaya,吉田屋,jalan,2026-09-01,2026-08-18T17:06:34+09:00,room:和室6畳|plan:【夕食グレードアップ】ちょっとリッチに山形牛すきやきを堪能★源泉掛け流しの温泉でリフレッシュ♪|meal:meal_included|occ:2a0c1r|los:1,和室6畳,text:【夕食グレードアップ】ちょっとリッチに山形牛すきやきを堪能★源泉掛け流しの温泉でリフレッシュ♪,【夕食グレードアップ】ちょっとリッチに山形牛すきやきを堪能★源泉掛け流しの温泉でリフレッシュ♪,2,0,1,1,JPY,28600,AVAILABLE,,UNKNOWN,PRODUCT,MEDIUM,9320a652207fddf627fbffbbd8af7f24df99e3c82293b4d2a7a5c1fa8f6f57be,core_competitor_obs_20260818_165007
jalan|yoshidaya|2026-09-01|room:和室13畳|plan:【早割プラン】14日前までのご予約でお得にご宿泊!温泉と郷土料理に癒される♪選べるメイン料理♪|meal:meal_included|occ:2a0c1r|los:1|text:【早割プラン】14日前までのご予約でお得にご宿泊!温泉と郷土料理に癒される♪選べるメイン料理♪|2|0|1|1|core_competitor_obs_20260818_165007,a20fd7afa4fa519adae129073ccc0a5a968c029a116c195634180f6d263003b0,yoshidaya,吉田屋,jalan,2026-09-01,2026-08-18T17:06:34+09:00,room:和室13畳|plan:【早割プラン】14日前までのご予約でお得にご宿泊!温泉と郷土料理に癒される♪選べるメイン料理♪|meal:meal_included|occ:2a0c1r|los:1,和室13畳,text:【早割プラン】14日前までのご予約でお得にご宿泊!温泉と郷土料理に癒される♪選べるメイン料理♪,【早割プラン】14日前までのご予約でお得にご宿泊!温泉と郷土料理に癒される♪選べるメイン料理♪,2,0,1,1,JPY,26400,AVAILABLE,1,PUBLIC_SCARCITY_COUNT,PRODUCT,HIGH,f309d5eec02ea2d164c927f06a3b8ab87bad76a6a08948c3cd92863be58d5960,core_competitor_obs_20260818_165007
jalan|yoshidaya|2026-09-01|room:和室12.5畳|plan:【早割プラン】14日前までのご予約でお得にご宿泊!温泉と郷土料理に癒される♪選べるメイン料理♪|meal:meal_included|occ:2a0c1r|los:1|text:【早割プラン】14日前までのご予約でお得にご宿泊!温泉と郷土料理に癒される♪選べるメイン料理♪|2|0|1|1|core_competitor_obs_20260818_165007,bb4dc4caa99e6b3098dd9914dd9796206567ae213156de85e21ab33913b2bb9c,yoshidaya,吉田屋,jalan,2026-09-01,2026-08-18T17:06:34+09:00,room:和室12.5畳|plan:【早割プラン】14日前までのご予約でお得にご宿泊!温泉と郷土料理に癒される♪選べるメイン料理♪|meal:meal_included|occ:2a0c1r|los:1,和室12.5畳,text:【早割プラン】14日前までのご予約でお得にご宿泊!温泉と郷土料理に癒される♪選べるメイン料理♪,【早割プラン】14日前までのご予約でお得にご宿泊!温泉と郷土料理に癒される♪選べるメイン料理♪,2,0,1,1,JPY,24200,AVAILABLE,2,PUBLIC_SCARCITY_COUNT,PRODUCT,HIGH,f255fc5b1519d58e4a5b04ce3c6e042dc038c35e71f340489e5e8a8ed8e8fe99,core_competitor_obs_20260818_165007
jalan|yoshidaya|2026-09-01|room:和室8畳|plan:【早割プラン】14日前までのご予約でお得にご宿泊!温泉と郷土料理に癒される♪選べるメイン料理♪|meal:meal_included|occ:2a0c1r|los:1|text:【早割プラン】14日前までのご予約でお得にご宿泊!温泉と郷土料理に癒される♪選べるメイン料理♪|2|0|1|1|core_competitor_obs_20260818_165007,60efbe045ebaf411030454601bfc52ef8a5aaaa28f0a65a50273f4ed1ec5e152,yoshidaya,吉田屋,jalan,2026-09-01,2026-08-18T17:06:34+09:00,room:和室8畳|plan:【早割プラン】14日前までのご予約でお得にご宿泊!温泉と郷土料理に癒される♪選べるメイン料理♪|meal:meal_included|occ:2a0c1r|los:1,和室8畳,text:【早割プラン】14日前までのご予約でお得にご宿泊!温泉と郷土料理に癒される♪選べるメイン料理♪,【早割プラン】14日前までのご予約でお得にご宿泊!温泉と郷土料理に癒される♪選べるメイン料理♪,2,0,1,1,JPY,22000,AVAILABLE,3,PUBLIC_SCARCITY_COUNT,PRODUCT,HIGH,bb3cbd55b2aa60fc37a364ff18da3c85c8ae337bcf862bc87325e5f1cb97b2f3,core_competitor_obs_20260818_165007
jalan|yoshidaya|2026-09-01|room:和室6畳|plan:【早割プラン】14日前までのご予約でお得にご宿泊!温泉と郷土料理に癒される♪選べるメイン料理♪|meal:meal_included|occ:2a0c1r|los:1|text:【早割プラン】14日前までのご予約でお得にご宿泊!温泉と郷土料理に癒される♪選べるメイン料理♪|2|0|1|1|core_competitor_obs_20260818_165007,29945591f35e7f660cb3de834965997ee2e1a42ea1e1adabd259c74251172dc5,yoshidaya,吉田屋,jalan,2026-09-01,2026-08-18T17:06:34+09:00,room:和室6畳|plan:【早割プラン】14日前までのご予約でお得にご宿泊!温泉と郷土料理に癒される♪選べるメイン料理♪|meal:meal_included|occ:2a0c1r|los:1,和室6畳,text:【早割プラン】14日前までのご予約でお得にご宿泊!温泉と郷土料理に癒される♪選べるメイン料理♪,【早割プラン】14日前までのご予約でお得にご宿泊!温泉と郷土料理に癒される♪選べるメイン料理♪,2,0,1,1,JPY,19800,AVAILABLE,,UNKNOWN,PRODUCT,MEDIUM,7f0caaf378c5a36950bace2dee819a4bfbb6cb365ef8001ad61804fd443b0f95,core_competitor_obs_20260818_165007
jalan|yoshidaya|2026-09-01|room:和室13畳|plan:【じゃらん限定】ポイント10%!温泉と郷土料理に癒される♪吉田屋旅館の選べるお料理♪♪連泊にもおすすめ|meal:meal_included|occ:2a0c1r|los:1|text:【じゃらん限定】ポイント10%!温泉と郷土料理に癒される♪吉田屋旅館の選べるお料理♪♪連泊にもおすすめ|2|0|1|1|core_competitor_obs_20260818_165007,f049e2c38dd2452b9d64d3bf03516eb0c2c320237788c5fe228da35a1f2d924b,yoshidaya,吉田屋,jalan,2026-09-01,2026-08-18T17:06:34+09:00,room:和室13畳|plan:【じゃらん限定】ポイント10%!温泉と郷土料理に癒される♪吉田屋旅館の選べるお料理♪♪連泊にもおすすめ|meal:meal_included|occ:2a0c1r|los:1,和室13畳,text:【じゃらん限定】ポイント10%!温泉と郷土料理に癒される♪吉田屋旅館の選べるお料理♪♪連泊にもおすすめ,【じゃらん限定】ポイント10%!温泉と郷土料理に癒される♪吉田屋旅館の選べるお料理♪♪連泊にもおすすめ,2,0,1,1,JPY,30030,AVAILABLE,1,PUBLIC_SCARCITY_COUNT,PRODUCT,HIGH,081c0c5c9fddc694e6e896f0a4b6c54722686e8a284dc56e678599d34a656200,core_competitor_obs_20260818_165007
jalan|yoshidaya|2026-09-01|room:和室12.5畳|plan:【じゃらん限定】ポイント10%!温泉と郷土料理に癒される♪吉田屋旅館の選べるお料理♪♪連泊にもおすすめ|meal:meal_included|occ:2a0c1r|los:1|text:【じゃらん限定】ポイント10%!温泉と郷土料理に癒される♪吉田屋旅館の選べるお料理♪♪連泊にもおすすめ|2|0|1|1|core_competitor_obs_20260818_165007,09d2cb571fb5ae1f5cb1e174caa8c44d4f2614716b55f88bf5c2c99c0a90dbec,yoshidaya,吉田屋,jalan,2026-09-01,2026-08-18T17:06:34+09:00,room:和室12.5畳|plan:【じゃらん限定】ポイント10%!温泉と郷土料理に癒される♪吉田屋旅館の選べるお料理♪♪連泊にもおすすめ|meal:meal_included|occ:2a0c1r|los:1,和室12.5畳,text:【じゃらん限定】ポイント10%!温泉と郷土料理に癒される♪吉田屋旅館の選べるお料理♪♪連泊にもおすすめ,【じゃらん限定】ポイント10%!温泉と郷土料理に癒される♪吉田屋旅館の選べるお料理♪♪連泊にもおすすめ,2,0,1,1,JPY,27720,AVAILABLE,2,PUBLIC_SCARCITY_COUNT,PRODUCT,HIGH,43c7a3be8f56f039d3982102eafaf03e2f6f54912a8b9afeef833d1ea821dd06,core_competitor_obs_20260818_165007
jalan|yoshidaya|2026-09-01|room:和室8畳|plan:【じゃらん限定】ポイント10%!温泉と郷土料理に癒される♪吉田屋旅館の選べるお料理♪♪連泊にもおすすめ|meal:meal_included|occ:2a0c1r|los:1|text:【じゃらん限定】ポイント10%!温泉と郷土料理に癒される♪吉田屋旅館の選べるお料理♪♪連泊にもおすすめ|2|0|1|1|core_competitor_obs_20260818_165007,a5a48f26004425387a671368213e808bbc9f82bcf5d8145010447d8b1b05b14c,yoshidaya,吉田屋,jalan,2026-09-01,2026-08-18T17:06:34+09:00,room:和室8畳|plan:【じゃらん限定】ポイント10%!温泉と郷土料理に癒される♪吉田屋旅館の選べるお料理♪♪連泊にもおすすめ|meal:meal_included|occ:2a0c1r|los:1,和室8畳,text:【じゃらん限定】ポイント10%!温泉と郷土料理に癒される♪吉田屋旅館の選べるお料理♪♪連泊にもおすすめ,【じゃらん限定】ポイント10%!温泉と郷土料理に癒される♪吉田屋旅館の選べるお料理♪♪連泊にもおすすめ,2,0,1,1,JPY,25410,AVAILABLE,3,PUBLIC_SCARCITY_COUNT,PRODUCT,HIGH,a931b039435157a11829227ad51a256ab61f3f4ae73d481f94ee93cfbb279bbe,core_competitor_obs_20260818_165007
jalan|yoshidaya|2026-09-01|room:和室6畳|plan:【じゃらん限定】ポイント10%!温泉と郷土料理に癒される♪吉田屋旅館の選べるお料理♪♪連泊にもおすすめ|meal:meal_included|occ:2a0c1r|los:1|text:【じゃらん限定】ポイント10%!温泉と郷土料理に癒される♪吉田屋旅館の選べるお料理♪♪連泊にもおすすめ|2|0|1|1|core_competitor_obs_20260818_165007,ee76a61e48371ea4ab9040d6be5a192a96d856e14842af5341aeaada8a697c0c,yoshidaya,吉田屋,jalan,2026-09-01,2026-08-18T17:06:34+09:00,room:和室6畳|plan:【じゃらん限定】ポイント10%!温泉と郷土料理に癒される♪吉田屋旅館の選べるお料理♪♪連泊にもおすすめ|meal:meal_included|occ:2a0c1r|los:1,和室6畳,text:【じゃらん限定】ポイント10%!温泉と郷土料理に癒される♪吉田屋旅館の選べるお料理♪♪連泊にもおすすめ,【じゃらん限定】ポイント10%!温泉と郷土料理に癒される♪吉田屋旅館の選べるお料理♪♪連泊にもおすすめ,2,0,1,1,JPY,23100,AVAILABLE,,UNKNOWN,PRODUCT,MEDIUM,b56bdb399f7a87f170ba340224362a5c149925321b3cf725d40b2faa303d33de,core_competitor_obs_20260818_165007
jalan|yoshidaya|2026-09-01|room:和室13畳|plan:【1泊2食付★基本プラン】温泉と郷土料理に癒される♪吉田屋旅館の選べるお料理♪♪連泊にもおすすめ◎|meal:meal_included|occ:2a0c1r|los:1|text:【1泊2食付★基本プラン】温泉と郷土料理に癒される♪吉田屋旅館の選べるお料理♪♪連泊にもおすすめ◎|2|0|1|1|core_competitor_obs_20260818_165007,69345afa19ec80ec100362583c74cddbee2f45b285ee562702b74571fd091eed,yoshidaya,吉田屋,jalan,2026-09-01,2026-08-18T17:06:34+09:00,room:和室13畳|plan:【1泊2食付★基本プラン】温泉と郷土料理に癒される♪吉田屋旅館の選べるお料理♪♪連泊にもおすすめ◎|meal:meal_included|occ:2a0c1r|los:1,和室13畳,text:【1泊2食付★基本プラン】温泉と郷土料理に癒される♪吉田屋旅館の選べるお料理♪♪連泊にもおすすめ◎,【1泊2食付★基本プラン】温泉と郷土料理に癒される♪吉田屋旅館の選べるお料理♪♪連泊にもおすすめ◎,2,0,1,1,JPY,28600,AVAILABLE,1,PUBLIC_SCARCITY_COUNT,PRODUCT,HIGH,2345d101f858c899c09a45c8876b7c0f52a9b7152c5a52610308f61d5dcde4b2,core_competitor_obs_20260818_165007
jalan|yoshidaya|2026-09-01|room:和室12.5畳|plan:【1泊2食付★基本プラン】温泉と郷土料理に癒される♪吉田屋旅館の選べるお料理♪♪連泊にもおすすめ◎|meal:meal_included|occ:2a0c1r|los:1|text:【1泊2食付★基本プラン】温泉と郷土料理に癒される♪吉田屋旅館の選べるお料理♪♪連泊にもおすすめ◎|2|0|1|1|core_competitor_obs_20260818_165007,aca08f51f31db5f46c7b717d3f50fa5726ab4b22d01a650deb27ada4b4513c09,yoshidaya,吉田屋,jalan,2026-09-01,2026-08-18T17:06:34+09:00,room:和室12.5畳|plan:【1泊2食付★基本プラン】温泉と郷土料理に癒される♪吉田屋旅館の選べるお料理♪♪連泊にもおすすめ◎|meal:meal_included|occ:2a0c1r|los:1,和室12.5畳,text:【1泊2食付★基本プラン】温泉と郷土料理に癒される♪吉田屋旅館の選べるお料理♪♪連泊にもおすすめ◎,【1泊2食付★基本プラン】温泉と郷土料理に癒される♪吉田屋旅館の選べるお料理♪♪連泊にもおすすめ◎,2,0,1,1,JPY,26400,AVAILABLE,2,PUBLIC_SCARCITY_COUNT,PRODUCT,HIGH,5b80744bc5cc55a49a5b976b5ffea9cf8aa5c93c48c0e18194fe002a75824fdd,core_competitor_obs_20260818_165007
jalan|yoshidaya|2026-09-01|room:和室8畳|plan:【1泊2食付★基本プラン】温泉と郷土料理に癒される♪吉田屋旅館の選べるお料理♪♪連泊にもおすすめ◎|meal:meal_included|occ:2a0c1r|los:1|text:【1泊2食付★基本プラン】温泉と郷土料理に癒される♪吉田屋旅館の選べるお料理♪♪連泊にもおすすめ◎|2|0|1|1|core_competitor_obs_20260818_165007,4947fbae39cdc5987c7c1d346d517309987be4822eb61c9dd016e68a38294a7f,yoshidaya,吉田屋,jalan,2026-09-01,2026-08-18T17:06:34+09:00,room:和室8畳|plan:【1泊2食付★基本プラン】温泉と郷土料理に癒される♪吉田屋旅館の選べるお料理♪♪連泊にもおすすめ◎|meal:meal_included|occ:2a0c1r|los:1,和室8畳,text:【1泊2食付★基本プラン】温泉と郷土料理に癒される♪吉田屋旅館の選べるお料理♪♪連泊にもおすすめ◎,【1泊2食付★基本プラン】温泉と郷土料理に癒される♪吉田屋旅館の選べるお料理♪♪連泊にもおすすめ◎,2,0,1,1,JPY,24200,AVAILABLE,3,PUBLIC_SCARCITY_COUNT,PRODUCT,HIGH,513c28e5db1ce604ce901e4b06e7b5ba03bfb405dbe5ab4806830828949eb8af,core_competitor_obs_20260818_165007
jalan|yoshidaya|2026-09-01|room:和室6畳|plan:【1泊2食付★基本プラン】温泉と郷土料理に癒される♪吉田屋旅館の選べるお料理♪♪連泊にもおすすめ◎|meal:meal_included|occ:2a0c1r|los:1|text:【1泊2食付★基本プラン】温泉と郷土料理に癒される♪吉田屋旅館の選べるお料理♪♪連泊にもおすすめ◎|2|0|1|1|core_competitor_obs_20260818_165007,af3b91bf60fb1bd57a94aa2e600b87db66ff9a861f6d97d3c067cd1709a389c7,yoshidaya,吉田屋,jalan,2026-09-01,2026-08-18T17:06:34+09:00,room:和室6畳|plan:【1泊2食付★基本プラン】温泉と郷土料理に癒される♪吉田屋旅館の選べるお料理♪♪連泊にもおすすめ◎|meal:meal_included|occ:2a0c1r|los:1,和室6畳,text:【1泊2食付★基本プラン】温泉と郷土料理に癒される♪吉田屋旅館の選べるお料理♪♪連泊にもおすすめ◎,【1泊2食付★基本プラン】温泉と郷土料理に癒される♪吉田屋旅館の選べるお料理♪♪連泊にもおすすめ◎,2,0,1,1,JPY,22000,AVAILABLE,,UNKNOWN,PRODUCT,MEDIUM,023309423f5e986eafc0726cfd933e5db7a8f3bad2f6b76cebd323a8d8311d2f,core_competitor_obs_20260818_165007
jalan|yoshidaya|2026-09-01|room:和室13畳|plan:【朝食付プラン】蔵王温泉を心ゆくまで堪能!湯めぐり無料特典付き♪お食事は温泉街へgo!|meal:meal_included|occ:2a0c1r|los:1|text:【朝食付プラン】蔵王温泉を心ゆくまで堪能!湯めぐり無料特典付き♪お食事は温泉街へgo!|2|0|1|1|core_competitor_obs_20260818_165007,c9561a530527b48ee3c68cd88bdd45c64e6e7412ed26fe3f001bc504fda30bfa,yoshidaya,吉田屋,jalan,2026-09-01,2026-08-18T17:06:34+09:00,room:和室13畳|plan:【朝食付プラン】蔵王温泉を心ゆくまで堪能!湯めぐり無料特典付き♪お食事は温泉街へgo!|meal:meal_included|occ:2a0c1r|los:1,和室13畳,text:【朝食付プラン】蔵王温泉を心ゆくまで堪能!湯めぐり無料特典付き♪お食事は温泉街へgo!,【朝食付プラン】蔵王温泉を心ゆくまで堪能!湯めぐり無料特典付き♪お食事は温泉街へGO!,2,0,1,1,JPY,24200,AVAILABLE,1,PUBLIC_SCARCITY_COUNT,PRODUCT,HIGH,47fb66c570fc47bb0e32e9637d2a76e7cf800ce2be413b13deaf469c35c9aaef,core_competitor_obs_20260818_165007
jalan|yoshidaya|2026-09-01|room:和室12.5畳|plan:【朝食付プラン】蔵王温泉を心ゆくまで堪能!湯めぐり無料特典付き♪お食事は温泉街へgo!|meal:meal_included|occ:2a0c1r|los:1|text:【朝食付プラン】蔵王温泉を心ゆくまで堪能!湯めぐり無料特典付き♪お食事は温泉街へgo!|2|0|1|1|core_competitor_obs_20260818_165007,f2c1e1a3c53bfa5d885fe9fefef19dc3e180e480406410fc624ea8d3b77e9f60,yoshidaya,吉田屋,jalan,2026-09-01,2026-08-18T17:06:34+09:00,room:和室12.5畳|plan:【朝食付プラン】蔵王温泉を心ゆくまで堪能!湯めぐり無料特典付き♪お食事は温泉街へgo!|meal:meal_included|occ:2a0c1r|los:1,和室12.5畳,text:【朝食付プラン】蔵王温泉を心ゆくまで堪能!湯めぐり無料特典付き♪お食事は温泉街へgo!,【朝食付プラン】蔵王温泉を心ゆくまで堪能!湯めぐり無料特典付き♪お食事は温泉街へGO!,2,0,1,1,JPY,22000,AVAILABLE,2,PUBLIC_SCARCITY_COUNT,PRODUCT,HIGH,82b436d8a88afcfc131db26e909b90c13ff045ec2a0feaee22e83064a8d0cc50,core_competitor_obs_20260818_165007
jalan|yoshidaya|2026-09-01|room:和室8畳|plan:【朝食付プラン】蔵王温泉を心ゆくまで堪能!湯めぐり無料特典付き♪お食事は温泉街へgo!|meal:meal_included|occ:2a0c1r|los:1|text:【朝食付プラン】蔵王温泉を心ゆくまで堪能!湯めぐり無料特典付き♪お食事は温泉街へgo!|2|0|1|1|core_competitor_obs_20260818_165007,5b9606f5e2b2f86b48a31504a0089a59f43bb4399140d27afb5d32ddbb191015,yoshidaya,吉田屋,jalan,2026-09-01,2026-08-18T17:06:34+09:00,room:和室8畳|plan:【朝食付プラン】蔵王温泉を心ゆくまで堪能!湯めぐり無料特典付き♪お食事は温泉街へgo!|meal:meal_included|occ:2a0c1r|los:1,和室8畳,text:【朝食付プラン】蔵王温泉を心ゆくまで堪能!湯めぐり無料特典付き♪お食事は温泉街へgo!,【朝食付プラン】蔵王温泉を心ゆくまで堪能!湯めぐり無料特典付き♪お食事は温泉街へGO!,2,0,1,1,JPY,19800,AVAILABLE,3,PUBLIC_SCARCITY_COUNT,PRODUCT,HIGH,0eac5ac647e7d027dea1d8f55c4b02d656e4703e1f4595cbbf6c225d54068edb,core_competitor_obs_20260818_165007
jalan|yoshidaya|2026-09-01|room:和室6畳|plan:【朝食付プラン】蔵王温泉を心ゆくまで堪能!湯めぐり無料特典付き♪お食事は温泉街へgo!|meal:meal_included|occ:2a0c1r|los:1|text:【朝食付プラン】蔵王温泉を心ゆくまで堪能!湯めぐり無料特典付き♪お食事は温泉街へgo!|2|0|1|1|core_competitor_obs_20260818_165007,b794fd6a9c600b96074311a41a124c9f8fed53d82df8fabdac5e0ec45c9d7956,yoshidaya,吉田屋,jalan,2026-09-01,2026-08-18T17:06:34+09:00,room:和室6畳|plan:【朝食付プラン】蔵王温泉を心ゆくまで堪能!湯めぐり無料特典付き♪お食事は温泉街へgo!|meal:meal_included|occ:2a0c1r|los:1,和室6畳,text:【朝食付プラン】蔵王温泉を心ゆくまで堪能!湯めぐり無料特典付き♪お食事は温泉街へgo!,【朝食付プラン】蔵王温泉を心ゆくまで堪能!湯めぐり無料特典付き♪お食事は温泉街へGO!,2,0,1,1,JPY,17600,AVAILABLE,,UNKNOWN,PRODUCT,MEDIUM,a028a7553408d51ee1e199637d714b9cd1726572b7af6ab12311939e3ebe7908,core_competitor_obs_20260818_165007
jalan|yoshidaya|2026-09-01|room:和室13畳|plan:【じゃらんのお得な10日間】10%off!~基本プラン~温泉と郷土料理に癒される♪連泊にもおすすめ◎|meal:meal_included|occ:2a0c1r|los:1|text:【じゃらんのお得な10日間】10%off!~基本プラン~温泉と郷土料理に癒される♪連泊にもおすすめ◎|2|0|1|1|core_competitor_obs_20260818_165007,bffe24d4de29849a0d12ba00f6e05b75bb01d59c48cbe9d01fed906c5a5547c7,yoshidaya,吉田屋,jalan,2026-09-01,2026-08-18T17:06:34+09:00,room:和室13畳|plan:【じゃらんのお得な10日間】10%off!~基本プラン~温泉と郷土料理に癒される♪連泊にもおすすめ◎|meal:meal_included|occ:2a0c1r|los:1,和室13畳,text:【じゃらんのお得な10日間】10%off!~基本プラン~温泉と郷土料理に癒される♪連泊にもおすすめ◎,【じゃらんのお得な10日間】10%OFF!~基本プラン~温泉と郷土料理に癒される♪連泊にもおすすめ◎,2,0,1,1,JPY,25740,AVAILABLE,1,PUBLIC_SCARCITY_COUNT,PRODUCT,HIGH,00d36d105e9f1bb6a8f18e75f3699d5460fd15e13e4dcc75f31ded9aec9253e5,core_competitor_obs_20260818_165007
jalan|yoshidaya|2026-09-01|room:和室12.5畳|plan:【じゃらんのお得な10日間】10%off!~基本プラン~温泉と郷土料理に癒される♪連泊にもおすすめ◎|meal:meal_included|occ:2a0c1r|los:1|text:【じゃらんのお得な10日間】10%off!~基本プラン~温泉と郷土料理に癒される♪連泊にもおすすめ◎|2|0|1|1|core_competitor_obs_20260818_165007,9bc977f041db9038f831ef164ca3bb0cf35b9a88d17696e00bb81b5c5f0dd9ef,yoshidaya,吉田屋,jalan,2026-09-01,2026-08-18T17:06:34+09:00,room:和室12.5畳|plan:【じゃらんのお得な10日間】10%off!~基本プラン~温泉と郷土料理に癒される♪連泊にもおすすめ◎|meal:meal_included|occ:2a0c1r|los:1,和室12.5畳,text:【じゃらんのお得な10日間】10%off!~基本プラン~温泉と郷土料理に癒される♪連泊にもおすすめ◎,【じゃらんのお得な10日間】10%OFF!~基本プラン~温泉と郷土料理に癒される♪連泊にもおすすめ◎,2,0,1,1,JPY,23760,AVAILABLE,2,PUBLIC_SCARCITY_COUNT,PRODUCT,HIGH,ce0e6e1b38a60dc85aafa176f5522a74fb8169ee8469f997955fb0cbc1e06617,core_competitor_obs_20260818_165007
jalan|yoshidaya|2026-09-01|room:和室8畳|plan:【じゃらんのお得な10日間】10%off!~基本プラン~温泉と郷土料理に癒される♪連泊にもおすすめ◎|meal:meal_included|occ:2a0c1r|los:1|text:【じゃらんのお得な10日間】10%off!~基本プラン~温泉と郷土料理に癒される♪連泊にもおすすめ◎|2|0|1|1|core_competitor_obs_20260818_165007,4b982ae22d43c97391eea2d77aafcffd68226ee6dac8d416907ad2839006b74c,yoshidaya,吉田屋,jalan,2026-09-01,2026-08-18T17:06:34+09:00,room:和室8畳|plan:【じゃらんのお得な10日間】10%off!~基本プラン~温泉と郷土料理に癒される♪連泊にもおすすめ◎|meal:meal_included|occ:2a0c1r|los:1,和室8畳,text:【じゃらんのお得な10日間】10%off!~基本プラン~温泉と郷土料理に癒される♪連泊にもおすすめ◎,【じゃらんのお得な10日間】10%OFF!~基本プラン~温泉と郷土料理に癒される♪連泊にもおすすめ◎,2,0,1,1,JPY,21780,AVAILABLE,3,PUBLIC_SCARCITY_COUNT,PRODUCT,HIGH,898d124154845e82c829c4900f88ab08587937394850e4442977c786968f336c,core_competitor_obs_20260818_165007
jalan|yoshidaya|2026-09-01|room:和室6畳|plan:【じゃらんのお得な10日間】10%off!~基本プラン~温泉と郷土料理に癒される♪連泊にもおすすめ◎|meal:meal_included|occ:2a0c1r|los:1|text:【じゃらんのお得な10日間】10%off!~基本プラン~温泉と郷土料理に癒される♪連泊にもおすすめ◎|2|0|1|1|core_competitor_obs_20260818_165007,be0c8e220f378055871bf27779916412964ff782da42578defee880a08e0d3d9,yoshidaya,吉田屋,jalan,2026-09-01,2026-08-18T17:06:34+09:00,room:和室6畳|plan:【じゃらんのお得な10日間】10%off!~基本プラン~温泉と郷土料理に癒される♪連泊にもおすすめ◎|meal:meal_included|occ:2a0c1r|los:1,和室6畳,text:【じゃらんのお得な10日間】10%off!~基本プラン~温泉と郷土料理に癒される♪連泊にもおすすめ◎,【じゃらんのお得な10日間】10%OFF!~基本プラン~温泉と郷土料理に癒される♪連泊にもおすすめ◎,2,0,1,1,JPY,19800,AVAILABLE,,UNKNOWN,PRODUCT,MEDIUM,7f0caaf378c5a36950bace2dee819a4bfbb6cb365ef8001ad61804fd443b0f95,core_competitor_obs_20260818_165007
jalan|yoshidaya|2026-09-01|room:和室13畳|plan:【学割プラン】学生旅行応援!思い出づくりのお手伝い★選べる夕食メイン+源泉掛け流し温泉|meal:meal_included|occ:2a0c1r|los:1|text:【学割プラン】学生旅行応援!思い出づくりのお手伝い★選べる夕食メイン+源泉掛け流し温泉|2|0|1|1|core_competitor_obs_20260818_165007,835241b77e5bd91e864e7f270ddfe9ac4e5f97741a0c1722eee0ea9d67104561,yoshidaya,吉田屋,jalan,2026-09-01,2026-08-18T17:06:34+09:00,room:和室13畳|plan:【学割プラン】学生旅行応援!思い出づくりのお手伝い★選べる夕食メイン+源泉掛け流し温泉|meal:meal_included|occ:2a0c1r|los:1,和室13畳,text:【学割プラン】学生旅行応援!思い出づくりのお手伝い★選べる夕食メイン+源泉掛け流し温泉,【学割プラン】学生旅行応援!思い出づくりのお手伝い★選べる夕食メイン+源泉掛け流し温泉,2,0,1,1,JPY,25300,AVAILABLE,1,PUBLIC_SCARCITY_COUNT,PRODUCT,HIGH,531274d4410aed8d110a4d85b6f47d1d2a5f4ae37a98f28e10d2d429bbb1feeb,core_competitor_obs_20260818_165007
jalan|yoshidaya|2026-09-01|room:和室12.5畳|plan:【学割プラン】学生旅行応援!思い出づくりのお手伝い★選べる夕食メイン+源泉掛け流し温泉|meal:meal_included|occ:2a0c1r|los:1|text:【学割プラン】学生旅行応援!思い出づくりのお手伝い★選べる夕食メイン+源泉掛け流し温泉|2|0|1|1|core_competitor_obs_20260818_165007,71f5037819516fad712e7905f3cd6836885d4d2ed6d4b33c7fae268b0af36b5e,yoshidaya,吉田屋,jalan,2026-09-01,2026-08-18T17:06:34+09:00,room:和室12.5畳|plan:【学割プラン】学生旅行応援!思い出づくりのお手伝い★選べる夕食メイン+源泉掛け流し温泉|meal:meal_included|occ:2a0c1r|los:1,和室12.5畳,text:【学割プラン】学生旅行応援!思い出づくりのお手伝い★選べる夕食メイン+源泉掛け流し温泉,【学割プラン】学生旅行応援!思い出づくりのお手伝い★選べる夕食メイン+源泉掛け流し温泉,2,0,1,1,JPY,23100,AVAILABLE,2,PUBLIC_SCARCITY_COUNT,PRODUCT,HIGH,9a48c258668af2016e38792b2d0520209bdd6895b90c1c85739a1eef7ec33340,core_competitor_obs_20260818_165007
jalan|yoshidaya|2026-09-01|room:和室8畳|plan:【学割プラン】学生旅行応援!思い出づくりのお手伝い★選べる夕食メイン+源泉掛け流し温泉|meal:meal_included|occ:2a0c1r|los:1|text:【学割プラン】学生旅行応援!思い出づくりのお手伝い★選べる夕食メイン+源泉掛け流し温泉|2|0|1|1|core_competitor_obs_20260818_165007,703d3935384822fdbf542c7e7716b68b1d9b0b1ea3cc1e6d1e3224b3b16643c2,yoshidaya,吉田屋,jalan,2026-09-01,2026-08-18T17:06:34+09:00,room:和室8畳|plan:【学割プラン】学生旅行応援!思い出づくりのお手伝い★選べる夕食メイン+源泉掛け流し温泉|meal:meal_included|occ:2a0c1r|los:1,和室8畳,text:【学割プラン】学生旅行応援!思い出づくりのお手伝い★選べる夕食メイン+源泉掛け流し温泉,【学割プラン】学生旅行応援!思い出づくりのお手伝い★選べる夕食メイン+源泉掛け流し温泉,2,0,1,1,JPY,20900,AVAILABLE,3,PUBLIC_SCARCITY_COUNT,PRODUCT,HIGH,d8baee5c004c6f6c76bd583d2e2b198605e212b8bf3d75d2fbd2e97ba2fb2868,core_competitor_obs_20260818_165007
jalan|yoshidaya|2026-09-01|room:和室6畳|plan:【学割プラン】学生旅行応援!思い出づくりのお手伝い★選べる夕食メイン+源泉掛け流し温泉|meal:meal_included|occ:2a0c1r|los:1|text:【学割プラン】学生旅行応援!思い出づくりのお手伝い★選べる夕食メイン+源泉掛け流し温泉|2|0|1|1|core_competitor_obs_20260818_165007,20e775d73fa609902841bec0965a3322ea8998793a44bd8bd0e9893369c7f937,yoshidaya,吉田屋,jalan,2026-09-01,2026-08-18T17:06:34+09:00,room:和室6畳|plan:【学割プラン】学生旅行応援!思い出づくりのお手伝い★選べる夕食メイン+源泉掛け流し温泉|meal:meal_included|occ:2a0c1r|los:1,和室6畳,text:【学割プラン】学生旅行応援!思い出づくりのお手伝い★選べる夕食メイン+源泉掛け流し温泉,【学割プラン】学生旅行応援!思い出づくりのお手伝い★選べる夕食メイン+源泉掛け流し温泉,2,0,1,1,JPY,18700,AVAILABLE,,UNKNOWN,PRODUCT,MEDIUM,9d3b27c3593ac97e7ad6e4e93ec524eae926f20330c761c70c50611e0f5ecf78,core_competitor_obs_20260818_165007
jalan|yoshidaya|2026-09-01|room:和室13畳|plan:【素泊まりプラン】蔵王温泉を心ゆくまで堪能!湯めぐり無料特典付き♪お食事は温泉街へgo!|meal:confirmed_room_only|occ:2a0c1r|los:1|text:【素泊まりプラン】蔵王温泉を心ゆくまで堪能!湯めぐり無料特典付き♪お食事は温泉街へgo!|2|0|1|1|core_competitor_obs_20260818_165007,888ee4ee6bba4c84e46969beaf181edaaa8a4be1996ca88c0d26ffd9942f760f,yoshidaya,吉田屋,jalan,2026-09-01,2026-08-18T17:06:34+09:00,room:和室13畳|plan:【素泊まりプラン】蔵王温泉を心ゆくまで堪能!湯めぐり無料特典付き♪お食事は温泉街へgo!|meal:confirmed_room_only|occ:2a0c1r|los:1,和室13畳,text:【素泊まりプラン】蔵王温泉を心ゆくまで堪能!湯めぐり無料特典付き♪お食事は温泉街へgo!,【素泊まりプラン】蔵王温泉を心ゆくまで堪能!湯めぐり無料特典付き♪お食事は温泉街へGO!,2,0,1,1,JPY,23100,AVAILABLE,1,PUBLIC_SCARCITY_COUNT,PRODUCT,HIGH,50b1a961b9b48cfc82d03bda1455a2620067241ec2f6171a2a945e446e6d8244,core_competitor_obs_20260818_165007
jalan|yoshidaya|2026-09-01|room:和室12.5畳|plan:【素泊まりプラン】蔵王温泉を心ゆくまで堪能!湯めぐり無料特典付き♪お食事は温泉街へgo!|meal:confirmed_room_only|occ:2a0c1r|los:1|text:【素泊まりプラン】蔵王温泉を心ゆくまで堪能!湯めぐり無料特典付き♪お食事は温泉街へgo!|2|0|1|1|core_competitor_obs_20260818_165007,bcd2ee07050025bf02892953bd3fc6cd2c245d87c517406da050d896f89fbfb7,yoshidaya,吉田屋,jalan,2026-09-01,2026-08-18T17:06:34+09:00,room:和室12.5畳|plan:【素泊まりプラン】蔵王温泉を心ゆくまで堪能!湯めぐり無料特典付き♪お食事は温泉街へgo!|meal:confirmed_room_only|occ:2a0c1r|los:1,和室12.5畳,text:【素泊まりプラン】蔵王温泉を心ゆくまで堪能!湯めぐり無料特典付き♪お食事は温泉街へgo!,【素泊まりプラン】蔵王温泉を心ゆくまで堪能!湯めぐり無料特典付き♪お食事は温泉街へGO!,2,0,1,1,JPY,20900,AVAILABLE,2,PUBLIC_SCARCITY_COUNT,PRODUCT,HIGH,98624a98e7bbf1d91069e664fa74cfea5c6aeab970b944c116c8d0d8ebcee8b7,core_competitor_obs_20260818_165007
jalan|yoshidaya|2026-09-01|room:和室8畳|plan:【素泊まりプラン】蔵王温泉を心ゆくまで堪能!湯めぐり無料特典付き♪お食事は温泉街へgo!|meal:confirmed_room_only|occ:2a0c1r|los:1|text:【素泊まりプラン】蔵王温泉を心ゆくまで堪能!湯めぐり無料特典付き♪お食事は温泉街へgo!|2|0|1|1|core_competitor_obs_20260818_165007,5d566e8dcbb11eec8af62cffa1592f2433559e647b99f47916b3d0c5c0832d1f,yoshidaya,吉田屋,jalan,2026-09-01,2026-08-18T17:06:34+09:00,room:和室8畳|plan:【素泊まりプラン】蔵王温泉を心ゆくまで堪能!湯めぐり無料特典付き♪お食事は温泉街へgo!|meal:confirmed_room_only|occ:2a0c1r|los:1,和室8畳,text:【素泊まりプラン】蔵王温泉を心ゆくまで堪能!湯めぐり無料特典付き♪お食事は温泉街へgo!,【素泊まりプラン】蔵王温泉を心ゆくまで堪能!湯めぐり無料特典付き♪お食事は温泉街へGO!,2,0,1,1,JPY,18700,AVAILABLE,3,PUBLIC_SCARCITY_COUNT,PRODUCT,HIGH,0acae28bd01fd04b72802c376a86e221f5a017080d4b86828aeda7e14bdc903e,core_competitor_obs_20260818_165007
jalan|yoshidaya|2026-09-01|room:和室6畳|plan:【素泊まりプラン】蔵王温泉を心ゆくまで堪能!湯めぐり無料特典付き♪お食事は温泉街へgo!|meal:confirmed_room_only|occ:2a0c1r|los:1|text:【素泊まりプラン】蔵王温泉を心ゆくまで堪能!湯めぐり無料特典付き♪お食事は温泉街へgo!|2|0|1|1|core_competitor_obs_20260818_165007,af626b33d58acede830f3f677ebb2fa85e6a2cd6d54ffa211426a64336a05653,yoshidaya,吉田屋,jalan,2026-09-01,2026-08-18T17:06:34+09:00,room:和室6畳|plan:【素泊まりプラン】蔵王温泉を心ゆくまで堪能!湯めぐり無料特典付き♪お食事は温泉街へgo!|meal:confirmed_room_only|occ:2a0c1r|los:1,和室6畳,text:【素泊まりプラン】蔵王温泉を心ゆくまで堪能!湯めぐり無料特典付き♪お食事は温泉街へgo!,【素泊まりプラン】蔵王温泉を心ゆくまで堪能!湯めぐり無料特典付き♪お食事は温泉街へGO!,2,0,1,1,JPY,16500,AVAILABLE,,UNKNOWN,PRODUCT,MEDIUM,8b7972cd9a7650239fc3b2edea467f02fb0a819d19be37035bdbd030dea6290f,core_competitor_obs_20260818_165007
"jalan|yoshidaya|2026-09-01|room:和室13畳|plan:<14日前早割>【蔵王を遊びつくそう】50種以上から選べるアクティビティクーポン2,000円分付き!|meal:meal_included|occ:2a0c1r|los:1|text:<14日前早割>【蔵王を遊びつくそう】50種以上から選べるアクティビティクーポン2,000円分付き!|2|0|1|1|core_competitor_obs_20260818_165007",57e928fc73c62adc6184c14aab0e283300c1c8a380dbc867988f18020ca12339,yoshidaya,吉田屋,jalan,2026-09-01,2026-08-18T17:06:34+09:00,"room:和室13畳|plan:<14日前早割>【蔵王を遊びつくそう】50種以上から選べるアクティビティクーポン2,000円分付き!|meal:meal_included|occ:2a0c1r|los:1",和室13畳,"text:<14日前早割>【蔵王を遊びつくそう】50種以上から選べるアクティビティクーポン2,000円分付き!","<14日前早割>【蔵王を遊びつくそう】50種以上から選べるアクティビティクーポン2,000円分付き!",2,0,1,1,JPY,30800,AVAILABLE,1,PUBLIC_SCARCITY_COUNT,PRODUCT,HIGH,31c728bc26873af84f8f97d4a52f056cf5ebea659c015acadfb39f8ae589c6e9,core_competitor_obs_20260818_165007
"jalan|yoshidaya|2026-09-01|room:和室12.5畳|plan:<14日前早割>【蔵王を遊びつくそう】50種以上から選べるアクティビティクーポン2,000円分付き!|meal:meal_included|occ:2a0c1r|los:1|text:<14日前早割>【蔵王を遊びつくそう】50種以上から選べるアクティビティクーポン2,000円分付き!|2|0|1|1|core_competitor_obs_20260818_165007",78988df1c703b87ba34da95da7c3a5838e2416b6f2327d1660c9f79fb35c4f9b,yoshidaya,吉田屋,jalan,2026-09-01,2026-08-18T17:06:34+09:00,"room:和室12.5畳|plan:<14日前早割>【蔵王を遊びつくそう】50種以上から選べるアクティビティクーポン2,000円分付き!|meal:meal_included|occ:2a0c1r|los:1",和室12.5畳,"text:<14日前早割>【蔵王を遊びつくそう】50種以上から選べるアクティビティクーポン2,000円分付き!","<14日前早割>【蔵王を遊びつくそう】50種以上から選べるアクティビティクーポン2,000円分付き!",2,0,1,1,JPY,28600,AVAILABLE,2,PUBLIC_SCARCITY_COUNT,PRODUCT,HIGH,86dd4c0f8ddf2162bc8f4bf961993c07a9172507f13ef1f220b6a2e5fc91e3dc,core_competitor_obs_20260818_165007
"jalan|yoshidaya|2026-09-01|room:和室8畳|plan:<14日前早割>【蔵王を遊びつくそう】50種以上から選べるアクティビティクーポン2,000円分付き!|meal:meal_included|occ:2a0c1r|los:1|text:<14日前早割>【蔵王を遊びつくそう】50種以上から選べるアクティビティクーポン2,000円分付き!|2|0|1|1|core_competitor_obs_20260818_165007",889aa8da6557d2d3cb5c67b01ed1e685736356d083ee53417a3eb157627b2f73,yoshidaya,吉田屋,jalan,2026-09-01,2026-08-18T17:06:34+09:00,"room:和室8畳|plan:<14日前早割>【蔵王を遊びつくそう】50種以上から選べるアクティビティクーポン2,000円分付き!|meal:meal_included|occ:2a0c1r|los:1",和室8畳,"text:<14日前早割>【蔵王を遊びつくそう】50種以上から選べるアクティビティクーポン2,000円分付き!","<14日前早割>【蔵王を遊びつくそう】50種以上から選べるアクティビティクーポン2,000円分付き!",2,0,1,1,JPY,26400,AVAILABLE,3,PUBLIC_SCARCITY_COUNT,PRODUCT,HIGH,39cb8884b1b1ef3722f47cbe7a4ee0e7af94990bfb2e669162e3d976c613bfc4,core_competitor_obs_20260818_165007
"jalan|yoshidaya|2026-09-01|room:和室6畳|plan:<14日前早割>【蔵王を遊びつくそう】50種以上から選べるアクティビティクーポン2,000円分付き!|meal:meal_included|occ:2a0c1r|los:1|text:<14日前早割>【蔵王を遊びつくそう】50種以上から選べるアクティビティクーポン2,000円分付き!|2|0|1|1|core_competitor_obs_20260818_165007",51ecb81759e91cddd8d0a60e5c3f93d6b511e344755e2a1aeff63a660693bb95,yoshidaya,吉田屋,jalan,2026-09-01,2026-08-18T17:06:34+09:00,"room:和室6畳|plan:<14日前早割>【蔵王を遊びつくそう】50種以上から選べるアクティビティクーポン2,000円分付き!|meal:meal_included|occ:2a0c1r|los:1",和室6畳,"text:<14日前早割>【蔵王を遊びつくそう】50種以上から選べるアクティビティクーポン2,000円分付き!","<14日前早割>【蔵王を遊びつくそう】50種以上から選べるアクティビティクーポン2,000円分付き!",2,0,1,1,JPY,24200,AVAILABLE,,UNKNOWN,PRODUCT,MEDIUM,b02a34808080b7f77732db237bc8162bd5c06da25614cce9e7a4cd805221b301,core_competitor_obs_20260818_165007
"jalan|yoshidaya|2026-09-01|room:和室13畳|plan:【蔵王を遊びつくそう】50種以上から選べるアクティビティクーポン2,000円分付き!選べるお料理♪|meal:meal_included|occ:2a0c1r|los:1|text:【蔵王を遊びつくそう】50種以上から選べるアクティビティクーポン2,000円分付き!選べるお料理♪|2|0|1|1|core_competitor_obs_20260818_165007",1923e91169b70d9b8c57e7027f151d85a5fd6115608b73d961cf58aa8f7143b1,yoshidaya,吉田屋,jalan,2026-09-01,2026-08-18T17:06:34+09:00,"room:和室13畳|plan:【蔵王を遊びつくそう】50種以上から選べるアクティビティクーポン2,000円分付き!選べるお料理♪|meal:meal_included|occ:2a0c1r|los:1",和室13畳,"text:【蔵王を遊びつくそう】50種以上から選べるアクティビティクーポン2,000円分付き!選べるお料理♪","【蔵王を遊びつくそう】50種以上から選べるアクティビティクーポン2,000円分付き!選べるお料理♪",2,0,1,1,JPY,31900,AVAILABLE,1,PUBLIC_SCARCITY_COUNT,PRODUCT,HIGH,2ced1a0f6f1b8e76c4dc2df176888fa9af8ad5f635bdd9cfc59d485bded4d357,core_competitor_obs_20260818_165007
"jalan|yoshidaya|2026-09-01|room:和室12.5畳|plan:【蔵王を遊びつくそう】50種以上から選べるアクティビティクーポン2,000円分付き!選べるお料理♪|meal:meal_included|occ:2a0c1r|los:1|text:【蔵王を遊びつくそう】50種以上から選べるアクティビティクーポン2,000円分付き!選べるお料理♪|2|0|1|1|core_competitor_obs_20260818_165007",aba54cbbd5d78112beb063beb380e3f229dbe0dc2b6577fdefb9d97d42093a6c,yoshidaya,吉田屋,jalan,2026-09-01,2026-08-18T17:06:34+09:00,"room:和室12.5畳|plan:【蔵王を遊びつくそう】50種以上から選べるアクティビティクーポン2,000円分付き!選べるお料理♪|meal:meal_included|occ:2a0c1r|los:1",和室12.5畳,"text:【蔵王を遊びつくそう】50種以上から選べるアクティビティクーポン2,000円分付き!選べるお料理♪","【蔵王を遊びつくそう】50種以上から選べるアクティビティクーポン2,000円分付き!選べるお料理♪",2,0,1,1,JPY,29700,AVAILABLE,2,PUBLIC_SCARCITY_COUNT,PRODUCT,HIGH,fe6e88708252674d70bb0f775499fe29ab2054bb2c8d268abcbf5a45877bce06,core_competitor_obs_20260818_165007
"jalan|yoshidaya|2026-09-01|room:和室8畳|plan:【蔵王を遊びつくそう】50種以上から選べるアクティビティクーポン2,000円分付き!選べるお料理♪|meal:meal_included|occ:2a0c1r|los:1|text:【蔵王を遊びつくそう】50種以上から選べるアクティビティクーポン2,000円分付き!選べるお料理♪|2|0|1|1|core_competitor_obs_20260818_165007",50486ef77e5ab87e9609cc3f02abcb673c1cdde0c70042c47c0ff0ff11a69107,yoshidaya,吉田屋,jalan,2026-09-01,2026-08-18T17:06:34+09:00,"room:和室8畳|plan:【蔵王を遊びつくそう】50種以上から選べるアクティビティクーポン2,000円分付き!選べるお料理♪|meal:meal_included|occ:2a0c1r|los:1",和室8畳,"text:【蔵王を遊びつくそう】50種以上から選べるアクティビティクーポン2,000円分付き!選べるお料理♪","【蔵王を遊びつくそう】50種以上から選べるアクティビティクーポン2,000円分付き!選べるお料理♪",2,0,1,1,JPY,27500,AVAILABLE,3,PUBLIC_SCARCITY_COUNT,PRODUCT,HIGH,f93c25bbcbe1b83f0b658c2b6678376f7e945f6a6eb37594fb093feca50bdf5b,core_competitor_obs_20260818_165007
"jalan|yoshidaya|2026-09-01|room:和室6畳|plan:【蔵王を遊びつくそう】50種以上から選べるアクティビティクーポン2,000円分付き!選べるお料理♪|meal:meal_included|occ:2a0c1r|los:1|text:【蔵王を遊びつくそう】50種以上から選べるアクティビティクーポン2,000円分付き!選べるお料理♪|2|0|1|1|core_competitor_obs_20260818_165007",88524da362696e9fe73d412f58a55670054a4452baf2db27c04361913d63325a,yoshidaya,吉田屋,jalan,2026-09-01,2026-08-18T17:06:34+09:00,"room:和室6畳|plan:【蔵王を遊びつくそう】50種以上から選べるアクティビティクーポン2,000円分付き!選べるお料理♪|meal:meal_included|occ:2a0c1r|los:1",和室6畳,"text:【蔵王を遊びつくそう】50種以上から選べるアクティビティクーポン2,000円分付き!選べるお料理♪","【蔵王を遊びつくそう】50種以上から選べるアクティビティクーポン2,000円分付き!選べるお料理♪",2,0,1,1,JPY,25300,AVAILABLE,,UNKNOWN,PRODUCT,MEDIUM,3298271096fed41c4d92c34416c5b7b057e9001cf57406dd5b9e2ac23d6f77ec,core_competitor_obs_20260818_165007
jalan|oakhill|2026-09-01|room:デラックス和洋室|plan:【朝食無料サービス】~onsen&stay~森に包まれたリゾート空間で蔵王の名湯を満喫/ご夕食は温泉街へ|meal:meal_included|occ:2a0c1r|los:1|text:【朝食無料サービス】~onsen&stay~森に包まれたリゾート空間で蔵王の名湯を満喫/ご夕食は温泉街へ|2|0|1|1|core_competitor_obs_20260818_165007,9f25028e217f342079548c0b61258bd42ee76660ce4843f15e44ed89192a77e6,oakhill,ONSEN & STAY OAKHILL,jalan,2026-09-01,2026-08-18T17:09:33+09:00,room:デラックス和洋室|plan:【朝食無料サービス】~onsen&stay~森に包まれたリゾート空間で蔵王の名湯を満喫/ご夕食は温泉街へ|meal:meal_included|occ:2a0c1r|los:1,デラックス和洋室,text:【朝食無料サービス】~onsen&stay~森に包まれたリゾート空間で蔵王の名湯を満喫/ご夕食は温泉街へ,【朝食無料サービス】~ONSEN&STAY~森に包まれたリゾート空間で蔵王の名湯を満喫/ご夕食は温泉街へ,2,0,1,1,JPY,34000,AVAILABLE,3,PUBLIC_SCARCITY_COUNT,PRODUCT,HIGH,a899cb08895e8bdf43fba0306bbbf439a659fb00c674ab91ee0d02751e215fff,core_competitor_obs_20260818_165007
jalan|oakhill|2026-09-01|room:倶楽部ルーム|plan:【朝食無料サービス】~onsen&stay~森に包まれたリゾート空間で蔵王の名湯を満喫/ご夕食は温泉街へ|meal:meal_included|occ:2a0c1r|los:1|text:【朝食無料サービス】~onsen&stay~森に包まれたリゾート空間で蔵王の名湯を満喫/ご夕食は温泉街へ|2|0|1|1|core_competitor_obs_20260818_165007,5175eb9f5cb0c12c5abfbe826be9ffb5404cb19defb2628055d41c6d2cb673d7,oakhill,ONSEN & STAY OAKHILL,jalan,2026-09-01,2026-08-18T17:09:33+09:00,room:倶楽部ルーム|plan:【朝食無料サービス】~onsen&stay~森に包まれたリゾート空間で蔵王の名湯を満喫/ご夕食は温泉街へ|meal:meal_included|occ:2a0c1r|los:1,倶楽部ルーム,text:【朝食無料サービス】~onsen&stay~森に包まれたリゾート空間で蔵王の名湯を満喫/ご夕食は温泉街へ,【朝食無料サービス】~ONSEN&STAY~森に包まれたリゾート空間で蔵王の名湯を満喫/ご夕食は温泉街へ,2,0,1,1,JPY,22000,AVAILABLE,3,PUBLIC_SCARCITY_COUNT,PRODUCT,HIGH,708d8e9f02fa4b3c6dddcfed3ed52f5b478d930ec40cfadcd72c9047d507d098,core_competitor_obs_20260818_165007
jalan|oakhill|2026-09-01|room:スタンダード和室|plan:【朝食無料サービス】~onsen&stay~森に包まれたリゾート空間で蔵王の名湯を満喫/ご夕食は温泉街へ|meal:meal_included|occ:2a0c1r|los:1|text:【朝食無料サービス】~onsen&stay~森に包まれたリゾート空間で蔵王の名湯を満喫/ご夕食は温泉街へ|2|0|1|1|core_competitor_obs_20260818_165007,8e992622e39ac39ae5145c4cdab511d70145092170649d34e78a12c77c40a5a8,oakhill,ONSEN & STAY OAKHILL,jalan,2026-09-01,2026-08-18T17:09:33+09:00,room:スタンダード和室|plan:【朝食無料サービス】~onsen&stay~森に包まれたリゾート空間で蔵王の名湯を満喫/ご夕食は温泉街へ|meal:meal_included|occ:2a0c1r|los:1,スタンダード和室,text:【朝食無料サービス】~onsen&stay~森に包まれたリゾート空間で蔵王の名湯を満喫/ご夕食は温泉街へ,【朝食無料サービス】~ONSEN&STAY~森に包まれたリゾート空間で蔵王の名湯を満喫/ご夕食は温泉街へ,2,0,1,1,JPY,20000,AVAILABLE,2,PUBLIC_SCARCITY_COUNT,PRODUCT,HIGH,00eced8b936c4cccb768c207fc523b7a82854ed30522f60783fadaf659da4160,core_competitor_obs_20260818_165007
jalan|oakhill|2026-09-01|room:デラックス和洋室|plan:≪じゃらん限定ポイント10%≫【朝食無料サービス】森に包まれ蔵王の名湯を満喫/ご夕食は温泉街|meal:meal_included|occ:2a0c1r|los:1|text:≪じゃらん限定ポイント10%≫【朝食無料サービス】森に包まれ蔵王の名湯を満喫/ご夕食は温泉街|2|0|1|1|core_competitor_obs_20260818_165007,c24c81475b5b390dd91e1c306f5520184f6b67156d128f877707b919c051f9ca,oakhill,ONSEN & STAY OAKHILL,jalan,2026-09-01,2026-08-18T17:09:33+09:00,room:デラックス和洋室|plan:≪じゃらん限定ポイント10%≫【朝食無料サービス】森に包まれ蔵王の名湯を満喫/ご夕食は温泉街|meal:meal_included|occ:2a0c1r|los:1,デラックス和洋室,text:≪じゃらん限定ポイント10%≫【朝食無料サービス】森に包まれ蔵王の名湯を満喫/ご夕食は温泉街,≪じゃらん限定ポイント10%≫【朝食無料サービス】森に包まれ蔵王の名湯を満喫/ご夕食は温泉街,2,0,1,1,JPY,35700,AVAILABLE,3,PUBLIC_SCARCITY_COUNT,PRODUCT,HIGH,394de60c317580c63f38bfc480e1f6ab3ca81a6667b69d3b40742d7919315e6e,core_competitor_obs_20260818_165007
jalan|oakhill|2026-09-01|room:倶楽部ルーム|plan:≪じゃらん限定ポイント10%≫【朝食無料サービス】森に包まれ蔵王の名湯を満喫/ご夕食は温泉街|meal:meal_included|occ:2a0c1r|los:1|text:≪じゃらん限定ポイント10%≫【朝食無料サービス】森に包まれ蔵王の名湯を満喫/ご夕食は温泉街|2|0|1|1|core_competitor_obs_20260818_165007,e359f3aa04bd29a1440297ad46667be2801743d82506fa6642b6444d3f85eb38,oakhill,ONSEN & STAY OAKHILL,jalan,2026-09-01,2026-08-18T17:09:33+09:00,room:倶楽部ルーム|plan:≪じゃらん限定ポイント10%≫【朝食無料サービス】森に包まれ蔵王の名湯を満喫/ご夕食は温泉街|meal:meal_included|occ:2a0c1r|los:1,倶楽部ルーム,text:≪じゃらん限定ポイント10%≫【朝食無料サービス】森に包まれ蔵王の名湯を満喫/ご夕食は温泉街,≪じゃらん限定ポイント10%≫【朝食無料サービス】森に包まれ蔵王の名湯を満喫/ご夕食は温泉街,2,0,1,1,JPY,23100,AVAILABLE,3,PUBLIC_SCARCITY_COUNT,PRODUCT,HIGH,eb67a27eaa6c5101b498c2edd884474fb548c5e602a9a3a094e5fcb3b51f0693,core_competitor_obs_20260818_165007
jalan|oakhill|2026-09-01|room:スタンダード和室|plan:≪じゃらん限定ポイント10%≫【朝食無料サービス】森に包まれ蔵王の名湯を満喫/ご夕食は温泉街|meal:meal_included|occ:2a0c1r|los:1|text:≪じゃらん限定ポイント10%≫【朝食無料サービス】森に包まれ蔵王の名湯を満喫/ご夕食は温泉街|2|0|1|1|core_competitor_obs_20260818_165007,6f5df1032f6f95a523caa4eb5d3c770594df3cf00f2834d88d0e2fb43a065f4e,oakhill,ONSEN & STAY OAKHILL,jalan,2026-09-01,2026-08-18T17:09:33+09:00,room:スタンダード和室|plan:≪じゃらん限定ポイント10%≫【朝食無料サービス】森に包まれ蔵王の名湯を満喫/ご夕食は温泉街|meal:meal_included|occ:2a0c1r|los:1,スタンダード和室,text:≪じゃらん限定ポイント10%≫【朝食無料サービス】森に包まれ蔵王の名湯を満喫/ご夕食は温泉街,≪じゃらん限定ポイント10%≫【朝食無料サービス】森に包まれ蔵王の名湯を満喫/ご夕食は温泉街,2,0,1,1,JPY,21000,AVAILABLE,2,PUBLIC_SCARCITY_COUNT,PRODUCT,HIGH,fdd6b6ced582eadfcb9eba062b088c3d85c166eaa71bc5c1ab883df7c38f0cd3,core_competitor_obs_20260818_165007
"jalan|oakhill|2026-09-01|room:デラックス和洋室|plan:【早割プラン★朝食無料】7日前までのご予約で1,100円off!森に包まれ蔵王の名湯を満喫/ご夕食は温泉街へ|meal:meal_included|occ:2a0c1r|los:1|text:【早割プラン★朝食無料】7日前までのご予約で1,100円off!森に包まれ蔵王の名湯を満喫/ご夕食は温泉街へ|2|0|1|1|core_competitor_obs_20260818_165007",da80fecbac6c5a330e0816ec21ccd838a6d22999fef53a84ca0f7ccefeac461d,oakhill,ONSEN & STAY OAKHILL,jalan,2026-09-01,2026-08-18T17:09:33+09:00,"room:デラックス和洋室|plan:【早割プラン★朝食無料】7日前までのご予約で1,100円off!森に包まれ蔵王の名湯を満喫/ご夕食は温泉街へ|meal:meal_included|occ:2a0c1r|los:1",デラックス和洋室,"text:【早割プラン★朝食無料】7日前までのご予約で1,100円off!森に包まれ蔵王の名湯を満喫/ご夕食は温泉街へ","【早割プラン★朝食無料】7日前までのご予約で1,100円OFF!森に包まれ蔵王の名湯を満喫/ご夕食は温泉街へ",2,0,1,1,JPY,31800,AVAILABLE,3,PUBLIC_SCARCITY_COUNT,PRODUCT,HIGH,0a8184096eb4420297905591c574184ee29a809a732c09ea63bf4de2e7946c7e,core_competitor_obs_20260818_165007
"jalan|oakhill|2026-09-01|room:倶楽部ルーム|plan:【早割プラン★朝食無料】7日前までのご予約で1,100円off!森に包まれ蔵王の名湯を満喫/ご夕食は温泉街へ|meal:meal_included|occ:2a0c1r|los:1|text:【早割プラン★朝食無料】7日前までのご予約で1,100円off!森に包まれ蔵王の名湯を満喫/ご夕食は温泉街へ|2|0|1|1|core_competitor_obs_20260818_165007",aff242da1c9a8fb0e3c571cd0fcd6c4f4d966cccecbdb6fee2a26c959b66df1c,oakhill,ONSEN & STAY OAKHILL,jalan,2026-09-01,2026-08-18T17:09:33+09:00,"room:倶楽部ルーム|plan:【早割プラン★朝食無料】7日前までのご予約で1,100円off!森に包まれ蔵王の名湯を満喫/ご夕食は温泉街へ|meal:meal_included|occ:2a0c1r|los:1",倶楽部ルーム,"text:【早割プラン★朝食無料】7日前までのご予約で1,100円off!森に包まれ蔵王の名湯を満喫/ご夕食は温泉街へ","【早割プラン★朝食無料】7日前までのご予約で1,100円OFF!森に包まれ蔵王の名湯を満喫/ご夕食は温泉街へ",2,0,1,1,JPY,19800,AVAILABLE,3,PUBLIC_SCARCITY_COUNT,PRODUCT,HIGH,d39096bef97c052b31ec0a3f307ce644121e7d38b96ce939cf648a8af0209a7c,core_competitor_obs_20260818_165007
"jalan|oakhill|2026-09-01|room:スタンダード和室|plan:【早割プラン★朝食無料】7日前までのご予約で1,100円off!森に包まれ蔵王の名湯を満喫/ご夕食は温泉街へ|meal:meal_included|occ:2a0c1r|los:1|text:【早割プラン★朝食無料】7日前までのご予約で1,100円off!森に包まれ蔵王の名湯を満喫/ご夕食は温泉街へ|2|0|1|1|core_competitor_obs_20260818_165007",92d1c377f60503deff45936186ba8811137041db46e6467663536846d7a85792,oakhill,ONSEN & STAY OAKHILL,jalan,2026-09-01,2026-08-18T17:09:33+09:00,"room:スタンダード和室|plan:【早割プラン★朝食無料】7日前までのご予約で1,100円off!森に包まれ蔵王の名湯を満喫/ご夕食は温泉街へ|meal:meal_included|occ:2a0c1r|los:1",スタンダード和室,"text:【早割プラン★朝食無料】7日前までのご予約で1,100円off!森に包まれ蔵王の名湯を満喫/ご夕食は温泉街へ","【早割プラン★朝食無料】7日前までのご予約で1,100円OFF!森に包まれ蔵王の名湯を満喫/ご夕食は温泉街へ",2,0,1,1,JPY,17800,AVAILABLE,2,PUBLIC_SCARCITY_COUNT,PRODUCT,HIGH,1b42da0b75a310c4b7b92aee9de0a3968f127703132450e109a85737dbe8448d,core_competitor_obs_20260818_165007
jalan|oakhill|2026-09-01|room:デラックス和洋室|plan:【素泊まりプラン】~onsen&stay~森に包まれたリゾート空間で蔵王の名湯を満喫/ご夕食は温泉街へ|meal:confirmed_room_only|occ:2a0c1r|los:1|text:【素泊まりプラン】~onsen&stay~森に包まれたリゾート空間で蔵王の名湯を満喫/ご夕食は温泉街へ|2|0|1|1|core_competitor_obs_20260818_165007,ee5e32a875a36e86068c4a6937260f1d11ad196200651de1ccbdb6ed3c8d1327,oakhill,ONSEN & STAY OAKHILL,jalan,2026-09-01,2026-08-18T17:09:33+09:00,room:デラックス和洋室|plan:【素泊まりプラン】~onsen&stay~森に包まれたリゾート空間で蔵王の名湯を満喫/ご夕食は温泉街へ|meal:confirmed_room_only|occ:2a0c1r|los:1,デラックス和洋室,text:【素泊まりプラン】~onsen&stay~森に包まれたリゾート空間で蔵王の名湯を満喫/ご夕食は温泉街へ,【素泊まりプラン】~ONSEN&STAY~森に包まれたリゾート空間で蔵王の名湯を満喫/ご夕食は温泉街へ,2,0,1,1,JPY,34000,AVAILABLE,3,PUBLIC_SCARCITY_COUNT,PRODUCT,HIGH,a899cb08895e8bdf43fba0306bbbf439a659fb00c674ab91ee0d02751e215fff,core_competitor_obs_20260818_165007
jalan|oakhill|2026-09-01|room:倶楽部ルーム|plan:【素泊まりプラン】~onsen&stay~森に包まれたリゾート空間で蔵王の名湯を満喫/ご夕食は温泉街へ|meal:confirmed_room_only|occ:2a0c1r|los:1|text:【素泊まりプラン】~onsen&stay~森に包まれたリゾート空間で蔵王の名湯を満喫/ご夕食は温泉街へ|2|0|1|1|core_competitor_obs_20260818_165007,faa83479978bbfdb15487b59d01383e4ab5663d322fa1f90709a69dc09361b0b,oakhill,ONSEN & STAY OAKHILL,jalan,2026-09-01,2026-08-18T17:09:33+09:00,room:倶楽部ルーム|plan:【素泊まりプラン】~onsen&stay~森に包まれたリゾート空間で蔵王の名湯を満喫/ご夕食は温泉街へ|meal:confirmed_room_only|occ:2a0c1r|los:1,倶楽部ルーム,text:【素泊まりプラン】~onsen&stay~森に包まれたリゾート空間で蔵王の名湯を満喫/ご夕食は温泉街へ,【素泊まりプラン】~ONSEN&STAY~森に包まれたリゾート空間で蔵王の名湯を満喫/ご夕食は温泉街へ,2,0,1,1,JPY,22000,AVAILABLE,3,PUBLIC_SCARCITY_COUNT,PRODUCT,HIGH,708d8e9f02fa4b3c6dddcfed3ed52f5b478d930ec40cfadcd72c9047d507d098,core_competitor_obs_20260818_165007
jalan|oakhill|2026-09-01|room:スタンダード和室|plan:【素泊まりプラン】~onsen&stay~森に包まれたリゾート空間で蔵王の名湯を満喫/ご夕食は温泉街へ|meal:confirmed_room_only|occ:2a0c1r|los:1|text:【素泊まりプラン】~onsen&stay~森に包まれたリゾート空間で蔵王の名湯を満喫/ご夕食は温泉街へ|2|0|1|1|core_competitor_obs_20260818_165007,a7b1b0001c7d7da10938c47c6cbd68dac0a379d9fc9c5c5960ef3290e2a498dc,oakhill,ONSEN & STAY OAKHILL,jalan,2026-09-01,2026-08-18T17:09:33+09:00,room:スタンダード和室|plan:【素泊まりプラン】~onsen&stay~森に包まれたリゾート空間で蔵王の名湯を満喫/ご夕食は温泉街へ|meal:confirmed_room_only|occ:2a0c1r|los:1,スタンダード和室,text:【素泊まりプラン】~onsen&stay~森に包まれたリゾート空間で蔵王の名湯を満喫/ご夕食は温泉街へ,【素泊まりプラン】~ONSEN&STAY~森に包まれたリゾート空間で蔵王の名湯を満喫/ご夕食は温泉街へ,2,0,1,1,JPY,20000,AVAILABLE,2,PUBLIC_SCARCITY_COUNT,PRODUCT,HIGH,738548abe6bb5681a38f34254efabe8dedd9f2eca175373838c46f1caef10387,core_competitor_obs_20260818_165007
jalan|oakhill|2026-09-01|room:デラックス和洋室|plan:【じゃらんのお得な10日間】10%off!朝食無料サービス!森に包まれたリゾート空間で蔵王の名湯を満喫|meal:meal_included|occ:2a0c1r|los:1|text:【じゃらんのお得な10日間】10%off!朝食無料サービス!森に包まれたリゾート空間で蔵王の名湯を満喫|2|0|1|1|core_competitor_obs_20260818_165007,0da08e9e9e8c70df2eb22a260ee7da6d5e62fc50576a53c25d9684018d53acad,oakhill,ONSEN & STAY OAKHILL,jalan,2026-09-01,2026-08-18T17:09:33+09:00,room:デラックス和洋室|plan:【じゃらんのお得な10日間】10%off!朝食無料サービス!森に包まれたリゾート空間で蔵王の名湯を満喫|meal:meal_included|occ:2a0c1r|los:1,デラックス和洋室,text:【じゃらんのお得な10日間】10%off!朝食無料サービス!森に包まれたリゾート空間で蔵王の名湯を満喫,【じゃらんのお得な10日間】10%OFF!朝食無料サービス!森に包まれたリゾート空間で蔵王の名湯を満喫,2,0,1,1,JPY,30600,AVAILABLE,3,PUBLIC_SCARCITY_COUNT,PRODUCT,HIGH,e848ea7afcd3d0f5ae595419b7c4cafc0a33a17859e173b2462b5278fdb11966,core_competitor_obs_20260818_165007
jalan|oakhill|2026-09-01|room:倶楽部ルーム|plan:【じゃらんのお得な10日間】10%off!朝食無料サービス!森に包まれたリゾート空間で蔵王の名湯を満喫|meal:meal_included|occ:2a0c1r|los:1|text:【じゃらんのお得な10日間】10%off!朝食無料サービス!森に包まれたリゾート空間で蔵王の名湯を満喫|2|0|1|1|core_competitor_obs_20260818_165007,f1ea15501ad695c851d03b3023b4267d393cae25b3b0698a75560d7dc6ead529,oakhill,ONSEN & STAY OAKHILL,jalan,2026-09-01,2026-08-18T17:09:33+09:00,room:倶楽部ルーム|plan:【じゃらんのお得な10日間】10%off!朝食無料サービス!森に包まれたリゾート空間で蔵王の名湯を満喫|meal:meal_included|occ:2a0c1r|los:1,倶楽部ルーム,text:【じゃらんのお得な10日間】10%off!朝食無料サービス!森に包まれたリゾート空間で蔵王の名湯を満喫,【じゃらんのお得な10日間】10%OFF!朝食無料サービス!森に包まれたリゾート空間で蔵王の名湯を満喫,2,0,1,1,JPY,19800,AVAILABLE,3,PUBLIC_SCARCITY_COUNT,PRODUCT,HIGH,d39096bef97c052b31ec0a3f307ce644121e7d38b96ce939cf648a8af0209a7c,core_competitor_obs_20260818_165007
jalan|oakhill|2026-09-01|room:スタンダード和室|plan:【じゃらんのお得な10日間】10%off!朝食無料サービス!森に包まれたリゾート空間で蔵王の名湯を満喫|meal:meal_included|occ:2a0c1r|los:1|text:【じゃらんのお得な10日間】10%off!朝食無料サービス!森に包まれたリゾート空間で蔵王の名湯を満喫|2|0|1|1|core_competitor_obs_20260818_165007,6b7c5d93e90a6dbb8be740a3483f7301256d4c3046a5783c68c8d56cc9fc117c,oakhill,ONSEN & STAY OAKHILL,jalan,2026-09-01,2026-08-18T17:09:33+09:00,room:スタンダード和室|plan:【じゃらんのお得な10日間】10%off!朝食無料サービス!森に包まれたリゾート空間で蔵王の名湯を満喫|meal:meal_included|occ:2a0c1r|los:1,スタンダード和室,text:【じゃらんのお得な10日間】10%off!朝食無料サービス!森に包まれたリゾート空間で蔵王の名湯を満喫,【じゃらんのお得な10日間】10%OFF!朝食無料サービス!森に包まれたリゾート空間で蔵王の名湯を満喫,2,0,1,1,JPY,18000,AVAILABLE,2,PUBLIC_SCARCITY_COUNT,PRODUCT,HIGH,e2b34d0b48348b0fdf4936abcf501d493b29e3fad321f87d139a796bfaca529a,core_competitor_obs_20260818_165007
booking|hammond|2026-09-01|text:和室|unknown_rate|2|0|1|1|core_competitor_obs_20260819_045002,e604f6979150d028b99a12de8be964a086d695f293841dba9dd3323ca692866a,hammond,HAMMOND,booking,2026-09-01,2026-08-19T04:52:58+09:00,text:和室,和室,,,2,0,1,1,JPY,13860,AVAILABLE,4,PUBLIC_SCARCITY_COUNT,PRODUCT,HIGH,8d45070e7e1dfba719d42bece5e43fd1a72285df08f608364b7e6026198aa9b0,core_competitor_obs_20260819_045002
booking|hammond|2026-09-02|text:和室|unknown_rate|2|0|1|1|core_competitor_obs_20260819_045002,4592fd553bd342391ba71e6020fdc1004e070b586d500a60ca710c5715e30d3c,hammond,HAMMOND,booking,2026-09-02,2026-08-19T04:53:12+09:00,text:和室,和室,,,2,0,1,1,JPY,13860,AVAILABLE,6,PUBLIC_SCARCITY_COUNT,PRODUCT,HIGH,5457227c0536f6bc8200039b834872d7a0b8f57fcb25e288d9b91232394688ee,core_competitor_obs_20260819_045002
booking|yoshidaya|2026-09-01|text:和室|unknown_rate|2|0|1|1|core_competitor_obs_20260819_045002,be6124c0c945e659fb95d304f136c3abe3babfcc885e3fd407c466b192d5f14f,yoshidaya,吉田屋,booking,2026-09-01,2026-08-19T04:56:01+09:00,text:和室,和室,,,2,0,1,1,JPY,16830,AVAILABLE,7,PUBLIC_SCARCITY_COUNT,PRODUCT,HIGH,ad00548e774ff95fbae971f41c4448acef55d9c20e453bee6af0f2f4d0baff8b,core_competitor_obs_20260819_045002
booking|yoshidaya|2026-09-02|text:和室|unknown_rate|2|0|1|1|core_competitor_obs_20260819_045002,7049f3e162ae1db49274418f778f5b8212856fd41d558d9e0cf9567884395a4c,yoshidaya,吉田屋,booking,2026-09-02,2026-08-19T04:56:12+09:00,text:和室,和室,,,2,0,1,1,JPY,16830,AVAILABLE,7,PUBLIC_SCARCITY_COUNT,PRODUCT,HIGH,53b523ffef921c32edfe9b409d8d3333df45602efd1d5d1bdc613c9c76ac817a,core_competitor_obs_20260819_045002
booking|oakhill|2026-09-01|unknown_product|unknown_rate|2|0|1|1|core_competitor_obs_20260819_045002,95cc6424912ad95d882e7ec86c504dcd25aa4a9aa66cee1f82f4a8b22823fd8c,oakhill,ONSEN & STAY OAKHILL,booking,2026-09-01,2026-08-19T04:58:56+09:00,,,,,2,0,1,1,JPY,24200,AVAILABLE,3,PUBLIC_SCARCITY_COUNT,PRODUCT,LOW,b2b3c80a97a840bcb4047d7523ca93089af2d2cec0cc8fb83adb67a0e6b57cb5,core_competitor_obs_20260819_045002
booking|oakhill|2026-09-02|text:和室|unknown_rate|2|0|1|1|core_competitor_obs_20260819_045002,24895c256bc39a86d8b8f2921b15877b4edb068f7db75978441842132d697e8d,oakhill,ONSEN & STAY OAKHILL,booking,2026-09-02,2026-08-19T04:59:08+09:00,text:和室,和室,,,2,0,1,1,JPY,17017,AVAILABLE,,BINARY_AVAILABILITY,UNKNOWN,MEDIUM,c037929d64b4c465da05f75fe18e795ba538a1909536ae327a8641627a24b97c,core_competitor_obs_20260819_045002
jalan|hammond|2026-09-01|room:和室二間トリプルベッド|plan:【基本プラン☆素泊まり】蔵王温泉リーズナブルステイ!7箇所の湯めぐり無料特典♪ご夕食は温泉街へ|meal:confirmed_room_only|occ:2a0c1r|los:1|text:【基本プラン☆素泊まり】蔵王温泉リーズナブルステイ!7箇所の湯めぐり無料特典♪ご夕食は温泉街へ|2|0|1|1|core_competitor_obs_20260819_045002,44a00374e2dd097ac8d06f8797ae83e4a111473788722b8294c1d9e79a81c398,hammond,HAMMOND,jalan,2026-09-01,2026-08-19T05:01:47+09:00,room:和室二間トリプルベッド|plan:【基本プラン☆素泊まり】蔵王温泉リーズナブルステイ!7箇所の湯めぐり無料特典♪ご夕食は温泉街へ|meal:confirmed_room_only|occ:2a0c1r|los:1,和室二間トリプルベッド,text:【基本プラン☆素泊まり】蔵王温泉リーズナブルステイ!7箇所の湯めぐり無料特典♪ご夕食は温泉街へ,【基本プラン☆素泊まり】蔵王温泉リーズナブルステイ!7箇所の湯めぐり無料特典♪ご夕食は温泉街へ,2,0,1,1,JPY,19800,AVAILABLE,3,PUBLIC_SCARCITY_COUNT,PRODUCT,HIGH,a53b7d24ea83ecba0405d0dabf29932cd75e0d50e67cf33e44afc63634873985,core_competitor_obs_20260819_045002
jalan|hammond|2026-09-01|room:和室角部屋|plan:【基本プラン☆素泊まり】蔵王温泉リーズナブルステイ!7箇所の湯めぐり無料特典♪ご夕食は温泉街へ|meal:confirmed_room_only|occ:2a0c1r|los:1|text:【基本プラン☆素泊まり】蔵王温泉リーズナブルステイ!7箇所の湯めぐり無料特典♪ご夕食は温泉街へ|2|0|1|1|core_competitor_obs_20260819_045002,2bb185f392452d0839bdbab6dcf907a8a373835b86bcc3184eb22efc15af1cf2,hammond,HAMMOND,jalan,2026-09-01,2026-08-19T05:01:47+09:00,room:和室角部屋|plan:【基本プラン☆素泊まり】蔵王温泉リーズナブルステイ!7箇所の湯めぐり無料特典♪ご夕食は温泉街へ|meal:confirmed_room_only|occ:2a0c1r|los:1,和室角部屋,text:【基本プラン☆素泊まり】蔵王温泉リーズナブルステイ!7箇所の湯めぐり無料特典♪ご夕食は温泉街へ,【基本プラン☆素泊まり】蔵王温泉リーズナブルステイ!7箇所の湯めぐり無料特典♪ご夕食は温泉街へ,2,0,1,1,JPY,18000,AVAILABLE,2,PUBLIC_SCARCITY_COUNT,PRODUCT,HIGH,17697f616fd8f62521ba632b0517983888780406b2a04a2832c53929b9186abb,core_competitor_obs_20260819_045002
jalan|hammond|2026-09-01|room:スタンダード和室|plan:【基本プラン☆素泊まり】蔵王温泉リーズナブルステイ!7箇所の湯めぐり無料特典♪ご夕食は温泉街へ|meal:confirmed_room_only|occ:2a0c1r|los:1|text:【基本プラン☆素泊まり】蔵王温泉リーズナブルステイ!7箇所の湯めぐり無料特典♪ご夕食は温泉街へ|2|0|1|1|core_competitor_obs_20260819_045002,870452a598a56e23d0e700580e33c67687df9d7e7a3c6e65e8522e8d843a2978,hammond,HAMMOND,jalan,2026-09-01,2026-08-19T05:01:47+09:00,room:スタンダード和室|plan:【基本プラン☆素泊まり】蔵王温泉リーズナブルステイ!7箇所の湯めぐり無料特典♪ご夕食は温泉街へ|meal:confirmed_room_only|occ:2a0c1r|los:1,スタンダード和室,text:【基本プラン☆素泊まり】蔵王温泉リーズナブルステイ!7箇所の湯めぐり無料特典♪ご夕食は温泉街へ,【基本プラン☆素泊まり】蔵王温泉リーズナブルステイ!7箇所の湯めぐり無料特典♪ご夕食は温泉街へ,2,0,1,1,JPY,14000,AVAILABLE,,UNKNOWN,PRODUCT,MEDIUM,5c667325f08388054e79d30a94c030f8ebdcd3daf68d9519b7f29a6fb36fff69,core_competitor_obs_20260819_045002
jalan|hammond|2026-09-01|room:スタンダード洋室|plan:【基本プラン☆素泊まり】蔵王温泉リーズナブルステイ!7箇所の湯めぐり無料特典♪ご夕食は温泉街へ|meal:confirmed_room_only|occ:2a0c1r|los:1|text:【基本プラン☆素泊まり】蔵王温泉リーズナブルステイ!7箇所の湯めぐり無料特典♪ご夕食は温泉街へ|2|0|1|1|core_competitor_obs_20260819_045002,41b78a87da75eae9e78cb4c132a16276405249da1e541345a8d681cf6806ab07,hammond,HAMMOND,jalan,2026-09-01,2026-08-19T05:01:47+09:00,room:スタンダード洋室|plan:【基本プラン☆素泊まり】蔵王温泉リーズナブルステイ!7箇所の湯めぐり無料特典♪ご夕食は温泉街へ|meal:confirmed_room_only|occ:2a0c1r|los:1,スタンダード洋室,text:【基本プラン☆素泊まり】蔵王温泉リーズナブルステイ!7箇所の湯めぐり無料特典♪ご夕食は温泉街へ,【基本プラン☆素泊まり】蔵王温泉リーズナブルステイ!7箇所の湯めぐり無料特典♪ご夕食は温泉街へ,2,0,1,1,JPY,14000,AVAILABLE,,UNKNOWN,PRODUCT,MEDIUM,a57434142ab048512ea89b781a02924dd19201de4d0fdcb16d85c96035f03589,core_competitor_obs_20260819_045002
jalan|hammond|2026-09-01|room:倶楽部ルーム|plan:【基本プラン☆素泊まり】蔵王温泉リーズナブルステイ!7箇所の湯めぐり無料特典♪ご夕食は温泉街へ|meal:confirmed_room_only|occ:2a0c1r|los:1|text:【基本プラン☆素泊まり】蔵王温泉リーズナブルステイ!7箇所の湯めぐり無料特典♪ご夕食は温泉街へ|2|0|1|1|core_competitor_obs_20260819_045002,af9ac8a81951a41b0661b2cb5ba50ec62291b620b1700dac9e0c4d30731bf646,hammond,HAMMOND,jalan,2026-09-01,2026-08-19T05:01:47+09:00,room:倶楽部ルーム|plan:【基本プラン☆素泊まり】蔵王温泉リーズナブルステイ!7箇所の湯めぐり無料特典♪ご夕食は温泉街へ|meal:confirmed_room_only|occ:2a0c1r|los:1,倶楽部ルーム,text:【基本プラン☆素泊まり】蔵王温泉リーズナブルステイ!7箇所の湯めぐり無料特典♪ご夕食は温泉街へ,【基本プラン☆素泊まり】蔵王温泉リーズナブルステイ!7箇所の湯めぐり無料特典♪ご夕食は温泉街へ,2,0,1,1,JPY,14000,AVAILABLE,3,PUBLIC_SCARCITY_COUNT,PRODUCT,HIGH,125cb5cfb6518e568af524e31337d305676cdc60280ac47f2d8e09198aba7ff0,core_competitor_obs_20260819_045002
"jalan|hammond|2026-09-01|room:和室二間トリプルベッド|plan:【早割プラン☆素泊まり】7日前まで予約で1,000円off!7箇所の湯めぐり無料特典♪ご夕食は温泉街へ|meal:confirmed_room_only|occ:2a0c1r|los:1|text:【早割プラン☆素泊まり】7日前まで予約で1,000円off!7箇所の湯めぐり無料特典♪ご夕食は温泉街へ|2|0|1|1|core_competitor_obs_20260819_045002",48abf1411f575d8b604c72d570cfd2a9cfe07039bc081314da86cf13043e8dd4,hammond,HAMMOND,jalan,2026-09-01,2026-08-19T05:01:47+09:00,"room:和室二間トリプルベッド|plan:【早割プラン☆素泊まり】7日前まで予約で1,000円off!7箇所の湯めぐり無料特典♪ご夕食は温泉街へ|meal:confirmed_room_only|occ:2a0c1r|los:1",和室二間トリプルベッド,"text:【早割プラン☆素泊まり】7日前まで予約で1,000円off!7箇所の湯めぐり無料特典♪ご夕食は温泉街へ","【早割プラン☆素泊まり】7日前まで予約で1,000円OFF!7箇所の湯めぐり無料特典♪ご夕食は温泉街へ",2,0,1,1,JPY,18800,AVAILABLE,3,PUBLIC_SCARCITY_COUNT,PRODUCT,HIGH,495e95a2ee25449f8347c3931de18a266b3cc8f10da6305cf9ee38f28428bfef,core_competitor_obs_20260819_045002
"jalan|hammond|2026-09-01|room:和室角部屋|plan:【早割プラン☆素泊まり】7日前まで予約で1,000円off!7箇所の湯めぐり無料特典♪ご夕食は温泉街へ|meal:confirmed_room_only|occ:2a0c1r|los:1|text:【早割プラン☆素泊まり】7日前まで予約で1,000円off!7箇所の湯めぐり無料特典♪ご夕食は温泉街へ|2|0|1|1|core_competitor_obs_20260819_045002",793d7624b829c3490ded78e446e7f53591db649f3f9b5f5b07a0fc50cbbc4e40,hammond,HAMMOND,jalan,2026-09-01,2026-08-19T05:01:47+09:00,"room:和室角部屋|plan:【早割プラン☆素泊まり】7日前まで予約で1,000円off!7箇所の湯めぐり無料特典♪ご夕食は温泉街へ|meal:confirmed_room_only|occ:2a0c1r|los:1",和室角部屋,"text:【早割プラン☆素泊まり】7日前まで予約で1,000円off!7箇所の湯めぐり無料特典♪ご夕食は温泉街へ","【早割プラン☆素泊まり】7日前まで予約で1,000円OFF!7箇所の湯めぐり無料特典♪ご夕食は温泉街へ",2,0,1,1,JPY,17000,AVAILABLE,2,PUBLIC_SCARCITY_COUNT,PRODUCT,HIGH,222f01f9c80550ff3a962287069c3bcf1261b419ee3dd7b736c9e4966210342f,core_competitor_obs_20260819_045002
"jalan|hammond|2026-09-01|room:スタンダード和室|plan:【早割プラン☆素泊まり】7日前まで予約で1,000円off!7箇所の湯めぐり無料特典♪ご夕食は温泉街へ|meal:confirmed_room_only|occ:2a0c1r|los:1|text:【早割プラン☆素泊まり】7日前まで予約で1,000円off!7箇所の湯めぐり無料特典♪ご夕食は温泉街へ|2|0|1|1|core_competitor_obs_20260819_045002",4b6a8afe9ad27b4b48dbcc86c770b202edd764f7a436132010a97389170391e2,hammond,HAMMOND,jalan,2026-09-01,2026-08-19T05:01:47+09:00,"room:スタンダード和室|plan:【早割プラン☆素泊まり】7日前まで予約で1,000円off!7箇所の湯めぐり無料特典♪ご夕食は温泉街へ|meal:confirmed_room_only|occ:2a0c1r|los:1",スタンダード和室,"text:【早割プラン☆素泊まり】7日前まで予約で1,000円off!7箇所の湯めぐり無料特典♪ご夕食は温泉街へ","【早割プラン☆素泊まり】7日前まで予約で1,000円OFF!7箇所の湯めぐり無料特典♪ご夕食は温泉街へ",2,0,1,1,JPY,13000,AVAILABLE,,UNKNOWN,PRODUCT,MEDIUM,867eab73de0cc252a488e0b45c0ecceca2929d95389f41765fca7fae03b945aa,core_competitor_obs_20260819_045002
"jalan|hammond|2026-09-01|room:スタンダード洋室|plan:【早割プラン☆素泊まり】7日前まで予約で1,000円off!7箇所の湯めぐり無料特典♪ご夕食は温泉街へ|meal:confirmed_room_only|occ:2a0c1r|los:1|text:【早割プラン☆素泊まり】7日前まで予約で1,000円off!7箇所の湯めぐり無料特典♪ご夕食は温泉街へ|2|0|1|1|core_competitor_obs_20260819_045002",b84abc00cc23acec5f58e0f41c43e5f50283a1c5475ae3287b6a5424d579f120,hammond,HAMMOND,jalan,2026-09-01,2026-08-19T05:01:47+09:00,"room:スタンダード洋室|plan:【早割プラン☆素泊まり】7日前まで予約で1,000円off!7箇所の湯めぐり無料特典♪ご夕食は温泉街へ|meal:confirmed_room_only|occ:2a0c1r|los:1",スタンダード洋室,"text:【早割プラン☆素泊まり】7日前まで予約で1,000円off!7箇所の湯めぐり無料特典♪ご夕食は温泉街へ","【早割プラン☆素泊まり】7日前まで予約で1,000円OFF!7箇所の湯めぐり無料特典♪ご夕食は温泉街へ",2,0,1,1,JPY,13000,AVAILABLE,,UNKNOWN,PRODUCT,MEDIUM,4e8b8a427241e637792c4f2826712ab74a96e3f0102bf3d870b62a3e246eedea,core_competitor_obs_20260819_045002
"jalan|hammond|2026-09-01|room:倶楽部ルーム|plan:【早割プラン☆素泊まり】7日前まで予約で1,000円off!7箇所の湯めぐり無料特典♪ご夕食は温泉街へ|meal:confirmed_room_only|occ:2a0c1r|los:1|text:【早割プラン☆素泊まり】7日前まで予約で1,000円off!7箇所の湯めぐり無料特典♪ご夕食は温泉街へ|2|0|1|1|core_competitor_obs_20260819_045002",3f165002dd6ac862f63466a3631debc3c59a3a647de3de2dec2d4b76c7e8e4b8,hammond,HAMMOND,jalan,2026-09-01,2026-08-19T05:01:47+09:00,"room:倶楽部ルーム|plan:【早割プラン☆素泊まり】7日前まで予約で1,000円off!7箇所の湯めぐり無料特典♪ご夕食は温泉街へ|meal:confirmed_room_only|occ:2a0c1r|los:1",倶楽部ルーム,"text:【早割プラン☆素泊まり】7日前まで予約で1,000円off!7箇所の湯めぐり無料特典♪ご夕食は温泉街へ","【早割プラン☆素泊まり】7日前まで予約で1,000円OFF!7箇所の湯めぐり無料特典♪ご夕食は温泉街へ",2,0,1,1,JPY,13000,AVAILABLE,3,PUBLIC_SCARCITY_COUNT,PRODUCT,HIGH,81ad4a34aac531d728ec100774e104415f4f58163fa6f2cc0f203a713d620881,core_competitor_obs_20260819_045002
jalan|hammond|2026-09-01|room:和室二間トリプルベッド|plan:【じゃらん限定ポイント10%】ポイント貯めてお得に使おう★蔵王温泉リーズナブルステイ|meal:confirmed_room_only|occ:2a0c1r|los:1|text:【じゃらん限定ポイント10%】ポイント貯めてお得に使おう★蔵王温泉リーズナブルステイ|2|0|1|1|core_competitor_obs_20260819_045002,76381f76f804e45182207da6ea9fe39d4625b03807eb45c435be4b940173992a,hammond,HAMMOND,jalan,2026-09-01,2026-08-19T05:01:47+09:00,room:和室二間トリプルベッド|plan:【じゃらん限定ポイント10%】ポイント貯めてお得に使おう★蔵王温泉リーズナブルステイ|meal:confirmed_room_only|occ:2a0c1r|los:1,和室二間トリプルベッド,text:【じゃらん限定ポイント10%】ポイント貯めてお得に使おう★蔵王温泉リーズナブルステイ,【じゃらん限定ポイント10%】ポイント貯めてお得に使おう★蔵王温泉リーズナブルステイ,2,0,1,1,JPY,21384,AVAILABLE,3,PUBLIC_SCARCITY_COUNT,PRODUCT,HIGH,d93415d52f95d27867f1e1f67233884ba0b1af6a6845c41374f56b1a5df9f915,core_competitor_obs_20260819_045002
jalan|hammond|2026-09-01|room:和室角部屋|plan:【じゃらん限定ポイント10%】ポイント貯めてお得に使おう★蔵王温泉リーズナブルステイ|meal:confirmed_room_only|occ:2a0c1r|los:1|text:【じゃらん限定ポイント10%】ポイント貯めてお得に使おう★蔵王温泉リーズナブルステイ|2|0|1|1|core_competitor_obs_20260819_045002,7605c98077cd67d3795047c799a14d56e79f9ce2a3c9699ce081df4d749efd40,hammond,HAMMOND,jalan,2026-09-01,2026-08-19T05:01:47+09:00,room:和室角部屋|plan:【じゃらん限定ポイント10%】ポイント貯めてお得に使おう★蔵王温泉リーズナブルステイ|meal:confirmed_room_only|occ:2a0c1r|los:1,和室角部屋,text:【じゃらん限定ポイント10%】ポイント貯めてお得に使おう★蔵王温泉リーズナブルステイ,【じゃらん限定ポイント10%】ポイント貯めてお得に使おう★蔵王温泉リーズナブルステイ,2,0,1,1,JPY,19440,AVAILABLE,2,PUBLIC_SCARCITY_COUNT,PRODUCT,HIGH,fce98c314e9e721351df883f8bf8d7f411e493272ace28f23baad52a79baeab9,core_competitor_obs_20260819_045002
jalan|hammond|2026-09-01|room:スタンダード和室|plan:【じゃらん限定ポイント10%】ポイント貯めてお得に使おう★蔵王温泉リーズナブルステイ|meal:confirmed_room_only|occ:2a0c1r|los:1|text:【じゃらん限定ポイント10%】ポイント貯めてお得に使おう★蔵王温泉リーズナブルステイ|2|0|1|1|core_competitor_obs_20260819_045002,8e999fffe2c5313ec541c11ae10c7747fe961bc88e78e5d3fbccb83dfebd9269,hammond,HAMMOND,jalan,2026-09-01,2026-08-19T05:01:47+09:00,room:スタンダード和室|plan:【じゃらん限定ポイント10%】ポイント貯めてお得に使おう★蔵王温泉リーズナブルステイ|meal:confirmed_room_only|occ:2a0c1r|los:1,スタンダード和室,text:【じゃらん限定ポイント10%】ポイント貯めてお得に使おう★蔵王温泉リーズナブルステイ,【じゃらん限定ポイント10%】ポイント貯めてお得に使おう★蔵王温泉リーズナブルステイ,2,0,1,1,JPY,15120,AVAILABLE,,UNKNOWN,PRODUCT,MEDIUM,6941af4541cdf92f168bbc7c73deb184f96b8b41896e7b538e4873f0263497c3,core_competitor_obs_20260819_045002
jalan|hammond|2026-09-01|room:スタンダード洋室|plan:【じゃらん限定ポイント10%】ポイント貯めてお得に使おう★蔵王温泉リーズナブルステイ|meal:confirmed_room_only|occ:2a0c1r|los:1|text:【じゃらん限定ポイント10%】ポイント貯めてお得に使おう★蔵王温泉リーズナブルステイ|2|0|1|1|core_competitor_obs_20260819_045002,6ad3c19287fb527336f14b3190de68f6c6c0a109239c4c242c4815a33e840661,hammond,HAMMOND,jalan,2026-09-01,2026-08-19T05:01:47+09:00,room:スタンダード洋室|plan:【じゃらん限定ポイント10%】ポイント貯めてお得に使おう★蔵王温泉リーズナブルステイ|meal:confirmed_room_only|occ:2a0c1r|los:1,スタンダード洋室,text:【じゃらん限定ポイント10%】ポイント貯めてお得に使おう★蔵王温泉リーズナブルステイ,【じゃらん限定ポイント10%】ポイント貯めてお得に使おう★蔵王温泉リーズナブルステイ,2,0,1,1,JPY,15120,AVAILABLE,,UNKNOWN,PRODUCT,MEDIUM,eb573774b4a8937b3bd7ca97099f0df7423c6a983d8a93ea777356be65357857,core_competitor_obs_20260819_045002
jalan|hammond|2026-09-01|room:倶楽部ルーム|plan:【じゃらん限定ポイント10%】ポイント貯めてお得に使おう★蔵王温泉リーズナブルステイ|meal:confirmed_room_only|occ:2a0c1r|los:1|text:【じゃらん限定ポイント10%】ポイント貯めてお得に使おう★蔵王温泉リーズナブルステイ|2|0|1|1|core_competitor_obs_20260819_045002,4feb69e813db7903b8d296fc9984336469f691135590ca11eb0e76ad916a646c,hammond,HAMMOND,jalan,2026-09-01,2026-08-19T05:01:47+09:00,room:倶楽部ルーム|plan:【じゃらん限定ポイント10%】ポイント貯めてお得に使おう★蔵王温泉リーズナブルステイ|meal:confirmed_room_only|occ:2a0c1r|los:1,倶楽部ルーム,text:【じゃらん限定ポイント10%】ポイント貯めてお得に使おう★蔵王温泉リーズナブルステイ,【じゃらん限定ポイント10%】ポイント貯めてお得に使おう★蔵王温泉リーズナブルステイ,2,0,1,1,JPY,15120,AVAILABLE,3,PUBLIC_SCARCITY_COUNT,PRODUCT,HIGH,631bd91c3c3d46ba215f774a47fe10ba798cde66cd44046822943c390855b8a3,core_competitor_obs_20260819_045002
jalan|hammond|2026-09-01|room:和室二間トリプルベッド|plan:【じゃらんのお得な10日間】素泊まり★10%off!湯めぐり無料特典☆直前割|meal:confirmed_room_only|occ:2a0c1r|los:1|text:【じゃらんのお得な10日間】素泊まり★10%off!湯めぐり無料特典☆直前割|2|0|1|1|core_competitor_obs_20260819_045002,35cc3576a5cdbf6a4ddf2c3eeef2e7046c64ae2bd4181568f96114f10e2a50ac,hammond,HAMMOND,jalan,2026-09-01,2026-08-19T05:01:47+09:00,room:和室二間トリプルベッド|plan:【じゃらんのお得な10日間】素泊まり★10%off!湯めぐり無料特典☆直前割|meal:confirmed_room_only|occ:2a0c1r|los:1,和室二間トリプルベッド,text:【じゃらんのお得な10日間】素泊まり★10%off!湯めぐり無料特典☆直前割,【じゃらんのお得な10日間】素泊まり★10%OFF!湯めぐり無料特典☆直前割,2,0,1,1,JPY,17820,AVAILABLE,3,PUBLIC_SCARCITY_COUNT,PRODUCT,HIGH,b9fb15d3a2479bc80f8e0239fe7740eae271a1e464940245be61b7380ad08928,core_competitor_obs_20260819_045002
jalan|hammond|2026-09-01|room:和室角部屋|plan:【じゃらんのお得な10日間】素泊まり★10%off!湯めぐり無料特典☆直前割|meal:confirmed_room_only|occ:2a0c1r|los:1|text:【じゃらんのお得な10日間】素泊まり★10%off!湯めぐり無料特典☆直前割|2|0|1|1|core_competitor_obs_20260819_045002,1eefbb1e8f5f1c09757ea56bf090797b22d62e46ea807232043d50e52bdc4025,hammond,HAMMOND,jalan,2026-09-01,2026-08-19T05:01:47+09:00,room:和室角部屋|plan:【じゃらんのお得な10日間】素泊まり★10%off!湯めぐり無料特典☆直前割|meal:confirmed_room_only|occ:2a0c1r|los:1,和室角部屋,text:【じゃらんのお得な10日間】素泊まり★10%off!湯めぐり無料特典☆直前割,【じゃらんのお得な10日間】素泊まり★10%OFF!湯めぐり無料特典☆直前割,2,0,1,1,JPY,16200,AVAILABLE,2,PUBLIC_SCARCITY_COUNT,PRODUCT,HIGH,5143095ec3a5fb60f708eeb07e47b48f48410ad3e35c5291dcea4ddbb649892d,core_competitor_obs_20260819_045002
jalan|hammond|2026-09-01|room:スタンダード和室|plan:【じゃらんのお得な10日間】素泊まり★10%off!湯めぐり無料特典☆直前割|meal:confirmed_room_only|occ:2a0c1r|los:1|text:【じゃらんのお得な10日間】素泊まり★10%off!湯めぐり無料特典☆直前割|2|0|1|1|core_competitor_obs_20260819_045002,cde68fed59a4bd158e0750d5e31048f4c9c7ef2810ca3759192d4fc61d9c6a7e,hammond,HAMMOND,jalan,2026-09-01,2026-08-19T05:01:47+09:00,room:スタンダード和室|plan:【じゃらんのお得な10日間】素泊まり★10%off!湯めぐり無料特典☆直前割|meal:confirmed_room_only|occ:2a0c1r|los:1,スタンダード和室,text:【じゃらんのお得な10日間】素泊まり★10%off!湯めぐり無料特典☆直前割,【じゃらんのお得な10日間】素泊まり★10%OFF!湯めぐり無料特典☆直前割,2,0,1,1,JPY,12600,AVAILABLE,,UNKNOWN,PRODUCT,MEDIUM,547d98d448a0274b7b583649d4a280a8e241fa3f5eaf7ae72a5b29d7ee0a3214,core_competitor_obs_20260819_045002
jalan|hammond|2026-09-01|room:スタンダード洋室|plan:【じゃらんのお得な10日間】素泊まり★10%off!湯めぐり無料特典☆直前割|meal:confirmed_room_only|occ:2a0c1r|los:1|text:【じゃらんのお得な10日間】素泊まり★10%off!湯めぐり無料特典☆直前割|2|0|1|1|core_competitor_obs_20260819_045002,6035cf8b95a3d1c13c3e787b64b0c2f4fb181a3a0a82d5f279e88173f41f6e03,hammond,HAMMOND,jalan,2026-09-01,2026-08-19T05:01:47+09:00,room:スタンダード洋室|plan:【じゃらんのお得な10日間】素泊まり★10%off!湯めぐり無料特典☆直前割|meal:confirmed_room_only|occ:2a0c1r|los:1,スタンダード洋室,text:【じゃらんのお得な10日間】素泊まり★10%off!湯めぐり無料特典☆直前割,【じゃらんのお得な10日間】素泊まり★10%OFF!湯めぐり無料特典☆直前割,2,0,1,1,JPY,12600,AVAILABLE,,UNKNOWN,PRODUCT,MEDIUM,853f98b81960abb0aeab72c780dd8096202ded38a0b2f9c63bb76380e0f54774,core_competitor_obs_20260819_045002
jalan|hammond|2026-09-02|room:和室二間トリプルベッド|plan:【基本プラン☆素泊まり】蔵王温泉リーズナブルステイ!7箇所の湯めぐり無料特典♪ご夕食は温泉街へ|meal:confirmed_room_only|occ:2a0c1r|los:1|text:【基本プラン☆素泊まり】蔵王温泉リーズナブルステイ!7箇所の湯めぐり無料特典♪ご夕食は温泉街へ|2|0|1|1|core_competitor_obs_20260819_045002,5ed965f14c87c1ba3db8e9dbcf4175bff608a3415410e39e995dc0e93187d306,hammond,HAMMOND,jalan,2026-09-02,2026-08-19T05:01:57+09:00,room:和室二間トリプルベッド|plan:【基本プラン☆素泊まり】蔵王温泉リーズナブルステイ!7箇所の湯めぐり無料特典♪ご夕食は温泉街へ|meal:confirmed_room_only|occ:2a0c1r|los:1,和室二間トリプルベッド,text:【基本プラン☆素泊まり】蔵王温泉リーズナブルステイ!7箇所の湯めぐり無料特典♪ご夕食は温泉街へ,【基本プラン☆素泊まり】蔵王温泉リーズナブルステイ!7箇所の湯めぐり無料特典♪ご夕食は温泉街へ,2,0,1,1,JPY,19800,AVAILABLE,2,PUBLIC_SCARCITY_COUNT,PRODUCT,HIGH,8fbd4c97bec32dad776ef299b47b6d0efb01e3b67ccfd9ea40fa8b03bc5639b4,core_competitor_obs_20260819_045002
jalan|hammond|2026-09-02|room:和室角部屋|plan:【基本プラン☆素泊まり】蔵王温泉リーズナブルステイ!7箇所の湯めぐり無料特典♪ご夕食は温泉街へ|meal:confirmed_room_only|occ:2a0c1r|los:1|text:【基本プラン☆素泊まり】蔵王温泉リーズナブルステイ!7箇所の湯めぐり無料特典♪ご夕食は温泉街へ|2|0|1|1|core_competitor_obs_20260819_045002,72b4a539e5093bf1228c03f2728f4d3891c6dd4c7520bf75c64bb2c0220fce36,hammond,HAMMOND,jalan,2026-09-02,2026-08-19T05:01:57+09:00,room:和室角部屋|plan:【基本プラン☆素泊まり】蔵王温泉リーズナブルステイ!7箇所の湯めぐり無料特典♪ご夕食は温泉街へ|meal:confirmed_room_only|occ:2a0c1r|los:1,和室角部屋,text:【基本プラン☆素泊まり】蔵王温泉リーズナブルステイ!7箇所の湯めぐり無料特典♪ご夕食は温泉街へ,【基本プラン☆素泊まり】蔵王温泉リーズナブルステイ!7箇所の湯めぐり無料特典♪ご夕食は温泉街へ,2,0,1,1,JPY,18000,AVAILABLE,2,PUBLIC_SCARCITY_COUNT,PRODUCT,HIGH,17697f616fd8f62521ba632b0517983888780406b2a04a2832c53929b9186abb,core_competitor_obs_20260819_045002
jalan|hammond|2026-09-02|room:スタンダード和室|plan:【基本プラン☆素泊まり】蔵王温泉リーズナブルステイ!7箇所の湯めぐり無料特典♪ご夕食は温泉街へ|meal:confirmed_room_only|occ:2a0c1r|los:1|text:【基本プラン☆素泊まり】蔵王温泉リーズナブルステイ!7箇所の湯めぐり無料特典♪ご夕食は温泉街へ|2|0|1|1|core_competitor_obs_20260819_045002,0dff0110f152f2008c189eff0bbdaea1943eeeb6f7d02959a65a6676f8b982d1,hammond,HAMMOND,jalan,2026-09-02,2026-08-19T05:01:57+09:00,room:スタンダード和室|plan:【基本プラン☆素泊まり】蔵王温泉リーズナブルステイ!7箇所の湯めぐり無料特典♪ご夕食は温泉街へ|meal:confirmed_room_only|occ:2a0c1r|los:1,スタンダード和室,text:【基本プラン☆素泊まり】蔵王温泉リーズナブルステイ!7箇所の湯めぐり無料特典♪ご夕食は温泉街へ,【基本プラン☆素泊まり】蔵王温泉リーズナブルステイ!7箇所の湯めぐり無料特典♪ご夕食は温泉街へ,2,0,1,1,JPY,14000,AVAILABLE,,UNKNOWN,PRODUCT,MEDIUM,5c667325f08388054e79d30a94c030f8ebdcd3daf68d9519b7f29a6fb36fff69,core_competitor_obs_20260819_045002
jalan|hammond|2026-09-02|room:スタンダード洋室|plan:【基本プラン☆素泊まり】蔵王温泉リーズナブルステイ!7箇所の湯めぐり無料特典♪ご夕食は温泉街へ|meal:confirmed_room_only|occ:2a0c1r|los:1|text:【基本プラン☆素泊まり】蔵王温泉リーズナブルステイ!7箇所の湯めぐり無料特典♪ご夕食は温泉街へ|2|0|1|1|core_competitor_obs_20260819_045002,eb07a120163224ceb9e0ee8e1914c1d2c22a5dfee7c416a51cfd02c72595dbdd,hammond,HAMMOND,jalan,2026-09-02,2026-08-19T05:01:57+09:00,room:スタンダード洋室|plan:【基本プラン☆素泊まり】蔵王温泉リーズナブルステイ!7箇所の湯めぐり無料特典♪ご夕食は温泉街へ|meal:confirmed_room_only|occ:2a0c1r|los:1,スタンダード洋室,text:【基本プラン☆素泊まり】蔵王温泉リーズナブルステイ!7箇所の湯めぐり無料特典♪ご夕食は温泉街へ,【基本プラン☆素泊まり】蔵王温泉リーズナブルステイ!7箇所の湯めぐり無料特典♪ご夕食は温泉街へ,2,0,1,1,JPY,14000,AVAILABLE,,UNKNOWN,PRODUCT,MEDIUM,a57434142ab048512ea89b781a02924dd19201de4d0fdcb16d85c96035f03589,core_competitor_obs_20260819_045002
jalan|hammond|2026-09-02|room:倶楽部ルーム|plan:【基本プラン☆素泊まり】蔵王温泉リーズナブルステイ!7箇所の湯めぐり無料特典♪ご夕食は温泉街へ|meal:confirmed_room_only|occ:2a0c1r|los:1|text:【基本プラン☆素泊まり】蔵王温泉リーズナブルステイ!7箇所の湯めぐり無料特典♪ご夕食は温泉街へ|2|0|1|1|core_competitor_obs_20260819_045002,057ab8ed619b2dd48fbe075f565ea848f4896431136fd6e95af79282083119a9,hammond,HAMMOND,jalan,2026-09-02,2026-08-19T05:01:57+09:00,room:倶楽部ルーム|plan:【基本プラン☆素泊まり】蔵王温泉リーズナブルステイ!7箇所の湯めぐり無料特典♪ご夕食は温泉街へ|meal:confirmed_room_only|occ:2a0c1r|los:1,倶楽部ルーム,text:【基本プラン☆素泊まり】蔵王温泉リーズナブルステイ!7箇所の湯めぐり無料特典♪ご夕食は温泉街へ,【基本プラン☆素泊まり】蔵王温泉リーズナブルステイ!7箇所の湯めぐり無料特典♪ご夕食は温泉街へ,2,0,1,1,JPY,14000,AVAILABLE,3,PUBLIC_SCARCITY_COUNT,PRODUCT,HIGH,125cb5cfb6518e568af524e31337d305676cdc60280ac47f2d8e09198aba7ff0,core_competitor_obs_20260819_045002
"jalan|hammond|2026-09-02|room:和室二間トリプルベッド|plan:【早割プラン☆素泊まり】7日前まで予約で1,000円off!7箇所の湯めぐり無料特典♪ご夕食は温泉街へ|meal:confirmed_room_only|occ:2a0c1r|los:1|text:【早割プラン☆素泊まり】7日前まで予約で1,000円off!7箇所の湯めぐり無料特典♪ご夕食は温泉街へ|2|0|1|1|core_competitor_obs_20260819_045002",d69137fe3059e51efb934e5119c7b60c2c337e60613bbf9b1bc7db373a1a63af,hammond,HAMMOND,jalan,2026-09-02,2026-08-19T05:01:57+09:00,"room:和室二間トリプルベッド|plan:【早割プラン☆素泊まり】7日前まで予約で1,000円off!7箇所の湯めぐり無料特典♪ご夕食は温泉街へ|meal:confirmed_room_only|occ:2a0c1r|los:1",和室二間トリプルベッド,"text:【早割プラン☆素泊まり】7日前まで予約で1,000円off!7箇所の湯めぐり無料特典♪ご夕食は温泉街へ","【早割プラン☆素泊まり】7日前まで予約で1,000円OFF!7箇所の湯めぐり無料特典♪ご夕食は温泉街へ",2,0,1,1,JPY,18800,AVAILABLE,2,PUBLIC_SCARCITY_COUNT,PRODUCT,HIGH,6699be6f0cc39b374c2c3abd675c48c8d6c6f1d0acabf7b1bbc66a8722271db3,core_competitor_obs_20260819_045002
"jalan|hammond|2026-09-02|room:和室角部屋|plan:【早割プラン☆素泊まり】7日前まで予約で1,000円off!7箇所の湯めぐり無料特典♪ご夕食は温泉街へ|meal:confirmed_room_only|occ:2a0c1r|los:1|text:【早割プラン☆素泊まり】7日前まで予約で1,000円off!7箇所の湯めぐり無料特典♪ご夕食は温泉街へ|2|0|1|1|core_competitor_obs_20260819_045002",ebce95a237c8f889d1090541a84802882ceeecf73fe21c6d87a126e6731a83db,hammond,HAMMOND,jalan,2026-09-02,2026-08-19T05:01:57+09:00,"room:和室角部屋|plan:【早割プラン☆素泊まり】7日前まで予約で1,000円off!7箇所の湯めぐり無料特典♪ご夕食は温泉街へ|meal:confirmed_room_only|occ:2a0c1r|los:1",和室角部屋,"text:【早割プラン☆素泊まり】7日前まで予約で1,000円off!7箇所の湯めぐり無料特典♪ご夕食は温泉街へ","【早割プラン☆素泊まり】7日前まで予約で1,000円OFF!7箇所の湯めぐり無料特典♪ご夕食は温泉街へ",2,0,1,1,JPY,17000,AVAILABLE,2,PUBLIC_SCARCITY_COUNT,PRODUCT,HIGH,222f01f9c80550ff3a962287069c3bcf1261b419ee3dd7b736c9e4966210342f,core_competitor_obs_20260819_045002
"jalan|hammond|2026-09-02|room:スタンダード和室|plan:【早割プラン☆素泊まり】7日前まで予約で1,000円off!7箇所の湯めぐり無料特典♪ご夕食は温泉街へ|meal:confirmed_room_only|occ:2a0c1r|los:1|text:【早割プラン☆素泊まり】7日前まで予約で1,000円off!7箇所の湯めぐり無料特典♪ご夕食は温泉街へ|2|0|1|1|core_competitor_obs_20260819_045002",ddd006e8428d73258e8270b6cfe39544147cbac0e50c376e9103306365ec30cc,hammond,HAMMOND,jalan,2026-09-02,2026-08-19T05:01:57+09:00,"room:スタンダード和室|plan:【早割プラン☆素泊まり】7日前まで予約で1,000円off!7箇所の湯めぐり無料特典♪ご夕食は温泉街へ|meal:confirmed_room_only|occ:2a0c1r|los:1",スタンダード和室,"text:【早割プラン☆素泊まり】7日前まで予約で1,000円off!7箇所の湯めぐり無料特典♪ご夕食は温泉街へ","【早割プラン☆素泊まり】7日前まで予約で1,000円OFF!7箇所の湯めぐり無料特典♪ご夕食は温泉街へ",2,0,1,1,JPY,13000,AVAILABLE,,UNKNOWN,PRODUCT,MEDIUM,867eab73de0cc252a488e0b45c0ecceca2929d95389f41765fca7fae03b945aa,core_competitor_obs_20260819_045002
"jalan|hammond|2026-09-02|room:スタンダード洋室|plan:【早割プラン☆素泊まり】7日前まで予約で1,000円off!7箇所の湯めぐり無料特典♪ご夕食は温泉街へ|meal:confirmed_room_only|occ:2a0c1r|los:1|text:【早割プラン☆素泊まり】7日前まで予約で1,000円off!7箇所の湯めぐり無料特典♪ご夕食は温泉街へ|2|0|1|1|core_competitor_obs_20260819_045002",0b29cb977ad2580062efa8a9669f6745eff376325cf37ac49a13ea2d2b176da4,hammond,HAMMOND,jalan,2026-09-02,2026-08-19T05:01:57+09:00,"room:スタンダード洋室|plan:【早割プラン☆素泊まり】7日前まで予約で1,000円off!7箇所の湯めぐり無料特典♪ご夕食は温泉街へ|meal:confirmed_room_only|occ:2a0c1r|los:1",スタンダード洋室,"text:【早割プラン☆素泊まり】7日前まで予約で1,000円off!7箇所の湯めぐり無料特典♪ご夕食は温泉街へ","【早割プラン☆素泊まり】7日前まで予約で1,000円OFF!7箇所の湯めぐり無料特典♪ご夕食は温泉街へ",2,0,1,1,JPY,13000,AVAILABLE,,UNKNOWN,PRODUCT,MEDIUM,4e8b8a427241e637792c4f2826712ab74a96e3f0102bf3d870b62a3e246eedea,core_competitor_obs_20260819_045002
"jalan|hammond|2026-09-02|room:倶楽部ルーム|plan:【早割プラン☆素泊まり】7日前まで予約で1,000円off!7箇所の湯めぐり無料特典♪ご夕食は温泉街へ|meal:confirmed_room_only|occ:2a0c1r|los:1|text:【早割プラン☆素泊まり】7日前まで予約で1,000円off!7箇所の湯めぐり無料特典♪ご夕食は温泉街へ|2|0|1|1|core_competitor_obs_20260819_045002",178a9fc62ff0b764840e4003e973ae48744178486253cbf37f055ba4e2e71f5c,hammond,HAMMOND,jalan,2026-09-02,2026-08-19T05:01:57+09:00,"room:倶楽部ルーム|plan:【早割プラン☆素泊まり】7日前まで予約で1,000円off!7箇所の湯めぐり無料特典♪ご夕食は温泉街へ|meal:confirmed_room_only|occ:2a0c1r|los:1",倶楽部ルーム,"text:【早割プラン☆素泊まり】7日前まで予約で1,000円off!7箇所の湯めぐり無料特典♪ご夕食は温泉街へ","【早割プラン☆素泊まり】7日前まで予約で1,000円OFF!7箇所の湯めぐり無料特典♪ご夕食は温泉街へ",2,0,1,1,JPY,13000,AVAILABLE,3,PUBLIC_SCARCITY_COUNT,PRODUCT,HIGH,81ad4a34aac531d728ec100774e104415f4f58163fa6f2cc0f203a713d620881,core_competitor_obs_20260819_045002
jalan|hammond|2026-09-02|room:和室二間トリプルベッド|plan:【じゃらん限定ポイント10%】ポイント貯めてお得に使おう★蔵王温泉リーズナブルステイ|meal:confirmed_room_only|occ:2a0c1r|los:1|text:【じゃらん限定ポイント10%】ポイント貯めてお得に使おう★蔵王温泉リーズナブルステイ|2|0|1|1|core_competitor_obs_20260819_045002,327ec25f8dfe6b1463921d03c88d4e3d2b83c8b14509c0104b7bb13dfb25afe1,hammond,HAMMOND,jalan,2026-09-02,2026-08-19T05:01:57+09:00,room:和室二間トリプルベッド|plan:【じゃらん限定ポイント10%】ポイント貯めてお得に使おう★蔵王温泉リーズナブルステイ|meal:confirmed_room_only|occ:2a0c1r|los:1,和室二間トリプルベッド,text:【じゃらん限定ポイント10%】ポイント貯めてお得に使おう★蔵王温泉リーズナブルステイ,【じゃらん限定ポイント10%】ポイント貯めてお得に使おう★蔵王温泉リーズナブルステイ,2,0,1,1,JPY,21384,AVAILABLE,2,PUBLIC_SCARCITY_COUNT,PRODUCT,HIGH,02ed260c73cf9a29c5082d5b8f58006a87b9c9965f4eff6c0cda3230c540e574,core_competitor_obs_20260819_045002
jalan|hammond|2026-09-02|room:和室角部屋|plan:【じゃらん限定ポイント10%】ポイント貯めてお得に使おう★蔵王温泉リーズナブルステイ|meal:confirmed_room_only|occ:2a0c1r|los:1|text:【じゃらん限定ポイント10%】ポイント貯めてお得に使おう★蔵王温泉リーズナブルステイ|2|0|1|1|core_competitor_obs_20260819_045002,aece33a72bea6b89df24ff1d4cd4fe65d061e6facbca98e162e2c6fae268ac61,hammond,HAMMOND,jalan,2026-09-02,2026-08-19T05:01:57+09:00,room:和室角部屋|plan:【じゃらん限定ポイント10%】ポイント貯めてお得に使おう★蔵王温泉リーズナブルステイ|meal:confirmed_room_only|occ:2a0c1r|los:1,和室角部屋,text:【じゃらん限定ポイント10%】ポイント貯めてお得に使おう★蔵王温泉リーズナブルステイ,【じゃらん限定ポイント10%】ポイント貯めてお得に使おう★蔵王温泉リーズナブルステイ,2,0,1,1,JPY,19440,AVAILABLE,2,PUBLIC_SCARCITY_COUNT,PRODUCT,HIGH,fce98c314e9e721351df883f8bf8d7f411e493272ace28f23baad52a79baeab9,core_competitor_obs_20260819_045002
jalan|hammond|2026-09-02|room:スタンダード和室|plan:【じゃらん限定ポイント10%】ポイント貯めてお得に使おう★蔵王温泉リーズナブルステイ|meal:confirmed_room_only|occ:2a0c1r|los:1|text:【じゃらん限定ポイント10%】ポイント貯めてお得に使おう★蔵王温泉リーズナブルステイ|2|0|1|1|core_competitor_obs_20260819_045002,2b3c8f42e016236d1c7b8d73ed20a8128d5b54d79824fcb508d5505d81e3c4ba,hammond,HAMMOND,jalan,2026-09-02,2026-08-19T05:01:57+09:00,room:スタンダード和室|plan:【じゃらん限定ポイント10%】ポイント貯めてお得に使おう★蔵王温泉リーズナブルステイ|meal:confirmed_room_only|occ:2a0c1r|los:1,スタンダード和室,text:【じゃらん限定ポイント10%】ポイント貯めてお得に使おう★蔵王温泉リーズナブルステイ,【じゃらん限定ポイント10%】ポイント貯めてお得に使おう★蔵王温泉リーズナブルステイ,2,0,1,1,JPY,15120,AVAILABLE,,UNKNOWN,PRODUCT,MEDIUM,6941af4541cdf92f168bbc7c73deb184f96b8b41896e7b538e4873f0263497c3,core_competitor_obs_20260819_045002
jalan|hammond|2026-09-02|room:スタンダード洋室|plan:【じゃらん限定ポイント10%】ポイント貯めてお得に使おう★蔵王温泉リーズナブルステイ|meal:confirmed_room_only|occ:2a0c1r|los:1|text:【じゃらん限定ポイント10%】ポイント貯めてお得に使おう★蔵王温泉リーズナブルステイ|2|0|1|1|core_competitor_obs_20260819_045002,a34e5d23f69c16abd782aa98abee679ae226c57859710280ce7d01d7b82277d3,hammond,HAMMOND,jalan,2026-09-02,2026-08-19T05:01:57+09:00,room:スタンダード洋室|plan:【じゃらん限定ポイント10%】ポイント貯めてお得に使おう★蔵王温泉リーズナブルステイ|meal:confirmed_room_only|occ:2a0c1r|los:1,スタンダード洋室,text:【じゃらん限定ポイント10%】ポイント貯めてお得に使おう★蔵王温泉リーズナブルステイ,【じゃらん限定ポイント10%】ポイント貯めてお得に使おう★蔵王温泉リーズナブルステイ,2,0,1,1,JPY,15120,AVAILABLE,,UNKNOWN,PRODUCT,MEDIUM,eb573774b4a8937b3bd7ca97099f0df7423c6a983d8a93ea777356be65357857,core_competitor_obs_20260819_045002
jalan|hammond|2026-09-02|room:倶楽部ルーム|plan:【じゃらん限定ポイント10%】ポイント貯めてお得に使おう★蔵王温泉リーズナブルステイ|meal:confirmed_room_only|occ:2a0c1r|los:1|text:【じゃらん限定ポイント10%】ポイント貯めてお得に使おう★蔵王温泉リーズナブルステイ|2|0|1|1|core_competitor_obs_20260819_045002,870e73df9a702e027788932ead2c22e2e0efcc4bf3db95f40d8239ff21eb791e,hammond,HAMMOND,jalan,2026-09-02,2026-08-19T05:01:57+09:00,room:倶楽部ルーム|plan:【じゃらん限定ポイント10%】ポイント貯めてお得に使おう★蔵王温泉リーズナブルステイ|meal:confirmed_room_only|occ:2a0c1r|los:1,倶楽部ルーム,text:【じゃらん限定ポイント10%】ポイント貯めてお得に使おう★蔵王温泉リーズナブルステイ,【じゃらん限定ポイント10%】ポイント貯めてお得に使おう★蔵王温泉リーズナブルステイ,2,0,1,1,JPY,15120,AVAILABLE,3,PUBLIC_SCARCITY_COUNT,PRODUCT,HIGH,631bd91c3c3d46ba215f774a47fe10ba798cde66cd44046822943c390855b8a3,core_competitor_obs_20260819_045002
jalan|hammond|2026-09-02|room:和室二間トリプルベッド|plan:【じゃらんのお得な10日間】素泊まり★10%off!湯めぐり無料特典☆直前割|meal:confirmed_room_only|occ:2a0c1r|los:1|text:【じゃらんのお得な10日間】素泊まり★10%off!湯めぐり無料特典☆直前割|2|0|1|1|core_competitor_obs_20260819_045002,52a001018f48f8ec33ab8eae45f2880156be0fd464858ca2944aad339eebd110,hammond,HAMMOND,jalan,2026-09-02,2026-08-19T05:01:57+09:00,room:和室二間トリプルベッド|plan:【じゃらんのお得な10日間】素泊まり★10%off!湯めぐり無料特典☆直前割|meal:confirmed_room_only|occ:2a0c1r|los:1,和室二間トリプルベッド,text:【じゃらんのお得な10日間】素泊まり★10%off!湯めぐり無料特典☆直前割,【じゃらんのお得な10日間】素泊まり★10%OFF!湯めぐり無料特典☆直前割,2,0,1,1,JPY,17820,AVAILABLE,2,PUBLIC_SCARCITY_COUNT,PRODUCT,HIGH,4c8c986b1292f300dbd535037459bf39e2ad5de121266e4bb42f0c3fda55f0ea,core_competitor_obs_20260819_045002
jalan|hammond|2026-09-02|room:和室角部屋|plan:【じゃらんのお得な10日間】素泊まり★10%off!湯めぐり無料特典☆直前割|meal:confirmed_room_only|occ:2a0c1r|los:1|text:【じゃらんのお得な10日間】素泊まり★10%off!湯めぐり無料特典☆直前割|2|0|1|1|core_competitor_obs_20260819_045002,ba52d905a4060f019e90a776fb38b9952719ac74d7ea707237cb74c926ebc1d4,hammond,HAMMOND,jalan,2026-09-02,2026-08-19T05:01:57+09:00,room:和室角部屋|plan:【じゃらんのお得な10日間】素泊まり★10%off!湯めぐり無料特典☆直前割|meal:confirmed_room_only|occ:2a0c1r|los:1,和室角部屋,text:【じゃらんのお得な10日間】素泊まり★10%off!湯めぐり無料特典☆直前割,【じゃらんのお得な10日間】素泊まり★10%OFF!湯めぐり無料特典☆直前割,2,0,1,1,JPY,16200,AVAILABLE,2,PUBLIC_SCARCITY_COUNT,PRODUCT,HIGH,5143095ec3a5fb60f708eeb07e47b48f48410ad3e35c5291dcea4ddbb649892d,core_competitor_obs_20260819_045002
jalan|hammond|2026-09-02|room:スタンダード和室|plan:【じゃらんのお得な10日間】素泊まり★10%off!湯めぐり無料特典☆直前割|meal:confirmed_room_only|occ:2a0c1r|los:1|text:【じゃらんのお得な10日間】素泊まり★10%off!湯めぐり無料特典☆直前割|2|0|1|1|core_competitor_obs_20260819_045002,80f3c329f7480a0011c4b84eb05dc1e0d55483575271a09a268ab109234651c6,hammond,HAMMOND,jalan,2026-09-02,2026-08-19T05:01:57+09:00,room:スタンダード和室|plan:【じゃらんのお得な10日間】素泊まり★10%off!湯めぐり無料特典☆直前割|meal:confirmed_room_only|occ:2a0c1r|los:1,スタンダード和室,text:【じゃらんのお得な10日間】素泊まり★10%off!湯めぐり無料特典☆直前割,【じゃらんのお得な10日間】素泊まり★10%OFF!湯めぐり無料特典☆直前割,2,0,1,1,JPY,12600,AVAILABLE,,UNKNOWN,PRODUCT,MEDIUM,547d98d448a0274b7b583649d4a280a8e241fa3f5eaf7ae72a5b29d7ee0a3214,core_competitor_obs_20260819_045002
jalan|hammond|2026-09-02|room:スタンダード洋室|plan:【じゃらんのお得な10日間】素泊まり★10%off!湯めぐり無料特典☆直前割|meal:confirmed_room_only|occ:2a0c1r|los:1|text:【じゃらんのお得な10日間】素泊まり★10%off!湯めぐり無料特典☆直前割|2|0|1|1|core_competitor_obs_20260819_045002,ff3675a625743116379e6b5bf664494a5d708706f177eddc60b9c27348268318,hammond,HAMMOND,jalan,2026-09-02,2026-08-19T05:01:57+09:00,room:スタンダード洋室|plan:【じゃらんのお得な10日間】素泊まり★10%off!湯めぐり無料特典☆直前割|meal:confirmed_room_only|occ:2a0c1r|los:1,スタンダード洋室,text:【じゃらんのお得な10日間】素泊まり★10%off!湯めぐり無料特典☆直前割,【じゃらんのお得な10日間】素泊まり★10%OFF!湯めぐり無料特典☆直前割,2,0,1,1,JPY,12600,AVAILABLE,,UNKNOWN,PRODUCT,MEDIUM,853f98b81960abb0aeab72c780dd8096202ded38a0b2f9c63bb76380e0f54774,core_competitor_obs_20260819_045002
jalan|yoshidaya|2026-09-01|room:和室13畳|plan:【シニア割プラン】50歳以上限定!大人の贅沢なひととき♪源泉掛け流しの温泉でリフレッシュ♪|meal:meal_included|occ:2a0c1r|los:1|text:【シニア割プラン】50歳以上限定!大人の贅沢なひととき♪源泉掛け流しの温泉でリフレッシュ♪|2|0|1|1|core_competitor_obs_20260819_045002,3eef2b5ef629f07da91f459e7cdc5b024c9bfcb5beb1560af3beef9b483189bf,yoshidaya,吉田屋,jalan,2026-09-01,2026-08-19T05:05:01+09:00,room:和室13畳|plan:【シニア割プラン】50歳以上限定!大人の贅沢なひととき♪源泉掛け流しの温泉でリフレッシュ♪|meal:meal_included|occ:2a0c1r|los:1,和室13畳,text:【シニア割プラン】50歳以上限定!大人の贅沢なひととき♪源泉掛け流しの温泉でリフレッシュ♪,【シニア割プラン】50歳以上限定!大人の贅沢なひととき♪源泉掛け流しの温泉でリフレッシュ♪,2,0,1,1,JPY,25300,AVAILABLE,1,PUBLIC_SCARCITY_COUNT,PRODUCT,HIGH,531274d4410aed8d110a4d85b6f47d1d2a5f4ae37a98f28e10d2d429bbb1feeb,core_competitor_obs_20260819_045002
jalan|yoshidaya|2026-09-01|room:和室12.5畳|plan:【シニア割プラン】50歳以上限定!大人の贅沢なひととき♪源泉掛け流しの温泉でリフレッシュ♪|meal:meal_included|occ:2a0c1r|los:1|text:【シニア割プラン】50歳以上限定!大人の贅沢なひととき♪源泉掛け流しの温泉でリフレッシュ♪|2|0|1|1|core_competitor_obs_20260819_045002,f0dfc76c8dcea08b84ffeae18dbd9729e7aa0ca5f0f2fafcda93986b7a791e0a,yoshidaya,吉田屋,jalan,2026-09-01,2026-08-19T05:05:01+09:00,room:和室12.5畳|plan:【シニア割プラン】50歳以上限定!大人の贅沢なひととき♪源泉掛け流しの温泉でリフレッシュ♪|meal:meal_included|occ:2a0c1r|los:1,和室12.5畳,text:【シニア割プラン】50歳以上限定!大人の贅沢なひととき♪源泉掛け流しの温泉でリフレッシュ♪,【シニア割プラン】50歳以上限定!大人の贅沢なひととき♪源泉掛け流しの温泉でリフレッシュ♪,2,0,1,1,JPY,23100,AVAILABLE,2,PUBLIC_SCARCITY_COUNT,PRODUCT,HIGH,9a48c258668af2016e38792b2d0520209bdd6895b90c1c85739a1eef7ec33340,core_competitor_obs_20260819_045002
jalan|yoshidaya|2026-09-01|room:和室8畳|plan:【シニア割プラン】50歳以上限定!大人の贅沢なひととき♪源泉掛け流しの温泉でリフレッシュ♪|meal:meal_included|occ:2a0c1r|los:1|text:【シニア割プラン】50歳以上限定!大人の贅沢なひととき♪源泉掛け流しの温泉でリフレッシュ♪|2|0|1|1|core_competitor_obs_20260819_045002,e4cdc0512c8923fd73a3ec02d579b66bcd790fdf5b337e8c4692810d91aba5d0,yoshidaya,吉田屋,jalan,2026-09-01,2026-08-19T05:05:01+09:00,room:和室8畳|plan:【シニア割プラン】50歳以上限定!大人の贅沢なひととき♪源泉掛け流しの温泉でリフレッシュ♪|meal:meal_included|occ:2a0c1r|los:1,和室8畳,text:【シニア割プラン】50歳以上限定!大人の贅沢なひととき♪源泉掛け流しの温泉でリフレッシュ♪,【シニア割プラン】50歳以上限定!大人の贅沢なひととき♪源泉掛け流しの温泉でリフレッシュ♪,2,0,1,1,JPY,20900,AVAILABLE,3,PUBLIC_SCARCITY_COUNT,PRODUCT,HIGH,d8baee5c004c6f6c76bd583d2e2b198605e212b8bf3d75d2fbd2e97ba2fb2868,core_competitor_obs_20260819_045002
jalan|yoshidaya|2026-09-01|room:和室6畳|plan:【シニア割プラン】50歳以上限定!大人の贅沢なひととき♪源泉掛け流しの温泉でリフレッシュ♪|meal:meal_included|occ:2a0c1r|los:1|text:【シニア割プラン】50歳以上限定!大人の贅沢なひととき♪源泉掛け流しの温泉でリフレッシュ♪|2|0|1|1|core_competitor_obs_20260819_045002,b26c6904cbd61a849ea2bbb088c8cf82773afe58ba0c3e1a0197471d86c9c777,yoshidaya,吉田屋,jalan,2026-09-01,2026-08-19T05:05:01+09:00,room:和室6畳|plan:【シニア割プラン】50歳以上限定!大人の贅沢なひととき♪源泉掛け流しの温泉でリフレッシュ♪|meal:meal_included|occ:2a0c1r|los:1,和室6畳,text:【シニア割プラン】50歳以上限定!大人の贅沢なひととき♪源泉掛け流しの温泉でリフレッシュ♪,【シニア割プラン】50歳以上限定!大人の贅沢なひととき♪源泉掛け流しの温泉でリフレッシュ♪,2,0,1,1,JPY,18700,AVAILABLE,,UNKNOWN,PRODUCT,MEDIUM,9d3b27c3593ac97e7ad6e4e93ec524eae926f20330c761c70c50611e0f5ecf78,core_competitor_obs_20260819_045002
jalan|yoshidaya|2026-09-01|room:和室13畳|plan:【夕食グレードアップ】ちょっとリッチに山形牛すきやきを堪能★源泉掛け流しの温泉でリフレッシュ♪|meal:meal_included|occ:2a0c1r|los:1|text:【夕食グレードアップ】ちょっとリッチに山形牛すきやきを堪能★源泉掛け流しの温泉でリフレッシュ♪|2|0|1|1|core_competitor_obs_20260819_045002,a5cc62ce026cda0657fe6004f166160d3d8df821e838a91693b917e5b2de9e53,yoshidaya,吉田屋,jalan,2026-09-01,2026-08-19T05:05:01+09:00,room:和室13畳|plan:【夕食グレードアップ】ちょっとリッチに山形牛すきやきを堪能★源泉掛け流しの温泉でリフレッシュ♪|meal:meal_included|occ:2a0c1r|los:1,和室13畳,text:【夕食グレードアップ】ちょっとリッチに山形牛すきやきを堪能★源泉掛け流しの温泉でリフレッシュ♪,【夕食グレードアップ】ちょっとリッチに山形牛すきやきを堪能★源泉掛け流しの温泉でリフレッシュ♪,2,0,1,1,JPY,35200,AVAILABLE,1,PUBLIC_SCARCITY_COUNT,PRODUCT,HIGH,3b168a8a72cb2a23b1ec2c86b05ace2d593ab6bd6dae07168e49ce4647a826c6,core_competitor_obs_20260819_045002
jalan|yoshidaya|2026-09-01|room:和室12.5畳|plan:【夕食グレードアップ】ちょっとリッチに山形牛すきやきを堪能★源泉掛け流しの温泉でリフレッシュ♪|meal:meal_included|occ:2a0c1r|los:1|text:【夕食グレードアップ】ちょっとリッチに山形牛すきやきを堪能★源泉掛け流しの温泉でリフレッシュ♪|2|0|1|1|core_competitor_obs_20260819_045002,ab6fe9cf277efba2d095fdabade60e3ceff5c4f39f2971d484b67d440d00cdc7,yoshidaya,吉田屋,jalan,2026-09-01,2026-08-19T05:05:01+09:00,room:和室12.5畳|plan:【夕食グレードアップ】ちょっとリッチに山形牛すきやきを堪能★源泉掛け流しの温泉でリフレッシュ♪|meal:meal_included|occ:2a0c1r|los:1,和室12.5畳,text:【夕食グレードアップ】ちょっとリッチに山形牛すきやきを堪能★源泉掛け流しの温泉でリフレッシュ♪,【夕食グレードアップ】ちょっとリッチに山形牛すきやきを堪能★源泉掛け流しの温泉でリフレッシュ♪,2,0,1,1,JPY,33000,AVAILABLE,2,PUBLIC_SCARCITY_COUNT,PRODUCT,HIGH,3a1f4923d87ec79b8e251ed61f8ba5818fa4ed137c1f02e4d39fb159027e2e34,core_competitor_obs_20260819_045002
jalan|yoshidaya|2026-09-01|room:和室8畳|plan:【夕食グレードアップ】ちょっとリッチに山形牛すきやきを堪能★源泉掛け流しの温泉でリフレッシュ♪|meal:meal_included|occ:2a0c1r|los:1|text:【夕食グレードアップ】ちょっとリッチに山形牛すきやきを堪能★源泉掛け流しの温泉でリフレッシュ♪|2|0|1|1|core_competitor_obs_20260819_045002,16ca57fd686d01562e111ab5285cc5291ae396d3cb6242a9d3836a61b256730e,yoshidaya,吉田屋,jalan,2026-09-01,2026-08-19T05:05:01+09:00,room:和室8畳|plan:【夕食グレードアップ】ちょっとリッチに山形牛すきやきを堪能★源泉掛け流しの温泉でリフレッシュ♪|meal:meal_included|occ:2a0c1r|los:1,和室8畳,text:【夕食グレードアップ】ちょっとリッチに山形牛すきやきを堪能★源泉掛け流しの温泉でリフレッシュ♪,【夕食グレードアップ】ちょっとリッチに山形牛すきやきを堪能★源泉掛け流しの温泉でリフレッシュ♪,2,0,1,1,JPY,30800,AVAILABLE,3,PUBLIC_SCARCITY_COUNT,PRODUCT,HIGH,13455184c65dcc64f44abed2b3a417eeb0284fc37744af4d1c612a28a16157a7,core_competitor_obs_20260819_045002
jalan|yoshidaya|2026-09-01|room:和室6畳|plan:【夕食グレードアップ】ちょっとリッチに山形牛すきやきを堪能★源泉掛け流しの温泉でリフレッシュ♪|meal:meal_included|occ:2a0c1r|los:1|text:【夕食グレードアップ】ちょっとリッチに山形牛すきやきを堪能★源泉掛け流しの温泉でリフレッシュ♪|2|0|1|1|core_competitor_obs_20260819_045002,d49af8c7e22bed79ef41d29aba134bcd36617766c229b7e24fc85cda3ab0ef25,yoshidaya,吉田屋,jalan,2026-09-01,2026-08-19T05:05:01+09:00,room:和室6畳|plan:【夕食グレードアップ】ちょっとリッチに山形牛すきやきを堪能★源泉掛け流しの温泉でリフレッシュ♪|meal:meal_included|occ:2a0c1r|los:1,和室6畳,text:【夕食グレードアップ】ちょっとリッチに山形牛すきやきを堪能★源泉掛け流しの温泉でリフレッシュ♪,【夕食グレードアップ】ちょっとリッチに山形牛すきやきを堪能★源泉掛け流しの温泉でリフレッシュ♪,2,0,1,1,JPY,28600,AVAILABLE,,UNKNOWN,PRODUCT,MEDIUM,9320a652207fddf627fbffbbd8af7f24df99e3c82293b4d2a7a5c1fa8f6f57be,core_competitor_obs_20260819_045002
jalan|yoshidaya|2026-09-01|room:和室13畳|plan:【じゃらん限定】ポイント10%!温泉と郷土料理に癒される♪吉田屋旅館の選べるお料理♪♪連泊にもおすすめ|meal:meal_included|occ:2a0c1r|los:1|text:【じゃらん限定】ポイント10%!温泉と郷土料理に癒される♪吉田屋旅館の選べるお料理♪♪連泊にもおすすめ|2|0|1|1|core_competitor_obs_20260819_045002,f049e2c38dd2452b9d64d3bf03516eb0c2c320237788c5fe228da35a1f2d924b,yoshidaya,吉田屋,jalan,2026-09-01,2026-08-19T05:05:01+09:00,room:和室13畳|plan:【じゃらん限定】ポイント10%!温泉と郷土料理に癒される♪吉田屋旅館の選べるお料理♪♪連泊にもおすすめ|meal:meal_included|occ:2a0c1r|los:1,和室13畳,text:【じゃらん限定】ポイント10%!温泉と郷土料理に癒される♪吉田屋旅館の選べるお料理♪♪連泊にもおすすめ,【じゃらん限定】ポイント10%!温泉と郷土料理に癒される♪吉田屋旅館の選べるお料理♪♪連泊にもおすすめ,2,0,1,1,JPY,30030,AVAILABLE,1,PUBLIC_SCARCITY_COUNT,PRODUCT,HIGH,081c0c5c9fddc694e6e896f0a4b6c54722686e8a284dc56e678599d34a656200,core_competitor_obs_20260819_045002
jalan|yoshidaya|2026-09-01|room:和室12.5畳|plan:【じゃらん限定】ポイント10%!温泉と郷土料理に癒される♪吉田屋旅館の選べるお料理♪♪連泊にもおすすめ|meal:meal_included|occ:2a0c1r|los:1|text:【じゃらん限定】ポイント10%!温泉と郷土料理に癒される♪吉田屋旅館の選べるお料理♪♪連泊にもおすすめ|2|0|1|1|core_competitor_obs_20260819_045002,09d2cb571fb5ae1f5cb1e174caa8c44d4f2614716b55f88bf5c2c99c0a90dbec,yoshidaya,吉田屋,jalan,2026-09-01,2026-08-19T05:05:01+09:00,room:和室12.5畳|plan:【じゃらん限定】ポイント10%!温泉と郷土料理に癒される♪吉田屋旅館の選べるお料理♪♪連泊にもおすすめ|meal:meal_included|occ:2a0c1r|los:1,和室12.5畳,text:【じゃらん限定】ポイント10%!温泉と郷土料理に癒される♪吉田屋旅館の選べるお料理♪♪連泊にもおすすめ,【じゃらん限定】ポイント10%!温泉と郷土料理に癒される♪吉田屋旅館の選べるお料理♪♪連泊にもおすすめ,2,0,1,1,JPY,27720,AVAILABLE,2,PUBLIC_SCARCITY_COUNT,PRODUCT,HIGH,43c7a3be8f56f039d3982102eafaf03e2f6f54912a8b9afeef833d1ea821dd06,core_competitor_obs_20260819_045002
jalan|yoshidaya|2026-09-01|room:和室8畳|plan:【じゃらん限定】ポイント10%!温泉と郷土料理に癒される♪吉田屋旅館の選べるお料理♪♪連泊にもおすすめ|meal:meal_included|occ:2a0c1r|los:1|text:【じゃらん限定】ポイント10%!温泉と郷土料理に癒される♪吉田屋旅館の選べるお料理♪♪連泊にもおすすめ|2|0|1|1|core_competitor_obs_20260819_045002,a5a48f26004425387a671368213e808bbc9f82bcf5d8145010447d8b1b05b14c,yoshidaya,吉田屋,jalan,2026-09-01,2026-08-19T05:05:01+09:00,room:和室8畳|plan:【じゃらん限定】ポイント10%!温泉と郷土料理に癒される♪吉田屋旅館の選べるお料理♪♪連泊にもおすすめ|meal:meal_included|occ:2a0c1r|los:1,和室8畳,text:【じゃらん限定】ポイント10%!温泉と郷土料理に癒される♪吉田屋旅館の選べるお料理♪♪連泊にもおすすめ,【じゃらん限定】ポイント10%!温泉と郷土料理に癒される♪吉田屋旅館の選べるお料理♪♪連泊にもおすすめ,2,0,1,1,JPY,25410,AVAILABLE,3,PUBLIC_SCARCITY_COUNT,PRODUCT,HIGH,a931b039435157a11829227ad51a256ab61f3f4ae73d481f94ee93cfbb279bbe,core_competitor_obs_20260819_045002
jalan|yoshidaya|2026-09-01|room:和室6畳|plan:【じゃらん限定】ポイント10%!温泉と郷土料理に癒される♪吉田屋旅館の選べるお料理♪♪連泊にもおすすめ|meal:meal_included|occ:2a0c1r|los:1|text:【じゃらん限定】ポイント10%!温泉と郷土料理に癒される♪吉田屋旅館の選べるお料理♪♪連泊にもおすすめ|2|0|1|1|core_competitor_obs_20260819_045002,ee76a61e48371ea4ab9040d6be5a192a96d856e14842af5341aeaada8a697c0c,yoshidaya,吉田屋,jalan,2026-09-01,2026-08-19T05:05:01+09:00,room:和室6畳|plan:【じゃらん限定】ポイント10%!温泉と郷土料理に癒される♪吉田屋旅館の選べるお料理♪♪連泊にもおすすめ|meal:meal_included|occ:2a0c1r|los:1,和室6畳,text:【じゃらん限定】ポイント10%!温泉と郷土料理に癒される♪吉田屋旅館の選べるお料理♪♪連泊にもおすすめ,【じゃらん限定】ポイント10%!温泉と郷土料理に癒される♪吉田屋旅館の選べるお料理♪♪連泊にもおすすめ,2,0,1,1,JPY,23100,AVAILABLE,,UNKNOWN,PRODUCT,MEDIUM,b56bdb399f7a87f170ba340224362a5c149925321b3cf725d40b2faa303d33de,core_competitor_obs_20260819_045002
jalan|yoshidaya|2026-09-01|room:和室13畳|plan:【1泊2食付★基本プラン】温泉と郷土料理に癒される♪吉田屋旅館の選べるお料理♪♪連泊にもおすすめ◎|meal:meal_included|occ:2a0c1r|los:1|text:【1泊2食付★基本プラン】温泉と郷土料理に癒される♪吉田屋旅館の選べるお料理♪♪連泊にもおすすめ◎|2|0|1|1|core_competitor_obs_20260819_045002,69345afa19ec80ec100362583c74cddbee2f45b285ee562702b74571fd091eed,yoshidaya,吉田屋,jalan,2026-09-01,2026-08-19T05:05:01+09:00,room:和室13畳|plan:【1泊2食付★基本プラン】温泉と郷土料理に癒される♪吉田屋旅館の選べるお料理♪♪連泊にもおすすめ◎|meal:meal_included|occ:2a0c1r|los:1,和室13畳,text:【1泊2食付★基本プラン】温泉と郷土料理に癒される♪吉田屋旅館の選べるお料理♪♪連泊にもおすすめ◎,【1泊2食付★基本プラン】温泉と郷土料理に癒される♪吉田屋旅館の選べるお料理♪♪連泊にもおすすめ◎,2,0,1,1,JPY,28600,AVAILABLE,1,PUBLIC_SCARCITY_COUNT,PRODUCT,HIGH,2345d101f858c899c09a45c8876b7c0f52a9b7152c5a52610308f61d5dcde4b2,core_competitor_obs_20260819_045002
jalan|yoshidaya|2026-09-01|room:和室12.5畳|plan:【1泊2食付★基本プラン】温泉と郷土料理に癒される♪吉田屋旅館の選べるお料理♪♪連泊にもおすすめ◎|meal:meal_included|occ:2a0c1r|los:1|text:【1泊2食付★基本プラン】温泉と郷土料理に癒される♪吉田屋旅館の選べるお料理♪♪連泊にもおすすめ◎|2|0|1|1|core_competitor_obs_20260819_045002,aca08f51f31db5f46c7b717d3f50fa5726ab4b22d01a650deb27ada4b4513c09,yoshidaya,吉田屋,jalan,2026-09-01,2026-08-19T05:05:01+09:00,room:和室12.5畳|plan:【1泊2食付★基本プラン】温泉と郷土料理に癒される♪吉田屋旅館の選べるお料理♪♪連泊にもおすすめ◎|meal:meal_included|occ:2a0c1r|los:1,和室12.5畳,text:【1泊2食付★基本プラン】温泉と郷土料理に癒される♪吉田屋旅館の選べるお料理♪♪連泊にもおすすめ◎,【1泊2食付★基本プラン】温泉と郷土料理に癒される♪吉田屋旅館の選べるお料理♪♪連泊にもおすすめ◎,2,0,1,1,JPY,26400,AVAILABLE,2,PUBLIC_SCARCITY_COUNT,PRODUCT,HIGH,5b80744bc5cc55a49a5b976b5ffea9cf8aa5c93c48c0e18194fe002a75824fdd,core_competitor_obs_20260819_045002
jalan|yoshidaya|2026-09-01|room:和室8畳|plan:【1泊2食付★基本プラン】温泉と郷土料理に癒される♪吉田屋旅館の選べるお料理♪♪連泊にもおすすめ◎|meal:meal_included|occ:2a0c1r|los:1|text:【1泊2食付★基本プラン】温泉と郷土料理に癒される♪吉田屋旅館の選べるお料理♪♪連泊にもおすすめ◎|2|0|1|1|core_competitor_obs_20260819_045002,4947fbae39cdc5987c7c1d346d517309987be4822eb61c9dd016e68a38294a7f,yoshidaya,吉田屋,jalan,2026-09-01,2026-08-19T05:05:01+09:00,room:和室8畳|plan:【1泊2食付★基本プラン】温泉と郷土料理に癒される♪吉田屋旅館の選べるお料理♪♪連泊にもおすすめ◎|meal:meal_included|occ:2a0c1r|los:1,和室8畳,text:【1泊2食付★基本プラン】温泉と郷土料理に癒される♪吉田屋旅館の選べるお料理♪♪連泊にもおすすめ◎,【1泊2食付★基本プラン】温泉と郷土料理に癒される♪吉田屋旅館の選べるお料理♪♪連泊にもおすすめ◎,2,0,1,1,JPY,24200,AVAILABLE,3,PUBLIC_SCARCITY_COUNT,PRODUCT,HIGH,513c28e5db1ce604ce901e4b06e7b5ba03bfb405dbe5ab4806830828949eb8af,core_competitor_obs_20260819_045002
jalan|yoshidaya|2026-09-01|room:和室6畳|plan:【1泊2食付★基本プラン】温泉と郷土料理に癒される♪吉田屋旅館の選べるお料理♪♪連泊にもおすすめ◎|meal:meal_included|occ:2a0c1r|los:1|text:【1泊2食付★基本プラン】温泉と郷土料理に癒される♪吉田屋旅館の選べるお料理♪♪連泊にもおすすめ◎|2|0|1|1|core_competitor_obs_20260819_045002,af3b91bf60fb1bd57a94aa2e600b87db66ff9a861f6d97d3c067cd1709a389c7,yoshidaya,吉田屋,jalan,2026-09-01,2026-08-19T05:05:01+09:00,room:和室6畳|plan:【1泊2食付★基本プラン】温泉と郷土料理に癒される♪吉田屋旅館の選べるお料理♪♪連泊にもおすすめ◎|meal:meal_included|occ:2a0c1r|los:1,和室6畳,text:【1泊2食付★基本プラン】温泉と郷土料理に癒される♪吉田屋旅館の選べるお料理♪♪連泊にもおすすめ◎,【1泊2食付★基本プラン】温泉と郷土料理に癒される♪吉田屋旅館の選べるお料理♪♪連泊にもおすすめ◎,2,0,1,1,JPY,22000,AVAILABLE,,UNKNOWN,PRODUCT,MEDIUM,023309423f5e986eafc0726cfd933e5db7a8f3bad2f6b76cebd323a8d8311d2f,core_competitor_obs_20260819_045002
jalan|yoshidaya|2026-09-01|room:和室13畳|plan:【朝食付プラン】蔵王温泉を心ゆくまで堪能!湯めぐり無料特典付き♪お食事は温泉街へgo!|meal:meal_included|occ:2a0c1r|los:1|text:【朝食付プラン】蔵王温泉を心ゆくまで堪能!湯めぐり無料特典付き♪お食事は温泉街へgo!|2|0|1|1|core_competitor_obs_20260819_045002,c9561a530527b48ee3c68cd88bdd45c64e6e7412ed26fe3f001bc504fda30bfa,yoshidaya,吉田屋,jalan,2026-09-01,2026-08-19T05:05:01+09:00,room:和室13畳|plan:【朝食付プラン】蔵王温泉を心ゆくまで堪能!湯めぐり無料特典付き♪お食事は温泉街へgo!|meal:meal_included|occ:2a0c1r|los:1,和室13畳,text:【朝食付プラン】蔵王温泉を心ゆくまで堪能!湯めぐり無料特典付き♪お食事は温泉街へgo!,【朝食付プラン】蔵王温泉を心ゆくまで堪能!湯めぐり無料特典付き♪お食事は温泉街へGO!,2,0,1,1,JPY,24200,AVAILABLE,1,PUBLIC_SCARCITY_COUNT,PRODUCT,HIGH,47fb66c570fc47bb0e32e9637d2a76e7cf800ce2be413b13deaf469c35c9aaef,core_competitor_obs_20260819_045002
jalan|yoshidaya|2026-09-01|room:和室12.5畳|plan:【朝食付プラン】蔵王温泉を心ゆくまで堪能!湯めぐり無料特典付き♪お食事は温泉街へgo!|meal:meal_included|occ:2a0c1r|los:1|text:【朝食付プラン】蔵王温泉を心ゆくまで堪能!湯めぐり無料特典付き♪お食事は温泉街へgo!|2|0|1|1|core_competitor_obs_20260819_045002,f2c1e1a3c53bfa5d885fe9fefef19dc3e180e480406410fc624ea8d3b77e9f60,yoshidaya,吉田屋,jalan,2026-09-01,2026-08-19T05:05:01+09:00,room:和室12.5畳|plan:【朝食付プラン】蔵王温泉を心ゆくまで堪能!湯めぐり無料特典付き♪お食事は温泉街へgo!|meal:meal_included|occ:2a0c1r|los:1,和室12.5畳,text:【朝食付プラン】蔵王温泉を心ゆくまで堪能!湯めぐり無料特典付き♪お食事は温泉街へgo!,【朝食付プラン】蔵王温泉を心ゆくまで堪能!湯めぐり無料特典付き♪お食事は温泉街へGO!,2,0,1,1,JPY,22000,AVAILABLE,2,PUBLIC_SCARCITY_COUNT,PRODUCT,HIGH,82b436d8a88afcfc131db26e909b90c13ff045ec2a0feaee22e83064a8d0cc50,core_competitor_obs_20260819_045002
jalan|yoshidaya|2026-09-01|room:和室8畳|plan:【朝食付プラン】蔵王温泉を心ゆくまで堪能!湯めぐり無料特典付き♪お食事は温泉街へgo!|meal:meal_included|occ:2a0c1r|los:1|text:【朝食付プラン】蔵王温泉を心ゆくまで堪能!湯めぐり無料特典付き♪お食事は温泉街へgo!|2|0|1|1|core_competitor_obs_20260819_045002,5b9606f5e2b2f86b48a31504a0089a59f43bb4399140d27afb5d32ddbb191015,yoshidaya,吉田屋,jalan,2026-09-01,2026-08-19T05:05:01+09:00,room:和室8畳|plan:【朝食付プラン】蔵王温泉を心ゆくまで堪能!湯めぐり無料特典付き♪お食事は温泉街へgo!|meal:meal_included|occ:2a0c1r|los:1,和室8畳,text:【朝食付プラン】蔵王温泉を心ゆくまで堪能!湯めぐり無料特典付き♪お食事は温泉街へgo!,【朝食付プラン】蔵王温泉を心ゆくまで堪能!湯めぐり無料特典付き♪お食事は温泉街へGO!,2,0,1,1,JPY,19800,AVAILABLE,3,PUBLIC_SCARCITY_COUNT,PRODUCT,HIGH,0eac5ac647e7d027dea1d8f55c4b02d656e4703e1f4595cbbf6c225d54068edb,core_competitor_obs_20260819_045002
jalan|yoshidaya|2026-09-01|room:和室6畳|plan:【朝食付プラン】蔵王温泉を心ゆくまで堪能!湯めぐり無料特典付き♪お食事は温泉街へgo!|meal:meal_included|occ:2a0c1r|los:1|text:【朝食付プラン】蔵王温泉を心ゆくまで堪能!湯めぐり無料特典付き♪お食事は温泉街へgo!|2|0|1|1|core_competitor_obs_20260819_045002,b794fd6a9c600b96074311a41a124c9f8fed53d82df8fabdac5e0ec45c9d7956,yoshidaya,吉田屋,jalan,2026-09-01,2026-08-19T05:05:01+09:00,room:和室6畳|plan:【朝食付プラン】蔵王温泉を心ゆくまで堪能!湯めぐり無料特典付き♪お食事は温泉街へgo!|meal:meal_included|occ:2a0c1r|los:1,和室6畳,text:【朝食付プラン】蔵王温泉を心ゆくまで堪能!湯めぐり無料特典付き♪お食事は温泉街へgo!,【朝食付プラン】蔵王温泉を心ゆくまで堪能!湯めぐり無料特典付き♪お食事は温泉街へGO!,2,0,1,1,JPY,17600,AVAILABLE,,UNKNOWN,PRODUCT,MEDIUM,a028a7553408d51ee1e199637d714b9cd1726572b7af6ab12311939e3ebe7908,core_competitor_obs_20260819_045002
jalan|yoshidaya|2026-09-01|room:和室13畳|plan:【じゃらんのお得な10日間】10%off!~基本プラン~温泉と郷土料理に癒される♪連泊にもおすすめ◎|meal:meal_included|occ:2a0c1r|los:1|text:【じゃらんのお得な10日間】10%off!~基本プラン~温泉と郷土料理に癒される♪連泊にもおすすめ◎|2|0|1|1|core_competitor_obs_20260819_045002,bffe24d4de29849a0d12ba00f6e05b75bb01d59c48cbe9d01fed906c5a5547c7,yoshidaya,吉田屋,jalan,2026-09-01,2026-08-19T05:05:01+09:00,room:和室13畳|plan:【じゃらんのお得な10日間】10%off!~基本プラン~温泉と郷土料理に癒される♪連泊にもおすすめ◎|meal:meal_included|occ:2a0c1r|los:1,和室13畳,text:【じゃらんのお得な10日間】10%off!~基本プラン~温泉と郷土料理に癒される♪連泊にもおすすめ◎,【じゃらんのお得な10日間】10%OFF!~基本プラン~温泉と郷土料理に癒される♪連泊にもおすすめ◎,2,0,1,1,JPY,25740,AVAILABLE,1,PUBLIC_SCARCITY_COUNT,PRODUCT,HIGH,00d36d105e9f1bb6a8f18e75f3699d5460fd15e13e4dcc75f31ded9aec9253e5,core_competitor_obs_20260819_045002
jalan|yoshidaya|2026-09-01|room:和室12.5畳|plan:【じゃらんのお得な10日間】10%off!~基本プラン~温泉と郷土料理に癒される♪連泊にもおすすめ◎|meal:meal_included|occ:2a0c1r|los:1|text:【じゃらんのお得な10日間】10%off!~基本プラン~温泉と郷土料理に癒される♪連泊にもおすすめ◎|2|0|1|1|core_competitor_obs_20260819_045002,9bc977f041db9038f831ef164ca3bb0cf35b9a88d17696e00bb81b5c5f0dd9ef,yoshidaya,吉田屋,jalan,2026-09-01,2026-08-19T05:05:01+09:00,room:和室12.5畳|plan:【じゃらんのお得な10日間】10%off!~基本プラン~温泉と郷土料理に癒される♪連泊にもおすすめ◎|meal:meal_included|occ:2a0c1r|los:1,和室12.5畳,text:【じゃらんのお得な10日間】10%off!~基本プラン~温泉と郷土料理に癒される♪連泊にもおすすめ◎,【じゃらんのお得な10日間】10%OFF!~基本プラン~温泉と郷土料理に癒される♪連泊にもおすすめ◎,2,0,1,1,JPY,23760,AVAILABLE,2,PUBLIC_SCARCITY_COUNT,PRODUCT,HIGH,ce0e6e1b38a60dc85aafa176f5522a74fb8169ee8469f997955fb0cbc1e06617,core_competitor_obs_20260819_045002
jalan|yoshidaya|2026-09-01|room:和室8畳|plan:【じゃらんのお得な10日間】10%off!~基本プラン~温泉と郷土料理に癒される♪連泊にもおすすめ◎|meal:meal_included|occ:2a0c1r|los:1|text:【じゃらんのお得な10日間】10%off!~基本プラン~温泉と郷土料理に癒される♪連泊にもおすすめ◎|2|0|1|1|core_competitor_obs_20260819_045002,4b982ae22d43c97391eea2d77aafcffd68226ee6dac8d416907ad2839006b74c,yoshidaya,吉田屋,jalan,2026-09-01,2026-08-19T05:05:01+09:00,room:和室8畳|plan:【じゃらんのお得な10日間】10%off!~基本プラン~温泉と郷土料理に癒される♪連泊にもおすすめ◎|meal:meal_included|occ:2a0c1r|los:1,和室8畳,text:【じゃらんのお得な10日間】10%off!~基本プラン~温泉と郷土料理に癒される♪連泊にもおすすめ◎,【じゃらんのお得な10日間】10%OFF!~基本プラン~温泉と郷土料理に癒される♪連泊にもおすすめ◎,2,0,1,1,JPY,21780,AVAILABLE,3,PUBLIC_SCARCITY_COUNT,PRODUCT,HIGH,898d124154845e82c829c4900f88ab08587937394850e4442977c786968f336c,core_competitor_obs_20260819_045002
jalan|yoshidaya|2026-09-01|room:和室6畳|plan:【じゃらんのお得な10日間】10%off!~基本プラン~温泉と郷土料理に癒される♪連泊にもおすすめ◎|meal:meal_included|occ:2a0c1r|los:1|text:【じゃらんのお得な10日間】10%off!~基本プラン~温泉と郷土料理に癒される♪連泊にもおすすめ◎|2|0|1|1|core_competitor_obs_20260819_045002,be0c8e220f378055871bf27779916412964ff782da42578defee880a08e0d3d9,yoshidaya,吉田屋,jalan,2026-09-01,2026-08-19T05:05:01+09:00,room:和室6畳|plan:【じゃらんのお得な10日間】10%off!~基本プラン~温泉と郷土料理に癒される♪連泊にもおすすめ◎|meal:meal_included|occ:2a0c1r|los:1,和室6畳,text:【じゃらんのお得な10日間】10%off!~基本プラン~温泉と郷土料理に癒される♪連泊にもおすすめ◎,【じゃらんのお得な10日間】10%OFF!~基本プラン~温泉と郷土料理に癒される♪連泊にもおすすめ◎,2,0,1,1,JPY,19800,AVAILABLE,,UNKNOWN,PRODUCT,MEDIUM,7f0caaf378c5a36950bace2dee819a4bfbb6cb365ef8001ad61804fd443b0f95,core_competitor_obs_20260819_045002
jalan|yoshidaya|2026-09-01|room:和室13畳|plan:【学割プラン】学生旅行応援!思い出づくりのお手伝い★選べる夕食メイン+源泉掛け流し温泉|meal:meal_included|occ:2a0c1r|los:1|text:【学割プラン】学生旅行応援!思い出づくりのお手伝い★選べる夕食メイン+源泉掛け流し温泉|2|0|1|1|core_competitor_obs_20260819_045002,835241b77e5bd91e864e7f270ddfe9ac4e5f97741a0c1722eee0ea9d67104561,yoshidaya,吉田屋,jalan,2026-09-01,2026-08-19T05:05:01+09:00,room:和室13畳|plan:【学割プラン】学生旅行応援!思い出づくりのお手伝い★選べる夕食メイン+源泉掛け流し温泉|meal:meal_included|occ:2a0c1r|los:1,和室13畳,text:【学割プラン】学生旅行応援!思い出づくりのお手伝い★選べる夕食メイン+源泉掛け流し温泉,【学割プラン】学生旅行応援!思い出づくりのお手伝い★選べる夕食メイン+源泉掛け流し温泉,2,0,1,1,JPY,25300,AVAILABLE,1,PUBLIC_SCARCITY_COUNT,PRODUCT,HIGH,531274d4410aed8d110a4d85b6f47d1d2a5f4ae37a98f28e10d2d429bbb1feeb,core_competitor_obs_20260819_045002
jalan|yoshidaya|2026-09-01|room:和室12.5畳|plan:【学割プラン】学生旅行応援!思い出づくりのお手伝い★選べる夕食メイン+源泉掛け流し温泉|meal:meal_included|occ:2a0c1r|los:1|text:【学割プラン】学生旅行応援!思い出づくりのお手伝い★選べる夕食メイン+源泉掛け流し温泉|2|0|1|1|core_competitor_obs_20260819_045002,71f5037819516fad712e7905f3cd6836885d4d2ed6d4b33c7fae268b0af36b5e,yoshidaya,吉田屋,jalan,2026-09-01,2026-08-19T05:05:01+09:00,room:和室12.5畳|plan:【学割プラン】学生旅行応援!思い出づくりのお手伝い★選べる夕食メイン+源泉掛け流し温泉|meal:meal_included|occ:2a0c1r|los:1,和室12.5畳,text:【学割プラン】学生旅行応援!思い出づくりのお手伝い★選べる夕食メイン+源泉掛け流し温泉,【学割プラン】学生旅行応援!思い出づくりのお手伝い★選べる夕食メイン+源泉掛け流し温泉,2,0,1,1,JPY,23100,AVAILABLE,2,PUBLIC_SCARCITY_COUNT,PRODUCT,HIGH,9a48c258668af2016e38792b2d0520209bdd6895b90c1c85739a1eef7ec33340,core_competitor_obs_20260819_045002
jalan|yoshidaya|2026-09-01|room:和室8畳|plan:【学割プラン】学生旅行応援!思い出づくりのお手伝い★選べる夕食メイン+源泉掛け流し温泉|meal:meal_included|occ:2a0c1r|los:1|text:【学割プラン】学生旅行応援!思い出づくりのお手伝い★選べる夕食メイン+源泉掛け流し温泉|2|0|1|1|core_competitor_obs_20260819_045002,703d3935384822fdbf542c7e7716b68b1d9b0b1ea3cc1e6d1e3224b3b16643c2,yoshidaya,吉田屋,jalan,2026-09-01,2026-08-19T05:05:01+09:00,room:和室8畳|plan:【学割プラン】学生旅行応援!思い出づくりのお手伝い★選べる夕食メイン+源泉掛け流し温泉|meal:meal_included|occ:2a0c1r|los:1,和室8畳,text:【学割プラン】学生旅行応援!思い出づくりのお手伝い★選べる夕食メイン+源泉掛け流し温泉,【学割プラン】学生旅行応援!思い出づくりのお手伝い★選べる夕食メイン+源泉掛け流し温泉,2,0,1,1,JPY,20900,AVAILABLE,3,PUBLIC_SCARCITY_COUNT,PRODUCT,HIGH,d8baee5c004c6f6c76bd583d2e2b198605e212b8bf3d75d2fbd2e97ba2fb2868,core_competitor_obs_20260819_045002
jalan|yoshidaya|2026-09-01|room:和室6畳|plan:【学割プラン】学生旅行応援!思い出づくりのお手伝い★選べる夕食メイン+源泉掛け流し温泉|meal:meal_included|occ:2a0c1r|los:1|text:【学割プラン】学生旅行応援!思い出づくりのお手伝い★選べる夕食メイン+源泉掛け流し温泉|2|0|1|1|core_competitor_obs_20260819_045002,20e775d73fa609902841bec0965a3322ea8998793a44bd8bd0e9893369c7f937,yoshidaya,吉田屋,jalan,2026-09-01,2026-08-19T05:05:01+09:00,room:和室6畳|plan:【学割プラン】学生旅行応援!思い出づくりのお手伝い★選べる夕食メイン+源泉掛け流し温泉|meal:meal_included|occ:2a0c1r|los:1,和室6畳,text:【学割プラン】学生旅行応援!思い出づくりのお手伝い★選べる夕食メイン+源泉掛け流し温泉,【学割プラン】学生旅行応援!思い出づくりのお手伝い★選べる夕食メイン+源泉掛け流し温泉,2,0,1,1,JPY,18700,AVAILABLE,,UNKNOWN,PRODUCT,MEDIUM,9d3b27c3593ac97e7ad6e4e93ec524eae926f20330c761c70c50611e0f5ecf78,core_competitor_obs_20260819_045002
jalan|yoshidaya|2026-09-01|room:和室13畳|plan:【素泊まりプラン】蔵王温泉を心ゆくまで堪能!湯めぐり無料特典付き♪お食事は温泉街へgo!|meal:confirmed_room_only|occ:2a0c1r|los:1|text:【素泊まりプラン】蔵王温泉を心ゆくまで堪能!湯めぐり無料特典付き♪お食事は温泉街へgo!|2|0|1|1|core_competitor_obs_20260819_045002,888ee4ee6bba4c84e46969beaf181edaaa8a4be1996ca88c0d26ffd9942f760f,yoshidaya,吉田屋,jalan,2026-09-01,2026-08-19T05:05:01+09:00,room:和室13畳|plan:【素泊まりプラン】蔵王温泉を心ゆくまで堪能!湯めぐり無料特典付き♪お食事は温泉街へgo!|meal:confirmed_room_only|occ:2a0c1r|los:1,和室13畳,text:【素泊まりプラン】蔵王温泉を心ゆくまで堪能!湯めぐり無料特典付き♪お食事は温泉街へgo!,【素泊まりプラン】蔵王温泉を心ゆくまで堪能!湯めぐり無料特典付き♪お食事は温泉街へGO!,2,0,1,1,JPY,23100,AVAILABLE,1,PUBLIC_SCARCITY_COUNT,PRODUCT,HIGH,50b1a961b9b48cfc82d03bda1455a2620067241ec2f6171a2a945e446e6d8244,core_competitor_obs_20260819_045002
jalan|yoshidaya|2026-09-01|room:和室12.5畳|plan:【素泊まりプラン】蔵王温泉を心ゆくまで堪能!湯めぐり無料特典付き♪お食事は温泉街へgo!|meal:confirmed_room_only|occ:2a0c1r|los:1|text:【素泊まりプラン】蔵王温泉を心ゆくまで堪能!湯めぐり無料特典付き♪お食事は温泉街へgo!|2|0|1|1|core_competitor_obs_20260819_045002,bcd2ee07050025bf02892953bd3fc6cd2c245d87c517406da050d896f89fbfb7,yoshidaya,吉田屋,jalan,2026-09-01,2026-08-19T05:05:01+09:00,room:和室12.5畳|plan:【素泊まりプラン】蔵王温泉を心ゆくまで堪能!湯めぐり無料特典付き♪お食事は温泉街へgo!|meal:confirmed_room_only|occ:2a0c1r|los:1,和室12.5畳,text:【素泊まりプラン】蔵王温泉を心ゆくまで堪能!湯めぐり無料特典付き♪お食事は温泉街へgo!,【素泊まりプラン】蔵王温泉を心ゆくまで堪能!湯めぐり無料特典付き♪お食事は温泉街へGO!,2,0,1,1,JPY,20900,AVAILABLE,2,PUBLIC_SCARCITY_COUNT,PRODUCT,HIGH,98624a98e7bbf1d91069e664fa74cfea5c6aeab970b944c116c8d0d8ebcee8b7,core_competitor_obs_20260819_045002
jalan|yoshidaya|2026-09-01|room:和室8畳|plan:【素泊まりプラン】蔵王温泉を心ゆくまで堪能!湯めぐり無料特典付き♪お食事は温泉街へgo!|meal:confirmed_room_only|occ:2a0c1r|los:1|text:【素泊まりプラン】蔵王温泉を心ゆくまで堪能!湯めぐり無料特典付き♪お食事は温泉街へgo!|2|0|1|1|core_competitor_obs_20260819_045002,5d566e8dcbb11eec8af62cffa1592f2433559e647b99f47916b3d0c5c0832d1f,yoshidaya,吉田屋,jalan,2026-09-01,2026-08-19T05:05:01+09:00,room:和室8畳|plan:【素泊まりプラン】蔵王温泉を心ゆくまで堪能!湯めぐり無料特典付き♪お食事は温泉街へgo!|meal:confirmed_room_only|occ:2a0c1r|los:1,和室8畳,text:【素泊まりプラン】蔵王温泉を心ゆくまで堪能!湯めぐり無料特典付き♪お食事は温泉街へgo!,【素泊まりプラン】蔵王温泉を心ゆくまで堪能!湯めぐり無料特典付き♪お食事は温泉街へGO!,2,0,1,1,JPY,18700,AVAILABLE,3,PUBLIC_SCARCITY_COUNT,PRODUCT,HIGH,0acae28bd01fd04b72802c376a86e221f5a017080d4b86828aeda7e14bdc903e,core_competitor_obs_20260819_045002
jalan|yoshidaya|2026-09-01|room:和室6畳|plan:【素泊まりプラン】蔵王温泉を心ゆくまで堪能!湯めぐり無料特典付き♪お食事は温泉街へgo!|meal:confirmed_room_only|occ:2a0c1r|los:1|text:【素泊まりプラン】蔵王温泉を心ゆくまで堪能!湯めぐり無料特典付き♪お食事は温泉街へgo!|2|0|1|1|core_competitor_obs_20260819_045002,af626b33d58acede830f3f677ebb2fa85e6a2cd6d54ffa211426a64336a05653,yoshidaya,吉田屋,jalan,2026-09-01,2026-08-19T05:05:01+09:00,room:和室6畳|plan:【素泊まりプラン】蔵王温泉を心ゆくまで堪能!湯めぐり無料特典付き♪お食事は温泉街へgo!|meal:confirmed_room_only|occ:2a0c1r|los:1,和室6畳,text:【素泊まりプラン】蔵王温泉を心ゆくまで堪能!湯めぐり無料特典付き♪お食事は温泉街へgo!,【素泊まりプラン】蔵王温泉を心ゆくまで堪能!湯めぐり無料特典付き♪お食事は温泉街へGO!,2,0,1,1,JPY,16500,AVAILABLE,,UNKNOWN,PRODUCT,MEDIUM,90122505dcd9b94b7440a79446f13714d4ac3d4e98ebe0c186232042f5a30ee1,core_competitor_obs_20260819_045002
"jalan|yoshidaya|2026-09-01|room:和室13畳|plan:【蔵王を遊びつくそう】50種以上から選べるアクティビティクーポン2,000円分付き!選べるお料理♪|meal:meal_included|occ:2a0c1r|los:1|text:【蔵王を遊びつくそう】50種以上から選べるアクティビティクーポン2,000円分付き!選べるお料理♪|2|0|1|1|core_competitor_obs_20260819_045002",1923e91169b70d9b8c57e7027f151d85a5fd6115608b73d961cf58aa8f7143b1,yoshidaya,吉田屋,jalan,2026-09-01,2026-08-19T05:05:01+09:00,"room:和室13畳|plan:【蔵王を遊びつくそう】50種以上から選べるアクティビティクーポン2,000円分付き!選べるお料理♪|meal:meal_included|occ:2a0c1r|los:1",和室13畳,"text:【蔵王を遊びつくそう】50種以上から選べるアクティビティクーポン2,000円分付き!選べるお料理♪","【蔵王を遊びつくそう】50種以上から選べるアクティビティクーポン2,000円分付き!選べるお料理♪",2,0,1,1,JPY,31900,AVAILABLE,1,PUBLIC_SCARCITY_COUNT,PRODUCT,HIGH,2ced1a0f6f1b8e76c4dc2df176888fa9af8ad5f635bdd9cfc59d485bded4d357,core_competitor_obs_20260819_045002
"jalan|yoshidaya|2026-09-01|room:和室12.5畳|plan:【蔵王を遊びつくそう】50種以上から選べるアクティビティクーポン2,000円分付き!選べるお料理♪|meal:meal_included|occ:2a0c1r|los:1|text:【蔵王を遊びつくそう】50種以上から選べるアクティビティクーポン2,000円分付き!選べるお料理♪|2|0|1|1|core_competitor_obs_20260819_045002",aba54cbbd5d78112beb063beb380e3f229dbe0dc2b6577fdefb9d97d42093a6c,yoshidaya,吉田屋,jalan,2026-09-01,2026-08-19T05:05:01+09:00,"room:和室12.5畳|plan:【蔵王を遊びつくそう】50種以上から選べるアクティビティクーポン2,000円分付き!選べるお料理♪|meal:meal_included|occ:2a0c1r|los:1",和室12.5畳,"text:【蔵王を遊びつくそう】50種以上から選べるアクティビティクーポン2,000円分付き!選べるお料理♪","【蔵王を遊びつくそう】50種以上から選べるアクティビティクーポン2,000円分付き!選べるお料理♪",2,0,1,1,JPY,29700,AVAILABLE,2,PUBLIC_SCARCITY_COUNT,PRODUCT,HIGH,fe6e88708252674d70bb0f775499fe29ab2054bb2c8d268abcbf5a45877bce06,core_competitor_obs_20260819_045002
"jalan|yoshidaya|2026-09-01|room:和室8畳|plan:【蔵王を遊びつくそう】50種以上から選べるアクティビティクーポン2,000円分付き!選べるお料理♪|meal:meal_included|occ:2a0c1r|los:1|text:【蔵王を遊びつくそう】50種以上から選べるアクティビティクーポン2,000円分付き!選べるお料理♪|2|0|1|1|core_competitor_obs_20260819_045002",50486ef77e5ab87e9609cc3f02abcb673c1cdde0c70042c47c0ff0ff11a69107,yoshidaya,吉田屋,jalan,2026-09-01,2026-08-19T05:05:01+09:00,"room:和室8畳|plan:【蔵王を遊びつくそう】50種以上から選べるアクティビティクーポン2,000円分付き!選べるお料理♪|meal:meal_included|occ:2a0c1r|los:1",和室8畳,"text:【蔵王を遊びつくそう】50種以上から選べるアクティビティクーポン2,000円分付き!選べるお料理♪","【蔵王を遊びつくそう】50種以上から選べるアクティビティクーポン2,000円分付き!選べるお料理♪",2,0,1,1,JPY,27500,AVAILABLE,3,PUBLIC_SCARCITY_COUNT,PRODUCT,HIGH,f93c25bbcbe1b83f0b658c2b6678376f7e945f6a6eb37594fb093feca50bdf5b,core_competitor_obs_20260819_045002
"jalan|yoshidaya|2026-09-01|room:和室6畳|plan:【蔵王を遊びつくそう】50種以上から選べるアクティビティクーポン2,000円分付き!選べるお料理♪|meal:meal_included|occ:2a0c1r|los:1|text:【蔵王を遊びつくそう】50種以上から選べるアクティビティクーポン2,000円分付き!選べるお料理♪|2|0|1|1|core_competitor_obs_20260819_045002",88524da362696e9fe73d412f58a55670054a4452baf2db27c04361913d63325a,yoshidaya,吉田屋,jalan,2026-09-01,2026-08-19T05:05:01+09:00,"room:和室6畳|plan:【蔵王を遊びつくそう】50種以上から選べるアクティビティクーポン2,000円分付き!選べるお料理♪|meal:meal_included|occ:2a0c1r|los:1",和室6畳,"text:【蔵王を遊びつくそう】50種以上から選べるアクティビティクーポン2,000円分付き!選べるお料理♪","【蔵王を遊びつくそう】50種以上から選べるアクティビティクーポン2,000円分付き!選べるお料理♪",2,0,1,1,JPY,25300,AVAILABLE,,UNKNOWN,PRODUCT,MEDIUM,3298271096fed41c4d92c34416c5b7b057e9001cf57406dd5b9e2ac23d6f77ec,core_competitor_obs_20260819_045002
jalan|yoshidaya|2026-09-02|room:和室13畳|plan:【シニア割プラン】50歳以上限定!大人の贅沢なひととき♪源泉掛け流しの温泉でリフレッシュ♪|meal:meal_included|occ:2a0c1r|los:1|text:【シニア割プラン】50歳以上限定!大人の贅沢なひととき♪源泉掛け流しの温泉でリフレッシュ♪|2|0|1|1|core_competitor_obs_20260819_045002,ccc995a25db287c6c8aeaef6e8ab39a26bf339611d69b079bbf149f6665aef50,yoshidaya,吉田屋,jalan,2026-09-02,2026-08-19T05:05:14+09:00,room:和室13畳|plan:【シニア割プラン】50歳以上限定!大人の贅沢なひととき♪源泉掛け流しの温泉でリフレッシュ♪|meal:meal_included|occ:2a0c1r|los:1,和室13畳,text:【シニア割プラン】50歳以上限定!大人の贅沢なひととき♪源泉掛け流しの温泉でリフレッシュ♪,【シニア割プラン】50歳以上限定!大人の贅沢なひととき♪源泉掛け流しの温泉でリフレッシュ♪,2,0,1,1,JPY,25300,AVAILABLE,1,PUBLIC_SCARCITY_COUNT,PRODUCT,HIGH,531274d4410aed8d110a4d85b6f47d1d2a5f4ae37a98f28e10d2d429bbb1feeb,core_competitor_obs_20260819_045002
jalan|yoshidaya|2026-09-02|room:和室8畳|plan:【シニア割プラン】50歳以上限定!大人の贅沢なひととき♪源泉掛け流しの温泉でリフレッシュ♪|meal:meal_included|occ:2a0c1r|los:1|text:【シニア割プラン】50歳以上限定!大人の贅沢なひととき♪源泉掛け流しの温泉でリフレッシュ♪|2|0|1|1|core_competitor_obs_20260819_045002,17a95d4f4b1235dd2363569ca091485dff6d84b992904c02eb01056bde9f220b,yoshidaya,吉田屋,jalan,2026-09-02,2026-08-19T05:05:14+09:00,room:和室8畳|plan:【シニア割プラン】50歳以上限定!大人の贅沢なひととき♪源泉掛け流しの温泉でリフレッシュ♪|meal:meal_included|occ:2a0c1r|los:1,和室8畳,text:【シニア割プラン】50歳以上限定!大人の贅沢なひととき♪源泉掛け流しの温泉でリフレッシュ♪,【シニア割プラン】50歳以上限定!大人の贅沢なひととき♪源泉掛け流しの温泉でリフレッシュ♪,2,0,1,1,JPY,20900,AVAILABLE,3,PUBLIC_SCARCITY_COUNT,PRODUCT,HIGH,d8baee5c004c6f6c76bd583d2e2b198605e212b8bf3d75d2fbd2e97ba2fb2868,core_competitor_obs_20260819_045002
jalan|yoshidaya|2026-09-02|room:和室6畳|plan:【シニア割プラン】50歳以上限定!大人の贅沢なひととき♪源泉掛け流しの温泉でリフレッシュ♪|meal:meal_included|occ:2a0c1r|los:1|text:【シニア割プラン】50歳以上限定!大人の贅沢なひととき♪源泉掛け流しの温泉でリフレッシュ♪|2|0|1|1|core_competitor_obs_20260819_045002,acff6cf47c102b8f571f362067eb4332dcadf7ec0be3b11a974c3cd3d72d119d,yoshidaya,吉田屋,jalan,2026-09-02,2026-08-19T05:05:14+09:00,room:和室6畳|plan:【シニア割プラン】50歳以上限定!大人の贅沢なひととき♪源泉掛け流しの温泉でリフレッシュ♪|meal:meal_included|occ:2a0c1r|los:1,和室6畳,text:【シニア割プラン】50歳以上限定!大人の贅沢なひととき♪源泉掛け流しの温泉でリフレッシュ♪,【シニア割プラン】50歳以上限定!大人の贅沢なひととき♪源泉掛け流しの温泉でリフレッシュ♪,2,0,1,1,JPY,18700,AVAILABLE,,UNKNOWN,PRODUCT,MEDIUM,9d3b27c3593ac97e7ad6e4e93ec524eae926f20330c761c70c50611e0f5ecf78,core_competitor_obs_20260819_045002
jalan|yoshidaya|2026-09-02|room:和室13畳|plan:【夕食グレードアップ】ちょっとリッチに山形牛すきやきを堪能★源泉掛け流しの温泉でリフレッシュ♪|meal:meal_included|occ:2a0c1r|los:1|text:【夕食グレードアップ】ちょっとリッチに山形牛すきやきを堪能★源泉掛け流しの温泉でリフレッシュ♪|2|0|1|1|core_competitor_obs_20260819_045002,50e763958988b40325c98cc26c063b984ac6292d210d2f01906eebe96a2cbc98,yoshidaya,吉田屋,jalan,2026-09-02,2026-08-19T05:05:14+09:00,room:和室13畳|plan:【夕食グレードアップ】ちょっとリッチに山形牛すきやきを堪能★源泉掛け流しの温泉でリフレッシュ♪|meal:meal_included|occ:2a0c1r|los:1,和室13畳,text:【夕食グレードアップ】ちょっとリッチに山形牛すきやきを堪能★源泉掛け流しの温泉でリフレッシュ♪,【夕食グレードアップ】ちょっとリッチに山形牛すきやきを堪能★源泉掛け流しの温泉でリフレッシュ♪,2,0,1,1,JPY,35200,AVAILABLE,1,PUBLIC_SCARCITY_COUNT,PRODUCT,HIGH,3b168a8a72cb2a23b1ec2c86b05ace2d593ab6bd6dae07168e49ce4647a826c6,core_competitor_obs_20260819_045002
jalan|yoshidaya|2026-09-02|room:和室8畳|plan:【夕食グレードアップ】ちょっとリッチに山形牛すきやきを堪能★源泉掛け流しの温泉でリフレッシュ♪|meal:meal_included|occ:2a0c1r|los:1|text:【夕食グレードアップ】ちょっとリッチに山形牛すきやきを堪能★源泉掛け流しの温泉でリフレッシュ♪|2|0|1|1|core_competitor_obs_20260819_045002,3ea61b6044500d8f97d23ab555e24339e119fe1a9ef4729c225c2b2f50948382,yoshidaya,吉田屋,jalan,2026-09-02,2026-08-19T05:05:14+09:00,room:和室8畳|plan:【夕食グレードアップ】ちょっとリッチに山形牛すきやきを堪能★源泉掛け流しの温泉でリフレッシュ♪|meal:meal_included|occ:2a0c1r|los:1,和室8畳,text:【夕食グレードアップ】ちょっとリッチに山形牛すきやきを堪能★源泉掛け流しの温泉でリフレッシュ♪,【夕食グレードアップ】ちょっとリッチに山形牛すきやきを堪能★源泉掛け流しの温泉でリフレッシュ♪,2,0,1,1,JPY,30800,AVAILABLE,3,PUBLIC_SCARCITY_COUNT,PRODUCT,HIGH,13455184c65dcc64f44abed2b3a417eeb0284fc37744af4d1c612a28a16157a7,core_competitor_obs_20260819_045002
jalan|yoshidaya|2026-09-02|room:和室6畳|plan:【夕食グレードアップ】ちょっとリッチに山形牛すきやきを堪能★源泉掛け流しの温泉でリフレッシュ♪|meal:meal_included|occ:2a0c1r|los:1|text:【夕食グレードアップ】ちょっとリッチに山形牛すきやきを堪能★源泉掛け流しの温泉でリフレッシュ♪|2|0|1|1|core_competitor_obs_20260819_045002,773b9b61362e76d655679036c051d2b3a5d6dacd1c904a1503e9bfcd86f0e6c4,yoshidaya,吉田屋,jalan,2026-09-02,2026-08-19T05:05:14+09:00,room:和室6畳|plan:【夕食グレードアップ】ちょっとリッチに山形牛すきやきを堪能★源泉掛け流しの温泉でリフレッシュ♪|meal:meal_included|occ:2a0c1r|los:1,和室6畳,text:【夕食グレードアップ】ちょっとリッチに山形牛すきやきを堪能★源泉掛け流しの温泉でリフレッシュ♪,【夕食グレードアップ】ちょっとリッチに山形牛すきやきを堪能★源泉掛け流しの温泉でリフレッシュ♪,2,0,1,1,JPY,28600,AVAILABLE,,UNKNOWN,PRODUCT,MEDIUM,9320a652207fddf627fbffbbd8af7f24df99e3c82293b4d2a7a5c1fa8f6f57be,core_competitor_obs_20260819_045002
jalan|yoshidaya|2026-09-02|room:和室13畳|plan:【早割プラン】14日前までのご予約でお得にご宿泊!温泉と郷土料理に癒される♪選べるメイン料理♪|meal:meal_included|occ:2a0c1r|los:1|text:【早割プラン】14日前までのご予約でお得にご宿泊!温泉と郷土料理に癒される♪選べるメイン料理♪|2|0|1|1|core_competitor_obs_20260819_045002,205252cba6c4ec15a401e230d00e0042295a81d5cc58990ab91ab192266ba6e4,yoshidaya,吉田屋,jalan,2026-09-02,2026-08-19T05:05:14+09:00,room:和室13畳|plan:【早割プラン】14日前までのご予約でお得にご宿泊!温泉と郷土料理に癒される♪選べるメイン料理♪|meal:meal_included|occ:2a0c1r|los:1,和室13畳,text:【早割プラン】14日前までのご予約でお得にご宿泊!温泉と郷土料理に癒される♪選べるメイン料理♪,【早割プラン】14日前までのご予約でお得にご宿泊!温泉と郷土料理に癒される♪選べるメイン料理♪,2,0,1,1,JPY,26400,AVAILABLE,1,PUBLIC_SCARCITY_COUNT,PRODUCT,HIGH,f309d5eec02ea2d164c927f06a3b8ab87bad76a6a08948c3cd92863be58d5960,core_competitor_obs_20260819_045002
jalan|yoshidaya|2026-09-02|room:和室8畳|plan:【早割プラン】14日前までのご予約でお得にご宿泊!温泉と郷土料理に癒される♪選べるメイン料理♪|meal:meal_included|occ:2a0c1r|los:1|text:【早割プラン】14日前までのご予約でお得にご宿泊!温泉と郷土料理に癒される♪選べるメイン料理♪|2|0|1|1|core_competitor_obs_20260819_045002,079e50d637d001b7d16a285d31be6ad908bda9a3397e1e7b87e0abb65a37c72a,yoshidaya,吉田屋,jalan,2026-09-02,2026-08-19T05:05:14+09:00,room:和室8畳|plan:【早割プラン】14日前までのご予約でお得にご宿泊!温泉と郷土料理に癒される♪選べるメイン料理♪|meal:meal_included|occ:2a0c1r|los:1,和室8畳,text:【早割プラン】14日前までのご予約でお得にご宿泊!温泉と郷土料理に癒される♪選べるメイン料理♪,【早割プラン】14日前までのご予約でお得にご宿泊!温泉と郷土料理に癒される♪選べるメイン料理♪,2,0,1,1,JPY,22000,AVAILABLE,3,PUBLIC_SCARCITY_COUNT,PRODUCT,HIGH,bb3cbd55b2aa60fc37a364ff18da3c85c8ae337bcf862bc87325e5f1cb97b2f3,core_competitor_obs_20260819_045002
jalan|yoshidaya|2026-09-02|room:和室6畳|plan:【早割プラン】14日前までのご予約でお得にご宿泊!温泉と郷土料理に癒される♪選べるメイン料理♪|meal:meal_included|occ:2a0c1r|los:1|text:【早割プラン】14日前までのご予約でお得にご宿泊!温泉と郷土料理に癒される♪選べるメイン料理♪|2|0|1|1|core_competitor_obs_20260819_045002,67fd6a9fd5a8ee433be8e03c925cc6a9e36059ca7cd92ae7b5dea3b1522e2510,yoshidaya,吉田屋,jalan,2026-09-02,2026-08-19T05:05:14+09:00,room:和室6畳|plan:【早割プラン】14日前までのご予約でお得にご宿泊!温泉と郷土料理に癒される♪選べるメイン料理♪|meal:meal_included|occ:2a0c1r|los:1,和室6畳,text:【早割プラン】14日前までのご予約でお得にご宿泊!温泉と郷土料理に癒される♪選べるメイン料理♪,【早割プラン】14日前までのご予約でお得にご宿泊!温泉と郷土料理に癒される♪選べるメイン料理♪,2,0,1,1,JPY,19800,AVAILABLE,,UNKNOWN,PRODUCT,MEDIUM,7f0caaf378c5a36950bace2dee819a4bfbb6cb365ef8001ad61804fd443b0f95,core_competitor_obs_20260819_045002
jalan|yoshidaya|2026-09-02|room:和室13畳|plan:【じゃらん限定】ポイント10%!温泉と郷土料理に癒される♪吉田屋旅館の選べるお料理♪♪連泊にもおすすめ|meal:meal_included|occ:2a0c1r|los:1|text:【じゃらん限定】ポイント10%!温泉と郷土料理に癒される♪吉田屋旅館の選べるお料理♪♪連泊にもおすすめ|2|0|1|1|core_competitor_obs_20260819_045002,fce3dc7239bbd9b803a128d4f774d6d56d60f18a3c89f8e8fd9368f5b52439ae,yoshidaya,吉田屋,jalan,2026-09-02,2026-08-19T05:05:14+09:00,room:和室13畳|plan:【じゃらん限定】ポイント10%!温泉と郷土料理に癒される♪吉田屋旅館の選べるお料理♪♪連泊にもおすすめ|meal:meal_included|occ:2a0c1r|los:1,和室13畳,text:【じゃらん限定】ポイント10%!温泉と郷土料理に癒される♪吉田屋旅館の選べるお料理♪♪連泊にもおすすめ,【じゃらん限定】ポイント10%!温泉と郷土料理に癒される♪吉田屋旅館の選べるお料理♪♪連泊にもおすすめ,2,0,1,1,JPY,30030,AVAILABLE,1,PUBLIC_SCARCITY_COUNT,PRODUCT,HIGH,081c0c5c9fddc694e6e896f0a4b6c54722686e8a284dc56e678599d34a656200,core_competitor_obs_20260819_045002
jalan|yoshidaya|2026-09-02|room:和室8畳|plan:【じゃらん限定】ポイント10%!温泉と郷土料理に癒される♪吉田屋旅館の選べるお料理♪♪連泊にもおすすめ|meal:meal_included|occ:2a0c1r|los:1|text:【じゃらん限定】ポイント10%!温泉と郷土料理に癒される♪吉田屋旅館の選べるお料理♪♪連泊にもおすすめ|2|0|1|1|core_competitor_obs_20260819_045002,f29e970418d6d6975574d0890237d41b89011af9d303218090442f64ed8d0ee1,yoshidaya,吉田屋,jalan,2026-09-02,2026-08-19T05:05:14+09:00,room:和室8畳|plan:【じゃらん限定】ポイント10%!温泉と郷土料理に癒される♪吉田屋旅館の選べるお料理♪♪連泊にもおすすめ|meal:meal_included|occ:2a0c1r|los:1,和室8畳,text:【じゃらん限定】ポイント10%!温泉と郷土料理に癒される♪吉田屋旅館の選べるお料理♪♪連泊にもおすすめ,【じゃらん限定】ポイント10%!温泉と郷土料理に癒される♪吉田屋旅館の選べるお料理♪♪連泊にもおすすめ,2,0,1,1,JPY,25410,AVAILABLE,3,PUBLIC_SCARCITY_COUNT,PRODUCT,HIGH,a931b039435157a11829227ad51a256ab61f3f4ae73d481f94ee93cfbb279bbe,core_competitor_obs_20260819_045002
jalan|yoshidaya|2026-09-02|room:和室6畳|plan:【じゃらん限定】ポイント10%!温泉と郷土料理に癒される♪吉田屋旅館の選べるお料理♪♪連泊にもおすすめ|meal:meal_included|occ:2a0c1r|los:1|text:【じゃらん限定】ポイント10%!温泉と郷土料理に癒される♪吉田屋旅館の選べるお料理♪♪連泊にもおすすめ|2|0|1|1|core_competitor_obs_20260819_045002,e2f15b58444dc91211431d598fd91db620963bd74d4bd76b1ef63271ba40ba9f,yoshidaya,吉田屋,jalan,2026-09-02,2026-08-19T05:05:14+09:00,room:和室6畳|plan:【じゃらん限定】ポイント10%!温泉と郷土料理に癒される♪吉田屋旅館の選べるお料理♪♪連泊にもおすすめ|meal:meal_included|occ:2a0c1r|los:1,和室6畳,text:【じゃらん限定】ポイント10%!温泉と郷土料理に癒される♪吉田屋旅館の選べるお料理♪♪連泊にもおすすめ,【じゃらん限定】ポイント10%!温泉と郷土料理に癒される♪吉田屋旅館の選べるお料理♪♪連泊にもおすすめ,2,0,1,1,JPY,23100,AVAILABLE,,UNKNOWN,PRODUCT,MEDIUM,b56bdb399f7a87f170ba340224362a5c149925321b3cf725d40b2faa303d33de,core_competitor_obs_20260819_045002
jalan|yoshidaya|2026-09-02|room:和室13畳|plan:【1泊2食付★基本プラン】温泉と郷土料理に癒される♪吉田屋旅館の選べるお料理♪♪連泊にもおすすめ◎|meal:meal_included|occ:2a0c1r|los:1|text:【1泊2食付★基本プラン】温泉と郷土料理に癒される♪吉田屋旅館の選べるお料理♪♪連泊にもおすすめ◎|2|0|1|1|core_competitor_obs_20260819_045002,8a5ad6163f875b3313992ef3cc3aab39efd8dbaed04b30fa143ba16f8587f2e7,yoshidaya,吉田屋,jalan,2026-09-02,2026-08-19T05:05:14+09:00,room:和室13畳|plan:【1泊2食付★基本プラン】温泉と郷土料理に癒される♪吉田屋旅館の選べるお料理♪♪連泊にもおすすめ◎|meal:meal_included|occ:2a0c1r|los:1,和室13畳,text:【1泊2食付★基本プラン】温泉と郷土料理に癒される♪吉田屋旅館の選べるお料理♪♪連泊にもおすすめ◎,【1泊2食付★基本プラン】温泉と郷土料理に癒される♪吉田屋旅館の選べるお料理♪♪連泊にもおすすめ◎,2,0,1,1,JPY,28600,AVAILABLE,1,PUBLIC_SCARCITY_COUNT,PRODUCT,HIGH,2345d101f858c899c09a45c8876b7c0f52a9b7152c5a52610308f61d5dcde4b2,core_competitor_obs_20260819_045002
jalan|yoshidaya|2026-09-02|room:和室8畳|plan:【1泊2食付★基本プラン】温泉と郷土料理に癒される♪吉田屋旅館の選べるお料理♪♪連泊にもおすすめ◎|meal:meal_included|occ:2a0c1r|los:1|text:【1泊2食付★基本プラン】温泉と郷土料理に癒される♪吉田屋旅館の選べるお料理♪♪連泊にもおすすめ◎|2|0|1|1|core_competitor_obs_20260819_045002,3a9434cdbb936dfcd370436d8f05c8603354c95a52ee7e48e0e3464917b24a01,yoshidaya,吉田屋,jalan,2026-09-02,2026-08-19T05:05:14+09:00,room:和室8畳|plan:【1泊2食付★基本プラン】温泉と郷土料理に癒される♪吉田屋旅館の選べるお料理♪♪連泊にもおすすめ◎|meal:meal_included|occ:2a0c1r|los:1,和室8畳,text:【1泊2食付★基本プラン】温泉と郷土料理に癒される♪吉田屋旅館の選べるお料理♪♪連泊にもおすすめ◎,【1泊2食付★基本プラン】温泉と郷土料理に癒される♪吉田屋旅館の選べるお料理♪♪連泊にもおすすめ◎,2,0,1,1,JPY,24200,AVAILABLE,3,PUBLIC_SCARCITY_COUNT,PRODUCT,HIGH,513c28e5db1ce604ce901e4b06e7b5ba03bfb405dbe5ab4806830828949eb8af,core_competitor_obs_20260819_045002
jalan|yoshidaya|2026-09-02|room:和室6畳|plan:【1泊2食付★基本プラン】温泉と郷土料理に癒される♪吉田屋旅館の選べるお料理♪♪連泊にもおすすめ◎|meal:meal_included|occ:2a0c1r|los:1|text:【1泊2食付★基本プラン】温泉と郷土料理に癒される♪吉田屋旅館の選べるお料理♪♪連泊にもおすすめ◎|2|0|1|1|core_competitor_obs_20260819_045002,7fc88c72d018a04b2758123b5cdc2d895bc6763850ffbc3d4cf74643f1c4d82b,yoshidaya,吉田屋,jalan,2026-09-02,2026-08-19T05:05:14+09:00,room:和室6畳|plan:【1泊2食付★基本プラン】温泉と郷土料理に癒される♪吉田屋旅館の選べるお料理♪♪連泊にもおすすめ◎|meal:meal_included|occ:2a0c1r|los:1,和室6畳,text:【1泊2食付★基本プラン】温泉と郷土料理に癒される♪吉田屋旅館の選べるお料理♪♪連泊にもおすすめ◎,【1泊2食付★基本プラン】温泉と郷土料理に癒される♪吉田屋旅館の選べるお料理♪♪連泊にもおすすめ◎,2,0,1,1,JPY,22000,AVAILABLE,,UNKNOWN,PRODUCT,MEDIUM,023309423f5e986eafc0726cfd933e5db7a8f3bad2f6b76cebd323a8d8311d2f,core_competitor_obs_20260819_045002
jalan|yoshidaya|2026-09-02|room:和室13畳|plan:【朝食付プラン】蔵王温泉を心ゆくまで堪能!湯めぐり無料特典付き♪お食事は温泉街へgo!|meal:meal_included|occ:2a0c1r|los:1|text:【朝食付プラン】蔵王温泉を心ゆくまで堪能!湯めぐり無料特典付き♪お食事は温泉街へgo!|2|0|1|1|core_competitor_obs_20260819_045002,06ed834587916aabb546a26599ed70411c33c8d7510c3f69719c0dba6dbb3e4a,yoshidaya,吉田屋,jalan,2026-09-02,2026-08-19T05:05:14+09:00,room:和室13畳|plan:【朝食付プラン】蔵王温泉を心ゆくまで堪能!湯めぐり無料特典付き♪お食事は温泉街へgo!|meal:meal_included|occ:2a0c1r|los:1,和室13畳,text:【朝食付プラン】蔵王温泉を心ゆくまで堪能!湯めぐり無料特典付き♪お食事は温泉街へgo!,【朝食付プラン】蔵王温泉を心ゆくまで堪能!湯めぐり無料特典付き♪お食事は温泉街へGO!,2,0,1,1,JPY,24200,AVAILABLE,1,PUBLIC_SCARCITY_COUNT,PRODUCT,HIGH,47fb66c570fc47bb0e32e9637d2a76e7cf800ce2be413b13deaf469c35c9aaef,core_competitor_obs_20260819_045002
jalan|yoshidaya|2026-09-02|room:和室8畳|plan:【朝食付プラン】蔵王温泉を心ゆくまで堪能!湯めぐり無料特典付き♪お食事は温泉街へgo!|meal:meal_included|occ:2a0c1r|los:1|text:【朝食付プラン】蔵王温泉を心ゆくまで堪能!湯めぐり無料特典付き♪お食事は温泉街へgo!|2|0|1|1|core_competitor_obs_20260819_045002,2cf27575d6da181ea2cfb596b9ffbda9274a2b940ea27dad91cbe5d89c333331,yoshidaya,吉田屋,jalan,2026-09-02,2026-08-19T05:05:14+09:00,room:和室8畳|plan:【朝食付プラン】蔵王温泉を心ゆくまで堪能!湯めぐり無料特典付き♪お食事は温泉街へgo!|meal:meal_included|occ:2a0c1r|los:1,和室8畳,text:【朝食付プラン】蔵王温泉を心ゆくまで堪能!湯めぐり無料特典付き♪お食事は温泉街へgo!,【朝食付プラン】蔵王温泉を心ゆくまで堪能!湯めぐり無料特典付き♪お食事は温泉街へGO!,2,0,1,1,JPY,19800,AVAILABLE,3,PUBLIC_SCARCITY_COUNT,PRODUCT,HIGH,0eac5ac647e7d027dea1d8f55c4b02d656e4703e1f4595cbbf6c225d54068edb,core_competitor_obs_20260819_045002
jalan|yoshidaya|2026-09-02|room:和室6畳|plan:【朝食付プラン】蔵王温泉を心ゆくまで堪能!湯めぐり無料特典付き♪お食事は温泉街へgo!|meal:meal_included|occ:2a0c1r|los:1|text:【朝食付プラン】蔵王温泉を心ゆくまで堪能!湯めぐり無料特典付き♪お食事は温泉街へgo!|2|0|1|1|core_competitor_obs_20260819_045002,80071ff2462d8a41be745b6cb60910416c9272dd1c3affc38da6241d8fcbfc1e,yoshidaya,吉田屋,jalan,2026-09-02,2026-08-19T05:05:14+09:00,room:和室6畳|plan:【朝食付プラン】蔵王温泉を心ゆくまで堪能!湯めぐり無料特典付き♪お食事は温泉街へgo!|meal:meal_included|occ:2a0c1r|los:1,和室6畳,text:【朝食付プラン】蔵王温泉を心ゆくまで堪能!湯めぐり無料特典付き♪お食事は温泉街へgo!,【朝食付プラン】蔵王温泉を心ゆくまで堪能!湯めぐり無料特典付き♪お食事は温泉街へGO!,2,0,1,1,JPY,17600,AVAILABLE,,UNKNOWN,PRODUCT,MEDIUM,a028a7553408d51ee1e199637d714b9cd1726572b7af6ab12311939e3ebe7908,core_competitor_obs_20260819_045002
jalan|yoshidaya|2026-09-02|room:和室13畳|plan:【素泊まりプラン】蔵王温泉を心ゆくまで堪能!湯めぐり無料特典付き♪お食事は温泉街へgo!|meal:confirmed_room_only|occ:2a0c1r|los:1|text:【素泊まりプラン】蔵王温泉を心ゆくまで堪能!湯めぐり無料特典付き♪お食事は温泉街へgo!|2|0|1|1|core_competitor_obs_20260819_045002,b8701319a06ec403597dbeb0457f4a5da8ba9df36551c147c0f03f3728226883,yoshidaya,吉田屋,jalan,2026-09-02,2026-08-19T05:05:14+09:00,room:和室13畳|plan:【素泊まりプラン】蔵王温泉を心ゆくまで堪能!湯めぐり無料特典付き♪お食事は温泉街へgo!|meal:confirmed_room_only|occ:2a0c1r|los:1,和室13畳,text:【素泊まりプラン】蔵王温泉を心ゆくまで堪能!湯めぐり無料特典付き♪お食事は温泉街へgo!,【素泊まりプラン】蔵王温泉を心ゆくまで堪能!湯めぐり無料特典付き♪お食事は温泉街へGO!,2,0,1,1,JPY,23100,AVAILABLE,1,PUBLIC_SCARCITY_COUNT,PRODUCT,HIGH,50b1a961b9b48cfc82d03bda1455a2620067241ec2f6171a2a945e446e6d8244,core_competitor_obs_20260819_045002
jalan|yoshidaya|2026-09-02|room:和室8畳|plan:【素泊まりプラン】蔵王温泉を心ゆくまで堪能!湯めぐり無料特典付き♪お食事は温泉街へgo!|meal:confirmed_room_only|occ:2a0c1r|los:1|text:【素泊まりプラン】蔵王温泉を心ゆくまで堪能!湯めぐり無料特典付き♪お食事は温泉街へgo!|2|0|1|1|core_competitor_obs_20260819_045002,3965420a26186703c8298a7daf2c74b77935e3ba092cfdc309bdbb7e4a4c8faa,yoshidaya,吉田屋,jalan,2026-09-02,2026-08-19T05:05:14+09:00,room:和室8畳|plan:【素泊まりプラン】蔵王温泉を心ゆくまで堪能!湯めぐり無料特典付き♪お食事は温泉街へgo!|meal:confirmed_room_only|occ:2a0c1r|los:1,和室8畳,text:【素泊まりプラン】蔵王温泉を心ゆくまで堪能!湯めぐり無料特典付き♪お食事は温泉街へgo!,【素泊まりプラン】蔵王温泉を心ゆくまで堪能!湯めぐり無料特典付き♪お食事は温泉街へGO!,2,0,1,1,JPY,18700,AVAILABLE,3,PUBLIC_SCARCITY_COUNT,PRODUCT,HIGH,0acae28bd01fd04b72802c376a86e221f5a017080d4b86828aeda7e14bdc903e,core_competitor_obs_20260819_045002
jalan|yoshidaya|2026-09-02|room:和室6畳|plan:【素泊まりプラン】蔵王温泉を心ゆくまで堪能!湯めぐり無料特典付き♪お食事は温泉街へgo!|meal:confirmed_room_only|occ:2a0c1r|los:1|text:【素泊まりプラン】蔵王温泉を心ゆくまで堪能!湯めぐり無料特典付き♪お食事は温泉街へgo!|2|0|1|1|core_competitor_obs_20260819_045002,ed18516b9011325dd5b9a1cbe447a096bed53e3287d396186578c464a2f02def,yoshidaya,吉田屋,jalan,2026-09-02,2026-08-19T05:05:14+09:00,room:和室6畳|plan:【素泊まりプラン】蔵王温泉を心ゆくまで堪能!湯めぐり無料特典付き♪お食事は温泉街へgo!|meal:confirmed_room_only|occ:2a0c1r|los:1,和室6畳,text:【素泊まりプラン】蔵王温泉を心ゆくまで堪能!湯めぐり無料特典付き♪お食事は温泉街へgo!,【素泊まりプラン】蔵王温泉を心ゆくまで堪能!湯めぐり無料特典付き♪お食事は温泉街へGO!,2,0,1,1,JPY,16500,AVAILABLE,,UNKNOWN,PRODUCT,MEDIUM,90122505dcd9b94b7440a79446f13714d4ac3d4e98ebe0c186232042f5a30ee1,core_competitor_obs_20260819_045002
jalan|yoshidaya|2026-09-02|room:和室13畳|plan:【じゃらんのお得な10日間】10%off!~基本プラン~温泉と郷土料理に癒される♪連泊にもおすすめ◎|meal:meal_included|occ:2a0c1r|los:1|text:【じゃらんのお得な10日間】10%off!~基本プラン~温泉と郷土料理に癒される♪連泊にもおすすめ◎|2|0|1|1|core_competitor_obs_20260819_045002,304406d08e82fdd5fbd26041f73e6d92272e73b9116b2ac842528f1107a374d3,yoshidaya,吉田屋,jalan,2026-09-02,2026-08-19T05:05:14+09:00,room:和室13畳|plan:【じゃらんのお得な10日間】10%off!~基本プラン~温泉と郷土料理に癒される♪連泊にもおすすめ◎|meal:meal_included|occ:2a0c1r|los:1,和室13畳,text:【じゃらんのお得な10日間】10%off!~基本プラン~温泉と郷土料理に癒される♪連泊にもおすすめ◎,【じゃらんのお得な10日間】10%OFF!~基本プラン~温泉と郷土料理に癒される♪連泊にもおすすめ◎,2,0,1,1,JPY,25740,AVAILABLE,1,PUBLIC_SCARCITY_COUNT,PRODUCT,HIGH,00d36d105e9f1bb6a8f18e75f3699d5460fd15e13e4dcc75f31ded9aec9253e5,core_competitor_obs_20260819_045002
jalan|yoshidaya|2026-09-02|room:和室8畳|plan:【じゃらんのお得な10日間】10%off!~基本プラン~温泉と郷土料理に癒される♪連泊にもおすすめ◎|meal:meal_included|occ:2a0c1r|los:1|text:【じゃらんのお得な10日間】10%off!~基本プラン~温泉と郷土料理に癒される♪連泊にもおすすめ◎|2|0|1|1|core_competitor_obs_20260819_045002,22d8e877f536309392929f7ca6603e07c0e383d52364b565b88f5c6b5987975a,yoshidaya,吉田屋,jalan,2026-09-02,2026-08-19T05:05:14+09:00,room:和室8畳|plan:【じゃらんのお得な10日間】10%off!~基本プラン~温泉と郷土料理に癒される♪連泊にもおすすめ◎|meal:meal_included|occ:2a0c1r|los:1,和室8畳,text:【じゃらんのお得な10日間】10%off!~基本プラン~温泉と郷土料理に癒される♪連泊にもおすすめ◎,【じゃらんのお得な10日間】10%OFF!~基本プラン~温泉と郷土料理に癒される♪連泊にもおすすめ◎,2,0,1,1,JPY,21780,AVAILABLE,3,PUBLIC_SCARCITY_COUNT,PRODUCT,HIGH,898d124154845e82c829c4900f88ab08587937394850e4442977c786968f336c,core_competitor_obs_20260819_045002
jalan|yoshidaya|2026-09-02|room:和室6畳|plan:【じゃらんのお得な10日間】10%off!~基本プラン~温泉と郷土料理に癒される♪連泊にもおすすめ◎|meal:meal_included|occ:2a0c1r|los:1|text:【じゃらんのお得な10日間】10%off!~基本プラン~温泉と郷土料理に癒される♪連泊にもおすすめ◎|2|0|1|1|core_competitor_obs_20260819_045002,ddf22452f081458b4fc0d5b7a82ce91ec4416c4e773a0af107cd679e3620f831,yoshidaya,吉田屋,jalan,2026-09-02,2026-08-19T05:05:14+09:00,room:和室6畳|plan:【じゃらんのお得な10日間】10%off!~基本プラン~温泉と郷土料理に癒される♪連泊にもおすすめ◎|meal:meal_included|occ:2a0c1r|los:1,和室6畳,text:【じゃらんのお得な10日間】10%off!~基本プラン~温泉と郷土料理に癒される♪連泊にもおすすめ◎,【じゃらんのお得な10日間】10%OFF!~基本プラン~温泉と郷土料理に癒される♪連泊にもおすすめ◎,2,0,1,1,JPY,19800,AVAILABLE,,UNKNOWN,PRODUCT,MEDIUM,7f0caaf378c5a36950bace2dee819a4bfbb6cb365ef8001ad61804fd443b0f95,core_competitor_obs_20260819_045002
jalan|yoshidaya|2026-09-02|room:和室13畳|plan:【学割プラン】学生旅行応援!思い出づくりのお手伝い★選べる夕食メイン+源泉掛け流し温泉|meal:meal_included|occ:2a0c1r|los:1|text:【学割プラン】学生旅行応援!思い出づくりのお手伝い★選べる夕食メイン+源泉掛け流し温泉|2|0|1|1|core_competitor_obs_20260819_045002,20c23415c9d6c740752d2cc10e8272d0e350f35f03ac6a7d46c3d3b00517d033,yoshidaya,吉田屋,jalan,2026-09-02,2026-08-19T05:05:14+09:00,room:和室13畳|plan:【学割プラン】学生旅行応援!思い出づくりのお手伝い★選べる夕食メイン+源泉掛け流し温泉|meal:meal_included|occ:2a0c1r|los:1,和室13畳,text:【学割プラン】学生旅行応援!思い出づくりのお手伝い★選べる夕食メイン+源泉掛け流し温泉,【学割プラン】学生旅行応援!思い出づくりのお手伝い★選べる夕食メイン+源泉掛け流し温泉,2,0,1,1,JPY,25300,AVAILABLE,1,PUBLIC_SCARCITY_COUNT,PRODUCT,HIGH,531274d4410aed8d110a4d85b6f47d1d2a5f4ae37a98f28e10d2d429bbb1feeb,core_competitor_obs_20260819_045002
jalan|yoshidaya|2026-09-02|room:和室8畳|plan:【学割プラン】学生旅行応援!思い出づくりのお手伝い★選べる夕食メイン+源泉掛け流し温泉|meal:meal_included|occ:2a0c1r|los:1|text:【学割プラン】学生旅行応援!思い出づくりのお手伝い★選べる夕食メイン+源泉掛け流し温泉|2|0|1|1|core_competitor_obs_20260819_045002,52c20c5f25c6392e59d228eecadb5f543e6fb90550579bc0918e2b0bff3e27a0,yoshidaya,吉田屋,jalan,2026-09-02,2026-08-19T05:05:14+09:00,room:和室8畳|plan:【学割プラン】学生旅行応援!思い出づくりのお手伝い★選べる夕食メイン+源泉掛け流し温泉|meal:meal_included|occ:2a0c1r|los:1,和室8畳,text:【学割プラン】学生旅行応援!思い出づくりのお手伝い★選べる夕食メイン+源泉掛け流し温泉,【学割プラン】学生旅行応援!思い出づくりのお手伝い★選べる夕食メイン+源泉掛け流し温泉,2,0,1,1,JPY,20900,AVAILABLE,3,PUBLIC_SCARCITY_COUNT,PRODUCT,HIGH,d8baee5c004c6f6c76bd583d2e2b198605e212b8bf3d75d2fbd2e97ba2fb2868,core_competitor_obs_20260819_045002
jalan|yoshidaya|2026-09-02|room:和室6畳|plan:【学割プラン】学生旅行応援!思い出づくりのお手伝い★選べる夕食メイン+源泉掛け流し温泉|meal:meal_included|occ:2a0c1r|los:1|text:【学割プラン】学生旅行応援!思い出づくりのお手伝い★選べる夕食メイン+源泉掛け流し温泉|2|0|1|1|core_competitor_obs_20260819_045002,6fadfb192324555fdae9f1cb1e92c0910626df238d25beba284121bf861e8403,yoshidaya,吉田屋,jalan,2026-09-02,2026-08-19T05:05:14+09:00,room:和室6畳|plan:【学割プラン】学生旅行応援!思い出づくりのお手伝い★選べる夕食メイン+源泉掛け流し温泉|meal:meal_included|occ:2a0c1r|los:1,和室6畳,text:【学割プラン】学生旅行応援!思い出づくりのお手伝い★選べる夕食メイン+源泉掛け流し温泉,【学割プラン】学生旅行応援!思い出づくりのお手伝い★選べる夕食メイン+源泉掛け流し温泉,2,0,1,1,JPY,18700,AVAILABLE,,UNKNOWN,PRODUCT,MEDIUM,2aacbd08861fb67445282e34a40f58244b70bee4f24cbc9f26184b833945f8e0,core_competitor_obs_20260819_045002
"jalan|yoshidaya|2026-09-02|room:和室13畳|plan:<14日前早割>【蔵王を遊びつくそう】50種以上から選べるアクティビティクーポン2,000円分付き!|meal:meal_included|occ:2a0c1r|los:1|text:<14日前早割>【蔵王を遊びつくそう】50種以上から選べるアクティビティクーポン2,000円分付き!|2|0|1|1|core_competitor_obs_20260819_045002",e6aef013cbbf83077de414baa304b036f048609d242551bcea8755e69ac33c46,yoshidaya,吉田屋,jalan,2026-09-02,2026-08-19T05:05:14+09:00,"room:和室13畳|plan:<14日前早割>【蔵王を遊びつくそう】50種以上から選べるアクティビティクーポン2,000円分付き!|meal:meal_included|occ:2a0c1r|los:1",和室13畳,"text:<14日前早割>【蔵王を遊びつくそう】50種以上から選べるアクティビティクーポン2,000円分付き!","<14日前早割>【蔵王を遊びつくそう】50種以上から選べるアクティビティクーポン2,000円分付き!",2,0,1,1,JPY,30800,AVAILABLE,1,PUBLIC_SCARCITY_COUNT,PRODUCT,HIGH,31c728bc26873af84f8f97d4a52f056cf5ebea659c015acadfb39f8ae589c6e9,core_competitor_obs_20260819_045002
"jalan|yoshidaya|2026-09-02|room:和室8畳|plan:<14日前早割>【蔵王を遊びつくそう】50種以上から選べるアクティビティクーポン2,000円分付き!|meal:meal_included|occ:2a0c1r|los:1|text:<14日前早割>【蔵王を遊びつくそう】50種以上から選べるアクティビティクーポン2,000円分付き!|2|0|1|1|core_competitor_obs_20260819_045002",e15a153f65d0c19023e53dd2e76f6b4565393af87379138fb6a9bf4481711724,yoshidaya,吉田屋,jalan,2026-09-02,2026-08-19T05:05:14+09:00,"room:和室8畳|plan:<14日前早割>【蔵王を遊びつくそう】50種以上から選べるアクティビティクーポン2,000円分付き!|meal:meal_included|occ:2a0c1r|los:1",和室8畳,"text:<14日前早割>【蔵王を遊びつくそう】50種以上から選べるアクティビティクーポン2,000円分付き!","<14日前早割>【蔵王を遊びつくそう】50種以上から選べるアクティビティクーポン2,000円分付き!",2,0,1,1,JPY,26400,AVAILABLE,3,PUBLIC_SCARCITY_COUNT,PRODUCT,HIGH,39cb8884b1b1ef3722f47cbe7a4ee0e7af94990bfb2e669162e3d976c613bfc4,core_competitor_obs_20260819_045002
"jalan|yoshidaya|2026-09-02|room:和室6畳|plan:<14日前早割>【蔵王を遊びつくそう】50種以上から選べるアクティビティクーポン2,000円分付き!|meal:meal_included|occ:2a0c1r|los:1|text:<14日前早割>【蔵王を遊びつくそう】50種以上から選べるアクティビティクーポン2,000円分付き!|2|0|1|1|core_competitor_obs_20260819_045002",55ba9e179754d03c4e6f509c1ed50ccd8e3c4ac65c0a02e33b077a6320f8d335,yoshidaya,吉田屋,jalan,2026-09-02,2026-08-19T05:05:14+09:00,"room:和室6畳|plan:<14日前早割>【蔵王を遊びつくそう】50種以上から選べるアクティビティクーポン2,000円分付き!|meal:meal_included|occ:2a0c1r|los:1",和室6畳,"text:<14日前早割>【蔵王を遊びつくそう】50種以上から選べるアクティビティクーポン2,000円分付き!","<14日前早割>【蔵王を遊びつくそう】50種以上から選べるアクティビティクーポン2,000円分付き!",2,0,1,1,JPY,24200,AVAILABLE,,UNKNOWN,PRODUCT,MEDIUM,b02a34808080b7f77732db237bc8162bd5c06da25614cce9e7a4cd805221b301,core_competitor_obs_20260819_045002
"jalan|yoshidaya|2026-09-02|room:和室13畳|plan:【蔵王を遊びつくそう】50種以上から選べるアクティビティクーポン2,000円分付き!選べるお料理♪|meal:meal_included|occ:2a0c1r|los:1|text:【蔵王を遊びつくそう】50種以上から選べるアクティビティクーポン2,000円分付き!選べるお料理♪|2|0|1|1|core_competitor_obs_20260819_045002",d58a3e7a14fe9fd761c163b2e49cdf43a2f7e98a0ccd605fc9cd330317d95334,yoshidaya,吉田屋,jalan,2026-09-02,2026-08-19T05:05:14+09:00,"room:和室13畳|plan:【蔵王を遊びつくそう】50種以上から選べるアクティビティクーポン2,000円分付き!選べるお料理♪|meal:meal_included|occ:2a0c1r|los:1",和室13畳,"text:【蔵王を遊びつくそう】50種以上から選べるアクティビティクーポン2,000円分付き!選べるお料理♪","【蔵王を遊びつくそう】50種以上から選べるアクティビティクーポン2,000円分付き!選べるお料理♪",2,0,1,1,JPY,31900,AVAILABLE,1,PUBLIC_SCARCITY_COUNT,PRODUCT,HIGH,2ced1a0f6f1b8e76c4dc2df176888fa9af8ad5f635bdd9cfc59d485bded4d357,core_competitor_obs_20260819_045002
"jalan|yoshidaya|2026-09-02|room:和室8畳|plan:【蔵王を遊びつくそう】50種以上から選べるアクティビティクーポン2,000円分付き!選べるお料理♪|meal:meal_included|occ:2a0c1r|los:1|text:【蔵王を遊びつくそう】50種以上から選べるアクティビティクーポン2,000円分付き!選べるお料理♪|2|0|1|1|core_competitor_obs_20260819_045002",35ea3b1bda4544c0ec8af0b6bb18455721265585e586f936ea51ee619107400d,yoshidaya,吉田屋,jalan,2026-09-02,2026-08-19T05:05:14+09:00,"room:和室8畳|plan:【蔵王を遊びつくそう】50種以上から選べるアクティビティクーポン2,000円分付き!選べるお料理♪|meal:meal_included|occ:2a0c1r|los:1",和室8畳,"text:【蔵王を遊びつくそう】50種以上から選べるアクティビティクーポン2,000円分付き!選べるお料理♪","【蔵王を遊びつくそう】50種以上から選べるアクティビティクーポン2,000円分付き!選べるお料理♪",2,0,1,1,JPY,27500,AVAILABLE,3,PUBLIC_SCARCITY_COUNT,PRODUCT,HIGH,f93c25bbcbe1b83f0b658c2b6678376f7e945f6a6eb37594fb093feca50bdf5b,core_competitor_obs_20260819_045002
"jalan|yoshidaya|2026-09-02|room:和室6畳|plan:【蔵王を遊びつくそう】50種以上から選べるアクティビティクーポン2,000円分付き!選べるお料理♪|meal:meal_included|occ:2a0c1r|los:1|text:【蔵王を遊びつくそう】50種以上から選べるアクティビティクーポン2,000円分付き!選べるお料理♪|2|0|1|1|core_competitor_obs_20260819_045002",20e6e12540df9c5740af84d803b893b75573a8ad91662a6b10795ca5527a2967,yoshidaya,吉田屋,jalan,2026-09-02,2026-08-19T05:05:14+09:00,"room:和室6畳|plan:【蔵王を遊びつくそう】50種以上から選べるアクティビティクーポン2,000円分付き!選べるお料理♪|meal:meal_included|occ:2a0c1r|los:1",和室6畳,"text:【蔵王を遊びつくそう】50種以上から選べるアクティビティクーポン2,000円分付き!選べるお料理♪","【蔵王を遊びつくそう】50種以上から選べるアクティビティクーポン2,000円分付き!選べるお料理♪",2,0,1,1,JPY,25300,AVAILABLE,,UNKNOWN,PRODUCT,MEDIUM,3298271096fed41c4d92c34416c5b7b057e9001cf57406dd5b9e2ac23d6f77ec,core_competitor_obs_20260819_045002
jalan|oakhill|2026-09-01|room:デラックス和洋室|plan:【朝食無料サービス】~onsen&stay~森に包まれたリゾート空間で蔵王の名湯を満喫/ご夕食は温泉街へ|meal:meal_included|occ:2a0c1r|los:1|text:【朝食無料サービス】~onsen&stay~森に包まれたリゾート空間で蔵王の名湯を満喫/ご夕食は温泉街へ|2|0|1|1|core_competitor_obs_20260819_045002,9f25028e217f342079548c0b61258bd42ee76660ce4843f15e44ed89192a77e6,oakhill,ONSEN & STAY OAKHILL,jalan,2026-09-01,2026-08-19T05:08:07+09:00,room:デラックス和洋室|plan:【朝食無料サービス】~onsen&stay~森に包まれたリゾート空間で蔵王の名湯を満喫/ご夕食は温泉街へ|meal:meal_included|occ:2a0c1r|los:1,デラックス和洋室,text:【朝食無料サービス】~onsen&stay~森に包まれたリゾート空間で蔵王の名湯を満喫/ご夕食は温泉街へ,【朝食無料サービス】~ONSEN&STAY~森に包まれたリゾート空間で蔵王の名湯を満喫/ご夕食は温泉街へ,2,0,1,1,JPY,34000,AVAILABLE,3,PUBLIC_SCARCITY_COUNT,PRODUCT,HIGH,a899cb08895e8bdf43fba0306bbbf439a659fb00c674ab91ee0d02751e215fff,core_competitor_obs_20260819_045002
jalan|oakhill|2026-09-01|room:倶楽部ルーム|plan:【朝食無料サービス】~onsen&stay~森に包まれたリゾート空間で蔵王の名湯を満喫/ご夕食は温泉街へ|meal:meal_included|occ:2a0c1r|los:1|text:【朝食無料サービス】~onsen&stay~森に包まれたリゾート空間で蔵王の名湯を満喫/ご夕食は温泉街へ|2|0|1|1|core_competitor_obs_20260819_045002,5175eb9f5cb0c12c5abfbe826be9ffb5404cb19defb2628055d41c6d2cb673d7,oakhill,ONSEN & STAY OAKHILL,jalan,2026-09-01,2026-08-19T05:08:07+09:00,room:倶楽部ルーム|plan:【朝食無料サービス】~onsen&stay~森に包まれたリゾート空間で蔵王の名湯を満喫/ご夕食は温泉街へ|meal:meal_included|occ:2a0c1r|los:1,倶楽部ルーム,text:【朝食無料サービス】~onsen&stay~森に包まれたリゾート空間で蔵王の名湯を満喫/ご夕食は温泉街へ,【朝食無料サービス】~ONSEN&STAY~森に包まれたリゾート空間で蔵王の名湯を満喫/ご夕食は温泉街へ,2,0,1,1,JPY,22000,AVAILABLE,3,PUBLIC_SCARCITY_COUNT,PRODUCT,HIGH,708d8e9f02fa4b3c6dddcfed3ed52f5b478d930ec40cfadcd72c9047d507d098,core_competitor_obs_20260819_045002
jalan|oakhill|2026-09-01|room:スタンダード和室|plan:【朝食無料サービス】~onsen&stay~森に包まれたリゾート空間で蔵王の名湯を満喫/ご夕食は温泉街へ|meal:meal_included|occ:2a0c1r|los:1|text:【朝食無料サービス】~onsen&stay~森に包まれたリゾート空間で蔵王の名湯を満喫/ご夕食は温泉街へ|2|0|1|1|core_competitor_obs_20260819_045002,8e992622e39ac39ae5145c4cdab511d70145092170649d34e78a12c77c40a5a8,oakhill,ONSEN & STAY OAKHILL,jalan,2026-09-01,2026-08-19T05:08:07+09:00,room:スタンダード和室|plan:【朝食無料サービス】~onsen&stay~森に包まれたリゾート空間で蔵王の名湯を満喫/ご夕食は温泉街へ|meal:meal_included|occ:2a0c1r|los:1,スタンダード和室,text:【朝食無料サービス】~onsen&stay~森に包まれたリゾート空間で蔵王の名湯を満喫/ご夕食は温泉街へ,【朝食無料サービス】~ONSEN&STAY~森に包まれたリゾート空間で蔵王の名湯を満喫/ご夕食は温泉街へ,2,0,1,1,JPY,20000,AVAILABLE,2,PUBLIC_SCARCITY_COUNT,PRODUCT,HIGH,00eced8b936c4cccb768c207fc523b7a82854ed30522f60783fadaf659da4160,core_competitor_obs_20260819_045002
jalan|oakhill|2026-09-01|room:デラックス和洋室|plan:≪じゃらん限定ポイント10%≫【朝食無料サービス】森に包まれ蔵王の名湯を満喫/ご夕食は温泉街|meal:meal_included|occ:2a0c1r|los:1|text:≪じゃらん限定ポイント10%≫【朝食無料サービス】森に包まれ蔵王の名湯を満喫/ご夕食は温泉街|2|0|1|1|core_competitor_obs_20260819_045002,c24c81475b5b390dd91e1c306f5520184f6b67156d128f877707b919c051f9ca,oakhill,ONSEN & STAY OAKHILL,jalan,2026-09-01,2026-08-19T05:08:07+09:00,room:デラックス和洋室|plan:≪じゃらん限定ポイント10%≫【朝食無料サービス】森に包まれ蔵王の名湯を満喫/ご夕食は温泉街|meal:meal_included|occ:2a0c1r|los:1,デラックス和洋室,text:≪じゃらん限定ポイント10%≫【朝食無料サービス】森に包まれ蔵王の名湯を満喫/ご夕食は温泉街,≪じゃらん限定ポイント10%≫【朝食無料サービス】森に包まれ蔵王の名湯を満喫/ご夕食は温泉街,2,0,1,1,JPY,35700,AVAILABLE,3,PUBLIC_SCARCITY_COUNT,PRODUCT,HIGH,394de60c317580c63f38bfc480e1f6ab3ca81a6667b69d3b40742d7919315e6e,core_competitor_obs_20260819_045002
jalan|oakhill|2026-09-01|room:倶楽部ルーム|plan:≪じゃらん限定ポイント10%≫【朝食無料サービス】森に包まれ蔵王の名湯を満喫/ご夕食は温泉街|meal:meal_included|occ:2a0c1r|los:1|text:≪じゃらん限定ポイント10%≫【朝食無料サービス】森に包まれ蔵王の名湯を満喫/ご夕食は温泉街|2|0|1|1|core_competitor_obs_20260819_045002,e359f3aa04bd29a1440297ad46667be2801743d82506fa6642b6444d3f85eb38,oakhill,ONSEN & STAY OAKHILL,jalan,2026-09-01,2026-08-19T05:08:07+09:00,room:倶楽部ルーム|plan:≪じゃらん限定ポイント10%≫【朝食無料サービス】森に包まれ蔵王の名湯を満喫/ご夕食は温泉街|meal:meal_included|occ:2a0c1r|los:1,倶楽部ルーム,text:≪じゃらん限定ポイント10%≫【朝食無料サービス】森に包まれ蔵王の名湯を満喫/ご夕食は温泉街,≪じゃらん限定ポイント10%≫【朝食無料サービス】森に包まれ蔵王の名湯を満喫/ご夕食は温泉街,2,0,1,1,JPY,23100,AVAILABLE,3,PUBLIC_SCARCITY_COUNT,PRODUCT,HIGH,eb67a27eaa6c5101b498c2edd884474fb548c5e602a9a3a094e5fcb3b51f0693,core_competitor_obs_20260819_045002
jalan|oakhill|2026-09-01|room:スタンダード和室|plan:≪じゃらん限定ポイント10%≫【朝食無料サービス】森に包まれ蔵王の名湯を満喫/ご夕食は温泉街|meal:meal_included|occ:2a0c1r|los:1|text:≪じゃらん限定ポイント10%≫【朝食無料サービス】森に包まれ蔵王の名湯を満喫/ご夕食は温泉街|2|0|1|1|core_competitor_obs_20260819_045002,6f5df1032f6f95a523caa4eb5d3c770594df3cf00f2834d88d0e2fb43a065f4e,oakhill,ONSEN & STAY OAKHILL,jalan,2026-09-01,2026-08-19T05:08:07+09:00,room:スタンダード和室|plan:≪じゃらん限定ポイント10%≫【朝食無料サービス】森に包まれ蔵王の名湯を満喫/ご夕食は温泉街|meal:meal_included|occ:2a0c1r|los:1,スタンダード和室,text:≪じゃらん限定ポイント10%≫【朝食無料サービス】森に包まれ蔵王の名湯を満喫/ご夕食は温泉街,≪じゃらん限定ポイント10%≫【朝食無料サービス】森に包まれ蔵王の名湯を満喫/ご夕食は温泉街,2,0,1,1,JPY,21000,AVAILABLE,2,PUBLIC_SCARCITY_COUNT,PRODUCT,HIGH,fdd6b6ced582eadfcb9eba062b088c3d85c166eaa71bc5c1ab883df7c38f0cd3,core_competitor_obs_20260819_045002
"jalan|oakhill|2026-09-01|room:デラックス和洋室|plan:【早割プラン★朝食無料】7日前までのご予約で1,100円off!森に包まれ蔵王の名湯を満喫/ご夕食は温泉街へ|meal:meal_included|occ:2a0c1r|los:1|text:【早割プラン★朝食無料】7日前までのご予約で1,100円off!森に包まれ蔵王の名湯を満喫/ご夕食は温泉街へ|2|0|1|1|core_competitor_obs_20260819_045002",da80fecbac6c5a330e0816ec21ccd838a6d22999fef53a84ca0f7ccefeac461d,oakhill,ONSEN & STAY OAKHILL,jalan,2026-09-01,2026-08-19T05:08:07+09:00,"room:デラックス和洋室|plan:【早割プラン★朝食無料】7日前までのご予約で1,100円off!森に包まれ蔵王の名湯を満喫/ご夕食は温泉街へ|meal:meal_included|occ:2a0c1r|los:1",デラックス和洋室,"text:【早割プラン★朝食無料】7日前までのご予約で1,100円off!森に包まれ蔵王の名湯を満喫/ご夕食は温泉街へ","【早割プラン★朝食無料】7日前までのご予約で1,100円OFF!森に包まれ蔵王の名湯を満喫/ご夕食は温泉街へ",2,0,1,1,JPY,31800,AVAILABLE,3,PUBLIC_SCARCITY_COUNT,PRODUCT,HIGH,0a8184096eb4420297905591c574184ee29a809a732c09ea63bf4de2e7946c7e,core_competitor_obs_20260819_045002
"jalan|oakhill|2026-09-01|room:倶楽部ルーム|plan:【早割プラン★朝食無料】7日前までのご予約で1,100円off!森に包まれ蔵王の名湯を満喫/ご夕食は温泉街へ|meal:meal_included|occ:2a0c1r|los:1|text:【早割プラン★朝食無料】7日前までのご予約で1,100円off!森に包まれ蔵王の名湯を満喫/ご夕食は温泉街へ|2|0|1|1|core_competitor_obs_20260819_045002",aff242da1c9a8fb0e3c571cd0fcd6c4f4d966cccecbdb6fee2a26c959b66df1c,oakhill,ONSEN & STAY OAKHILL,jalan,2026-09-01,2026-08-19T05:08:07+09:00,"room:倶楽部ルーム|plan:【早割プラン★朝食無料】7日前までのご予約で1,100円off!森に包まれ蔵王の名湯を満喫/ご夕食は温泉街へ|meal:meal_included|occ:2a0c1r|los:1",倶楽部ルーム,"text:【早割プラン★朝食無料】7日前までのご予約で1,100円off!森に包まれ蔵王の名湯を満喫/ご夕食は温泉街へ","【早割プラン★朝食無料】7日前までのご予約で1,100円OFF!森に包まれ蔵王の名湯を満喫/ご夕食は温泉街へ",2,0,1,1,JPY,19800,AVAILABLE,3,PUBLIC_SCARCITY_COUNT,PRODUCT,HIGH,d39096bef97c052b31ec0a3f307ce644121e7d38b96ce939cf648a8af0209a7c,core_competitor_obs_20260819_045002
"jalan|oakhill|2026-09-01|room:スタンダード和室|plan:【早割プラン★朝食無料】7日前までのご予約で1,100円off!森に包まれ蔵王の名湯を満喫/ご夕食は温泉街へ|meal:meal_included|occ:2a0c1r|los:1|text:【早割プラン★朝食無料】7日前までのご予約で1,100円off!森に包まれ蔵王の名湯を満喫/ご夕食は温泉街へ|2|0|1|1|core_competitor_obs_20260819_045002",92d1c377f60503deff45936186ba8811137041db46e6467663536846d7a85792,oakhill,ONSEN & STAY OAKHILL,jalan,2026-09-01,2026-08-19T05:08:07+09:00,"room:スタンダード和室|plan:【早割プラン★朝食無料】7日前までのご予約で1,100円off!森に包まれ蔵王の名湯を満喫/ご夕食は温泉街へ|meal:meal_included|occ:2a0c1r|los:1",スタンダード和室,"text:【早割プラン★朝食無料】7日前までのご予約で1,100円off!森に包まれ蔵王の名湯を満喫/ご夕食は温泉街へ","【早割プラン★朝食無料】7日前までのご予約で1,100円OFF!森に包まれ蔵王の名湯を満喫/ご夕食は温泉街へ",2,0,1,1,JPY,17800,AVAILABLE,2,PUBLIC_SCARCITY_COUNT,PRODUCT,HIGH,1b42da0b75a310c4b7b92aee9de0a3968f127703132450e109a85737dbe8448d,core_competitor_obs_20260819_045002
jalan|oakhill|2026-09-01|room:デラックス和洋室|plan:【素泊まりプラン】~onsen&stay~森に包まれたリゾート空間で蔵王の名湯を満喫/ご夕食は温泉街へ|meal:confirmed_room_only|occ:2a0c1r|los:1|text:【素泊まりプラン】~onsen&stay~森に包まれたリゾート空間で蔵王の名湯を満喫/ご夕食は温泉街へ|2|0|1|1|core_competitor_obs_20260819_045002,ee5e32a875a36e86068c4a6937260f1d11ad196200651de1ccbdb6ed3c8d1327,oakhill,ONSEN & STAY OAKHILL,jalan,2026-09-01,2026-08-19T05:08:07+09:00,room:デラックス和洋室|plan:【素泊まりプラン】~onsen&stay~森に包まれたリゾート空間で蔵王の名湯を満喫/ご夕食は温泉街へ|meal:confirmed_room_only|occ:2a0c1r|los:1,デラックス和洋室,text:【素泊まりプラン】~onsen&stay~森に包まれたリゾート空間で蔵王の名湯を満喫/ご夕食は温泉街へ,【素泊まりプラン】~ONSEN&STAY~森に包まれたリゾート空間で蔵王の名湯を満喫/ご夕食は温泉街へ,2,0,1,1,JPY,34000,AVAILABLE,3,PUBLIC_SCARCITY_COUNT,PRODUCT,HIGH,a899cb08895e8bdf43fba0306bbbf439a659fb00c674ab91ee0d02751e215fff,core_competitor_obs_20260819_045002
jalan|oakhill|2026-09-01|room:倶楽部ルーム|plan:【素泊まりプラン】~onsen&stay~森に包まれたリゾート空間で蔵王の名湯を満喫/ご夕食は温泉街へ|meal:confirmed_room_only|occ:2a0c1r|los:1|text:【素泊まりプラン】~onsen&stay~森に包まれたリゾート空間で蔵王の名湯を満喫/ご夕食は温泉街へ|2|0|1|1|core_competitor_obs_20260819_045002,faa83479978bbfdb15487b59d01383e4ab5663d322fa1f90709a69dc09361b0b,oakhill,ONSEN & STAY OAKHILL,jalan,2026-09-01,2026-08-19T05:08:07+09:00,room:倶楽部ルーム|plan:【素泊まりプラン】~onsen&stay~森に包まれたリゾート空間で蔵王の名湯を満喫/ご夕食は温泉街へ|meal:confirmed_room_only|occ:2a0c1r|los:1,倶楽部ルーム,text:【素泊まりプラン】~onsen&stay~森に包まれたリゾート空間で蔵王の名湯を満喫/ご夕食は温泉街へ,【素泊まりプラン】~ONSEN&STAY~森に包まれたリゾート空間で蔵王の名湯を満喫/ご夕食は温泉街へ,2,0,1,1,JPY,22000,AVAILABLE,3,PUBLIC_SCARCITY_COUNT,PRODUCT,HIGH,708d8e9f02fa4b3c6dddcfed3ed52f5b478d930ec40cfadcd72c9047d507d098,core_competitor_obs_20260819_045002
jalan|oakhill|2026-09-01|room:スタンダード和室|plan:【素泊まりプラン】~onsen&stay~森に包まれたリゾート空間で蔵王の名湯を満喫/ご夕食は温泉街へ|meal:confirmed_room_only|occ:2a0c1r|los:1|text:【素泊まりプラン】~onsen&stay~森に包まれたリゾート空間で蔵王の名湯を満喫/ご夕食は温泉街へ|2|0|1|1|core_competitor_obs_20260819_045002,a7b1b0001c7d7da10938c47c6cbd68dac0a379d9fc9c5c5960ef3290e2a498dc,oakhill,ONSEN & STAY OAKHILL,jalan,2026-09-01,2026-08-19T05:08:07+09:00,room:スタンダード和室|plan:【素泊まりプラン】~onsen&stay~森に包まれたリゾート空間で蔵王の名湯を満喫/ご夕食は温泉街へ|meal:confirmed_room_only|occ:2a0c1r|los:1,スタンダード和室,text:【素泊まりプラン】~onsen&stay~森に包まれたリゾート空間で蔵王の名湯を満喫/ご夕食は温泉街へ,【素泊まりプラン】~ONSEN&STAY~森に包まれたリゾート空間で蔵王の名湯を満喫/ご夕食は温泉街へ,2,0,1,1,JPY,20000,AVAILABLE,2,PUBLIC_SCARCITY_COUNT,PRODUCT,HIGH,738548abe6bb5681a38f34254efabe8dedd9f2eca175373838c46f1caef10387,core_competitor_obs_20260819_045002
jalan|oakhill|2026-09-01|room:デラックス和洋室|plan:【じゃらんのお得な10日間】10%off!朝食無料サービス!森に包まれたリゾート空間で蔵王の名湯を満喫|meal:meal_included|occ:2a0c1r|los:1|text:【じゃらんのお得な10日間】10%off!朝食無料サービス!森に包まれたリゾート空間で蔵王の名湯を満喫|2|0|1|1|core_competitor_obs_20260819_045002,0da08e9e9e8c70df2eb22a260ee7da6d5e62fc50576a53c25d9684018d53acad,oakhill,ONSEN & STAY OAKHILL,jalan,2026-09-01,2026-08-19T05:08:07+09:00,room:デラックス和洋室|plan:【じゃらんのお得な10日間】10%off!朝食無料サービス!森に包まれたリゾート空間で蔵王の名湯を満喫|meal:meal_included|occ:2a0c1r|los:1,デラックス和洋室,text:【じゃらんのお得な10日間】10%off!朝食無料サービス!森に包まれたリゾート空間で蔵王の名湯を満喫,【じゃらんのお得な10日間】10%OFF!朝食無料サービス!森に包まれたリゾート空間で蔵王の名湯を満喫,2,0,1,1,JPY,30600,AVAILABLE,3,PUBLIC_SCARCITY_COUNT,PRODUCT,HIGH,e848ea7afcd3d0f5ae595419b7c4cafc0a33a17859e173b2462b5278fdb11966,core_competitor_obs_20260819_045002
jalan|oakhill|2026-09-01|room:倶楽部ルーム|plan:【じゃらんのお得な10日間】10%off!朝食無料サービス!森に包まれたリゾート空間で蔵王の名湯を満喫|meal:meal_included|occ:2a0c1r|los:1|text:【じゃらんのお得な10日間】10%off!朝食無料サービス!森に包まれたリゾート空間で蔵王の名湯を満喫|2|0|1|1|core_competitor_obs_20260819_045002,f1ea15501ad695c851d03b3023b4267d393cae25b3b0698a75560d7dc6ead529,oakhill,ONSEN & STAY OAKHILL,jalan,2026-09-01,2026-08-19T05:08:07+09:00,room:倶楽部ルーム|plan:【じゃらんのお得な10日間】10%off!朝食無料サービス!森に包まれたリゾート空間で蔵王の名湯を満喫|meal:meal_included|occ:2a0c1r|los:1,倶楽部ルーム,text:【じゃらんのお得な10日間】10%off!朝食無料サービス!森に包まれたリゾート空間で蔵王の名湯を満喫,【じゃらんのお得な10日間】10%OFF!朝食無料サービス!森に包まれたリゾート空間で蔵王の名湯を満喫,2,0,1,1,JPY,19800,AVAILABLE,3,PUBLIC_SCARCITY_COUNT,PRODUCT,HIGH,d39096bef97c052b31ec0a3f307ce644121e7d38b96ce939cf648a8af0209a7c,core_competitor_obs_20260819_045002
jalan|oakhill|2026-09-01|room:スタンダード和室|plan:【じゃらんのお得な10日間】10%off!朝食無料サービス!森に包まれたリゾート空間で蔵王の名湯を満喫|meal:meal_included|occ:2a0c1r|los:1|text:【じゃらんのお得な10日間】10%off!朝食無料サービス!森に包まれたリゾート空間で蔵王の名湯を満喫|2|0|1|1|core_competitor_obs_20260819_045002,6b7c5d93e90a6dbb8be740a3483f7301256d4c3046a5783c68c8d56cc9fc117c,oakhill,ONSEN & STAY OAKHILL,jalan,2026-09-01,2026-08-19T05:08:07+09:00,room:スタンダード和室|plan:【じゃらんのお得な10日間】10%off!朝食無料サービス!森に包まれたリゾート空間で蔵王の名湯を満喫|meal:meal_included|occ:2a0c1r|los:1,スタンダード和室,text:【じゃらんのお得な10日間】10%off!朝食無料サービス!森に包まれたリゾート空間で蔵王の名湯を満喫,【じゃらんのお得な10日間】10%OFF!朝食無料サービス!森に包まれたリゾート空間で蔵王の名湯を満喫,2,0,1,1,JPY,18000,AVAILABLE,2,PUBLIC_SCARCITY_COUNT,PRODUCT,HIGH,e2b34d0b48348b0fdf4936abcf501d493b29e3fad321f87d139a796bfaca529a,core_competitor_obs_20260819_045002
jalan|oakhill|2026-09-02|room:デラックス和洋室|plan:【朝食無料サービス】~onsen&stay~森に包まれたリゾート空間で蔵王の名湯を満喫/ご夕食は温泉街へ|meal:meal_included|occ:2a0c1r|los:1|text:【朝食無料サービス】~onsen&stay~森に包まれたリゾート空間で蔵王の名湯を満喫/ご夕食は温泉街へ|2|0|1|1|core_competitor_obs_20260819_045002,53a01e54a712bb6b4ca871c193e5f8924e736447e1657b4d896bd7a5e9c24ef5,oakhill,ONSEN & STAY OAKHILL,jalan,2026-09-02,2026-08-19T05:08:22+09:00,room:デラックス和洋室|plan:【朝食無料サービス】~onsen&stay~森に包まれたリゾート空間で蔵王の名湯を満喫/ご夕食は温泉街へ|meal:meal_included|occ:2a0c1r|los:1,デラックス和洋室,text:【朝食無料サービス】~onsen&stay~森に包まれたリゾート空間で蔵王の名湯を満喫/ご夕食は温泉街へ,【朝食無料サービス】~ONSEN&STAY~森に包まれたリゾート空間で蔵王の名湯を満喫/ご夕食は温泉街へ,2,0,1,1,JPY,34000,AVAILABLE,3,PUBLIC_SCARCITY_COUNT,PRODUCT,HIGH,a899cb08895e8bdf43fba0306bbbf439a659fb00c674ab91ee0d02751e215fff,core_competitor_obs_20260819_045002
jalan|oakhill|2026-09-02|room:コーナー倶楽部トリプル|plan:【朝食無料サービス】~onsen&stay~森に包まれたリゾート空間で蔵王の名湯を満喫/ご夕食は温泉街へ|meal:meal_included|occ:2a0c1r|los:1|text:【朝食無料サービス】~onsen&stay~森に包まれたリゾート空間で蔵王の名湯を満喫/ご夕食は温泉街へ|2|0|1|1|core_competitor_obs_20260819_045002,92986b43c77148523b5fd8d93297ad66a75359e16b080516a3ad0e5eb36ccb52,oakhill,ONSEN & STAY OAKHILL,jalan,2026-09-02,2026-08-19T05:08:22+09:00,room:コーナー倶楽部トリプル|plan:【朝食無料サービス】~onsen&stay~森に包まれたリゾート空間で蔵王の名湯を満喫/ご夕食は温泉街へ|meal:meal_included|occ:2a0c1r|los:1,コーナー倶楽部トリプル,text:【朝食無料サービス】~onsen&stay~森に包まれたリゾート空間で蔵王の名湯を満喫/ご夕食は温泉街へ,【朝食無料サービス】~ONSEN&STAY~森に包まれたリゾート空間で蔵王の名湯を満喫/ご夕食は温泉街へ,2,0,1,1,JPY,30000,AVAILABLE,3,PUBLIC_SCARCITY_COUNT,PRODUCT,HIGH,c10a2826be6018f4c87e766980a06391c31a575a5a1c1ed2d389102b627e81b9,core_competitor_obs_20260819_045002
jalan|oakhill|2026-09-02|room:スタンダードツイン|plan:【朝食無料サービス】~onsen&stay~森に包まれたリゾート空間で蔵王の名湯を満喫/ご夕食は温泉街へ|meal:meal_included|occ:2a0c1r|los:1|text:【朝食無料サービス】~onsen&stay~森に包まれたリゾート空間で蔵王の名湯を満喫/ご夕食は温泉街へ|2|0|1|1|core_competitor_obs_20260819_045002,8391c872e56fd5bd3101940fa5c672da81fd5c356a031c1b1660b6a7b2ddce76,oakhill,ONSEN & STAY OAKHILL,jalan,2026-09-02,2026-08-19T05:08:22+09:00,room:スタンダードツイン|plan:【朝食無料サービス】~onsen&stay~森に包まれたリゾート空間で蔵王の名湯を満喫/ご夕食は温泉街へ|meal:meal_included|occ:2a0c1r|los:1,スタンダードツイン,text:【朝食無料サービス】~onsen&stay~森に包まれたリゾート空間で蔵王の名湯を満喫/ご夕食は温泉街へ,【朝食無料サービス】~ONSEN&STAY~森に包まれたリゾート空間で蔵王の名湯を満喫/ご夕食は温泉街へ,2,0,1,1,JPY,23000,AVAILABLE,2,PUBLIC_SCARCITY_COUNT,PRODUCT,HIGH,0142acb8711027972bd3b2731c59f71f93cac8a7a14c40a390477f7c39e7f93b,core_competitor_obs_20260819_045002
jalan|oakhill|2026-09-02|room:倶楽部ルーム|plan:【朝食無料サービス】~onsen&stay~森に包まれたリゾート空間で蔵王の名湯を満喫/ご夕食は温泉街へ|meal:meal_included|occ:2a0c1r|los:1|text:【朝食無料サービス】~onsen&stay~森に包まれたリゾート空間で蔵王の名湯を満喫/ご夕食は温泉街へ|2|0|1|1|core_competitor_obs_20260819_045002,b21d3e944ef4125bd6af0e98c6ed3c48ade4e65fa96c1a0558da56d3053910cc,oakhill,ONSEN & STAY OAKHILL,jalan,2026-09-02,2026-08-19T05:08:22+09:00,room:倶楽部ルーム|plan:【朝食無料サービス】~onsen&stay~森に包まれたリゾート空間で蔵王の名湯を満喫/ご夕食は温泉街へ|meal:meal_included|occ:2a0c1r|los:1,倶楽部ルーム,text:【朝食無料サービス】~onsen&stay~森に包まれたリゾート空間で蔵王の名湯を満喫/ご夕食は温泉街へ,【朝食無料サービス】~ONSEN&STAY~森に包まれたリゾート空間で蔵王の名湯を満喫/ご夕食は温泉街へ,2,0,1,1,JPY,22000,AVAILABLE,,UNKNOWN,PRODUCT,MEDIUM,02c1c809af837001d5b89ba2d474efe67f9d4a87a7127f720a809b3b94367f30,core_competitor_obs_20260819_045002
jalan|oakhill|2026-09-02|room:スタンダード和室|plan:【朝食無料サービス】~onsen&stay~森に包まれたリゾート空間で蔵王の名湯を満喫/ご夕食は温泉街へ|meal:meal_included|occ:2a0c1r|los:1|text:【朝食無料サービス】~onsen&stay~森に包まれたリゾート空間で蔵王の名湯を満喫/ご夕食は温泉街へ|2|0|1|1|core_competitor_obs_20260819_045002,92d90fb6d13f81fbcc4a35cea5ac8345df32fa6f25a7fdb9d5acae31212d6ca9,oakhill,ONSEN & STAY OAKHILL,jalan,2026-09-02,2026-08-19T05:08:22+09:00,room:スタンダード和室|plan:【朝食無料サービス】~onsen&stay~森に包まれたリゾート空間で蔵王の名湯を満喫/ご夕食は温泉街へ|meal:meal_included|occ:2a0c1r|los:1,スタンダード和室,text:【朝食無料サービス】~onsen&stay~森に包まれたリゾート空間で蔵王の名湯を満喫/ご夕食は温泉街へ,【朝食無料サービス】~ONSEN&STAY~森に包まれたリゾート空間で蔵王の名湯を満喫/ご夕食は温泉街へ,2,0,1,1,JPY,20000,AVAILABLE,,UNKNOWN,PRODUCT,MEDIUM,e770020e7a0f9dcf6f89121a742dca3bdc9c2db0c94fc30abbcbd292a40d44ff,core_competitor_obs_20260819_045002
"jalan|oakhill|2026-09-02|room:デラックス和洋室|plan:【早割プラン★朝食無料】7日前までのご予約で1,100円off!森に包まれ蔵王の名湯を満喫/ご夕食は温泉街へ|meal:meal_included|occ:2a0c1r|los:1|text:【早割プラン★朝食無料】7日前までのご予約で1,100円off!森に包まれ蔵王の名湯を満喫/ご夕食は温泉街へ|2|0|1|1|core_competitor_obs_20260819_045002",31c4d9b9bc34ae8af2b98689342eaa10d18e9db245484d836dbb570c1c1e12c5,oakhill,ONSEN & STAY OAKHILL,jalan,2026-09-02,2026-08-19T05:08:22+09:00,"room:デラックス和洋室|plan:【早割プラン★朝食無料】7日前までのご予約で1,100円off!森に包まれ蔵王の名湯を満喫/ご夕食は温泉街へ|meal:meal_included|occ:2a0c1r|los:1",デラックス和洋室,"text:【早割プラン★朝食無料】7日前までのご予約で1,100円off!森に包まれ蔵王の名湯を満喫/ご夕食は温泉街へ","【早割プラン★朝食無料】7日前までのご予約で1,100円OFF!森に包まれ蔵王の名湯を満喫/ご夕食は温泉街へ",2,0,1,1,JPY,31800,AVAILABLE,3,PUBLIC_SCARCITY_COUNT,PRODUCT,HIGH,0a8184096eb4420297905591c574184ee29a809a732c09ea63bf4de2e7946c7e,core_competitor_obs_20260819_045002
"jalan|oakhill|2026-09-02|room:コーナー倶楽部トリプル|plan:【早割プラン★朝食無料】7日前までのご予約で1,100円off!森に包まれ蔵王の名湯を満喫/ご夕食は温泉街へ|meal:meal_included|occ:2a0c1r|los:1|text:【早割プラン★朝食無料】7日前までのご予約で1,100円off!森に包まれ蔵王の名湯を満喫/ご夕食は温泉街へ|2|0|1|1|core_competitor_obs_20260819_045002",d61c401a1ad77873f559a00f61e3b18a5d54163b3d74e4bc79a8a1f6c74e9f5e,oakhill,ONSEN & STAY OAKHILL,jalan,2026-09-02,2026-08-19T05:08:22+09:00,"room:コーナー倶楽部トリプル|plan:【早割プラン★朝食無料】7日前までのご予約で1,100円off!森に包まれ蔵王の名湯を満喫/ご夕食は温泉街へ|meal:meal_included|occ:2a0c1r|los:1",コーナー倶楽部トリプル,"text:【早割プラン★朝食無料】7日前までのご予約で1,100円off!森に包まれ蔵王の名湯を満喫/ご夕食は温泉街へ","【早割プラン★朝食無料】7日前までのご予約で1,100円OFF!森に包まれ蔵王の名湯を満喫/ご夕食は温泉街へ",2,0,1,1,JPY,27800,AVAILABLE,3,PUBLIC_SCARCITY_COUNT,PRODUCT,HIGH,2f3b95371532a799063314d8505a05c340b29b74cf34f8134079cc8723581bb7,core_competitor_obs_20260819_045002
"jalan|oakhill|2026-09-02|room:スタンダードツイン|plan:【早割プラン★朝食無料】7日前までのご予約で1,100円off!森に包まれ蔵王の名湯を満喫/ご夕食は温泉街へ|meal:meal_included|occ:2a0c1r|los:1|text:【早割プラン★朝食無料】7日前までのご予約で1,100円off!森に包まれ蔵王の名湯を満喫/ご夕食は温泉街へ|2|0|1|1|core_competitor_obs_20260819_045002",9ad041ea5d5ea32954a09d091a7a69a9dde6cce20fc8cda4eda6ad42f26cdaa4,oakhill,ONSEN & STAY OAKHILL,jalan,2026-09-02,2026-08-19T05:08:22+09:00,"room:スタンダードツイン|plan:【早割プラン★朝食無料】7日前までのご予約で1,100円off!森に包まれ蔵王の名湯を満喫/ご夕食は温泉街へ|meal:meal_included|occ:2a0c1r|los:1",スタンダードツイン,"text:【早割プラン★朝食無料】7日前までのご予約で1,100円off!森に包まれ蔵王の名湯を満喫/ご夕食は温泉街へ","【早割プラン★朝食無料】7日前までのご予約で1,100円OFF!森に包まれ蔵王の名湯を満喫/ご夕食は温泉街へ",2,0,1,1,JPY,20800,AVAILABLE,2,PUBLIC_SCARCITY_COUNT,PRODUCT,HIGH,8cb5b7b1c17445c3710c2024aeab1812a0145fe1e8bf0ffd1c020ddff1db1563,core_competitor_obs_20260819_045002
"jalan|oakhill|2026-09-02|room:倶楽部ルーム|plan:【早割プラン★朝食無料】7日前までのご予約で1,100円off!森に包まれ蔵王の名湯を満喫/ご夕食は温泉街へ|meal:meal_included|occ:2a0c1r|los:1|text:【早割プラン★朝食無料】7日前までのご予約で1,100円off!森に包まれ蔵王の名湯を満喫/ご夕食は温泉街へ|2|0|1|1|core_competitor_obs_20260819_045002",43ab529eba5dee6105dd91095faefca35edc066e79c0dfab55e64f0cca7e9a64,oakhill,ONSEN & STAY OAKHILL,jalan,2026-09-02,2026-08-19T05:08:22+09:00,"room:倶楽部ルーム|plan:【早割プラン★朝食無料】7日前までのご予約で1,100円off!森に包まれ蔵王の名湯を満喫/ご夕食は温泉街へ|meal:meal_included|occ:2a0c1r|los:1",倶楽部ルーム,"text:【早割プラン★朝食無料】7日前までのご予約で1,100円off!森に包まれ蔵王の名湯を満喫/ご夕食は温泉街へ","【早割プラン★朝食無料】7日前までのご予約で1,100円OFF!森に包まれ蔵王の名湯を満喫/ご夕食は温泉街へ",2,0,1,1,JPY,19800,AVAILABLE,,UNKNOWN,PRODUCT,MEDIUM,4c1fe96f9c1d0185ecc0ae112d500beadc616ffc2c7b0906fa1647f542f584db,core_competitor_obs_20260819_045002
"jalan|oakhill|2026-09-02|room:スタンダード和室|plan:【早割プラン★朝食無料】7日前までのご予約で1,100円off!森に包まれ蔵王の名湯を満喫/ご夕食は温泉街へ|meal:meal_included|occ:2a0c1r|los:1|text:【早割プラン★朝食無料】7日前までのご予約で1,100円off!森に包まれ蔵王の名湯を満喫/ご夕食は温泉街へ|2|0|1|1|core_competitor_obs_20260819_045002",50422262b908df06d95ac175826e62713a2f97cd6dbf9ee5166388af3f7d61aa,oakhill,ONSEN & STAY OAKHILL,jalan,2026-09-02,2026-08-19T05:08:22+09:00,"room:スタンダード和室|plan:【早割プラン★朝食無料】7日前までのご予約で1,100円off!森に包まれ蔵王の名湯を満喫/ご夕食は温泉街へ|meal:meal_included|occ:2a0c1r|los:1",スタンダード和室,"text:【早割プラン★朝食無料】7日前までのご予約で1,100円off!森に包まれ蔵王の名湯を満喫/ご夕食は温泉街へ","【早割プラン★朝食無料】7日前までのご予約で1,100円OFF!森に包まれ蔵王の名湯を満喫/ご夕食は温泉街へ",2,0,1,1,JPY,17800,AVAILABLE,,UNKNOWN,PRODUCT,MEDIUM,c4fdd334b7f77c514557f4ef7eb4739063e62c1b11e3907934d49a6726ea7104,core_competitor_obs_20260819_045002
jalan|oakhill|2026-09-02|room:デラックス和洋室|plan:≪じゃらん限定ポイント10%≫【朝食無料サービス】森に包まれ蔵王の名湯を満喫/ご夕食は温泉街|meal:meal_included|occ:2a0c1r|los:1|text:≪じゃらん限定ポイント10%≫【朝食無料サービス】森に包まれ蔵王の名湯を満喫/ご夕食は温泉街|2|0|1|1|core_competitor_obs_20260819_045002,2a00e3118853ada1722a8f1129e63627ae692e5a94b9dd37c69643de4912a894,oakhill,ONSEN & STAY OAKHILL,jalan,2026-09-02,2026-08-19T05:08:22+09:00,room:デラックス和洋室|plan:≪じゃらん限定ポイント10%≫【朝食無料サービス】森に包まれ蔵王の名湯を満喫/ご夕食は温泉街|meal:meal_included|occ:2a0c1r|los:1,デラックス和洋室,text:≪じゃらん限定ポイント10%≫【朝食無料サービス】森に包まれ蔵王の名湯を満喫/ご夕食は温泉街,≪じゃらん限定ポイント10%≫【朝食無料サービス】森に包まれ蔵王の名湯を満喫/ご夕食は温泉街,2,0,1,1,JPY,35700,AVAILABLE,3,PUBLIC_SCARCITY_COUNT,PRODUCT,HIGH,394de60c317580c63f38bfc480e1f6ab3ca81a6667b69d3b40742d7919315e6e,core_competitor_obs_20260819_045002
jalan|oakhill|2026-09-02|room:コーナー倶楽部トリプル|plan:≪じゃらん限定ポイント10%≫【朝食無料サービス】森に包まれ蔵王の名湯を満喫/ご夕食は温泉街|meal:meal_included|occ:2a0c1r|los:1|text:≪じゃらん限定ポイント10%≫【朝食無料サービス】森に包まれ蔵王の名湯を満喫/ご夕食は温泉街|2|0|1|1|core_competitor_obs_20260819_045002,14b640433f426861efb763a55412dd6b02b3cbfd7d6b3df1eba6373435745bdf,oakhill,ONSEN & STAY OAKHILL,jalan,2026-09-02,2026-08-19T05:08:22+09:00,room:コーナー倶楽部トリプル|plan:≪じゃらん限定ポイント10%≫【朝食無料サービス】森に包まれ蔵王の名湯を満喫/ご夕食は温泉街|meal:meal_included|occ:2a0c1r|los:1,コーナー倶楽部トリプル,text:≪じゃらん限定ポイント10%≫【朝食無料サービス】森に包まれ蔵王の名湯を満喫/ご夕食は温泉街,≪じゃらん限定ポイント10%≫【朝食無料サービス】森に包まれ蔵王の名湯を満喫/ご夕食は温泉街,2,0,1,1,JPY,31500,AVAILABLE,3,PUBLIC_SCARCITY_COUNT,PRODUCT,HIGH,6d5a6a0a846840c38a2073cb3d53e72bf79d99c360c87ccfee591e68b9a92e93,core_competitor_obs_20260819_045002
jalan|oakhill|2026-09-02|room:スタンダードツイン|plan:≪じゃらん限定ポイント10%≫【朝食無料サービス】森に包まれ蔵王の名湯を満喫/ご夕食は温泉街|meal:meal_included|occ:2a0c1r|los:1|text:≪じゃらん限定ポイント10%≫【朝食無料サービス】森に包まれ蔵王の名湯を満喫/ご夕食は温泉街|2|0|1|1|core_competitor_obs_20260819_045002,3fbeee4b66a32dd014665ca9f9e745b03f5ac3eb6b3999bc170ef03c0550fa14,oakhill,ONSEN & STAY OAKHILL,jalan,2026-09-02,2026-08-19T05:08:22+09:00,room:スタンダードツイン|plan:≪じゃらん限定ポイント10%≫【朝食無料サービス】森に包まれ蔵王の名湯を満喫/ご夕食は温泉街|meal:meal_included|occ:2a0c1r|los:1,スタンダードツイン,text:≪じゃらん限定ポイント10%≫【朝食無料サービス】森に包まれ蔵王の名湯を満喫/ご夕食は温泉街,≪じゃらん限定ポイント10%≫【朝食無料サービス】森に包まれ蔵王の名湯を満喫/ご夕食は温泉街,2,0,1,1,JPY,24150,AVAILABLE,2,PUBLIC_SCARCITY_COUNT,PRODUCT,HIGH,67de315efaf2773575abf48caa16789de31d307e9ccf3b0d3c44b5e1953e20c2,core_competitor_obs_20260819_045002
jalan|oakhill|2026-09-02|room:倶楽部ルーム|plan:≪じゃらん限定ポイント10%≫【朝食無料サービス】森に包まれ蔵王の名湯を満喫/ご夕食は温泉街|meal:meal_included|occ:2a0c1r|los:1|text:≪じゃらん限定ポイント10%≫【朝食無料サービス】森に包まれ蔵王の名湯を満喫/ご夕食は温泉街|2|0|1|1|core_competitor_obs_20260819_045002,e4c1bc1cee3a934fab7d3dc6e112786251ae9d142aefdf31a5ec89b63d30d33b,oakhill,ONSEN & STAY OAKHILL,jalan,2026-09-02,2026-08-19T05:08:22+09:00,room:倶楽部ルーム|plan:≪じゃらん限定ポイント10%≫【朝食無料サービス】森に包まれ蔵王の名湯を満喫/ご夕食は温泉街|meal:meal_included|occ:2a0c1r|los:1,倶楽部ルーム,text:≪じゃらん限定ポイント10%≫【朝食無料サービス】森に包まれ蔵王の名湯を満喫/ご夕食は温泉街,≪じゃらん限定ポイント10%≫【朝食無料サービス】森に包まれ蔵王の名湯を満喫/ご夕食は温泉街,2,0,1,1,JPY,23100,AVAILABLE,,UNKNOWN,PRODUCT,MEDIUM,3487b148cf87ec505a02d3b424993ae5fa8dd50b22830776ee3605aa9d1ad233,core_competitor_obs_20260819_045002
jalan|oakhill|2026-09-02|room:スタンダード和室|plan:≪じゃらん限定ポイント10%≫【朝食無料サービス】森に包まれ蔵王の名湯を満喫/ご夕食は温泉街|meal:meal_included|occ:2a0c1r|los:1|text:≪じゃらん限定ポイント10%≫【朝食無料サービス】森に包まれ蔵王の名湯を満喫/ご夕食は温泉街|2|0|1|1|core_competitor_obs_20260819_045002,7a9457e1c953370b3d18b5e97dae4b6aee6fad795437aa1611af10447cd9732e,oakhill,ONSEN & STAY OAKHILL,jalan,2026-09-02,2026-08-19T05:08:22+09:00,room:スタンダード和室|plan:≪じゃらん限定ポイント10%≫【朝食無料サービス】森に包まれ蔵王の名湯を満喫/ご夕食は温泉街|meal:meal_included|occ:2a0c1r|los:1,スタンダード和室,text:≪じゃらん限定ポイント10%≫【朝食無料サービス】森に包まれ蔵王の名湯を満喫/ご夕食は温泉街,≪じゃらん限定ポイント10%≫【朝食無料サービス】森に包まれ蔵王の名湯を満喫/ご夕食は温泉街,2,0,1,1,JPY,21000,AVAILABLE,,UNKNOWN,PRODUCT,MEDIUM,261e673884dec8d2211bf6acf11da887c2ffab0ce23944617dca54c4648a0369,core_competitor_obs_20260819_045002
jalan|oakhill|2026-09-02|room:デラックス和洋室|plan:【素泊まりプラン】~onsen&stay~森に包まれたリゾート空間で蔵王の名湯を満喫/ご夕食は温泉街へ|meal:confirmed_room_only|occ:2a0c1r|los:1|text:【素泊まりプラン】~onsen&stay~森に包まれたリゾート空間で蔵王の名湯を満喫/ご夕食は温泉街へ|2|0|1|1|core_competitor_obs_20260819_045002,e7c5d1b4a79935430e115f883654fc99b918fb1365bdc8a4f1de47e68ae54865,oakhill,ONSEN & STAY OAKHILL,jalan,2026-09-02,2026-08-19T05:08:22+09:00,room:デラックス和洋室|plan:【素泊まりプラン】~onsen&stay~森に包まれたリゾート空間で蔵王の名湯を満喫/ご夕食は温泉街へ|meal:confirmed_room_only|occ:2a0c1r|los:1,デラックス和洋室,text:【素泊まりプラン】~onsen&stay~森に包まれたリゾート空間で蔵王の名湯を満喫/ご夕食は温泉街へ,【素泊まりプラン】~ONSEN&STAY~森に包まれたリゾート空間で蔵王の名湯を満喫/ご夕食は温泉街へ,2,0,1,1,JPY,34000,AVAILABLE,3,PUBLIC_SCARCITY_COUNT,PRODUCT,HIGH,a899cb08895e8bdf43fba0306bbbf439a659fb00c674ab91ee0d02751e215fff,core_competitor_obs_20260819_045002
jalan|oakhill|2026-09-02|room:コーナー倶楽部トリプル|plan:【素泊まりプラン】~onsen&stay~森に包まれたリゾート空間で蔵王の名湯を満喫/ご夕食は温泉街へ|meal:confirmed_room_only|occ:2a0c1r|los:1|text:【素泊まりプラン】~onsen&stay~森に包まれたリゾート空間で蔵王の名湯を満喫/ご夕食は温泉街へ|2|0|1|1|core_competitor_obs_20260819_045002,b12d0eee8317e9c36af481ca2b0af79664338c688bc9423945e7251e1a0a6794,oakhill,ONSEN & STAY OAKHILL,jalan,2026-09-02,2026-08-19T05:08:22+09:00,room:コーナー倶楽部トリプル|plan:【素泊まりプラン】~onsen&stay~森に包まれたリゾート空間で蔵王の名湯を満喫/ご夕食は温泉街へ|meal:confirmed_room_only|occ:2a0c1r|los:1,コーナー倶楽部トリプル,text:【素泊まりプラン】~onsen&stay~森に包まれたリゾート空間で蔵王の名湯を満喫/ご夕食は温泉街へ,【素泊まりプラン】~ONSEN&STAY~森に包まれたリゾート空間で蔵王の名湯を満喫/ご夕食は温泉街へ,2,0,1,1,JPY,30000,AVAILABLE,3,PUBLIC_SCARCITY_COUNT,PRODUCT,HIGH,c10a2826be6018f4c87e766980a06391c31a575a5a1c1ed2d389102b627e81b9,core_competitor_obs_20260819_045002
jalan|oakhill|2026-09-02|room:スタンダードツイン|plan:【素泊まりプラン】~onsen&stay~森に包まれたリゾート空間で蔵王の名湯を満喫/ご夕食は温泉街へ|meal:confirmed_room_only|occ:2a0c1r|los:1|text:【素泊まりプラン】~onsen&stay~森に包まれたリゾート空間で蔵王の名湯を満喫/ご夕食は温泉街へ|2|0|1|1|core_competitor_obs_20260819_045002,7bc777594df4e4badbca7c543278c7830f7301f01ce7f8eaf217737a7b176a13,oakhill,ONSEN & STAY OAKHILL,jalan,2026-09-02,2026-08-19T05:08:22+09:00,room:スタンダードツイン|plan:【素泊まりプラン】~onsen&stay~森に包まれたリゾート空間で蔵王の名湯を満喫/ご夕食は温泉街へ|meal:confirmed_room_only|occ:2a0c1r|los:1,スタンダードツイン,text:【素泊まりプラン】~onsen&stay~森に包まれたリゾート空間で蔵王の名湯を満喫/ご夕食は温泉街へ,【素泊まりプラン】~ONSEN&STAY~森に包まれたリゾート空間で蔵王の名湯を満喫/ご夕食は温泉街へ,2,0,1,1,JPY,23000,AVAILABLE,2,PUBLIC_SCARCITY_COUNT,PRODUCT,HIGH,0142acb8711027972bd3b2731c59f71f93cac8a7a14c40a390477f7c39e7f93b,core_competitor_obs_20260819_045002
jalan|oakhill|2026-09-02|room:倶楽部ルーム|plan:【素泊まりプラン】~onsen&stay~森に包まれたリゾート空間で蔵王の名湯を満喫/ご夕食は温泉街へ|meal:confirmed_room_only|occ:2a0c1r|los:1|text:【素泊まりプラン】~onsen&stay~森に包まれたリゾート空間で蔵王の名湯を満喫/ご夕食は温泉街へ|2|0|1|1|core_competitor_obs_20260819_045002,4776e863208b9c99bd5eb5c2d6569445ed545700805ceb77d8423a964e113bca,oakhill,ONSEN & STAY OAKHILL,jalan,2026-09-02,2026-08-19T05:08:22+09:00,room:倶楽部ルーム|plan:【素泊まりプラン】~onsen&stay~森に包まれたリゾート空間で蔵王の名湯を満喫/ご夕食は温泉街へ|meal:confirmed_room_only|occ:2a0c1r|los:1,倶楽部ルーム,text:【素泊まりプラン】~onsen&stay~森に包まれたリゾート空間で蔵王の名湯を満喫/ご夕食は温泉街へ,【素泊まりプラン】~ONSEN&STAY~森に包まれたリゾート空間で蔵王の名湯を満喫/ご夕食は温泉街へ,2,0,1,1,JPY,22000,AVAILABLE,,UNKNOWN,PRODUCT,MEDIUM,02c1c809af837001d5b89ba2d474efe67f9d4a87a7127f720a809b3b94367f30,core_competitor_obs_20260819_045002
jalan|oakhill|2026-09-02|room:スタンダード和室|plan:【素泊まりプラン】~onsen&stay~森に包まれたリゾート空間で蔵王の名湯を満喫/ご夕食は温泉街へ|meal:confirmed_room_only|occ:2a0c1r|los:1|text:【素泊まりプラン】~onsen&stay~森に包まれたリゾート空間で蔵王の名湯を満喫/ご夕食は温泉街へ|2|0|1|1|core_competitor_obs_20260819_045002,01b93338a90b93e9458c948fe9614c0d9325464ccabebf9bc47d9bbf291dfc53,oakhill,ONSEN & STAY OAKHILL,jalan,2026-09-02,2026-08-19T05:08:22+09:00,room:スタンダード和室|plan:【素泊まりプラン】~onsen&stay~森に包まれたリゾート空間で蔵王の名湯を満喫/ご夕食は温泉街へ|meal:confirmed_room_only|occ:2a0c1r|los:1,スタンダード和室,text:【素泊まりプラン】~onsen&stay~森に包まれたリゾート空間で蔵王の名湯を満喫/ご夕食は温泉街へ,【素泊まりプラン】~ONSEN&STAY~森に包まれたリゾート空間で蔵王の名湯を満喫/ご夕食は温泉街へ,2,0,1,1,JPY,20000,AVAILABLE,,UNKNOWN,PRODUCT,MEDIUM,e770020e7a0f9dcf6f89121a742dca3bdc9c2db0c94fc30abbcbd292a40d44ff,core_competitor_obs_20260819_045002
jalan|oakhill|2026-09-02|room:デラックス和洋室|plan:【じゃらんのお得な10日間】10%off!朝食無料サービス!森に包まれたリゾート空間で蔵王の名湯を満喫|meal:meal_included|occ:2a0c1r|los:1|text:【じゃらんのお得な10日間】10%off!朝食無料サービス!森に包まれたリゾート空間で蔵王の名湯を満喫|2|0|1|1|core_competitor_obs_20260819_045002,5fa68cba485e59e3edb0bd7c549ec9bb0281d63e3db6f6d6225ef6e0a297c2c2,oakhill,ONSEN & STAY OAKHILL,jalan,2026-09-02,2026-08-19T05:08:22+09:00,room:デラックス和洋室|plan:【じゃらんのお得な10日間】10%off!朝食無料サービス!森に包まれたリゾート空間で蔵王の名湯を満喫|meal:meal_included|occ:2a0c1r|los:1,デラックス和洋室,text:【じゃらんのお得な10日間】10%off!朝食無料サービス!森に包まれたリゾート空間で蔵王の名湯を満喫,【じゃらんのお得な10日間】10%OFF!朝食無料サービス!森に包まれたリゾート空間で蔵王の名湯を満喫,2,0,1,1,JPY,30600,AVAILABLE,3,PUBLIC_SCARCITY_COUNT,PRODUCT,HIGH,e848ea7afcd3d0f5ae595419b7c4cafc0a33a17859e173b2462b5278fdb11966,core_competitor_obs_20260819_045002
jalan|oakhill|2026-09-02|room:コーナー倶楽部トリプル|plan:【じゃらんのお得な10日間】10%off!朝食無料サービス!森に包まれたリゾート空間で蔵王の名湯を満喫|meal:meal_included|occ:2a0c1r|los:1|text:【じゃらんのお得な10日間】10%off!朝食無料サービス!森に包まれたリゾート空間で蔵王の名湯を満喫|2|0|1|1|core_competitor_obs_20260819_045002,a7574a34dab6d37206490bbd2b0d5feb3dc34343f061186f43e19fd6dbd78117,oakhill,ONSEN & STAY OAKHILL,jalan,2026-09-02,2026-08-19T05:08:22+09:00,room:コーナー倶楽部トリプル|plan:【じゃらんのお得な10日間】10%off!朝食無料サービス!森に包まれたリゾート空間で蔵王の名湯を満喫|meal:meal_included|occ:2a0c1r|los:1,コーナー倶楽部トリプル,text:【じゃらんのお得な10日間】10%off!朝食無料サービス!森に包まれたリゾート空間で蔵王の名湯を満喫,【じゃらんのお得な10日間】10%OFF!朝食無料サービス!森に包まれたリゾート空間で蔵王の名湯を満喫,2,0,1,1,JPY,27000,AVAILABLE,3,PUBLIC_SCARCITY_COUNT,PRODUCT,HIGH,b64647f4a065e4d7bb8a81a60d08f9873f7b84e844c7ca0e26fad68477b0dc8d,core_competitor_obs_20260819_045002
jalan|oakhill|2026-09-02|room:スタンダードツイン|plan:【じゃらんのお得な10日間】10%off!朝食無料サービス!森に包まれたリゾート空間で蔵王の名湯を満喫|meal:meal_included|occ:2a0c1r|los:1|text:【じゃらんのお得な10日間】10%off!朝食無料サービス!森に包まれたリゾート空間で蔵王の名湯を満喫|2|0|1|1|core_competitor_obs_20260819_045002,74495d9bdf9de98a12ca17147a59ef2957e7b606144cbf8d8f708cdfceb106fb,oakhill,ONSEN & STAY OAKHILL,jalan,2026-09-02,2026-08-19T05:08:22+09:00,room:スタンダードツイン|plan:【じゃらんのお得な10日間】10%off!朝食無料サービス!森に包まれたリゾート空間で蔵王の名湯を満喫|meal:meal_included|occ:2a0c1r|los:1,スタンダードツイン,text:【じゃらんのお得な10日間】10%off!朝食無料サービス!森に包まれたリゾート空間で蔵王の名湯を満喫,【じゃらんのお得な10日間】10%OFF!朝食無料サービス!森に包まれたリゾート空間で蔵王の名湯を満喫,2,0,1,1,JPY,20700,AVAILABLE,2,PUBLIC_SCARCITY_COUNT,PRODUCT,HIGH,9a77ad3c2cc36a687ea6eed1ca8c7530185c084e8f6bf325c79de6e9fe3e28f1,core_competitor_obs_20260819_045002
jalan|oakhill|2026-09-02|room:倶楽部ルーム|plan:【じゃらんのお得な10日間】10%off!朝食無料サービス!森に包まれたリゾート空間で蔵王の名湯を満喫|meal:meal_included|occ:2a0c1r|los:1|text:【じゃらんのお得な10日間】10%off!朝食無料サービス!森に包まれたリゾート空間で蔵王の名湯を満喫|2|0|1|1|core_competitor_obs_20260819_045002,1c814df98b61891f99fd26e2c078e399fe604661a707361353d72fc5e6541866,oakhill,ONSEN & STAY OAKHILL,jalan,2026-09-02,2026-08-19T05:08:22+09:00,room:倶楽部ルーム|plan:【じゃらんのお得な10日間】10%off!朝食無料サービス!森に包まれたリゾート空間で蔵王の名湯を満喫|meal:meal_included|occ:2a0c1r|los:1,倶楽部ルーム,text:【じゃらんのお得な10日間】10%off!朝食無料サービス!森に包まれたリゾート空間で蔵王の名湯を満喫,【じゃらんのお得な10日間】10%OFF!朝食無料サービス!森に包まれたリゾート空間で蔵王の名湯を満喫,2,0,1,1,JPY,19800,AVAILABLE,,UNKNOWN,PRODUCT,MEDIUM,4c1fe96f9c1d0185ecc0ae112d500beadc616ffc2c7b0906fa1647f542f584db,core_competitor_obs_20260819_045002
jalan|oakhill|2026-09-02|room:スタンダード和室|plan:【じゃらんのお得な10日間】10%off!朝食無料サービス!森に包まれたリゾート空間で蔵王の名湯を満喫|meal:meal_included|occ:2a0c1r|los:1|text:【じゃらんのお得な10日間】10%off!朝食無料サービス!森に包まれたリゾート空間で蔵王の名湯を満喫|2|0|1|1|core_competitor_obs_20260819_045002,d3c8b95a8f6f43d80f186840ec6a84e19e17065b03205d2e23e5a4f3dfe51237,oakhill,ONSEN & STAY OAKHILL,jalan,2026-09-02,2026-08-19T05:08:22+09:00,room:スタンダード和室|plan:【じゃらんのお得な10日間】10%off!朝食無料サービス!森に包まれたリゾート空間で蔵王の名湯を満喫|meal:meal_included|occ:2a0c1r|los:1,スタンダード和室,text:【じゃらんのお得な10日間】10%off!朝食無料サービス!森に包まれたリゾート空間で蔵王の名湯を満喫,【じゃらんのお得な10日間】10%OFF!朝食無料サービス!森に包まれたリゾート空間で蔵王の名湯を満喫,2,0,1,1,JPY,18000,AVAILABLE,,UNKNOWN,PRODUCT,MEDIUM,48f393d7e44ffe7245a6a41a88ae8d60158c1333c445435e9f085da521a3f6bd,core_competitor_obs_20260819_045002
booking|hammond|2026-09-01|unknown_product|unknown_rate|2|0|1|1|core_competitor_obs_20260819_165002,2911acd3d387dacbe49060ae408bd8b4b1f1a2db21a293a548130463bd47f9b1,hammond,HAMMOND,booking,2026-09-01,2026-08-19T16:52:46+09:00,,,,,2,0,1,1,JPY,10981,AVAILABLE,,BINARY_AVAILABILITY,UNKNOWN,HIGH,b3a721d9d987d245621b003b4838a49353256c2923e29a7b9858c255b3f34e79,core_competitor_obs_20260819_165002
booking|hammond|2026-09-02|text:和室|unknown_rate|2|0|1|1|core_competitor_obs_20260819_165002,00687f98c63bc89a4674098624f8abf77410e7ac2d78983d656dde38183a7d7e,hammond,HAMMOND,booking,2026-09-02,2026-08-19T16:52:58+09:00,text:和室,和室,,,2,0,1,1,JPY,11300,AVAILABLE,,BINARY_AVAILABILITY,UNKNOWN,HIGH,d7b93c8d8ec3ed9e96b9fe5b56d913a3c4302007ebda442ff8287b49ffe75bdf,core_competitor_obs_20260819_165002
booking|yoshidaya|2026-09-01|text:和室|unknown_rate|2|0|1|1|core_competitor_obs_20260819_165002,10bff232dd190ea2a8f01b72b17dc3d7744ce489ef0332499841650ffcc6e667,yoshidaya,吉田屋,booking,2026-09-01,2026-08-19T16:55:39+09:00,text:和室,和室,,,2,0,1,1,JPY,18876,AVAILABLE,6,PUBLIC_SCARCITY_COUNT,PRODUCT,MEDIUM,df0b0c05dfbf61fc7e991037be4f1ea924d17f1dda85c0173ce62a17e1ee3f53,core_competitor_obs_20260819_165002
booking|yoshidaya|2026-09-02|text:和室|unknown_rate|2|0|1|1|core_competitor_obs_20260819_165002,4277c830d1ccfd561c448b9e4a7839032b8761009fb6b32175a2034b550bae57,yoshidaya,吉田屋,booking,2026-09-02,2026-08-19T16:55:51+09:00,text:和室,和室,,,2,0,1,1,JPY,18876,AVAILABLE,6,PUBLIC_SCARCITY_COUNT,PRODUCT,MEDIUM,0673bdba3ee93277b6cd3e6424220a410953f3fb6211fae68a45acff8fae05ec,core_competitor_obs_20260819_165002
booking|oakhill|2026-09-01|text:和室|unknown_rate|2|0|1|1|core_competitor_obs_20260819_165002,a29ed451a17e2e22e8990469c89ead3d19dcb0dc52da96eb83849c916b3a5c4a,oakhill,ONSEN & STAY OAKHILL,booking,2026-09-01,2026-08-19T16:58:43+09:00,text:和室,和室,,,2,0,1,1,JPY,16660,AVAILABLE,,BINARY_AVAILABILITY,UNKNOWN,HIGH,65fbe82a2dd45c4cb6d6e0ac1a65d8e81f87ce802ff0412338e205a798ec6bff,core_competitor_obs_20260819_165002
booking|oakhill|2026-09-02|text:和室|unknown_rate|2|0|1|1|core_competitor_obs_20260819_165002,5ee0acd4c72e8f105c151e93b5f52b4c5e017b929c40b7ffce683dc0cd0deb9c,oakhill,ONSEN & STAY OAKHILL,booking,2026-09-02,2026-08-19T16:58:55+09:00,text:和室,和室,,,2,0,1,1,JPY,16682,AVAILABLE,,BINARY_AVAILABILITY,UNKNOWN,HIGH,68207d604b135d1cb4f288bc204f24febdb7f78674a3a7e0dec49d777013b6c3,core_competitor_obs_20260819_165002
jalan|hammond|2026-09-01|room:和室二間トリプルベッド|plan:【基本プラン☆素泊まり】蔵王温泉リーズナブルステイ!7箇所の湯めぐり無料特典♪ご夕食は温泉街へ|meal:confirmed_room_only|occ:2a0c1r|los:1|text:【基本プラン☆素泊まり】蔵王温泉リーズナブルステイ!7箇所の湯めぐり無料特典♪ご夕食は温泉街へ|2|0|1|1|core_competitor_obs_20260819_165002,44a00374e2dd097ac8d06f8797ae83e4a111473788722b8294c1d9e79a81c398,hammond,HAMMOND,jalan,2026-09-01,2026-08-19T17:01:43+09:00,room:和室二間トリプルベッド|plan:【基本プラン☆素泊まり】蔵王温泉リーズナブルステイ!7箇所の湯めぐり無料特典♪ご夕食は温泉街へ|meal:confirmed_room_only|occ:2a0c1r|los:1,和室二間トリプルベッド,text:【基本プラン☆素泊まり】蔵王温泉リーズナブルステイ!7箇所の湯めぐり無料特典♪ご夕食は温泉街へ,【基本プラン☆素泊まり】蔵王温泉リーズナブルステイ!7箇所の湯めぐり無料特典♪ご夕食は温泉街へ,2,0,1,1,JPY,19800,AVAILABLE,3,PUBLIC_SCARCITY_COUNT,PRODUCT,HIGH,a53b7d24ea83ecba0405d0dabf29932cd75e0d50e67cf33e44afc63634873985,core_competitor_obs_20260819_165002
jalan|hammond|2026-09-01|room:和室角部屋|plan:【基本プラン☆素泊まり】蔵王温泉リーズナブルステイ!7箇所の湯めぐり無料特典♪ご夕食は温泉街へ|meal:confirmed_room_only|occ:2a0c1r|los:1|text:【基本プラン☆素泊まり】蔵王温泉リーズナブルステイ!7箇所の湯めぐり無料特典♪ご夕食は温泉街へ|2|0|1|1|core_competitor_obs_20260819_165002,2bb185f392452d0839bdbab6dcf907a8a373835b86bcc3184eb22efc15af1cf2,hammond,HAMMOND,jalan,2026-09-01,2026-08-19T17:01:43+09:00,room:和室角部屋|plan:【基本プラン☆素泊まり】蔵王温泉リーズナブルステイ!7箇所の湯めぐり無料特典♪ご夕食は温泉街へ|meal:confirmed_room_only|occ:2a0c1r|los:1,和室角部屋,text:【基本プラン☆素泊まり】蔵王温泉リーズナブルステイ!7箇所の湯めぐり無料特典♪ご夕食は温泉街へ,【基本プラン☆素泊まり】蔵王温泉リーズナブルステイ!7箇所の湯めぐり無料特典♪ご夕食は温泉街へ,2,0,1,1,JPY,18000,AVAILABLE,2,PUBLIC_SCARCITY_COUNT,PRODUCT,HIGH,17697f616fd8f62521ba632b0517983888780406b2a04a2832c53929b9186abb,core_competitor_obs_20260819_165002
jalan|hammond|2026-09-01|room:スタンダード和室|plan:【基本プラン☆素泊まり】蔵王温泉リーズナブルステイ!7箇所の湯めぐり無料特典♪ご夕食は温泉街へ|meal:confirmed_room_only|occ:2a0c1r|los:1|text:【基本プラン☆素泊まり】蔵王温泉リーズナブルステイ!7箇所の湯めぐり無料特典♪ご夕食は温泉街へ|2|0|1|1|core_competitor_obs_20260819_165002,870452a598a56e23d0e700580e33c67687df9d7e7a3c6e65e8522e8d843a2978,hammond,HAMMOND,jalan,2026-09-01,2026-08-19T17:01:43+09:00,room:スタンダード和室|plan:【基本プラン☆素泊まり】蔵王温泉リーズナブルステイ!7箇所の湯めぐり無料特典♪ご夕食は温泉街へ|meal:confirmed_room_only|occ:2a0c1r|los:1,スタンダード和室,text:【基本プラン☆素泊まり】蔵王温泉リーズナブルステイ!7箇所の湯めぐり無料特典♪ご夕食は温泉街へ,【基本プラン☆素泊まり】蔵王温泉リーズナブルステイ!7箇所の湯めぐり無料特典♪ご夕食は温泉街へ,2,0,1,1,JPY,14000,AVAILABLE,,UNKNOWN,PRODUCT,MEDIUM,5c667325f08388054e79d30a94c030f8ebdcd3daf68d9519b7f29a6fb36fff69,core_competitor_obs_20260819_165002
jalan|hammond|2026-09-01|room:スタンダード洋室|plan:【基本プラン☆素泊まり】蔵王温泉リーズナブルステイ!7箇所の湯めぐり無料特典♪ご夕食は温泉街へ|meal:confirmed_room_only|occ:2a0c1r|los:1|text:【基本プラン☆素泊まり】蔵王温泉リーズナブルステイ!7箇所の湯めぐり無料特典♪ご夕食は温泉街へ|2|0|1|1|core_competitor_obs_20260819_165002,41b78a87da75eae9e78cb4c132a16276405249da1e541345a8d681cf6806ab07,hammond,HAMMOND,jalan,2026-09-01,2026-08-19T17:01:43+09:00,room:スタンダード洋室|plan:【基本プラン☆素泊まり】蔵王温泉リーズナブルステイ!7箇所の湯めぐり無料特典♪ご夕食は温泉街へ|meal:confirmed_room_only|occ:2a0c1r|los:1,スタンダード洋室,text:【基本プラン☆素泊まり】蔵王温泉リーズナブルステイ!7箇所の湯めぐり無料特典♪ご夕食は温泉街へ,【基本プラン☆素泊まり】蔵王温泉リーズナブルステイ!7箇所の湯めぐり無料特典♪ご夕食は温泉街へ,2,0,1,1,JPY,14000,AVAILABLE,,UNKNOWN,PRODUCT,MEDIUM,a57434142ab048512ea89b781a02924dd19201de4d0fdcb16d85c96035f03589,core_competitor_obs_20260819_165002
jalan|hammond|2026-09-01|room:倶楽部ルーム|plan:【基本プラン☆素泊まり】蔵王温泉リーズナブルステイ!7箇所の湯めぐり無料特典♪ご夕食は温泉街へ|meal:confirmed_room_only|occ:2a0c1r|los:1|text:【基本プラン☆素泊まり】蔵王温泉リーズナブルステイ!7箇所の湯めぐり無料特典♪ご夕食は温泉街へ|2|0|1|1|core_competitor_obs_20260819_165002,af9ac8a81951a41b0661b2cb5ba50ec62291b620b1700dac9e0c4d30731bf646,hammond,HAMMOND,jalan,2026-09-01,2026-08-19T17:01:43+09:00,room:倶楽部ルーム|plan:【基本プラン☆素泊まり】蔵王温泉リーズナブルステイ!7箇所の湯めぐり無料特典♪ご夕食は温泉街へ|meal:confirmed_room_only|occ:2a0c1r|los:1,倶楽部ルーム,text:【基本プラン☆素泊まり】蔵王温泉リーズナブルステイ!7箇所の湯めぐり無料特典♪ご夕食は温泉街へ,【基本プラン☆素泊まり】蔵王温泉リーズナブルステイ!7箇所の湯めぐり無料特典♪ご夕食は温泉街へ,2,0,1,1,JPY,14000,AVAILABLE,3,PUBLIC_SCARCITY_COUNT,PRODUCT,HIGH,125cb5cfb6518e568af524e31337d305676cdc60280ac47f2d8e09198aba7ff0,core_competitor_obs_20260819_165002
jalan|hammond|2026-09-01|room:和室二間トリプルベッド|plan:【じゃらんのお得な10日間】素泊まり★10%off!湯めぐり無料特典☆直前割|meal:confirmed_room_only|occ:2a0c1r|los:1|text:【じゃらんのお得な10日間】素泊まり★10%off!湯めぐり無料特典☆直前割|2|0|1|1|core_competitor_obs_20260819_165002,35cc3576a5cdbf6a4ddf2c3eeef2e7046c64ae2bd4181568f96114f10e2a50ac,hammond,HAMMOND,jalan,2026-09-01,2026-08-19T17:01:43+09:00,room:和室二間トリプルベッド|plan:【じゃらんのお得な10日間】素泊まり★10%off!湯めぐり無料特典☆直前割|meal:confirmed_room_only|occ:2a0c1r|los:1,和室二間トリプルベッド,text:【じゃらんのお得な10日間】素泊まり★10%off!湯めぐり無料特典☆直前割,【じゃらんのお得な10日間】素泊まり★10%OFF!湯めぐり無料特典☆直前割,2,0,1,1,JPY,17820,AVAILABLE,3,PUBLIC_SCARCITY_COUNT,PRODUCT,HIGH,b9fb15d3a2479bc80f8e0239fe7740eae271a1e464940245be61b7380ad08928,core_competitor_obs_20260819_165002
jalan|hammond|2026-09-01|room:和室角部屋|plan:【じゃらんのお得な10日間】素泊まり★10%off!湯めぐり無料特典☆直前割|meal:confirmed_room_only|occ:2a0c1r|los:1|text:【じゃらんのお得な10日間】素泊まり★10%off!湯めぐり無料特典☆直前割|2|0|1|1|core_competitor_obs_20260819_165002,1eefbb1e8f5f1c09757ea56bf090797b22d62e46ea807232043d50e52bdc4025,hammond,HAMMOND,jalan,2026-09-01,2026-08-19T17:01:43+09:00,room:和室角部屋|plan:【じゃらんのお得な10日間】素泊まり★10%off!湯めぐり無料特典☆直前割|meal:confirmed_room_only|occ:2a0c1r|los:1,和室角部屋,text:【じゃらんのお得な10日間】素泊まり★10%off!湯めぐり無料特典☆直前割,【じゃらんのお得な10日間】素泊まり★10%OFF!湯めぐり無料特典☆直前割,2,0,1,1,JPY,16200,AVAILABLE,2,PUBLIC_SCARCITY_COUNT,PRODUCT,HIGH,5143095ec3a5fb60f708eeb07e47b48f48410ad3e35c5291dcea4ddbb649892d,core_competitor_obs_20260819_165002
jalan|hammond|2026-09-01|room:スタンダード和室|plan:【じゃらんのお得な10日間】素泊まり★10%off!湯めぐり無料特典☆直前割|meal:confirmed_room_only|occ:2a0c1r|los:1|text:【じゃらんのお得な10日間】素泊まり★10%off!湯めぐり無料特典☆直前割|2|0|1|1|core_competitor_obs_20260819_165002,cde68fed59a4bd158e0750d5e31048f4c9c7ef2810ca3759192d4fc61d9c6a7e,hammond,HAMMOND,jalan,2026-09-01,2026-08-19T17:01:43+09:00,room:スタンダード和室|plan:【じゃらんのお得な10日間】素泊まり★10%off!湯めぐり無料特典☆直前割|meal:confirmed_room_only|occ:2a0c1r|los:1,スタンダード和室,text:【じゃらんのお得な10日間】素泊まり★10%off!湯めぐり無料特典☆直前割,【じゃらんのお得な10日間】素泊まり★10%OFF!湯めぐり無料特典☆直前割,2,0,1,1,JPY,12600,AVAILABLE,,UNKNOWN,PRODUCT,MEDIUM,547d98d448a0274b7b583649d4a280a8e241fa3f5eaf7ae72a5b29d7ee0a3214,core_competitor_obs_20260819_165002
jalan|hammond|2026-09-01|room:スタンダード洋室|plan:【じゃらんのお得な10日間】素泊まり★10%off!湯めぐり無料特典☆直前割|meal:confirmed_room_only|occ:2a0c1r|los:1|text:【じゃらんのお得な10日間】素泊まり★10%off!湯めぐり無料特典☆直前割|2|0|1|1|core_competitor_obs_20260819_165002,6035cf8b95a3d1c13c3e787b64b0c2f4fb181a3a0a82d5f279e88173f41f6e03,hammond,HAMMOND,jalan,2026-09-01,2026-08-19T17:01:43+09:00,room:スタンダード洋室|plan:【じゃらんのお得な10日間】素泊まり★10%off!湯めぐり無料特典☆直前割|meal:confirmed_room_only|occ:2a0c1r|los:1,スタンダード洋室,text:【じゃらんのお得な10日間】素泊まり★10%off!湯めぐり無料特典☆直前割,【じゃらんのお得な10日間】素泊まり★10%OFF!湯めぐり無料特典☆直前割,2,0,1,1,JPY,12600,AVAILABLE,,UNKNOWN,PRODUCT,MEDIUM,0277b46d24d4eab916ad4c9981ec6265506ebce9df468de485917d5ba7d4df40,core_competitor_obs_20260819_165002
"jalan|hammond|2026-09-01|room:和室二間トリプルベッド|plan:【早割プラン☆素泊まり】7日前まで予約で1,000円off!7箇所の湯めぐり無料特典♪ご夕食は温泉街へ|meal:confirmed_room_only|occ:2a0c1r|los:1|text:【早割プラン☆素泊まり】7日前まで予約で1,000円off!7箇所の湯めぐり無料特典♪ご夕食は温泉街へ|2|0|1|1|core_competitor_obs_20260819_165002",48abf1411f575d8b604c72d570cfd2a9cfe07039bc081314da86cf13043e8dd4,hammond,HAMMOND,jalan,2026-09-01,2026-08-19T17:01:43+09:00,"room:和室二間トリプルベッド|plan:【早割プラン☆素泊まり】7日前まで予約で1,000円off!7箇所の湯めぐり無料特典♪ご夕食は温泉街へ|meal:confirmed_room_only|occ:2a0c1r|los:1",和室二間トリプルベッド,"text:【早割プラン☆素泊まり】7日前まで予約で1,000円off!7箇所の湯めぐり無料特典♪ご夕食は温泉街へ","【早割プラン☆素泊まり】7日前まで予約で1,000円OFF!7箇所の湯めぐり無料特典♪ご夕食は温泉街へ",2,0,1,1,JPY,18800,AVAILABLE,3,PUBLIC_SCARCITY_COUNT,PRODUCT,HIGH,495e95a2ee25449f8347c3931de18a266b3cc8f10da6305cf9ee38f28428bfef,core_competitor_obs_20260819_165002
"jalan|hammond|2026-09-01|room:和室角部屋|plan:【早割プラン☆素泊まり】7日前まで予約で1,000円off!7箇所の湯めぐり無料特典♪ご夕食は温泉街へ|meal:confirmed_room_only|occ:2a0c1r|los:1|text:【早割プラン☆素泊まり】7日前まで予約で1,000円off!7箇所の湯めぐり無料特典♪ご夕食は温泉街へ|2|0|1|1|core_competitor_obs_20260819_165002",793d7624b829c3490ded78e446e7f53591db649f3f9b5f5b07a0fc50cbbc4e40,hammond,HAMMOND,jalan,2026-09-01,2026-08-19T17:01:43+09:00,"room:和室角部屋|plan:【早割プラン☆素泊まり】7日前まで予約で1,000円off!7箇所の湯めぐり無料特典♪ご夕食は温泉街へ|meal:confirmed_room_only|occ:2a0c1r|los:1",和室角部屋,"text:【早割プラン☆素泊まり】7日前まで予約で1,000円off!7箇所の湯めぐり無料特典♪ご夕食は温泉街へ","【早割プラン☆素泊まり】7日前まで予約で1,000円OFF!7箇所の湯めぐり無料特典♪ご夕食は温泉街へ",2,0,1,1,JPY,17000,AVAILABLE,2,PUBLIC_SCARCITY_COUNT,PRODUCT,HIGH,222f01f9c80550ff3a962287069c3bcf1261b419ee3dd7b736c9e4966210342f,core_competitor_obs_20260819_165002
"jalan|hammond|2026-09-01|room:スタンダード和室|plan:【早割プラン☆素泊まり】7日前まで予約で1,000円off!7箇所の湯めぐり無料特典♪ご夕食は温泉街へ|meal:confirmed_room_only|occ:2a0c1r|los:1|text:【早割プラン☆素泊まり】7日前まで予約で1,000円off!7箇所の湯めぐり無料特典♪ご夕食は温泉街へ|2|0|1|1|core_competitor_obs_20260819_165002",4b6a8afe9ad27b4b48dbcc86c770b202edd764f7a436132010a97389170391e2,hammond,HAMMOND,jalan,2026-09-01,2026-08-19T17:01:43+09:00,"room:スタンダード和室|plan:【早割プラン☆素泊まり】7日前まで予約で1,000円off!7箇所の湯めぐり無料特典♪ご夕食は温泉街へ|meal:confirmed_room_only|occ:2a0c1r|los:1",スタンダード和室,"text:【早割プラン☆素泊まり】7日前まで予約で1,000円off!7箇所の湯めぐり無料特典♪ご夕食は温泉街へ","【早割プラン☆素泊まり】7日前まで予約で1,000円OFF!7箇所の湯めぐり無料特典♪ご夕食は温泉街へ",2,0,1,1,JPY,13000,AVAILABLE,,UNKNOWN,PRODUCT,MEDIUM,867eab73de0cc252a488e0b45c0ecceca2929d95389f41765fca7fae03b945aa,core_competitor_obs_20260819_165002
"jalan|hammond|2026-09-01|room:スタンダード洋室|plan:【早割プラン☆素泊まり】7日前まで予約で1,000円off!7箇所の湯めぐり無料特典♪ご夕食は温泉街へ|meal:confirmed_room_only|occ:2a0c1r|los:1|text:【早割プラン☆素泊まり】7日前まで予約で1,000円off!7箇所の湯めぐり無料特典♪ご夕食は温泉街へ|2|0|1|1|core_competitor_obs_20260819_165002",b84abc00cc23acec5f58e0f41c43e5f50283a1c5475ae3287b6a5424d579f120,hammond,HAMMOND,jalan,2026-09-01,2026-08-19T17:01:43+09:00,"room:スタンダード洋室|plan:【早割プラン☆素泊まり】7日前まで予約で1,000円off!7箇所の湯めぐり無料特典♪ご夕食は温泉街へ|meal:confirmed_room_only|occ:2a0c1r|los:1",スタンダード洋室,"text:【早割プラン☆素泊まり】7日前まで予約で1,000円off!7箇所の湯めぐり無料特典♪ご夕食は温泉街へ","【早割プラン☆素泊まり】7日前まで予約で1,000円OFF!7箇所の湯めぐり無料特典♪ご夕食は温泉街へ",2,0,1,1,JPY,13000,AVAILABLE,,UNKNOWN,PRODUCT,MEDIUM,4e8b8a427241e637792c4f2826712ab74a96e3f0102bf3d870b62a3e246eedea,core_competitor_obs_20260819_165002
"jalan|hammond|2026-09-01|room:倶楽部ルーム|plan:【早割プラン☆素泊まり】7日前まで予約で1,000円off!7箇所の湯めぐり無料特典♪ご夕食は温泉街へ|meal:confirmed_room_only|occ:2a0c1r|los:1|text:【早割プラン☆素泊まり】7日前まで予約で1,000円off!7箇所の湯めぐり無料特典♪ご夕食は温泉街へ|2|0|1|1|core_competitor_obs_20260819_165002",3f165002dd6ac862f63466a3631debc3c59a3a647de3de2dec2d4b76c7e8e4b8,hammond,HAMMOND,jalan,2026-09-01,2026-08-19T17:01:43+09:00,"room:倶楽部ルーム|plan:【早割プラン☆素泊まり】7日前まで予約で1,000円off!7箇所の湯めぐり無料特典♪ご夕食は温泉街へ|meal:confirmed_room_only|occ:2a0c1r|los:1",倶楽部ルーム,"text:【早割プラン☆素泊まり】7日前まで予約で1,000円off!7箇所の湯めぐり無料特典♪ご夕食は温泉街へ","【早割プラン☆素泊まり】7日前まで予約で1,000円OFF!7箇所の湯めぐり無料特典♪ご夕食は温泉街へ",2,0,1,1,JPY,13000,AVAILABLE,3,PUBLIC_SCARCITY_COUNT,PRODUCT,HIGH,81ad4a34aac531d728ec100774e104415f4f58163fa6f2cc0f203a713d620881,core_competitor_obs_20260819_165002
jalan|hammond|2026-09-01|room:和室二間トリプルベッド|plan:【じゃらん限定ポイント10%】ポイント貯めてお得に使おう★蔵王温泉リーズナブルステイ|meal:confirmed_room_only|occ:2a0c1r|los:1|text:【じゃらん限定ポイント10%】ポイント貯めてお得に使おう★蔵王温泉リーズナブルステイ|2|0|1|1|core_competitor_obs_20260819_165002,76381f76f804e45182207da6ea9fe39d4625b03807eb45c435be4b940173992a,hammond,HAMMOND,jalan,2026-09-01,2026-08-19T17:01:43+09:00,room:和室二間トリプルベッド|plan:【じゃらん限定ポイント10%】ポイント貯めてお得に使おう★蔵王温泉リーズナブルステイ|meal:confirmed_room_only|occ:2a0c1r|los:1,和室二間トリプルベッド,text:【じゃらん限定ポイント10%】ポイント貯めてお得に使おう★蔵王温泉リーズナブルステイ,【じゃらん限定ポイント10%】ポイント貯めてお得に使おう★蔵王温泉リーズナブルステイ,2,0,1,1,JPY,21384,AVAILABLE,3,PUBLIC_SCARCITY_COUNT,PRODUCT,HIGH,d93415d52f95d27867f1e1f67233884ba0b1af6a6845c41374f56b1a5df9f915,core_competitor_obs_20260819_165002
jalan|hammond|2026-09-01|room:和室角部屋|plan:【じゃらん限定ポイント10%】ポイント貯めてお得に使おう★蔵王温泉リーズナブルステイ|meal:confirmed_room_only|occ:2a0c1r|los:1|text:【じゃらん限定ポイント10%】ポイント貯めてお得に使おう★蔵王温泉リーズナブルステイ|2|0|1|1|core_competitor_obs_20260819_165002,7605c98077cd67d3795047c799a14d56e79f9ce2a3c9699ce081df4d749efd40,hammond,HAMMOND,jalan,2026-09-01,2026-08-19T17:01:43+09:00,room:和室角部屋|plan:【じゃらん限定ポイント10%】ポイント貯めてお得に使おう★蔵王温泉リーズナブルステイ|meal:confirmed_room_only|occ:2a0c1r|los:1,和室角部屋,text:【じゃらん限定ポイント10%】ポイント貯めてお得に使おう★蔵王温泉リーズナブルステイ,【じゃらん限定ポイント10%】ポイント貯めてお得に使おう★蔵王温泉リーズナブルステイ,2,0,1,1,JPY,19440,AVAILABLE,2,PUBLIC_SCARCITY_COUNT,PRODUCT,HIGH,fce98c314e9e721351df883f8bf8d7f411e493272ace28f23baad52a79baeab9,core_competitor_obs_20260819_165002
jalan|hammond|2026-09-01|room:スタンダード和室|plan:【じゃらん限定ポイント10%】ポイント貯めてお得に使おう★蔵王温泉リーズナブルステイ|meal:confirmed_room_only|occ:2a0c1r|los:1|text:【じゃらん限定ポイント10%】ポイント貯めてお得に使おう★蔵王温泉リーズナブルステイ|2|0|1|1|core_competitor_obs_20260819_165002,8e999fffe2c5313ec541c11ae10c7747fe961bc88e78e5d3fbccb83dfebd9269,hammond,HAMMOND,jalan,2026-09-01,2026-08-19T17:01:43+09:00,room:スタンダード和室|plan:【じゃらん限定ポイント10%】ポイント貯めてお得に使おう★蔵王温泉リーズナブルステイ|meal:confirmed_room_only|occ:2a0c1r|los:1,スタンダード和室,text:【じゃらん限定ポイント10%】ポイント貯めてお得に使おう★蔵王温泉リーズナブルステイ,【じゃらん限定ポイント10%】ポイント貯めてお得に使おう★蔵王温泉リーズナブルステイ,2,0,1,1,JPY,15120,AVAILABLE,,UNKNOWN,PRODUCT,MEDIUM,6941af4541cdf92f168bbc7c73deb184f96b8b41896e7b538e4873f0263497c3,core_competitor_obs_20260819_165002
jalan|hammond|2026-09-01|room:スタンダード洋室|plan:【じゃらん限定ポイント10%】ポイント貯めてお得に使おう★蔵王温泉リーズナブルステイ|meal:confirmed_room_only|occ:2a0c1r|los:1|text:【じゃらん限定ポイント10%】ポイント貯めてお得に使おう★蔵王温泉リーズナブルステイ|2|0|1|1|core_competitor_obs_20260819_165002,6ad3c19287fb527336f14b3190de68f6c6c0a109239c4c242c4815a33e840661,hammond,HAMMOND,jalan,2026-09-01,2026-08-19T17:01:43+09:00,room:スタンダード洋室|plan:【じゃらん限定ポイント10%】ポイント貯めてお得に使おう★蔵王温泉リーズナブルステイ|meal:confirmed_room_only|occ:2a0c1r|los:1,スタンダード洋室,text:【じゃらん限定ポイント10%】ポイント貯めてお得に使おう★蔵王温泉リーズナブルステイ,【じゃらん限定ポイント10%】ポイント貯めてお得に使おう★蔵王温泉リーズナブルステイ,2,0,1,1,JPY,15120,AVAILABLE,,UNKNOWN,PRODUCT,MEDIUM,eb573774b4a8937b3bd7ca97099f0df7423c6a983d8a93ea777356be65357857,core_competitor_obs_20260819_165002
jalan|hammond|2026-09-01|room:倶楽部ルーム|plan:【じゃらん限定ポイント10%】ポイント貯めてお得に使おう★蔵王温泉リーズナブルステイ|meal:confirmed_room_only|occ:2a0c1r|los:1|text:【じゃらん限定ポイント10%】ポイント貯めてお得に使おう★蔵王温泉リーズナブルステイ|2|0|1|1|core_competitor_obs_20260819_165002,4feb69e813db7903b8d296fc9984336469f691135590ca11eb0e76ad916a646c,hammond,HAMMOND,jalan,2026-09-01,2026-08-19T17:01:43+09:00,room:倶楽部ルーム|plan:【じゃらん限定ポイント10%】ポイント貯めてお得に使おう★蔵王温泉リーズナブルステイ|meal:confirmed_room_only|occ:2a0c1r|los:1,倶楽部ルーム,text:【じゃらん限定ポイント10%】ポイント貯めてお得に使おう★蔵王温泉リーズナブルステイ,【じゃらん限定ポイント10%】ポイント貯めてお得に使おう★蔵王温泉リーズナブルステイ,2,0,1,1,JPY,15120,AVAILABLE,3,PUBLIC_SCARCITY_COUNT,PRODUCT,HIGH,a5e81445401a52571883ae90e63e0eed69d5d297a73d6cec604c9931be86e736,core_competitor_obs_20260819_165002
jalan|hammond|2026-09-02|room:和室二間トリプルベッド|plan:【基本プラン☆素泊まり】蔵王温泉リーズナブルステイ!7箇所の湯めぐり無料特典♪ご夕食は温泉街へ|meal:confirmed_room_only|occ:2a0c1r|los:1|text:【基本プラン☆素泊まり】蔵王温泉リーズナブルステイ!7箇所の湯めぐり無料特典♪ご夕食は温泉街へ|2|0|1|1|core_competitor_obs_20260819_165002,5ed965f14c87c1ba3db8e9dbcf4175bff608a3415410e39e995dc0e93187d306,hammond,HAMMOND,jalan,2026-09-02,2026-08-19T17:01:55+09:00,room:和室二間トリプルベッド|plan:【基本プラン☆素泊まり】蔵王温泉リーズナブルステイ!7箇所の湯めぐり無料特典♪ご夕食は温泉街へ|meal:confirmed_room_only|occ:2a0c1r|los:1,和室二間トリプルベッド,text:【基本プラン☆素泊まり】蔵王温泉リーズナブルステイ!7箇所の湯めぐり無料特典♪ご夕食は温泉街へ,【基本プラン☆素泊まり】蔵王温泉リーズナブルステイ!7箇所の湯めぐり無料特典♪ご夕食は温泉街へ,2,0,1,1,JPY,19800,AVAILABLE,2,PUBLIC_SCARCITY_COUNT,PRODUCT,HIGH,8fbd4c97bec32dad776ef299b47b6d0efb01e3b67ccfd9ea40fa8b03bc5639b4,core_competitor_obs_20260819_165002
jalan|hammond|2026-09-02|room:和室角部屋|plan:【基本プラン☆素泊まり】蔵王温泉リーズナブルステイ!7箇所の湯めぐり無料特典♪ご夕食は温泉街へ|meal:confirmed_room_only|occ:2a0c1r|los:1|text:【基本プラン☆素泊まり】蔵王温泉リーズナブルステイ!7箇所の湯めぐり無料特典♪ご夕食は温泉街へ|2|0|1|1|core_competitor_obs_20260819_165002,72b4a539e5093bf1228c03f2728f4d3891c6dd4c7520bf75c64bb2c0220fce36,hammond,HAMMOND,jalan,2026-09-02,2026-08-19T17:01:55+09:00,room:和室角部屋|plan:【基本プラン☆素泊まり】蔵王温泉リーズナブルステイ!7箇所の湯めぐり無料特典♪ご夕食は温泉街へ|meal:confirmed_room_only|occ:2a0c1r|los:1,和室角部屋,text:【基本プラン☆素泊まり】蔵王温泉リーズナブルステイ!7箇所の湯めぐり無料特典♪ご夕食は温泉街へ,【基本プラン☆素泊まり】蔵王温泉リーズナブルステイ!7箇所の湯めぐり無料特典♪ご夕食は温泉街へ,2,0,1,1,JPY,18000,AVAILABLE,2,PUBLIC_SCARCITY_COUNT,PRODUCT,HIGH,17697f616fd8f62521ba632b0517983888780406b2a04a2832c53929b9186abb,core_competitor_obs_20260819_165002
jalan|hammond|2026-09-02|room:スタンダード和室|plan:【基本プラン☆素泊まり】蔵王温泉リーズナブルステイ!7箇所の湯めぐり無料特典♪ご夕食は温泉街へ|meal:confirmed_room_only|occ:2a0c1r|los:1|text:【基本プラン☆素泊まり】蔵王温泉リーズナブルステイ!7箇所の湯めぐり無料特典♪ご夕食は温泉街へ|2|0|1|1|core_competitor_obs_20260819_165002,0dff0110f152f2008c189eff0bbdaea1943eeeb6f7d02959a65a6676f8b982d1,hammond,HAMMOND,jalan,2026-09-02,2026-08-19T17:01:55+09:00,room:スタンダード和室|plan:【基本プラン☆素泊まり】蔵王温泉リーズナブルステイ!7箇所の湯めぐり無料特典♪ご夕食は温泉街へ|meal:confirmed_room_only|occ:2a0c1r|los:1,スタンダード和室,text:【基本プラン☆素泊まり】蔵王温泉リーズナブルステイ!7箇所の湯めぐり無料特典♪ご夕食は温泉街へ,【基本プラン☆素泊まり】蔵王温泉リーズナブルステイ!7箇所の湯めぐり無料特典♪ご夕食は温泉街へ,2,0,1,1,JPY,14000,AVAILABLE,,UNKNOWN,PRODUCT,MEDIUM,5c667325f08388054e79d30a94c030f8ebdcd3daf68d9519b7f29a6fb36fff69,core_competitor_obs_20260819_165002
jalan|hammond|2026-09-02|room:スタンダード洋室|plan:【基本プラン☆素泊まり】蔵王温泉リーズナブルステイ!7箇所の湯めぐり無料特典♪ご夕食は温泉街へ|meal:confirmed_room_only|occ:2a0c1r|los:1|text:【基本プラン☆素泊まり】蔵王温泉リーズナブルステイ!7箇所の湯めぐり無料特典♪ご夕食は温泉街へ|2|0|1|1|core_competitor_obs_20260819_165002,eb07a120163224ceb9e0ee8e1914c1d2c22a5dfee7c416a51cfd02c72595dbdd,hammond,HAMMOND,jalan,2026-09-02,2026-08-19T17:01:55+09:00,room:スタンダード洋室|plan:【基本プラン☆素泊まり】蔵王温泉リーズナブルステイ!7箇所の湯めぐり無料特典♪ご夕食は温泉街へ|meal:confirmed_room_only|occ:2a0c1r|los:1,スタンダード洋室,text:【基本プラン☆素泊まり】蔵王温泉リーズナブルステイ!7箇所の湯めぐり無料特典♪ご夕食は温泉街へ,【基本プラン☆素泊まり】蔵王温泉リーズナブルステイ!7箇所の湯めぐり無料特典♪ご夕食は温泉街へ,2,0,1,1,JPY,14000,AVAILABLE,,UNKNOWN,PRODUCT,MEDIUM,a57434142ab048512ea89b781a02924dd19201de4d0fdcb16d85c96035f03589,core_competitor_obs_20260819_165002
jalan|hammond|2026-09-02|room:倶楽部ルーム|plan:【基本プラン☆素泊まり】蔵王温泉リーズナブルステイ!7箇所の湯めぐり無料特典♪ご夕食は温泉街へ|meal:confirmed_room_only|occ:2a0c1r|los:1|text:【基本プラン☆素泊まり】蔵王温泉リーズナブルステイ!7箇所の湯めぐり無料特典♪ご夕食は温泉街へ|2|0|1|1|core_competitor_obs_20260819_165002,057ab8ed619b2dd48fbe075f565ea848f4896431136fd6e95af79282083119a9,hammond,HAMMOND,jalan,2026-09-02,2026-08-19T17:01:55+09:00,room:倶楽部ルーム|plan:【基本プラン☆素泊まり】蔵王温泉リーズナブルステイ!7箇所の湯めぐり無料特典♪ご夕食は温泉街へ|meal:confirmed_room_only|occ:2a0c1r|los:1,倶楽部ルーム,text:【基本プラン☆素泊まり】蔵王温泉リーズナブルステイ!7箇所の湯めぐり無料特典♪ご夕食は温泉街へ,【基本プラン☆素泊まり】蔵王温泉リーズナブルステイ!7箇所の湯めぐり無料特典♪ご夕食は温泉街へ,2,0,1,1,JPY,14000,AVAILABLE,3,PUBLIC_SCARCITY_COUNT,PRODUCT,HIGH,125cb5cfb6518e568af524e31337d305676cdc60280ac47f2d8e09198aba7ff0,core_competitor_obs_20260819_165002
jalan|hammond|2026-09-02|room:和室二間トリプルベッド|plan:【じゃらんのお得な10日間】素泊まり★10%off!湯めぐり無料特典☆直前割|meal:confirmed_room_only|occ:2a0c1r|los:1|text:【じゃらんのお得な10日間】素泊まり★10%off!湯めぐり無料特典☆直前割|2|0|1|1|core_competitor_obs_20260819_165002,52a001018f48f8ec33ab8eae45f2880156be0fd464858ca2944aad339eebd110,hammond,HAMMOND,jalan,2026-09-02,2026-08-19T17:01:55+09:00,room:和室二間トリプルベッド|plan:【じゃらんのお得な10日間】素泊まり★10%off!湯めぐり無料特典☆直前割|meal:confirmed_room_only|occ:2a0c1r|los:1,和室二間トリプルベッド,text:【じゃらんのお得な10日間】素泊まり★10%off!湯めぐり無料特典☆直前割,【じゃらんのお得な10日間】素泊まり★10%OFF!湯めぐり無料特典☆直前割,2,0,1,1,JPY,17820,AVAILABLE,2,PUBLIC_SCARCITY_COUNT,PRODUCT,HIGH,4c8c986b1292f300dbd535037459bf39e2ad5de121266e4bb42f0c3fda55f0ea,core_competitor_obs_20260819_165002
jalan|hammond|2026-09-02|room:和室角部屋|plan:【じゃらんのお得な10日間】素泊まり★10%off!湯めぐり無料特典☆直前割|meal:confirmed_room_only|occ:2a0c1r|los:1|text:【じゃらんのお得な10日間】素泊まり★10%off!湯めぐり無料特典☆直前割|2|0|1|1|core_competitor_obs_20260819_165002,ba52d905a4060f019e90a776fb38b9952719ac74d7ea707237cb74c926ebc1d4,hammond,HAMMOND,jalan,2026-09-02,2026-08-19T17:01:55+09:00,room:和室角部屋|plan:【じゃらんのお得な10日間】素泊まり★10%off!湯めぐり無料特典☆直前割|meal:confirmed_room_only|occ:2a0c1r|los:1,和室角部屋,text:【じゃらんのお得な10日間】素泊まり★10%off!湯めぐり無料特典☆直前割,【じゃらんのお得な10日間】素泊まり★10%OFF!湯めぐり無料特典☆直前割,2,0,1,1,JPY,16200,AVAILABLE,2,PUBLIC_SCARCITY_COUNT,PRODUCT,HIGH,5143095ec3a5fb60f708eeb07e47b48f48410ad3e35c5291dcea4ddbb649892d,core_competitor_obs_20260819_165002
jalan|hammond|2026-09-02|room:スタンダード和室|plan:【じゃらんのお得な10日間】素泊まり★10%off!湯めぐり無料特典☆直前割|meal:confirmed_room_only|occ:2a0c1r|los:1|text:【じゃらんのお得な10日間】素泊まり★10%off!湯めぐり無料特典☆直前割|2|0|1|1|core_competitor_obs_20260819_165002,80f3c329f7480a0011c4b84eb05dc1e0d55483575271a09a268ab109234651c6,hammond,HAMMOND,jalan,2026-09-02,2026-08-19T17:01:55+09:00,room:スタンダード和室|plan:【じゃらんのお得な10日間】素泊まり★10%off!湯めぐり無料特典☆直前割|meal:confirmed_room_only|occ:2a0c1r|los:1,スタンダード和室,text:【じゃらんのお得な10日間】素泊まり★10%off!湯めぐり無料特典☆直前割,【じゃらんのお得な10日間】素泊まり★10%OFF!湯めぐり無料特典☆直前割,2,0,1,1,JPY,12600,AVAILABLE,,UNKNOWN,PRODUCT,MEDIUM,547d98d448a0274b7b583649d4a280a8e241fa3f5eaf7ae72a5b29d7ee0a3214,core_competitor_obs_20260819_165002
jalan|hammond|2026-09-02|room:スタンダード洋室|plan:【じゃらんのお得な10日間】素泊まり★10%off!湯めぐり無料特典☆直前割|meal:confirmed_room_only|occ:2a0c1r|los:1|text:【じゃらんのお得な10日間】素泊まり★10%off!湯めぐり無料特典☆直前割|2|0|1|1|core_competitor_obs_20260819_165002,ff3675a625743116379e6b5bf664494a5d708706f177eddc60b9c27348268318,hammond,HAMMOND,jalan,2026-09-02,2026-08-19T17:01:55+09:00,room:スタンダード洋室|plan:【じゃらんのお得な10日間】素泊まり★10%off!湯めぐり無料特典☆直前割|meal:confirmed_room_only|occ:2a0c1r|los:1,スタンダード洋室,text:【じゃらんのお得な10日間】素泊まり★10%off!湯めぐり無料特典☆直前割,【じゃらんのお得な10日間】素泊まり★10%OFF!湯めぐり無料特典☆直前割,2,0,1,1,JPY,12600,AVAILABLE,,UNKNOWN,PRODUCT,MEDIUM,0277b46d24d4eab916ad4c9981ec6265506ebce9df468de485917d5ba7d4df40,core_competitor_obs_20260819_165002
"jalan|hammond|2026-09-02|room:和室二間トリプルベッド|plan:【早割プラン☆素泊まり】7日前まで予約で1,000円off!7箇所の湯めぐり無料特典♪ご夕食は温泉街へ|meal:confirmed_room_only|occ:2a0c1r|los:1|text:【早割プラン☆素泊まり】7日前まで予約で1,000円off!7箇所の湯めぐり無料特典♪ご夕食は温泉街へ|2|0|1|1|core_competitor_obs_20260819_165002",d69137fe3059e51efb934e5119c7b60c2c337e60613bbf9b1bc7db373a1a63af,hammond,HAMMOND,jalan,2026-09-02,2026-08-19T17:01:55+09:00,"room:和室二間トリプルベッド|plan:【早割プラン☆素泊まり】7日前まで予約で1,000円off!7箇所の湯めぐり無料特典♪ご夕食は温泉街へ|meal:confirmed_room_only|occ:2a0c1r|los:1",和室二間トリプルベッド,"text:【早割プラン☆素泊まり】7日前まで予約で1,000円off!7箇所の湯めぐり無料特典♪ご夕食は温泉街へ","【早割プラン☆素泊まり】7日前まで予約で1,000円OFF!7箇所の湯めぐり無料特典♪ご夕食は温泉街へ",2,0,1,1,JPY,18800,AVAILABLE,2,PUBLIC_SCARCITY_COUNT,PRODUCT,HIGH,6699be6f0cc39b374c2c3abd675c48c8d6c6f1d0acabf7b1bbc66a8722271db3,core_competitor_obs_20260819_165002
"jalan|hammond|2026-09-02|room:和室角部屋|plan:【早割プラン☆素泊まり】7日前まで予約で1,000円off!7箇所の湯めぐり無料特典♪ご夕食は温泉街へ|meal:confirmed_room_only|occ:2a0c1r|los:1|text:【早割プラン☆素泊まり】7日前まで予約で1,000円off!7箇所の湯めぐり無料特典♪ご夕食は温泉街へ|2|0|1|1|core_competitor_obs_20260819_165002",ebce95a237c8f889d1090541a84802882ceeecf73fe21c6d87a126e6731a83db,hammond,HAMMOND,jalan,2026-09-02,2026-08-19T17:01:55+09:00,"room:和室角部屋|plan:【早割プラン☆素泊まり】7日前まで予約で1,000円off!7箇所の湯めぐり無料特典♪ご夕食は温泉街へ|meal:confirmed_room_only|occ:2a0c1r|los:1",和室角部屋,"text:【早割プラン☆素泊まり】7日前まで予約で1,000円off!7箇所の湯めぐり無料特典♪ご夕食は温泉街へ","【早割プラン☆素泊まり】7日前まで予約で1,000円OFF!7箇所の湯めぐり無料特典♪ご夕食は温泉街へ",2,0,1,1,JPY,17000,AVAILABLE,2,PUBLIC_SCARCITY_COUNT,PRODUCT,HIGH,222f01f9c80550ff3a962287069c3bcf1261b419ee3dd7b736c9e4966210342f,core_competitor_obs_20260819_165002
"jalan|hammond|2026-09-02|room:スタンダード和室|plan:【早割プラン☆素泊まり】7日前まで予約で1,000円off!7箇所の湯めぐり無料特典♪ご夕食は温泉街へ|meal:confirmed_room_only|occ:2a0c1r|los:1|text:【早割プラン☆素泊まり】7日前まで予約で1,000円off!7箇所の湯めぐり無料特典♪ご夕食は温泉街へ|2|0|1|1|core_competitor_obs_20260819_165002",ddd006e8428d73258e8270b6cfe39544147cbac0e50c376e9103306365ec30cc,hammond,HAMMOND,jalan,2026-09-02,2026-08-19T17:01:55+09:00,"room:スタンダード和室|plan:【早割プラン☆素泊まり】7日前まで予約で1,000円off!7箇所の湯めぐり無料特典♪ご夕食は温泉街へ|meal:confirmed_room_only|occ:2a0c1r|los:1",スタンダード和室,"text:【早割プラン☆素泊まり】7日前まで予約で1,000円off!7箇所の湯めぐり無料特典♪ご夕食は温泉街へ","【早割プラン☆素泊まり】7日前まで予約で1,000円OFF!7箇所の湯めぐり無料特典♪ご夕食は温泉街へ",2,0,1,1,JPY,13000,AVAILABLE,,UNKNOWN,PRODUCT,MEDIUM,867eab73de0cc252a488e0b45c0ecceca2929d95389f41765fca7fae03b945aa,core_competitor_obs_20260819_165002
"jalan|hammond|2026-09-02|room:スタンダード洋室|plan:【早割プラン☆素泊まり】7日前まで予約で1,000円off!7箇所の湯めぐり無料特典♪ご夕食は温泉街へ|meal:confirmed_room_only|occ:2a0c1r|los:1|text:【早割プラン☆素泊まり】7日前まで予約で1,000円off!7箇所の湯めぐり無料特典♪ご夕食は温泉街へ|2|0|1|1|core_competitor_obs_20260819_165002",0b29cb977ad2580062efa8a9669f6745eff376325cf37ac49a13ea2d2b176da4,hammond,HAMMOND,jalan,2026-09-02,2026-08-19T17:01:55+09:00,"room:スタンダード洋室|plan:【早割プラン☆素泊まり】7日前まで予約で1,000円off!7箇所の湯めぐり無料特典♪ご夕食は温泉街へ|meal:confirmed_room_only|occ:2a0c1r|los:1",スタンダード洋室,"text:【早割プラン☆素泊まり】7日前まで予約で1,000円off!7箇所の湯めぐり無料特典♪ご夕食は温泉街へ","【早割プラン☆素泊まり】7日前まで予約で1,000円OFF!7箇所の湯めぐり無料特典♪ご夕食は温泉街へ",2,0,1,1,JPY,13000,AVAILABLE,,UNKNOWN,PRODUCT,MEDIUM,4e8b8a427241e637792c4f2826712ab74a96e3f0102bf3d870b62a3e246eedea,core_competitor_obs_20260819_165002
"jalan|hammond|2026-09-02|room:倶楽部ルーム|plan:【早割プラン☆素泊まり】7日前まで予約で1,000円off!7箇所の湯めぐり無料特典♪ご夕食は温泉街へ|meal:confirmed_room_only|occ:2a0c1r|los:1|text:【早割プラン☆素泊まり】7日前まで予約で1,000円off!7箇所の湯めぐり無料特典♪ご夕食は温泉街へ|2|0|1|1|core_competitor_obs_20260819_165002",178a9fc62ff0b764840e4003e973ae48744178486253cbf37f055ba4e2e71f5c,hammond,HAMMOND,jalan,2026-09-02,2026-08-19T17:01:55+09:00,"room:倶楽部ルーム|plan:【早割プラン☆素泊まり】7日前まで予約で1,000円off!7箇所の湯めぐり無料特典♪ご夕食は温泉街へ|meal:confirmed_room_only|occ:2a0c1r|los:1",倶楽部ルーム,"text:【早割プラン☆素泊まり】7日前まで予約で1,000円off!7箇所の湯めぐり無料特典♪ご夕食は温泉街へ","【早割プラン☆素泊まり】7日前まで予約で1,000円OFF!7箇所の湯めぐり無料特典♪ご夕食は温泉街へ",2,0,1,1,JPY,13000,AVAILABLE,3,PUBLIC_SCARCITY_COUNT,PRODUCT,HIGH,81ad4a34aac531d728ec100774e104415f4f58163fa6f2cc0f203a713d620881,core_competitor_obs_20260819_165002
jalan|hammond|2026-09-02|room:和室二間トリプルベッド|plan:【じゃらん限定ポイント10%】ポイント貯めてお得に使おう★蔵王温泉リーズナブルステイ|meal:confirmed_room_only|occ:2a0c1r|los:1|text:【じゃらん限定ポイント10%】ポイント貯めてお得に使おう★蔵王温泉リーズナブルステイ|2|0|1|1|core_competitor_obs_20260819_165002,327ec25f8dfe6b1463921d03c88d4e3d2b83c8b14509c0104b7bb13dfb25afe1,hammond,HAMMOND,jalan,2026-09-02,2026-08-19T17:01:55+09:00,room:和室二間トリプルベッド|plan:【じゃらん限定ポイント10%】ポイント貯めてお得に使おう★蔵王温泉リーズナブルステイ|meal:confirmed_room_only|occ:2a0c1r|los:1,和室二間トリプルベッド,text:【じゃらん限定ポイント10%】ポイント貯めてお得に使おう★蔵王温泉リーズナブルステイ,【じゃらん限定ポイント10%】ポイント貯めてお得に使おう★蔵王温泉リーズナブルステイ,2,0,1,1,JPY,21384,AVAILABLE,2,PUBLIC_SCARCITY_COUNT,PRODUCT,HIGH,02ed260c73cf9a29c5082d5b8f58006a87b9c9965f4eff6c0cda3230c540e574,core_competitor_obs_20260819_165002
jalan|hammond|2026-09-02|room:和室角部屋|plan:【じゃらん限定ポイント10%】ポイント貯めてお得に使おう★蔵王温泉リーズナブルステイ|meal:confirmed_room_only|occ:2a0c1r|los:1|text:【じゃらん限定ポイント10%】ポイント貯めてお得に使おう★蔵王温泉リーズナブルステイ|2|0|1|1|core_competitor_obs_20260819_165002,aece33a72bea6b89df24ff1d4cd4fe65d061e6facbca98e162e2c6fae268ac61,hammond,HAMMOND,jalan,2026-09-02,2026-08-19T17:01:55+09:00,room:和室角部屋|plan:【じゃらん限定ポイント10%】ポイント貯めてお得に使おう★蔵王温泉リーズナブルステイ|meal:confirmed_room_only|occ:2a0c1r|los:1,和室角部屋,text:【じゃらん限定ポイント10%】ポイント貯めてお得に使おう★蔵王温泉リーズナブルステイ,【じゃらん限定ポイント10%】ポイント貯めてお得に使おう★蔵王温泉リーズナブルステイ,2,0,1,1,JPY,19440,AVAILABLE,2,PUBLIC_SCARCITY_COUNT,PRODUCT,HIGH,fce98c314e9e721351df883f8bf8d7f411e493272ace28f23baad52a79baeab9,core_competitor_obs_20260819_165002
jalan|hammond|2026-09-02|room:スタンダード和室|plan:【じゃらん限定ポイント10%】ポイント貯めてお得に使おう★蔵王温泉リーズナブルステイ|meal:confirmed_room_only|occ:2a0c1r|los:1|text:【じゃらん限定ポイント10%】ポイント貯めてお得に使おう★蔵王温泉リーズナブルステイ|2|0|1|1|core_competitor_obs_20260819_165002,2b3c8f42e016236d1c7b8d73ed20a8128d5b54d79824fcb508d5505d81e3c4ba,hammond,HAMMOND,jalan,2026-09-02,2026-08-19T17:01:55+09:00,room:スタンダード和室|plan:【じゃらん限定ポイント10%】ポイント貯めてお得に使おう★蔵王温泉リーズナブルステイ|meal:confirmed_room_only|occ:2a0c1r|los:1,スタンダード和室,text:【じゃらん限定ポイント10%】ポイント貯めてお得に使おう★蔵王温泉リーズナブルステイ,【じゃらん限定ポイント10%】ポイント貯めてお得に使おう★蔵王温泉リーズナブルステイ,2,0,1,1,JPY,15120,AVAILABLE,,UNKNOWN,PRODUCT,MEDIUM,6941af4541cdf92f168bbc7c73deb184f96b8b41896e7b538e4873f0263497c3,core_competitor_obs_20260819_165002
jalan|hammond|2026-09-02|room:スタンダード洋室|plan:【じゃらん限定ポイント10%】ポイント貯めてお得に使おう★蔵王温泉リーズナブルステイ|meal:confirmed_room_only|occ:2a0c1r|los:1|text:【じゃらん限定ポイント10%】ポイント貯めてお得に使おう★蔵王温泉リーズナブルステイ|2|0|1|1|core_competitor_obs_20260819_165002,a34e5d23f69c16abd782aa98abee679ae226c57859710280ce7d01d7b82277d3,hammond,HAMMOND,jalan,2026-09-02,2026-08-19T17:01:55+09:00,room:スタンダード洋室|plan:【じゃらん限定ポイント10%】ポイント貯めてお得に使おう★蔵王温泉リーズナブルステイ|meal:confirmed_room_only|occ:2a0c1r|los:1,スタンダード洋室,text:【じゃらん限定ポイント10%】ポイント貯めてお得に使おう★蔵王温泉リーズナブルステイ,【じゃらん限定ポイント10%】ポイント貯めてお得に使おう★蔵王温泉リーズナブルステイ,2,0,1,1,JPY,15120,AVAILABLE,,UNKNOWN,PRODUCT,MEDIUM,eb573774b4a8937b3bd7ca97099f0df7423c6a983d8a93ea777356be65357857,core_competitor_obs_20260819_165002
jalan|hammond|2026-09-02|room:倶楽部ルーム|plan:【じゃらん限定ポイント10%】ポイント貯めてお得に使おう★蔵王温泉リーズナブルステイ|meal:confirmed_room_only|occ:2a0c1r|los:1|text:【じゃらん限定ポイント10%】ポイント貯めてお得に使おう★蔵王温泉リーズナブルステイ|2|0|1|1|core_competitor_obs_20260819_165002,870e73df9a702e027788932ead2c22e2e0efcc4bf3db95f40d8239ff21eb791e,hammond,HAMMOND,jalan,2026-09-02,2026-08-19T17:01:55+09:00,room:倶楽部ルーム|plan:【じゃらん限定ポイント10%】ポイント貯めてお得に使おう★蔵王温泉リーズナブルステイ|meal:confirmed_room_only|occ:2a0c1r|los:1,倶楽部ルーム,text:【じゃらん限定ポイント10%】ポイント貯めてお得に使おう★蔵王温泉リーズナブルステイ,【じゃらん限定ポイント10%】ポイント貯めてお得に使おう★蔵王温泉リーズナブルステイ,2,0,1,1,JPY,15120,AVAILABLE,3,PUBLIC_SCARCITY_COUNT,PRODUCT,HIGH,a5e81445401a52571883ae90e63e0eed69d5d297a73d6cec604c9931be86e736,core_competitor_obs_20260819_165002
jalan|yoshidaya|2026-09-01|room:和室13畳|plan:【シニア割プラン】50歳以上限定!大人の贅沢なひととき♪源泉掛け流しの温泉でリフレッシュ♪|meal:meal_included|occ:2a0c1r|los:1|text:【シニア割プラン】50歳以上限定!大人の贅沢なひととき♪源泉掛け流しの温泉でリフレッシュ♪|2|0|1|1|core_competitor_obs_20260819_165002,3eef2b5ef629f07da91f459e7cdc5b024c9bfcb5beb1560af3beef9b483189bf,yoshidaya,吉田屋,jalan,2026-09-01,2026-08-19T17:04:43+09:00,room:和室13畳|plan:【シニア割プラン】50歳以上限定!大人の贅沢なひととき♪源泉掛け流しの温泉でリフレッシュ♪|meal:meal_included|occ:2a0c1r|los:1,和室13畳,text:【シニア割プラン】50歳以上限定!大人の贅沢なひととき♪源泉掛け流しの温泉でリフレッシュ♪,【シニア割プラン】50歳以上限定!大人の贅沢なひととき♪源泉掛け流しの温泉でリフレッシュ♪,2,0,1,1,JPY,25300,AVAILABLE,1,PUBLIC_SCARCITY_COUNT,PRODUCT,HIGH,531274d4410aed8d110a4d85b6f47d1d2a5f4ae37a98f28e10d2d429bbb1feeb,core_competitor_obs_20260819_165002
jalan|yoshidaya|2026-09-01|room:和室12.5畳|plan:【シニア割プラン】50歳以上限定!大人の贅沢なひととき♪源泉掛け流しの温泉でリフレッシュ♪|meal:meal_included|occ:2a0c1r|los:1|text:【シニア割プラン】50歳以上限定!大人の贅沢なひととき♪源泉掛け流しの温泉でリフレッシュ♪|2|0|1|1|core_competitor_obs_20260819_165002,f0dfc76c8dcea08b84ffeae18dbd9729e7aa0ca5f0f2fafcda93986b7a791e0a,yoshidaya,吉田屋,jalan,2026-09-01,2026-08-19T17:04:43+09:00,room:和室12.5畳|plan:【シニア割プラン】50歳以上限定!大人の贅沢なひととき♪源泉掛け流しの温泉でリフレッシュ♪|meal:meal_included|occ:2a0c1r|los:1,和室12.5畳,text:【シニア割プラン】50歳以上限定!大人の贅沢なひととき♪源泉掛け流しの温泉でリフレッシュ♪,【シニア割プラン】50歳以上限定!大人の贅沢なひととき♪源泉掛け流しの温泉でリフレッシュ♪,2,0,1,1,JPY,23100,AVAILABLE,2,PUBLIC_SCARCITY_COUNT,PRODUCT,HIGH,9a48c258668af2016e38792b2d0520209bdd6895b90c1c85739a1eef7ec33340,core_competitor_obs_20260819_165002
jalan|yoshidaya|2026-09-01|room:和室8畳|plan:【シニア割プラン】50歳以上限定!大人の贅沢なひととき♪源泉掛け流しの温泉でリフレッシュ♪|meal:meal_included|occ:2a0c1r|los:1|text:【シニア割プラン】50歳以上限定!大人の贅沢なひととき♪源泉掛け流しの温泉でリフレッシュ♪|2|0|1|1|core_competitor_obs_20260819_165002,e4cdc0512c8923fd73a3ec02d579b66bcd790fdf5b337e8c4692810d91aba5d0,yoshidaya,吉田屋,jalan,2026-09-01,2026-08-19T17:04:43+09:00,room:和室8畳|plan:【シニア割プラン】50歳以上限定!大人の贅沢なひととき♪源泉掛け流しの温泉でリフレッシュ♪|meal:meal_included|occ:2a0c1r|los:1,和室8畳,text:【シニア割プラン】50歳以上限定!大人の贅沢なひととき♪源泉掛け流しの温泉でリフレッシュ♪,【シニア割プラン】50歳以上限定!大人の贅沢なひととき♪源泉掛け流しの温泉でリフレッシュ♪,2,0,1,1,JPY,20900,AVAILABLE,3,PUBLIC_SCARCITY_COUNT,PRODUCT,HIGH,d8baee5c004c6f6c76bd583d2e2b198605e212b8bf3d75d2fbd2e97ba2fb2868,core_competitor_obs_20260819_165002
jalan|yoshidaya|2026-09-01|room:和室6畳|plan:【シニア割プラン】50歳以上限定!大人の贅沢なひととき♪源泉掛け流しの温泉でリフレッシュ♪|meal:meal_included|occ:2a0c1r|los:1|text:【シニア割プラン】50歳以上限定!大人の贅沢なひととき♪源泉掛け流しの温泉でリフレッシュ♪|2|0|1|1|core_competitor_obs_20260819_165002,b26c6904cbd61a849ea2bbb088c8cf82773afe58ba0c3e1a0197471d86c9c777,yoshidaya,吉田屋,jalan,2026-09-01,2026-08-19T17:04:43+09:00,room:和室6畳|plan:【シニア割プラン】50歳以上限定!大人の贅沢なひととき♪源泉掛け流しの温泉でリフレッシュ♪|meal:meal_included|occ:2a0c1r|los:1,和室6畳,text:【シニア割プラン】50歳以上限定!大人の贅沢なひととき♪源泉掛け流しの温泉でリフレッシュ♪,【シニア割プラン】50歳以上限定!大人の贅沢なひととき♪源泉掛け流しの温泉でリフレッシュ♪,2,0,1,1,JPY,18700,AVAILABLE,,UNKNOWN,PRODUCT,MEDIUM,9d3b27c3593ac97e7ad6e4e93ec524eae926f20330c761c70c50611e0f5ecf78,core_competitor_obs_20260819_165002
jalan|yoshidaya|2026-09-01|room:和室13畳|plan:【じゃらんのお得な10日間】10%off!~基本プラン~温泉と郷土料理に癒される♪連泊にもおすすめ◎|meal:meal_included|occ:2a0c1r|los:1|text:【じゃらんのお得な10日間】10%off!~基本プラン~温泉と郷土料理に癒される♪連泊にもおすすめ◎|2|0|1|1|core_competitor_obs_20260819_165002,bffe24d4de29849a0d12ba00f6e05b75bb01d59c48cbe9d01fed906c5a5547c7,yoshidaya,吉田屋,jalan,2026-09-01,2026-08-19T17:04:43+09:00,room:和室13畳|plan:【じゃらんのお得な10日間】10%off!~基本プラン~温泉と郷土料理に癒される♪連泊にもおすすめ◎|meal:meal_included|occ:2a0c1r|los:1,和室13畳,text:【じゃらんのお得な10日間】10%off!~基本プラン~温泉と郷土料理に癒される♪連泊にもおすすめ◎,【じゃらんのお得な10日間】10%OFF!~基本プラン~温泉と郷土料理に癒される♪連泊にもおすすめ◎,2,0,1,1,JPY,25740,AVAILABLE,1,PUBLIC_SCARCITY_COUNT,PRODUCT,HIGH,00d36d105e9f1bb6a8f18e75f3699d5460fd15e13e4dcc75f31ded9aec9253e5,core_competitor_obs_20260819_165002
jalan|yoshidaya|2026-09-01|room:和室12.5畳|plan:【じゃらんのお得な10日間】10%off!~基本プラン~温泉と郷土料理に癒される♪連泊にもおすすめ◎|meal:meal_included|occ:2a0c1r|los:1|text:【じゃらんのお得な10日間】10%off!~基本プラン~温泉と郷土料理に癒される♪連泊にもおすすめ◎|2|0|1|1|core_competitor_obs_20260819_165002,9bc977f041db9038f831ef164ca3bb0cf35b9a88d17696e00bb81b5c5f0dd9ef,yoshidaya,吉田屋,jalan,2026-09-01,2026-08-19T17:04:43+09:00,room:和室12.5畳|plan:【じゃらんのお得な10日間】10%off!~基本プラン~温泉と郷土料理に癒される♪連泊にもおすすめ◎|meal:meal_included|occ:2a0c1r|los:1,和室12.5畳,text:【じゃらんのお得な10日間】10%off!~基本プラン~温泉と郷土料理に癒される♪連泊にもおすすめ◎,【じゃらんのお得な10日間】10%OFF!~基本プラン~温泉と郷土料理に癒される♪連泊にもおすすめ◎,2,0,1,1,JPY,23760,AVAILABLE,2,PUBLIC_SCARCITY_COUNT,PRODUCT,HIGH,ce0e6e1b38a60dc85aafa176f5522a74fb8169ee8469f997955fb0cbc1e06617,core_competitor_obs_20260819_165002
jalan|yoshidaya|2026-09-01|room:和室8畳|plan:【じゃらんのお得な10日間】10%off!~基本プラン~温泉と郷土料理に癒される♪連泊にもおすすめ◎|meal:meal_included|occ:2a0c1r|los:1|text:【じゃらんのお得な10日間】10%off!~基本プラン~温泉と郷土料理に癒される♪連泊にもおすすめ◎|2|0|1|1|core_competitor_obs_20260819_165002,4b982ae22d43c97391eea2d77aafcffd68226ee6dac8d416907ad2839006b74c,yoshidaya,吉田屋,jalan,2026-09-01,2026-08-19T17:04:43+09:00,room:和室8畳|plan:【じゃらんのお得な10日間】10%off!~基本プラン~温泉と郷土料理に癒される♪連泊にもおすすめ◎|meal:meal_included|occ:2a0c1r|los:1,和室8畳,text:【じゃらんのお得な10日間】10%off!~基本プラン~温泉と郷土料理に癒される♪連泊にもおすすめ◎,【じゃらんのお得な10日間】10%OFF!~基本プラン~温泉と郷土料理に癒される♪連泊にもおすすめ◎,2,0,1,1,JPY,21780,AVAILABLE,3,PUBLIC_SCARCITY_COUNT,PRODUCT,HIGH,898d124154845e82c829c4900f88ab08587937394850e4442977c786968f336c,core_competitor_obs_20260819_165002
jalan|yoshidaya|2026-09-01|room:和室6畳|plan:【じゃらんのお得な10日間】10%off!~基本プラン~温泉と郷土料理に癒される♪連泊にもおすすめ◎|meal:meal_included|occ:2a0c1r|los:1|text:【じゃらんのお得な10日間】10%off!~基本プラン~温泉と郷土料理に癒される♪連泊にもおすすめ◎|2|0|1|1|core_competitor_obs_20260819_165002,be0c8e220f378055871bf27779916412964ff782da42578defee880a08e0d3d9,yoshidaya,吉田屋,jalan,2026-09-01,2026-08-19T17:04:43+09:00,room:和室6畳|plan:【じゃらんのお得な10日間】10%off!~基本プラン~温泉と郷土料理に癒される♪連泊にもおすすめ◎|meal:meal_included|occ:2a0c1r|los:1,和室6畳,text:【じゃらんのお得な10日間】10%off!~基本プラン~温泉と郷土料理に癒される♪連泊にもおすすめ◎,【じゃらんのお得な10日間】10%OFF!~基本プラン~温泉と郷土料理に癒される♪連泊にもおすすめ◎,2,0,1,1,JPY,19800,AVAILABLE,,UNKNOWN,PRODUCT,MEDIUM,7f0caaf378c5a36950bace2dee819a4bfbb6cb365ef8001ad61804fd443b0f95,core_competitor_obs_20260819_165002
jalan|yoshidaya|2026-09-01|room:和室13畳|plan:【夕食グレードアップ】ちょっとリッチに山形牛すきやきを堪能★源泉掛け流しの温泉でリフレッシュ♪|meal:meal_included|occ:2a0c1r|los:1|text:【夕食グレードアップ】ちょっとリッチに山形牛すきやきを堪能★源泉掛け流しの温泉でリフレッシュ♪|2|0|1|1|core_competitor_obs_20260819_165002,a5cc62ce026cda0657fe6004f166160d3d8df821e838a91693b917e5b2de9e53,yoshidaya,吉田屋,jalan,2026-09-01,2026-08-19T17:04:43+09:00,room:和室13畳|plan:【夕食グレードアップ】ちょっとリッチに山形牛すきやきを堪能★源泉掛け流しの温泉でリフレッシュ♪|meal:meal_included|occ:2a0c1r|los:1,和室13畳,text:【夕食グレードアップ】ちょっとリッチに山形牛すきやきを堪能★源泉掛け流しの温泉でリフレッシュ♪,【夕食グレードアップ】ちょっとリッチに山形牛すきやきを堪能★源泉掛け流しの温泉でリフレッシュ♪,2,0,1,1,JPY,35200,AVAILABLE,1,PUBLIC_SCARCITY_COUNT,PRODUCT,HIGH,3b168a8a72cb2a23b1ec2c86b05ace2d593ab6bd6dae07168e49ce4647a826c6,core_competitor_obs_20260819_165002
jalan|yoshidaya|2026-09-01|room:和室12.5畳|plan:【夕食グレードアップ】ちょっとリッチに山形牛すきやきを堪能★源泉掛け流しの温泉でリフレッシュ♪|meal:meal_included|occ:2a0c1r|los:1|text:【夕食グレードアップ】ちょっとリッチに山形牛すきやきを堪能★源泉掛け流しの温泉でリフレッシュ♪|2|0|1|1|core_competitor_obs_20260819_165002,ab6fe9cf277efba2d095fdabade60e3ceff5c4f39f2971d484b67d440d00cdc7,yoshidaya,吉田屋,jalan,2026-09-01,2026-08-19T17:04:43+09:00,room:和室12.5畳|plan:【夕食グレードアップ】ちょっとリッチに山形牛すきやきを堪能★源泉掛け流しの温泉でリフレッシュ♪|meal:meal_included|occ:2a0c1r|los:1,和室12.5畳,text:【夕食グレードアップ】ちょっとリッチに山形牛すきやきを堪能★源泉掛け流しの温泉でリフレッシュ♪,【夕食グレードアップ】ちょっとリッチに山形牛すきやきを堪能★源泉掛け流しの温泉でリフレッシュ♪,2,0,1,1,JPY,33000,AVAILABLE,2,PUBLIC_SCARCITY_COUNT,PRODUCT,HIGH,3a1f4923d87ec79b8e251ed61f8ba5818fa4ed137c1f02e4d39fb159027e2e34,core_competitor_obs_20260819_165002
jalan|yoshidaya|2026-09-01|room:和室8畳|plan:【夕食グレードアップ】ちょっとリッチに山形牛すきやきを堪能★源泉掛け流しの温泉でリフレッシュ♪|meal:meal_included|occ:2a0c1r|los:1|text:【夕食グレードアップ】ちょっとリッチに山形牛すきやきを堪能★源泉掛け流しの温泉でリフレッシュ♪|2|0|1|1|core_competitor_obs_20260819_165002,16ca57fd686d01562e111ab5285cc5291ae396d3cb6242a9d3836a61b256730e,yoshidaya,吉田屋,jalan,2026-09-01,2026-08-19T17:04:43+09:00,room:和室8畳|plan:【夕食グレードアップ】ちょっとリッチに山形牛すきやきを堪能★源泉掛け流しの温泉でリフレッシュ♪|meal:meal_included|occ:2a0c1r|los:1,和室8畳,text:【夕食グレードアップ】ちょっとリッチに山形牛すきやきを堪能★源泉掛け流しの温泉でリフレッシュ♪,【夕食グレードアップ】ちょっとリッチに山形牛すきやきを堪能★源泉掛け流しの温泉でリフレッシュ♪,2,0,1,1,JPY,30800,AVAILABLE,3,PUBLIC_SCARCITY_COUNT,PRODUCT,HIGH,13455184c65dcc64f44abed2b3a417eeb0284fc37744af4d1c612a28a16157a7,core_competitor_obs_20260819_165002
jalan|yoshidaya|2026-09-01|room:和室6畳|plan:【夕食グレードアップ】ちょっとリッチに山形牛すきやきを堪能★源泉掛け流しの温泉でリフレッシュ♪|meal:meal_included|occ:2a0c1r|los:1|text:【夕食グレードアップ】ちょっとリッチに山形牛すきやきを堪能★源泉掛け流しの温泉でリフレッシュ♪|2|0|1|1|core_competitor_obs_20260819_165002,d49af8c7e22bed79ef41d29aba134bcd36617766c229b7e24fc85cda3ab0ef25,yoshidaya,吉田屋,jalan,2026-09-01,2026-08-19T17:04:43+09:00,room:和室6畳|plan:【夕食グレードアップ】ちょっとリッチに山形牛すきやきを堪能★源泉掛け流しの温泉でリフレッシュ♪|meal:meal_included|occ:2a0c1r|los:1,和室6畳,text:【夕食グレードアップ】ちょっとリッチに山形牛すきやきを堪能★源泉掛け流しの温泉でリフレッシュ♪,【夕食グレードアップ】ちょっとリッチに山形牛すきやきを堪能★源泉掛け流しの温泉でリフレッシュ♪,2,0,1,1,JPY,28600,AVAILABLE,,UNKNOWN,PRODUCT,MEDIUM,9320a652207fddf627fbffbbd8af7f24df99e3c82293b4d2a7a5c1fa8f6f57be,core_competitor_obs_20260819_165002
jalan|yoshidaya|2026-09-01|room:和室13畳|plan:【朝食付プラン】蔵王温泉を心ゆくまで堪能!湯めぐり無料特典付き♪お食事は温泉街へgo!|meal:meal_included|occ:2a0c1r|los:1|text:【朝食付プラン】蔵王温泉を心ゆくまで堪能!湯めぐり無料特典付き♪お食事は温泉街へgo!|2|0|1|1|core_competitor_obs_20260819_165002,c9561a530527b48ee3c68cd88bdd45c64e6e7412ed26fe3f001bc504fda30bfa,yoshidaya,吉田屋,jalan,2026-09-01,2026-08-19T17:04:43+09:00,room:和室13畳|plan:【朝食付プラン】蔵王温泉を心ゆくまで堪能!湯めぐり無料特典付き♪お食事は温泉街へgo!|meal:meal_included|occ:2a0c1r|los:1,和室13畳,text:【朝食付プラン】蔵王温泉を心ゆくまで堪能!湯めぐり無料特典付き♪お食事は温泉街へgo!,【朝食付プラン】蔵王温泉を心ゆくまで堪能!湯めぐり無料特典付き♪お食事は温泉街へGO!,2,0,1,1,JPY,24200,AVAILABLE,1,PUBLIC_SCARCITY_COUNT,PRODUCT,HIGH,47fb66c570fc47bb0e32e9637d2a76e7cf800ce2be413b13deaf469c35c9aaef,core_competitor_obs_20260819_165002
jalan|yoshidaya|2026-09-01|room:和室12.5畳|plan:【朝食付プラン】蔵王温泉を心ゆくまで堪能!湯めぐり無料特典付き♪お食事は温泉街へgo!|meal:meal_included|occ:2a0c1r|los:1|text:【朝食付プラン】蔵王温泉を心ゆくまで堪能!湯めぐり無料特典付き♪お食事は温泉街へgo!|2|0|1|1|core_competitor_obs_20260819_165002,f2c1e1a3c53bfa5d885fe9fefef19dc3e180e480406410fc624ea8d3b77e9f60,yoshidaya,吉田屋,jalan,2026-09-01,2026-08-19T17:04:43+09:00,room:和室12.5畳|plan:【朝食付プラン】蔵王温泉を心ゆくまで堪能!湯めぐり無料特典付き♪お食事は温泉街へgo!|meal:meal_included|occ:2a0c1r|los:1,和室12.5畳,text:【朝食付プラン】蔵王温泉を心ゆくまで堪能!湯めぐり無料特典付き♪お食事は温泉街へgo!,【朝食付プラン】蔵王温泉を心ゆくまで堪能!湯めぐり無料特典付き♪お食事は温泉街へGO!,2,0,1,1,JPY,22000,AVAILABLE,2,PUBLIC_SCARCITY_COUNT,PRODUCT,HIGH,82b436d8a88afcfc131db26e909b90c13ff045ec2a0feaee22e83064a8d0cc50,core_competitor_obs_20260819_165002
jalan|yoshidaya|2026-09-01|room:和室8畳|plan:【朝食付プラン】蔵王温泉を心ゆくまで堪能!湯めぐり無料特典付き♪お食事は温泉街へgo!|meal:meal_included|occ:2a0c1r|los:1|text:【朝食付プラン】蔵王温泉を心ゆくまで堪能!湯めぐり無料特典付き♪お食事は温泉街へgo!|2|0|1|1|core_competitor_obs_20260819_165002,5b9606f5e2b2f86b48a31504a0089a59f43bb4399140d27afb5d32ddbb191015,yoshidaya,吉田屋,jalan,2026-09-01,2026-08-19T17:04:43+09:00,room:和室8畳|plan:【朝食付プラン】蔵王温泉を心ゆくまで堪能!湯めぐり無料特典付き♪お食事は温泉街へgo!|meal:meal_included|occ:2a0c1r|los:1,和室8畳,text:【朝食付プラン】蔵王温泉を心ゆくまで堪能!湯めぐり無料特典付き♪お食事は温泉街へgo!,【朝食付プラン】蔵王温泉を心ゆくまで堪能!湯めぐり無料特典付き♪お食事は温泉街へGO!,2,0,1,1,JPY,19800,AVAILABLE,3,PUBLIC_SCARCITY_COUNT,PRODUCT,HIGH,0eac5ac647e7d027dea1d8f55c4b02d656e4703e1f4595cbbf6c225d54068edb,core_competitor_obs_20260819_165002
jalan|yoshidaya|2026-09-01|room:和室6畳|plan:【朝食付プラン】蔵王温泉を心ゆくまで堪能!湯めぐり無料特典付き♪お食事は温泉街へgo!|meal:meal_included|occ:2a0c1r|los:1|text:【朝食付プラン】蔵王温泉を心ゆくまで堪能!湯めぐり無料特典付き♪お食事は温泉街へgo!|2|0|1|1|core_competitor_obs_20260819_165002,b794fd6a9c600b96074311a41a124c9f8fed53d82df8fabdac5e0ec45c9d7956,yoshidaya,吉田屋,jalan,2026-09-01,2026-08-19T17:04:43+09:00,room:和室6畳|plan:【朝食付プラン】蔵王温泉を心ゆくまで堪能!湯めぐり無料特典付き♪お食事は温泉街へgo!|meal:meal_included|occ:2a0c1r|los:1,和室6畳,text:【朝食付プラン】蔵王温泉を心ゆくまで堪能!湯めぐり無料特典付き♪お食事は温泉街へgo!,【朝食付プラン】蔵王温泉を心ゆくまで堪能!湯めぐり無料特典付き♪お食事は温泉街へGO!,2,0,1,1,JPY,17600,AVAILABLE,,UNKNOWN,PRODUCT,MEDIUM,a028a7553408d51ee1e199637d714b9cd1726572b7af6ab12311939e3ebe7908,core_competitor_obs_20260819_165002
jalan|yoshidaya|2026-09-01|room:和室13畳|plan:【じゃらん限定】ポイント10%!温泉と郷土料理に癒される♪吉田屋旅館の選べるお料理♪♪連泊にもおすすめ|meal:meal_included|occ:2a0c1r|los:1|text:【じゃらん限定】ポイント10%!温泉と郷土料理に癒される♪吉田屋旅館の選べるお料理♪♪連泊にもおすすめ|2|0|1|1|core_competitor_obs_20260819_165002,f049e2c38dd2452b9d64d3bf03516eb0c2c320237788c5fe228da35a1f2d924b,yoshidaya,吉田屋,jalan,2026-09-01,2026-08-19T17:04:43+09:00,room:和室13畳|plan:【じゃらん限定】ポイント10%!温泉と郷土料理に癒される♪吉田屋旅館の選べるお料理♪♪連泊にもおすすめ|meal:meal_included|occ:2a0c1r|los:1,和室13畳,text:【じゃらん限定】ポイント10%!温泉と郷土料理に癒される♪吉田屋旅館の選べるお料理♪♪連泊にもおすすめ,【じゃらん限定】ポイント10%!温泉と郷土料理に癒される♪吉田屋旅館の選べるお料理♪♪連泊にもおすすめ,2,0,1,1,JPY,30030,AVAILABLE,1,PUBLIC_SCARCITY_COUNT,PRODUCT,HIGH,081c0c5c9fddc694e6e896f0a4b6c54722686e8a284dc56e678599d34a656200,core_competitor_obs_20260819_165002
jalan|yoshidaya|2026-09-01|room:和室12.5畳|plan:【じゃらん限定】ポイント10%!温泉と郷土料理に癒される♪吉田屋旅館の選べるお料理♪♪連泊にもおすすめ|meal:meal_included|occ:2a0c1r|los:1|text:【じゃらん限定】ポイント10%!温泉と郷土料理に癒される♪吉田屋旅館の選べるお料理♪♪連泊にもおすすめ|2|0|1|1|core_competitor_obs_20260819_165002,09d2cb571fb5ae1f5cb1e174caa8c44d4f2614716b55f88bf5c2c99c0a90dbec,yoshidaya,吉田屋,jalan,2026-09-01,2026-08-19T17:04:43+09:00,room:和室12.5畳|plan:【じゃらん限定】ポイント10%!温泉と郷土料理に癒される♪吉田屋旅館の選べるお料理♪♪連泊にもおすすめ|meal:meal_included|occ:2a0c1r|los:1,和室12.5畳,text:【じゃらん限定】ポイント10%!温泉と郷土料理に癒される♪吉田屋旅館の選べるお料理♪♪連泊にもおすすめ,【じゃらん限定】ポイント10%!温泉と郷土料理に癒される♪吉田屋旅館の選べるお料理♪♪連泊にもおすすめ,2,0,1,1,JPY,27720,AVAILABLE,2,PUBLIC_SCARCITY_COUNT,PRODUCT,HIGH,43c7a3be8f56f039d3982102eafaf03e2f6f54912a8b9afeef833d1ea821dd06,core_competitor_obs_20260819_165002
jalan|yoshidaya|2026-09-01|room:和室8畳|plan:【じゃらん限定】ポイント10%!温泉と郷土料理に癒される♪吉田屋旅館の選べるお料理♪♪連泊にもおすすめ|meal:meal_included|occ:2a0c1r|los:1|text:【じゃらん限定】ポイント10%!温泉と郷土料理に癒される♪吉田屋旅館の選べるお料理♪♪連泊にもおすすめ|2|0|1|1|core_competitor_obs_20260819_165002,a5a48f26004425387a671368213e808bbc9f82bcf5d8145010447d8b1b05b14c,yoshidaya,吉田屋,jalan,2026-09-01,2026-08-19T17:04:43+09:00,room:和室8畳|plan:【じゃらん限定】ポイント10%!温泉と郷土料理に癒される♪吉田屋旅館の選べるお料理♪♪連泊にもおすすめ|meal:meal_included|occ:2a0c1r|los:1,和室8畳,text:【じゃらん限定】ポイント10%!温泉と郷土料理に癒される♪吉田屋旅館の選べるお料理♪♪連泊にもおすすめ,【じゃらん限定】ポイント10%!温泉と郷土料理に癒される♪吉田屋旅館の選べるお料理♪♪連泊にもおすすめ,2,0,1,1,JPY,25410,AVAILABLE,3,PUBLIC_SCARCITY_COUNT,PRODUCT,HIGH,a931b039435157a11829227ad51a256ab61f3f4ae73d481f94ee93cfbb279bbe,core_competitor_obs_20260819_165002
jalan|yoshidaya|2026-09-01|room:和室6畳|plan:【じゃらん限定】ポイント10%!温泉と郷土料理に癒される♪吉田屋旅館の選べるお料理♪♪連泊にもおすすめ|meal:meal_included|occ:2a0c1r|los:1|text:【じゃらん限定】ポイント10%!温泉と郷土料理に癒される♪吉田屋旅館の選べるお料理♪♪連泊にもおすすめ|2|0|1|1|core_competitor_obs_20260819_165002,ee76a61e48371ea4ab9040d6be5a192a96d856e14842af5341aeaada8a697c0c,yoshidaya,吉田屋,jalan,2026-09-01,2026-08-19T17:04:43+09:00,room:和室6畳|plan:【じゃらん限定】ポイント10%!温泉と郷土料理に癒される♪吉田屋旅館の選べるお料理♪♪連泊にもおすすめ|meal:meal_included|occ:2a0c1r|los:1,和室6畳,text:【じゃらん限定】ポイント10%!温泉と郷土料理に癒される♪吉田屋旅館の選べるお料理♪♪連泊にもおすすめ,【じゃらん限定】ポイント10%!温泉と郷土料理に癒される♪吉田屋旅館の選べるお料理♪♪連泊にもおすすめ,2,0,1,1,JPY,23100,AVAILABLE,,UNKNOWN,PRODUCT,MEDIUM,b56bdb399f7a87f170ba340224362a5c149925321b3cf725d40b2faa303d33de,core_competitor_obs_20260819_165002
jalan|yoshidaya|2026-09-01|room:和室13畳|plan:【1泊2食付★基本プラン】温泉と郷土料理に癒される♪吉田屋旅館の選べるお料理♪♪連泊にもおすすめ◎|meal:meal_included|occ:2a0c1r|los:1|text:【1泊2食付★基本プラン】温泉と郷土料理に癒される♪吉田屋旅館の選べるお料理♪♪連泊にもおすすめ◎|2|0|1|1|core_competitor_obs_20260819_165002,69345afa19ec80ec100362583c74cddbee2f45b285ee562702b74571fd091eed,yoshidaya,吉田屋,jalan,2026-09-01,2026-08-19T17:04:43+09:00,room:和室13畳|plan:【1泊2食付★基本プラン】温泉と郷土料理に癒される♪吉田屋旅館の選べるお料理♪♪連泊にもおすすめ◎|meal:meal_included|occ:2a0c1r|los:1,和室13畳,text:【1泊2食付★基本プラン】温泉と郷土料理に癒される♪吉田屋旅館の選べるお料理♪♪連泊にもおすすめ◎,【1泊2食付★基本プラン】温泉と郷土料理に癒される♪吉田屋旅館の選べるお料理♪♪連泊にもおすすめ◎,2,0,1,1,JPY,28600,AVAILABLE,1,PUBLIC_SCARCITY_COUNT,PRODUCT,HIGH,2345d101f858c899c09a45c8876b7c0f52a9b7152c5a52610308f61d5dcde4b2,core_competitor_obs_20260819_165002
jalan|yoshidaya|2026-09-01|room:和室12.5畳|plan:【1泊2食付★基本プラン】温泉と郷土料理に癒される♪吉田屋旅館の選べるお料理♪♪連泊にもおすすめ◎|meal:meal_included|occ:2a0c1r|los:1|text:【1泊2食付★基本プラン】温泉と郷土料理に癒される♪吉田屋旅館の選べるお料理♪♪連泊にもおすすめ◎|2|0|1|1|core_competitor_obs_20260819_165002,aca08f51f31db5f46c7b717d3f50fa5726ab4b22d01a650deb27ada4b4513c09,yoshidaya,吉田屋,jalan,2026-09-01,2026-08-19T17:04:43+09:00,room:和室12.5畳|plan:【1泊2食付★基本プラン】温泉と郷土料理に癒される♪吉田屋旅館の選べるお料理♪♪連泊にもおすすめ◎|meal:meal_included|occ:2a0c1r|los:1,和室12.5畳,text:【1泊2食付★基本プラン】温泉と郷土料理に癒される♪吉田屋旅館の選べるお料理♪♪連泊にもおすすめ◎,【1泊2食付★基本プラン】温泉と郷土料理に癒される♪吉田屋旅館の選べるお料理♪♪連泊にもおすすめ◎,2,0,1,1,JPY,26400,AVAILABLE,2,PUBLIC_SCARCITY_COUNT,PRODUCT,HIGH,5b80744bc5cc55a49a5b976b5ffea9cf8aa5c93c48c0e18194fe002a75824fdd,core_competitor_obs_20260819_165002
jalan|yoshidaya|2026-09-01|room:和室8畳|plan:【1泊2食付★基本プラン】温泉と郷土料理に癒される♪吉田屋旅館の選べるお料理♪♪連泊にもおすすめ◎|meal:meal_included|occ:2a0c1r|los:1|text:【1泊2食付★基本プラン】温泉と郷土料理に癒される♪吉田屋旅館の選べるお料理♪♪連泊にもおすすめ◎|2|0|1|1|core_competitor_obs_20260819_165002,4947fbae39cdc5987c7c1d346d517309987be4822eb61c9dd016e68a38294a7f,yoshidaya,吉田屋,jalan,2026-09-01,2026-08-19T17:04:43+09:00,room:和室8畳|plan:【1泊2食付★基本プラン】温泉と郷土料理に癒される♪吉田屋旅館の選べるお料理♪♪連泊にもおすすめ◎|meal:meal_included|occ:2a0c1r|los:1,和室8畳,text:【1泊2食付★基本プラン】温泉と郷土料理に癒される♪吉田屋旅館の選べるお料理♪♪連泊にもおすすめ◎,【1泊2食付★基本プラン】温泉と郷土料理に癒される♪吉田屋旅館の選べるお料理♪♪連泊にもおすすめ◎,2,0,1,1,JPY,24200,AVAILABLE,3,PUBLIC_SCARCITY_COUNT,PRODUCT,HIGH,513c28e5db1ce604ce901e4b06e7b5ba03bfb405dbe5ab4806830828949eb8af,core_competitor_obs_20260819_165002
jalan|yoshidaya|2026-09-01|room:和室6畳|plan:【1泊2食付★基本プラン】温泉と郷土料理に癒される♪吉田屋旅館の選べるお料理♪♪連泊にもおすすめ◎|meal:meal_included|occ:2a0c1r|los:1|text:【1泊2食付★基本プラン】温泉と郷土料理に癒される♪吉田屋旅館の選べるお料理♪♪連泊にもおすすめ◎|2|0|1|1|core_competitor_obs_20260819_165002,af3b91bf60fb1bd57a94aa2e600b87db66ff9a861f6d97d3c067cd1709a389c7,yoshidaya,吉田屋,jalan,2026-09-01,2026-08-19T17:04:43+09:00,room:和室6畳|plan:【1泊2食付★基本プラン】温泉と郷土料理に癒される♪吉田屋旅館の選べるお料理♪♪連泊にもおすすめ◎|meal:meal_included|occ:2a0c1r|los:1,和室6畳,text:【1泊2食付★基本プラン】温泉と郷土料理に癒される♪吉田屋旅館の選べるお料理♪♪連泊にもおすすめ◎,【1泊2食付★基本プラン】温泉と郷土料理に癒される♪吉田屋旅館の選べるお料理♪♪連泊にもおすすめ◎,2,0,1,1,JPY,22000,AVAILABLE,,UNKNOWN,PRODUCT,MEDIUM,023309423f5e986eafc0726cfd933e5db7a8f3bad2f6b76cebd323a8d8311d2f,core_competitor_obs_20260819_165002
jalan|yoshidaya|2026-09-01|room:和室13畳|plan:【素泊まりプラン】蔵王温泉を心ゆくまで堪能!湯めぐり無料特典付き♪お食事は温泉街へgo!|meal:confirmed_room_only|occ:2a0c1r|los:1|text:【素泊まりプラン】蔵王温泉を心ゆくまで堪能!湯めぐり無料特典付き♪お食事は温泉街へgo!|2|0|1|1|core_competitor_obs_20260819_165002,888ee4ee6bba4c84e46969beaf181edaaa8a4be1996ca88c0d26ffd9942f760f,yoshidaya,吉田屋,jalan,2026-09-01,2026-08-19T17:04:43+09:00,room:和室13畳|plan:【素泊まりプラン】蔵王温泉を心ゆくまで堪能!湯めぐり無料特典付き♪お食事は温泉街へgo!|meal:confirmed_room_only|occ:2a0c1r|los:1,和室13畳,text:【素泊まりプラン】蔵王温泉を心ゆくまで堪能!湯めぐり無料特典付き♪お食事は温泉街へgo!,【素泊まりプラン】蔵王温泉を心ゆくまで堪能!湯めぐり無料特典付き♪お食事は温泉街へGO!,2,0,1,1,JPY,23100,AVAILABLE,1,PUBLIC_SCARCITY_COUNT,PRODUCT,HIGH,50b1a961b9b48cfc82d03bda1455a2620067241ec2f6171a2a945e446e6d8244,core_competitor_obs_20260819_165002
jalan|yoshidaya|2026-09-01|room:和室12.5畳|plan:【素泊まりプラン】蔵王温泉を心ゆくまで堪能!湯めぐり無料特典付き♪お食事は温泉街へgo!|meal:confirmed_room_only|occ:2a0c1r|los:1|text:【素泊まりプラン】蔵王温泉を心ゆくまで堪能!湯めぐり無料特典付き♪お食事は温泉街へgo!|2|0|1|1|core_competitor_obs_20260819_165002,bcd2ee07050025bf02892953bd3fc6cd2c245d87c517406da050d896f89fbfb7,yoshidaya,吉田屋,jalan,2026-09-01,2026-08-19T17:04:43+09:00,room:和室12.5畳|plan:【素泊まりプラン】蔵王温泉を心ゆくまで堪能!湯めぐり無料特典付き♪お食事は温泉街へgo!|meal:confirmed_room_only|occ:2a0c1r|los:1,和室12.5畳,text:【素泊まりプラン】蔵王温泉を心ゆくまで堪能!湯めぐり無料特典付き♪お食事は温泉街へgo!,【素泊まりプラン】蔵王温泉を心ゆくまで堪能!湯めぐり無料特典付き♪お食事は温泉街へGO!,2,0,1,1,JPY,20900,AVAILABLE,2,PUBLIC_SCARCITY_COUNT,PRODUCT,HIGH,98624a98e7bbf1d91069e664fa74cfea5c6aeab970b944c116c8d0d8ebcee8b7,core_competitor_obs_20260819_165002
jalan|yoshidaya|2026-09-01|room:和室8畳|plan:【素泊まりプラン】蔵王温泉を心ゆくまで堪能!湯めぐり無料特典付き♪お食事は温泉街へgo!|meal:confirmed_room_only|occ:2a0c1r|los:1|text:【素泊まりプラン】蔵王温泉を心ゆくまで堪能!湯めぐり無料特典付き♪お食事は温泉街へgo!|2|0|1|1|core_competitor_obs_20260819_165002,5d566e8dcbb11eec8af62cffa1592f2433559e647b99f47916b3d0c5c0832d1f,yoshidaya,吉田屋,jalan,2026-09-01,2026-08-19T17:04:43+09:00,room:和室8畳|plan:【素泊まりプラン】蔵王温泉を心ゆくまで堪能!湯めぐり無料特典付き♪お食事は温泉街へgo!|meal:confirmed_room_only|occ:2a0c1r|los:1,和室8畳,text:【素泊まりプラン】蔵王温泉を心ゆくまで堪能!湯めぐり無料特典付き♪お食事は温泉街へgo!,【素泊まりプラン】蔵王温泉を心ゆくまで堪能!湯めぐり無料特典付き♪お食事は温泉街へGO!,2,0,1,1,JPY,18700,AVAILABLE,3,PUBLIC_SCARCITY_COUNT,PRODUCT,HIGH,0acae28bd01fd04b72802c376a86e221f5a017080d4b86828aeda7e14bdc903e,core_competitor_obs_20260819_165002
jalan|yoshidaya|2026-09-01|room:和室6畳|plan:【素泊まりプラン】蔵王温泉を心ゆくまで堪能!湯めぐり無料特典付き♪お食事は温泉街へgo!|meal:confirmed_room_only|occ:2a0c1r|los:1|text:【素泊まりプラン】蔵王温泉を心ゆくまで堪能!湯めぐり無料特典付き♪お食事は温泉街へgo!|2|0|1|1|core_competitor_obs_20260819_165002,af626b33d58acede830f3f677ebb2fa85e6a2cd6d54ffa211426a64336a05653,yoshidaya,吉田屋,jalan,2026-09-01,2026-08-19T17:04:43+09:00,room:和室6畳|plan:【素泊まりプラン】蔵王温泉を心ゆくまで堪能!湯めぐり無料特典付き♪お食事は温泉街へgo!|meal:confirmed_room_only|occ:2a0c1r|los:1,和室6畳,text:【素泊まりプラン】蔵王温泉を心ゆくまで堪能!湯めぐり無料特典付き♪お食事は温泉街へgo!,【素泊まりプラン】蔵王温泉を心ゆくまで堪能!湯めぐり無料特典付き♪お食事は温泉街へGO!,2,0,1,1,JPY,16500,AVAILABLE,,UNKNOWN,PRODUCT,MEDIUM,90122505dcd9b94b7440a79446f13714d4ac3d4e98ebe0c186232042f5a30ee1,core_competitor_obs_20260819_165002
jalan|yoshidaya|2026-09-01|room:和室13畳|plan:【学割プラン】学生旅行応援!思い出づくりのお手伝い★選べる夕食メイン+源泉掛け流し温泉|meal:meal_included|occ:2a0c1r|los:1|text:【学割プラン】学生旅行応援!思い出づくりのお手伝い★選べる夕食メイン+源泉掛け流し温泉|2|0|1|1|core_competitor_obs_20260819_165002,835241b77e5bd91e864e7f270ddfe9ac4e5f97741a0c1722eee0ea9d67104561,yoshidaya,吉田屋,jalan,2026-09-01,2026-08-19T17:04:43+09:00,room:和室13畳|plan:【学割プラン】学生旅行応援!思い出づくりのお手伝い★選べる夕食メイン+源泉掛け流し温泉|meal:meal_included|occ:2a0c1r|los:1,和室13畳,text:【学割プラン】学生旅行応援!思い出づくりのお手伝い★選べる夕食メイン+源泉掛け流し温泉,【学割プラン】学生旅行応援!思い出づくりのお手伝い★選べる夕食メイン+源泉掛け流し温泉,2,0,1,1,JPY,25300,AVAILABLE,1,PUBLIC_SCARCITY_COUNT,PRODUCT,HIGH,531274d4410aed8d110a4d85b6f47d1d2a5f4ae37a98f28e10d2d429bbb1feeb,core_competitor_obs_20260819_165002
jalan|yoshidaya|2026-09-01|room:和室12.5畳|plan:【学割プラン】学生旅行応援!思い出づくりのお手伝い★選べる夕食メイン+源泉掛け流し温泉|meal:meal_included|occ:2a0c1r|los:1|text:【学割プラン】学生旅行応援!思い出づくりのお手伝い★選べる夕食メイン+源泉掛け流し温泉|2|0|1|1|core_competitor_obs_20260819_165002,71f5037819516fad712e7905f3cd6836885d4d2ed6d4b33c7fae268b0af36b5e,yoshidaya,吉田屋,jalan,2026-09-01,2026-08-19T17:04:43+09:00,room:和室12.5畳|plan:【学割プラン】学生旅行応援!思い出づくりのお手伝い★選べる夕食メイン+源泉掛け流し温泉|meal:meal_included|occ:2a0c1r|los:1,和室12.5畳,text:【学割プラン】学生旅行応援!思い出づくりのお手伝い★選べる夕食メイン+源泉掛け流し温泉,【学割プラン】学生旅行応援!思い出づくりのお手伝い★選べる夕食メイン+源泉掛け流し温泉,2,0,1,1,JPY,23100,AVAILABLE,2,PUBLIC_SCARCITY_COUNT,PRODUCT,HIGH,9a48c258668af2016e38792b2d0520209bdd6895b90c1c85739a1eef7ec33340,core_competitor_obs_20260819_165002
jalan|yoshidaya|2026-09-01|room:和室8畳|plan:【学割プラン】学生旅行応援!思い出づくりのお手伝い★選べる夕食メイン+源泉掛け流し温泉|meal:meal_included|occ:2a0c1r|los:1|text:【学割プラン】学生旅行応援!思い出づくりのお手伝い★選べる夕食メイン+源泉掛け流し温泉|2|0|1|1|core_competitor_obs_20260819_165002,703d3935384822fdbf542c7e7716b68b1d9b0b1ea3cc1e6d1e3224b3b16643c2,yoshidaya,吉田屋,jalan,2026-09-01,2026-08-19T17:04:43+09:00,room:和室8畳|plan:【学割プラン】学生旅行応援!思い出づくりのお手伝い★選べる夕食メイン+源泉掛け流し温泉|meal:meal_included|occ:2a0c1r|los:1,和室8畳,text:【学割プラン】学生旅行応援!思い出づくりのお手伝い★選べる夕食メイン+源泉掛け流し温泉,【学割プラン】学生旅行応援!思い出づくりのお手伝い★選べる夕食メイン+源泉掛け流し温泉,2,0,1,1,JPY,20900,AVAILABLE,3,PUBLIC_SCARCITY_COUNT,PRODUCT,HIGH,d8baee5c004c6f6c76bd583d2e2b198605e212b8bf3d75d2fbd2e97ba2fb2868,core_competitor_obs_20260819_165002
jalan|yoshidaya|2026-09-01|room:和室6畳|plan:【学割プラン】学生旅行応援!思い出づくりのお手伝い★選べる夕食メイン+源泉掛け流し温泉|meal:meal_included|occ:2a0c1r|los:1|text:【学割プラン】学生旅行応援!思い出づくりのお手伝い★選べる夕食メイン+源泉掛け流し温泉|2|0|1|1|core_competitor_obs_20260819_165002,20e775d73fa609902841bec0965a3322ea8998793a44bd8bd0e9893369c7f937,yoshidaya,吉田屋,jalan,2026-09-01,2026-08-19T17:04:43+09:00,room:和室6畳|plan:【学割プラン】学生旅行応援!思い出づくりのお手伝い★選べる夕食メイン+源泉掛け流し温泉|meal:meal_included|occ:2a0c1r|los:1,和室6畳,text:【学割プラン】学生旅行応援!思い出づくりのお手伝い★選べる夕食メイン+源泉掛け流し温泉,【学割プラン】学生旅行応援!思い出づくりのお手伝い★選べる夕食メイン+源泉掛け流し温泉,2,0,1,1,JPY,18700,AVAILABLE,,UNKNOWN,PRODUCT,MEDIUM,9d3b27c3593ac97e7ad6e4e93ec524eae926f20330c761c70c50611e0f5ecf78,core_competitor_obs_20260819_165002
"jalan|yoshidaya|2026-09-01|room:和室13畳|plan:【蔵王を遊びつくそう】50種以上から選べるアクティビティクーポン2,000円分付き!選べるお料理♪|meal:meal_included|occ:2a0c1r|los:1|text:【蔵王を遊びつくそう】50種以上から選べるアクティビティクーポン2,000円分付き!選べるお料理♪|2|0|1|1|core_competitor_obs_20260819_165002",1923e91169b70d9b8c57e7027f151d85a5fd6115608b73d961cf58aa8f7143b1,yoshidaya,吉田屋,jalan,2026-09-01,2026-08-19T17:04:43+09:00,"room:和室13畳|plan:【蔵王を遊びつくそう】50種以上から選べるアクティビティクーポン2,000円分付き!選べるお料理♪|meal:meal_included|occ:2a0c1r|los:1",和室13畳,"text:【蔵王を遊びつくそう】50種以上から選べるアクティビティクーポン2,000円分付き!選べるお料理♪","【蔵王を遊びつくそう】50種以上から選べるアクティビティクーポン2,000円分付き!選べるお料理♪",2,0,1,1,JPY,31900,AVAILABLE,1,PUBLIC_SCARCITY_COUNT,PRODUCT,HIGH,2ced1a0f6f1b8e76c4dc2df176888fa9af8ad5f635bdd9cfc59d485bded4d357,core_competitor_obs_20260819_165002
"jalan|yoshidaya|2026-09-01|room:和室12.5畳|plan:【蔵王を遊びつくそう】50種以上から選べるアクティビティクーポン2,000円分付き!選べるお料理♪|meal:meal_included|occ:2a0c1r|los:1|text:【蔵王を遊びつくそう】50種以上から選べるアクティビティクーポン2,000円分付き!選べるお料理♪|2|0|1|1|core_competitor_obs_20260819_165002",aba54cbbd5d78112beb063beb380e3f229dbe0dc2b6577fdefb9d97d42093a6c,yoshidaya,吉田屋,jalan,2026-09-01,2026-08-19T17:04:43+09:00,"room:和室12.5畳|plan:【蔵王を遊びつくそう】50種以上から選べるアクティビティクーポン2,000円分付き!選べるお料理♪|meal:meal_included|occ:2a0c1r|los:1",和室12.5畳,"text:【蔵王を遊びつくそう】50種以上から選べるアクティビティクーポン2,000円分付き!選べるお料理♪","【蔵王を遊びつくそう】50種以上から選べるアクティビティクーポン2,000円分付き!選べるお料理♪",2,0,1,1,JPY,29700,AVAILABLE,2,PUBLIC_SCARCITY_COUNT,PRODUCT,HIGH,fe6e88708252674d70bb0f775499fe29ab2054bb2c8d268abcbf5a45877bce06,core_competitor_obs_20260819_165002
"jalan|yoshidaya|2026-09-01|room:和室8畳|plan:【蔵王を遊びつくそう】50種以上から選べるアクティビティクーポン2,000円分付き!選べるお料理♪|meal:meal_included|occ:2a0c1r|los:1|text:【蔵王を遊びつくそう】50種以上から選べるアクティビティクーポン2,000円分付き!選べるお料理♪|2|0|1|1|core_competitor_obs_20260819_165002",50486ef77e5ab87e9609cc3f02abcb673c1cdde0c70042c47c0ff0ff11a69107,yoshidaya,吉田屋,jalan,2026-09-01,2026-08-19T17:04:43+09:00,"room:和室8畳|plan:【蔵王を遊びつくそう】50種以上から選べるアクティビティクーポン2,000円分付き!選べるお料理♪|meal:meal_included|occ:2a0c1r|los:1",和室8畳,"text:【蔵王を遊びつくそう】50種以上から選べるアクティビティクーポン2,000円分付き!選べるお料理♪","【蔵王を遊びつくそう】50種以上から選べるアクティビティクーポン2,000円分付き!選べるお料理♪",2,0,1,1,JPY,27500,AVAILABLE,3,PUBLIC_SCARCITY_COUNT,PRODUCT,HIGH,f93c25bbcbe1b83f0b658c2b6678376f7e945f6a6eb37594fb093feca50bdf5b,core_competitor_obs_20260819_165002
"jalan|yoshidaya|2026-09-01|room:和室6畳|plan:【蔵王を遊びつくそう】50種以上から選べるアクティビティクーポン2,000円分付き!選べるお料理♪|meal:meal_included|occ:2a0c1r|los:1|text:【蔵王を遊びつくそう】50種以上から選べるアクティビティクーポン2,000円分付き!選べるお料理♪|2|0|1|1|core_competitor_obs_20260819_165002",88524da362696e9fe73d412f58a55670054a4452baf2db27c04361913d63325a,yoshidaya,吉田屋,jalan,2026-09-01,2026-08-19T17:04:43+09:00,"room:和室6畳|plan:【蔵王を遊びつくそう】50種以上から選べるアクティビティクーポン2,000円分付き!選べるお料理♪|meal:meal_included|occ:2a0c1r|los:1",和室6畳,"text:【蔵王を遊びつくそう】50種以上から選べるアクティビティクーポン2,000円分付き!選べるお料理♪","【蔵王を遊びつくそう】50種以上から選べるアクティビティクーポン2,000円分付き!選べるお料理♪",2,0,1,1,JPY,25300,AVAILABLE,,UNKNOWN,PRODUCT,MEDIUM,3298271096fed41c4d92c34416c5b7b057e9001cf57406dd5b9e2ac23d6f77ec,core_competitor_obs_20260819_165002
jalan|yoshidaya|2026-09-02|room:和室13畳|plan:【シニア割プラン】50歳以上限定!大人の贅沢なひととき♪源泉掛け流しの温泉でリフレッシュ♪|meal:meal_included|occ:2a0c1r|los:1|text:【シニア割プラン】50歳以上限定!大人の贅沢なひととき♪源泉掛け流しの温泉でリフレッシュ♪|2|0|1|1|core_competitor_obs_20260819_165002,ccc995a25db287c6c8aeaef6e8ab39a26bf339611d69b079bbf149f6665aef50,yoshidaya,吉田屋,jalan,2026-09-02,2026-08-19T17:04:54+09:00,room:和室13畳|plan:【シニア割プラン】50歳以上限定!大人の贅沢なひととき♪源泉掛け流しの温泉でリフレッシュ♪|meal:meal_included|occ:2a0c1r|los:1,和室13畳,text:【シニア割プラン】50歳以上限定!大人の贅沢なひととき♪源泉掛け流しの温泉でリフレッシュ♪,【シニア割プラン】50歳以上限定!大人の贅沢なひととき♪源泉掛け流しの温泉でリフレッシュ♪,2,0,1,1,JPY,25300,AVAILABLE,1,PUBLIC_SCARCITY_COUNT,PRODUCT,HIGH,531274d4410aed8d110a4d85b6f47d1d2a5f4ae37a98f28e10d2d429bbb1feeb,core_competitor_obs_20260819_165002
jalan|yoshidaya|2026-09-02|room:和室8畳|plan:【シニア割プラン】50歳以上限定!大人の贅沢なひととき♪源泉掛け流しの温泉でリフレッシュ♪|meal:meal_included|occ:2a0c1r|los:1|text:【シニア割プラン】50歳以上限定!大人の贅沢なひととき♪源泉掛け流しの温泉でリフレッシュ♪|2|0|1|1|core_competitor_obs_20260819_165002,17a95d4f4b1235dd2363569ca091485dff6d84b992904c02eb01056bde9f220b,yoshidaya,吉田屋,jalan,2026-09-02,2026-08-19T17:04:54+09:00,room:和室8畳|plan:【シニア割プラン】50歳以上限定!大人の贅沢なひととき♪源泉掛け流しの温泉でリフレッシュ♪|meal:meal_included|occ:2a0c1r|los:1,和室8畳,text:【シニア割プラン】50歳以上限定!大人の贅沢なひととき♪源泉掛け流しの温泉でリフレッシュ♪,【シニア割プラン】50歳以上限定!大人の贅沢なひととき♪源泉掛け流しの温泉でリフレッシュ♪,2,0,1,1,JPY,20900,AVAILABLE,3,PUBLIC_SCARCITY_COUNT,PRODUCT,HIGH,d8baee5c004c6f6c76bd583d2e2b198605e212b8bf3d75d2fbd2e97ba2fb2868,core_competitor_obs_20260819_165002
jalan|yoshidaya|2026-09-02|room:和室6畳|plan:【シニア割プラン】50歳以上限定!大人の贅沢なひととき♪源泉掛け流しの温泉でリフレッシュ♪|meal:meal_included|occ:2a0c1r|los:1|text:【シニア割プラン】50歳以上限定!大人の贅沢なひととき♪源泉掛け流しの温泉でリフレッシュ♪|2|0|1|1|core_competitor_obs_20260819_165002,acff6cf47c102b8f571f362067eb4332dcadf7ec0be3b11a974c3cd3d72d119d,yoshidaya,吉田屋,jalan,2026-09-02,2026-08-19T17:04:54+09:00,room:和室6畳|plan:【シニア割プラン】50歳以上限定!大人の贅沢なひととき♪源泉掛け流しの温泉でリフレッシュ♪|meal:meal_included|occ:2a0c1r|los:1,和室6畳,text:【シニア割プラン】50歳以上限定!大人の贅沢なひととき♪源泉掛け流しの温泉でリフレッシュ♪,【シニア割プラン】50歳以上限定!大人の贅沢なひととき♪源泉掛け流しの温泉でリフレッシュ♪,2,0,1,1,JPY,18700,AVAILABLE,,UNKNOWN,PRODUCT,MEDIUM,9d3b27c3593ac97e7ad6e4e93ec524eae926f20330c761c70c50611e0f5ecf78,core_competitor_obs_20260819_165002
jalan|yoshidaya|2026-09-02|room:和室13畳|plan:【じゃらんのお得な10日間】10%off!~基本プラン~温泉と郷土料理に癒される♪連泊にもおすすめ◎|meal:meal_included|occ:2a0c1r|los:1|text:【じゃらんのお得な10日間】10%off!~基本プラン~温泉と郷土料理に癒される♪連泊にもおすすめ◎|2|0|1|1|core_competitor_obs_20260819_165002,304406d08e82fdd5fbd26041f73e6d92272e73b9116b2ac842528f1107a374d3,yoshidaya,吉田屋,jalan,2026-09-02,2026-08-19T17:04:54+09:00,room:和室13畳|plan:【じゃらんのお得な10日間】10%off!~基本プラン~温泉と郷土料理に癒される♪連泊にもおすすめ◎|meal:meal_included|occ:2a0c1r|los:1,和室13畳,text:【じゃらんのお得な10日間】10%off!~基本プラン~温泉と郷土料理に癒される♪連泊にもおすすめ◎,【じゃらんのお得な10日間】10%OFF!~基本プラン~温泉と郷土料理に癒される♪連泊にもおすすめ◎,2,0,1,1,JPY,25740,AVAILABLE,1,PUBLIC_SCARCITY_COUNT,PRODUCT,HIGH,00d36d105e9f1bb6a8f18e75f3699d5460fd15e13e4dcc75f31ded9aec9253e5,core_competitor_obs_20260819_165002
jalan|yoshidaya|2026-09-02|room:和室8畳|plan:【じゃらんのお得な10日間】10%off!~基本プラン~温泉と郷土料理に癒される♪連泊にもおすすめ◎|meal:meal_included|occ:2a0c1r|los:1|text:【じゃらんのお得な10日間】10%off!~基本プラン~温泉と郷土料理に癒される♪連泊にもおすすめ◎|2|0|1|1|core_competitor_obs_20260819_165002,22d8e877f536309392929f7ca6603e07c0e383d52364b565b88f5c6b5987975a,yoshidaya,吉田屋,jalan,2026-09-02,2026-08-19T17:04:54+09:00,room:和室8畳|plan:【じゃらんのお得な10日間】10%off!~基本プラン~温泉と郷土料理に癒される♪連泊にもおすすめ◎|meal:meal_included|occ:2a0c1r|los:1,和室8畳,text:【じゃらんのお得な10日間】10%off!~基本プラン~温泉と郷土料理に癒される♪連泊にもおすすめ◎,【じゃらんのお得な10日間】10%OFF!~基本プラン~温泉と郷土料理に癒される♪連泊にもおすすめ◎,2,0,1,1,JPY,21780,AVAILABLE,3,PUBLIC_SCARCITY_COUNT,PRODUCT,HIGH,898d124154845e82c829c4900f88ab08587937394850e4442977c786968f336c,core_competitor_obs_20260819_165002
jalan|yoshidaya|2026-09-02|room:和室6畳|plan:【じゃらんのお得な10日間】10%off!~基本プラン~温泉と郷土料理に癒される♪連泊にもおすすめ◎|meal:meal_included|occ:2a0c1r|los:1|text:【じゃらんのお得な10日間】10%off!~基本プラン~温泉と郷土料理に癒される♪連泊にもおすすめ◎|2|0|1|1|core_competitor_obs_20260819_165002,ddf22452f081458b4fc0d5b7a82ce91ec4416c4e773a0af107cd679e3620f831,yoshidaya,吉田屋,jalan,2026-09-02,2026-08-19T17:04:54+09:00,room:和室6畳|plan:【じゃらんのお得な10日間】10%off!~基本プラン~温泉と郷土料理に癒される♪連泊にもおすすめ◎|meal:meal_included|occ:2a0c1r|los:1,和室6畳,text:【じゃらんのお得な10日間】10%off!~基本プラン~温泉と郷土料理に癒される♪連泊にもおすすめ◎,【じゃらんのお得な10日間】10%OFF!~基本プラン~温泉と郷土料理に癒される♪連泊にもおすすめ◎,2,0,1,1,JPY,19800,AVAILABLE,,UNKNOWN,PRODUCT,MEDIUM,7f0caaf378c5a36950bace2dee819a4bfbb6cb365ef8001ad61804fd443b0f95,core_competitor_obs_20260819_165002
jalan|yoshidaya|2026-09-02|room:和室13畳|plan:【早割プラン】14日前までのご予約でお得にご宿泊!温泉と郷土料理に癒される♪選べるメイン料理♪|meal:meal_included|occ:2a0c1r|los:1|text:【早割プラン】14日前までのご予約でお得にご宿泊!温泉と郷土料理に癒される♪選べるメイン料理♪|2|0|1|1|core_competitor_obs_20260819_165002,205252cba6c4ec15a401e230d00e0042295a81d5cc58990ab91ab192266ba6e4,yoshidaya,吉田屋,jalan,2026-09-02,2026-08-19T17:04:54+09:00,room:和室13畳|plan:【早割プラン】14日前までのご予約でお得にご宿泊!温泉と郷土料理に癒される♪選べるメイン料理♪|meal:meal_included|occ:2a0c1r|los:1,和室13畳,text:【早割プラン】14日前までのご予約でお得にご宿泊!温泉と郷土料理に癒される♪選べるメイン料理♪,【早割プラン】14日前までのご予約でお得にご宿泊!温泉と郷土料理に癒される♪選べるメイン料理♪,2,0,1,1,JPY,26400,AVAILABLE,1,PUBLIC_SCARCITY_COUNT,PRODUCT,HIGH,f309d5eec02ea2d164c927f06a3b8ab87bad76a6a08948c3cd92863be58d5960,core_competitor_obs_20260819_165002
jalan|yoshidaya|2026-09-02|room:和室8畳|plan:【早割プラン】14日前までのご予約でお得にご宿泊!温泉と郷土料理に癒される♪選べるメイン料理♪|meal:meal_included|occ:2a0c1r|los:1|text:【早割プラン】14日前までのご予約でお得にご宿泊!温泉と郷土料理に癒される♪選べるメイン料理♪|2|0|1|1|core_competitor_obs_20260819_165002,079e50d637d001b7d16a285d31be6ad908bda9a3397e1e7b87e0abb65a37c72a,yoshidaya,吉田屋,jalan,2026-09-02,2026-08-19T17:04:54+09:00,room:和室8畳|plan:【早割プラン】14日前までのご予約でお得にご宿泊!温泉と郷土料理に癒される♪選べるメイン料理♪|meal:meal_included|occ:2a0c1r|los:1,和室8畳,text:【早割プラン】14日前までのご予約でお得にご宿泊!温泉と郷土料理に癒される♪選べるメイン料理♪,【早割プラン】14日前までのご予約でお得にご宿泊!温泉と郷土料理に癒される♪選べるメイン料理♪,2,0,1,1,JPY,22000,AVAILABLE,3,PUBLIC_SCARCITY_COUNT,PRODUCT,HIGH,bb3cbd55b2aa60fc37a364ff18da3c85c8ae337bcf862bc87325e5f1cb97b2f3,core_competitor_obs_20260819_165002
jalan|yoshidaya|2026-09-02|room:和室6畳|plan:【早割プラン】14日前までのご予約でお得にご宿泊!温泉と郷土料理に癒される♪選べるメイン料理♪|meal:meal_included|occ:2a0c1r|los:1|text:【早割プラン】14日前までのご予約でお得にご宿泊!温泉と郷土料理に癒される♪選べるメイン料理♪|2|0|1|1|core_competitor_obs_20260819_165002,67fd6a9fd5a8ee433be8e03c925cc6a9e36059ca7cd92ae7b5dea3b1522e2510,yoshidaya,吉田屋,jalan,2026-09-02,2026-08-19T17:04:54+09:00,room:和室6畳|plan:【早割プラン】14日前までのご予約でお得にご宿泊!温泉と郷土料理に癒される♪選べるメイン料理♪|meal:meal_included|occ:2a0c1r|los:1,和室6畳,text:【早割プラン】14日前までのご予約でお得にご宿泊!温泉と郷土料理に癒される♪選べるメイン料理♪,【早割プラン】14日前までのご予約でお得にご宿泊!温泉と郷土料理に癒される♪選べるメイン料理♪,2,0,1,1,JPY,19800,AVAILABLE,,UNKNOWN,PRODUCT,MEDIUM,7f0caaf378c5a36950bace2dee819a4bfbb6cb365ef8001ad61804fd443b0f95,core_competitor_obs_20260819_165002
jalan|yoshidaya|2026-09-02|room:和室13畳|plan:【夕食グレードアップ】ちょっとリッチに山形牛すきやきを堪能★源泉掛け流しの温泉でリフレッシュ♪|meal:meal_included|occ:2a0c1r|los:1|text:【夕食グレードアップ】ちょっとリッチに山形牛すきやきを堪能★源泉掛け流しの温泉でリフレッシュ♪|2|0|1|1|core_competitor_obs_20260819_165002,50e763958988b40325c98cc26c063b984ac6292d210d2f01906eebe96a2cbc98,yoshidaya,吉田屋,jalan,2026-09-02,2026-08-19T17:04:54+09:00,room:和室13畳|plan:【夕食グレードアップ】ちょっとリッチに山形牛すきやきを堪能★源泉掛け流しの温泉でリフレッシュ♪|meal:meal_included|occ:2a0c1r|los:1,和室13畳,text:【夕食グレードアップ】ちょっとリッチに山形牛すきやきを堪能★源泉掛け流しの温泉でリフレッシュ♪,【夕食グレードアップ】ちょっとリッチに山形牛すきやきを堪能★源泉掛け流しの温泉でリフレッシュ♪,2,0,1,1,JPY,35200,AVAILABLE,1,PUBLIC_SCARCITY_COUNT,PRODUCT,HIGH,3b168a8a72cb2a23b1ec2c86b05ace2d593ab6bd6dae07168e49ce4647a826c6,core_competitor_obs_20260819_165002
jalan|yoshidaya|2026-09-02|room:和室8畳|plan:【夕食グレードアップ】ちょっとリッチに山形牛すきやきを堪能★源泉掛け流しの温泉でリフレッシュ♪|meal:meal_included|occ:2a0c1r|los:1|text:【夕食グレードアップ】ちょっとリッチに山形牛すきやきを堪能★源泉掛け流しの温泉でリフレッシュ♪|2|0|1|1|core_competitor_obs_20260819_165002,3ea61b6044500d8f97d23ab555e24339e119fe1a9ef4729c225c2b2f50948382,yoshidaya,吉田屋,jalan,2026-09-02,2026-08-19T17:04:54+09:00,room:和室8畳|plan:【夕食グレードアップ】ちょっとリッチに山形牛すきやきを堪能★源泉掛け流しの温泉でリフレッシュ♪|meal:meal_included|occ:2a0c1r|los:1,和室8畳,text:【夕食グレードアップ】ちょっとリッチに山形牛すきやきを堪能★源泉掛け流しの温泉でリフレッシュ♪,【夕食グレードアップ】ちょっとリッチに山形牛すきやきを堪能★源泉掛け流しの温泉でリフレッシュ♪,2,0,1,1,JPY,30800,AVAILABLE,3,PUBLIC_SCARCITY_COUNT,PRODUCT,HIGH,13455184c65dcc64f44abed2b3a417eeb0284fc37744af4d1c612a28a16157a7,core_competitor_obs_20260819_165002
jalan|yoshidaya|2026-09-02|room:和室6畳|plan:【夕食グレードアップ】ちょっとリッチに山形牛すきやきを堪能★源泉掛け流しの温泉でリフレッシュ♪|meal:meal_included|occ:2a0c1r|los:1|text:【夕食グレードアップ】ちょっとリッチに山形牛すきやきを堪能★源泉掛け流しの温泉でリフレッシュ♪|2|0|1|1|core_competitor_obs_20260819_165002,773b9b61362e76d655679036c051d2b3a5d6dacd1c904a1503e9bfcd86f0e6c4,yoshidaya,吉田屋,jalan,2026-09-02,2026-08-19T17:04:54+09:00,room:和室6畳|plan:【夕食グレードアップ】ちょっとリッチに山形牛すきやきを堪能★源泉掛け流しの温泉でリフレッシュ♪|meal:meal_included|occ:2a0c1r|los:1,和室6畳,text:【夕食グレードアップ】ちょっとリッチに山形牛すきやきを堪能★源泉掛け流しの温泉でリフレッシュ♪,【夕食グレードアップ】ちょっとリッチに山形牛すきやきを堪能★源泉掛け流しの温泉でリフレッシュ♪,2,0,1,1,JPY,28600,AVAILABLE,,UNKNOWN,PRODUCT,MEDIUM,9320a652207fddf627fbffbbd8af7f24df99e3c82293b4d2a7a5c1fa8f6f57be,core_competitor_obs_20260819_165002
jalan|yoshidaya|2026-09-02|room:和室13畳|plan:【朝食付プラン】蔵王温泉を心ゆくまで堪能!湯めぐり無料特典付き♪お食事は温泉街へgo!|meal:meal_included|occ:2a0c1r|los:1|text:【朝食付プラン】蔵王温泉を心ゆくまで堪能!湯めぐり無料特典付き♪お食事は温泉街へgo!|2|0|1|1|core_competitor_obs_20260819_165002,06ed834587916aabb546a26599ed70411c33c8d7510c3f69719c0dba6dbb3e4a,yoshidaya,吉田屋,jalan,2026-09-02,2026-08-19T17:04:54+09:00,room:和室13畳|plan:【朝食付プラン】蔵王温泉を心ゆくまで堪能!湯めぐり無料特典付き♪お食事は温泉街へgo!|meal:meal_included|occ:2a0c1r|los:1,和室13畳,text:【朝食付プラン】蔵王温泉を心ゆくまで堪能!湯めぐり無料特典付き♪お食事は温泉街へgo!,【朝食付プラン】蔵王温泉を心ゆくまで堪能!湯めぐり無料特典付き♪お食事は温泉街へGO!,2,0,1,1,JPY,24200,AVAILABLE,1,PUBLIC_SCARCITY_COUNT,PRODUCT,HIGH,47fb66c570fc47bb0e32e9637d2a76e7cf800ce2be413b13deaf469c35c9aaef,core_competitor_obs_20260819_165002
jalan|yoshidaya|2026-09-02|room:和室8畳|plan:【朝食付プラン】蔵王温泉を心ゆくまで堪能!湯めぐり無料特典付き♪お食事は温泉街へgo!|meal:meal_included|occ:2a0c1r|los:1|text:【朝食付プラン】蔵王温泉を心ゆくまで堪能!湯めぐり無料特典付き♪お食事は温泉街へgo!|2|0|1|1|core_competitor_obs_20260819_165002,2cf27575d6da181ea2cfb596b9ffbda9274a2b940ea27dad91cbe5d89c333331,yoshidaya,吉田屋,jalan,2026-09-02,2026-08-19T17:04:54+09:00,room:和室8畳|plan:【朝食付プラン】蔵王温泉を心ゆくまで堪能!湯めぐり無料特典付き♪お食事は温泉街へgo!|meal:meal_included|occ:2a0c1r|los:1,和室8畳,text:【朝食付プラン】蔵王温泉を心ゆくまで堪能!湯めぐり無料特典付き♪お食事は温泉街へgo!,【朝食付プラン】蔵王温泉を心ゆくまで堪能!湯めぐり無料特典付き♪お食事は温泉街へGO!,2,0,1,1,JPY,19800,AVAILABLE,3,PUBLIC_SCARCITY_COUNT,PRODUCT,HIGH,0eac5ac647e7d027dea1d8f55c4b02d656e4703e1f4595cbbf6c225d54068edb,core_competitor_obs_20260819_165002
jalan|yoshidaya|2026-09-02|room:和室6畳|plan:【朝食付プラン】蔵王温泉を心ゆくまで堪能!湯めぐり無料特典付き♪お食事は温泉街へgo!|meal:meal_included|occ:2a0c1r|los:1|text:【朝食付プラン】蔵王温泉を心ゆくまで堪能!湯めぐり無料特典付き♪お食事は温泉街へgo!|2|0|1|1|core_competitor_obs_20260819_165002,80071ff2462d8a41be745b6cb60910416c9272dd1c3affc38da6241d8fcbfc1e,yoshidaya,吉田屋,jalan,2026-09-02,2026-08-19T17:04:54+09:00,room:和室6畳|plan:【朝食付プラン】蔵王温泉を心ゆくまで堪能!湯めぐり無料特典付き♪お食事は温泉街へgo!|meal:meal_included|occ:2a0c1r|los:1,和室6畳,text:【朝食付プラン】蔵王温泉を心ゆくまで堪能!湯めぐり無料特典付き♪お食事は温泉街へgo!,【朝食付プラン】蔵王温泉を心ゆくまで堪能!湯めぐり無料特典付き♪お食事は温泉街へGO!,2,0,1,1,JPY,17600,AVAILABLE,,UNKNOWN,PRODUCT,MEDIUM,a028a7553408d51ee1e199637d714b9cd1726572b7af6ab12311939e3ebe7908,core_competitor_obs_20260819_165002
jalan|yoshidaya|2026-09-02|room:和室13畳|plan:【じゃらん限定】ポイント10%!温泉と郷土料理に癒される♪吉田屋旅館の選べるお料理♪♪連泊にもおすすめ|meal:meal_included|occ:2a0c1r|los:1|text:【じゃらん限定】ポイント10%!温泉と郷土料理に癒される♪吉田屋旅館の選べるお料理♪♪連泊にもおすすめ|2|0|1|1|core_competitor_obs_20260819_165002,fce3dc7239bbd9b803a128d4f774d6d56d60f18a3c89f8e8fd9368f5b52439ae,yoshidaya,吉田屋,jalan,2026-09-02,2026-08-19T17:04:54+09:00,room:和室13畳|plan:【じゃらん限定】ポイント10%!温泉と郷土料理に癒される♪吉田屋旅館の選べるお料理♪♪連泊にもおすすめ|meal:meal_included|occ:2a0c1r|los:1,和室13畳,text:【じゃらん限定】ポイント10%!温泉と郷土料理に癒される♪吉田屋旅館の選べるお料理♪♪連泊にもおすすめ,【じゃらん限定】ポイント10%!温泉と郷土料理に癒される♪吉田屋旅館の選べるお料理♪♪連泊にもおすすめ,2,0,1,1,JPY,30030,AVAILABLE,1,PUBLIC_SCARCITY_COUNT,PRODUCT,HIGH,081c0c5c9fddc694e6e896f0a4b6c54722686e8a284dc56e678599d34a656200,core_competitor_obs_20260819_165002
jalan|yoshidaya|2026-09-02|room:和室8畳|plan:【じゃらん限定】ポイント10%!温泉と郷土料理に癒される♪吉田屋旅館の選べるお料理♪♪連泊にもおすすめ|meal:meal_included|occ:2a0c1r|los:1|text:【じゃらん限定】ポイント10%!温泉と郷土料理に癒される♪吉田屋旅館の選べるお料理♪♪連泊にもおすすめ|2|0|1|1|core_competitor_obs_20260819_165002,f29e970418d6d6975574d0890237d41b89011af9d303218090442f64ed8d0ee1,yoshidaya,吉田屋,jalan,2026-09-02,2026-08-19T17:04:54+09:00,room:和室8畳|plan:【じゃらん限定】ポイント10%!温泉と郷土料理に癒される♪吉田屋旅館の選べるお料理♪♪連泊にもおすすめ|meal:meal_included|occ:2a0c1r|los:1,和室8畳,text:【じゃらん限定】ポイント10%!温泉と郷土料理に癒される♪吉田屋旅館の選べるお料理♪♪連泊にもおすすめ,【じゃらん限定】ポイント10%!温泉と郷土料理に癒される♪吉田屋旅館の選べるお料理♪♪連泊にもおすすめ,2,0,1,1,JPY,25410,AVAILABLE,3,PUBLIC_SCARCITY_COUNT,PRODUCT,HIGH,a931b039435157a11829227ad51a256ab61f3f4ae73d481f94ee93cfbb279bbe,core_competitor_obs_20260819_165002
jalan|yoshidaya|2026-09-02|room:和室6畳|plan:【じゃらん限定】ポイント10%!温泉と郷土料理に癒される♪吉田屋旅館の選べるお料理♪♪連泊にもおすすめ|meal:meal_included|occ:2a0c1r|los:1|text:【じゃらん限定】ポイント10%!温泉と郷土料理に癒される♪吉田屋旅館の選べるお料理♪♪連泊にもおすすめ|2|0|1|1|core_competitor_obs_20260819_165002,e2f15b58444dc91211431d598fd91db620963bd74d4bd76b1ef63271ba40ba9f,yoshidaya,吉田屋,jalan,2026-09-02,2026-08-19T17:04:54+09:00,room:和室6畳|plan:【じゃらん限定】ポイント10%!温泉と郷土料理に癒される♪吉田屋旅館の選べるお料理♪♪連泊にもおすすめ|meal:meal_included|occ:2a0c1r|los:1,和室6畳,text:【じゃらん限定】ポイント10%!温泉と郷土料理に癒される♪吉田屋旅館の選べるお料理♪♪連泊にもおすすめ,【じゃらん限定】ポイント10%!温泉と郷土料理に癒される♪吉田屋旅館の選べるお料理♪♪連泊にもおすすめ,2,0,1,1,JPY,23100,AVAILABLE,,UNKNOWN,PRODUCT,MEDIUM,b56bdb399f7a87f170ba340224362a5c149925321b3cf725d40b2faa303d33de,core_competitor_obs_20260819_165002
jalan|yoshidaya|2026-09-02|room:和室13畳|plan:【1泊2食付★基本プラン】温泉と郷土料理に癒される♪吉田屋旅館の選べるお料理♪♪連泊にもおすすめ◎|meal:meal_included|occ:2a0c1r|los:1|text:【1泊2食付★基本プラン】温泉と郷土料理に癒される♪吉田屋旅館の選べるお料理♪♪連泊にもおすすめ◎|2|0|1|1|core_competitor_obs_20260819_165002,8a5ad6163f875b3313992ef3cc3aab39efd8dbaed04b30fa143ba16f8587f2e7,yoshidaya,吉田屋,jalan,2026-09-02,2026-08-19T17:04:54+09:00,room:和室13畳|plan:【1泊2食付★基本プラン】温泉と郷土料理に癒される♪吉田屋旅館の選べるお料理♪♪連泊にもおすすめ◎|meal:meal_included|occ:2a0c1r|los:1,和室13畳,text:【1泊2食付★基本プラン】温泉と郷土料理に癒される♪吉田屋旅館の選べるお料理♪♪連泊にもおすすめ◎,【1泊2食付★基本プラン】温泉と郷土料理に癒される♪吉田屋旅館の選べるお料理♪♪連泊にもおすすめ◎,2,0,1,1,JPY,28600,AVAILABLE,1,PUBLIC_SCARCITY_COUNT,PRODUCT,HIGH,2345d101f858c899c09a45c8876b7c0f52a9b7152c5a52610308f61d5dcde4b2,core_competitor_obs_20260819_165002
jalan|yoshidaya|2026-09-02|room:和室8畳|plan:【1泊2食付★基本プラン】温泉と郷土料理に癒される♪吉田屋旅館の選べるお料理♪♪連泊にもおすすめ◎|meal:meal_included|occ:2a0c1r|los:1|text:【1泊2食付★基本プラン】温泉と郷土料理に癒される♪吉田屋旅館の選べるお料理♪♪連泊にもおすすめ◎|2|0|1|1|core_competitor_obs_20260819_165002,3a9434cdbb936dfcd370436d8f05c8603354c95a52ee7e48e0e3464917b24a01,yoshidaya,吉田屋,jalan,2026-09-02,2026-08-19T17:04:54+09:00,room:和室8畳|plan:【1泊2食付★基本プラン】温泉と郷土料理に癒される♪吉田屋旅館の選べるお料理♪♪連泊にもおすすめ◎|meal:meal_included|occ:2a0c1r|los:1,和室8畳,text:【1泊2食付★基本プラン】温泉と郷土料理に癒される♪吉田屋旅館の選べるお料理♪♪連泊にもおすすめ◎,【1泊2食付★基本プラン】温泉と郷土料理に癒される♪吉田屋旅館の選べるお料理♪♪連泊にもおすすめ◎,2,0,1,1,JPY,24200,AVAILABLE,3,PUBLIC_SCARCITY_COUNT,PRODUCT,HIGH,513c28e5db1ce604ce901e4b06e7b5ba03bfb405dbe5ab4806830828949eb8af,core_competitor_obs_20260819_165002
jalan|yoshidaya|2026-09-02|room:和室6畳|plan:【1泊2食付★基本プラン】温泉と郷土料理に癒される♪吉田屋旅館の選べるお料理♪♪連泊にもおすすめ◎|meal:meal_included|occ:2a0c1r|los:1|text:【1泊2食付★基本プラン】温泉と郷土料理に癒される♪吉田屋旅館の選べるお料理♪♪連泊にもおすすめ◎|2|0|1|1|core_competitor_obs_20260819_165002,7fc88c72d018a04b2758123b5cdc2d895bc6763850ffbc3d4cf74643f1c4d82b,yoshidaya,吉田屋,jalan,2026-09-02,2026-08-19T17:04:54+09:00,room:和室6畳|plan:【1泊2食付★基本プラン】温泉と郷土料理に癒される♪吉田屋旅館の選べるお料理♪♪連泊にもおすすめ◎|meal:meal_included|occ:2a0c1r|los:1,和室6畳,text:【1泊2食付★基本プラン】温泉と郷土料理に癒される♪吉田屋旅館の選べるお料理♪♪連泊にもおすすめ◎,【1泊2食付★基本プラン】温泉と郷土料理に癒される♪吉田屋旅館の選べるお料理♪♪連泊にもおすすめ◎,2,0,1,1,JPY,22000,AVAILABLE,,UNKNOWN,PRODUCT,MEDIUM,023309423f5e986eafc0726cfd933e5db7a8f3bad2f6b76cebd323a8d8311d2f,core_competitor_obs_20260819_165002
jalan|yoshidaya|2026-09-02|room:和室13畳|plan:【素泊まりプラン】蔵王温泉を心ゆくまで堪能!湯めぐり無料特典付き♪お食事は温泉街へgo!|meal:confirmed_room_only|occ:2a0c1r|los:1|text:【素泊まりプラン】蔵王温泉を心ゆくまで堪能!湯めぐり無料特典付き♪お食事は温泉街へgo!|2|0|1|1|core_competitor_obs_20260819_165002,b8701319a06ec403597dbeb0457f4a5da8ba9df36551c147c0f03f3728226883,yoshidaya,吉田屋,jalan,2026-09-02,2026-08-19T17:04:54+09:00,room:和室13畳|plan:【素泊まりプラン】蔵王温泉を心ゆくまで堪能!湯めぐり無料特典付き♪お食事は温泉街へgo!|meal:confirmed_room_only|occ:2a0c1r|los:1,和室13畳,text:【素泊まりプラン】蔵王温泉を心ゆくまで堪能!湯めぐり無料特典付き♪お食事は温泉街へgo!,【素泊まりプラン】蔵王温泉を心ゆくまで堪能!湯めぐり無料特典付き♪お食事は温泉街へGO!,2,0,1,1,JPY,23100,AVAILABLE,1,PUBLIC_SCARCITY_COUNT,PRODUCT,HIGH,50b1a961b9b48cfc82d03bda1455a2620067241ec2f6171a2a945e446e6d8244,core_competitor_obs_20260819_165002
jalan|yoshidaya|2026-09-02|room:和室8畳|plan:【素泊まりプラン】蔵王温泉を心ゆくまで堪能!湯めぐり無料特典付き♪お食事は温泉街へgo!|meal:confirmed_room_only|occ:2a0c1r|los:1|text:【素泊まりプラン】蔵王温泉を心ゆくまで堪能!湯めぐり無料特典付き♪お食事は温泉街へgo!|2|0|1|1|core_competitor_obs_20260819_165002,3965420a26186703c8298a7daf2c74b77935e3ba092cfdc309bdbb7e4a4c8faa,yoshidaya,吉田屋,jalan,2026-09-02,2026-08-19T17:04:54+09:00,room:和室8畳|plan:【素泊まりプラン】蔵王温泉を心ゆくまで堪能!湯めぐり無料特典付き♪お食事は温泉街へgo!|meal:confirmed_room_only|occ:2a0c1r|los:1,和室8畳,text:【素泊まりプラン】蔵王温泉を心ゆくまで堪能!湯めぐり無料特典付き♪お食事は温泉街へgo!,【素泊まりプラン】蔵王温泉を心ゆくまで堪能!湯めぐり無料特典付き♪お食事は温泉街へGO!,2,0,1,1,JPY,18700,AVAILABLE,3,PUBLIC_SCARCITY_COUNT,PRODUCT,HIGH,0acae28bd01fd04b72802c376a86e221f5a017080d4b86828aeda7e14bdc903e,core_competitor_obs_20260819_165002
jalan|yoshidaya|2026-09-02|room:和室6畳|plan:【素泊まりプラン】蔵王温泉を心ゆくまで堪能!湯めぐり無料特典付き♪お食事は温泉街へgo!|meal:confirmed_room_only|occ:2a0c1r|los:1|text:【素泊まりプラン】蔵王温泉を心ゆくまで堪能!湯めぐり無料特典付き♪お食事は温泉街へgo!|2|0|1|1|core_competitor_obs_20260819_165002,ed18516b9011325dd5b9a1cbe447a096bed53e3287d396186578c464a2f02def,yoshidaya,吉田屋,jalan,2026-09-02,2026-08-19T17:04:54+09:00,room:和室6畳|plan:【素泊まりプラン】蔵王温泉を心ゆくまで堪能!湯めぐり無料特典付き♪お食事は温泉街へgo!|meal:confirmed_room_only|occ:2a0c1r|los:1,和室6畳,text:【素泊まりプラン】蔵王温泉を心ゆくまで堪能!湯めぐり無料特典付き♪お食事は温泉街へgo!,【素泊まりプラン】蔵王温泉を心ゆくまで堪能!湯めぐり無料特典付き♪お食事は温泉街へGO!,2,0,1,1,JPY,16500,AVAILABLE,,UNKNOWN,PRODUCT,MEDIUM,90122505dcd9b94b7440a79446f13714d4ac3d4e98ebe0c186232042f5a30ee1,core_competitor_obs_20260819_165002
jalan|yoshidaya|2026-09-02|room:和室13畳|plan:【学割プラン】学生旅行応援!思い出づくりのお手伝い★選べる夕食メイン+源泉掛け流し温泉|meal:meal_included|occ:2a0c1r|los:1|text:【学割プラン】学生旅行応援!思い出づくりのお手伝い★選べる夕食メイン+源泉掛け流し温泉|2|0|1|1|core_competitor_obs_20260819_165002,20c23415c9d6c740752d2cc10e8272d0e350f35f03ac6a7d46c3d3b00517d033,yoshidaya,吉田屋,jalan,2026-09-02,2026-08-19T17:04:54+09:00,room:和室13畳|plan:【学割プラン】学生旅行応援!思い出づくりのお手伝い★選べる夕食メイン+源泉掛け流し温泉|meal:meal_included|occ:2a0c1r|los:1,和室13畳,text:【学割プラン】学生旅行応援!思い出づくりのお手伝い★選べる夕食メイン+源泉掛け流し温泉,【学割プラン】学生旅行応援!思い出づくりのお手伝い★選べる夕食メイン+源泉掛け流し温泉,2,0,1,1,JPY,25300,AVAILABLE,1,PUBLIC_SCARCITY_COUNT,PRODUCT,HIGH,531274d4410aed8d110a4d85b6f47d1d2a5f4ae37a98f28e10d2d429bbb1feeb,core_competitor_obs_20260819_165002
jalan|yoshidaya|2026-09-02|room:和室8畳|plan:【学割プラン】学生旅行応援!思い出づくりのお手伝い★選べる夕食メイン+源泉掛け流し温泉|meal:meal_included|occ:2a0c1r|los:1|text:【学割プラン】学生旅行応援!思い出づくりのお手伝い★選べる夕食メイン+源泉掛け流し温泉|2|0|1|1|core_competitor_obs_20260819_165002,52c20c5f25c6392e59d228eecadb5f543e6fb90550579bc0918e2b0bff3e27a0,yoshidaya,吉田屋,jalan,2026-09-02,2026-08-19T17:04:54+09:00,room:和室8畳|plan:【学割プラン】学生旅行応援!思い出づくりのお手伝い★選べる夕食メイン+源泉掛け流し温泉|meal:meal_included|occ:2a0c1r|los:1,和室8畳,text:【学割プラン】学生旅行応援!思い出づくりのお手伝い★選べる夕食メイン+源泉掛け流し温泉,【学割プラン】学生旅行応援!思い出づくりのお手伝い★選べる夕食メイン+源泉掛け流し温泉,2,0,1,1,JPY,20900,AVAILABLE,3,PUBLIC_SCARCITY_COUNT,PRODUCT,HIGH,d8baee5c004c6f6c76bd583d2e2b198605e212b8bf3d75d2fbd2e97ba2fb2868,core_competitor_obs_20260819_165002
jalan|yoshidaya|2026-09-02|room:和室6畳|plan:【学割プラン】学生旅行応援!思い出づくりのお手伝い★選べる夕食メイン+源泉掛け流し温泉|meal:meal_included|occ:2a0c1r|los:1|text:【学割プラン】学生旅行応援!思い出づくりのお手伝い★選べる夕食メイン+源泉掛け流し温泉|2|0|1|1|core_competitor_obs_20260819_165002,6fadfb192324555fdae9f1cb1e92c0910626df238d25beba284121bf861e8403,yoshidaya,吉田屋,jalan,2026-09-02,2026-08-19T17:04:54+09:00,room:和室6畳|plan:【学割プラン】学生旅行応援!思い出づくりのお手伝い★選べる夕食メイン+源泉掛け流し温泉|meal:meal_included|occ:2a0c1r|los:1,和室6畳,text:【学割プラン】学生旅行応援!思い出づくりのお手伝い★選べる夕食メイン+源泉掛け流し温泉,【学割プラン】学生旅行応援!思い出づくりのお手伝い★選べる夕食メイン+源泉掛け流し温泉,2,0,1,1,JPY,18700,AVAILABLE,,UNKNOWN,PRODUCT,MEDIUM,9d3b27c3593ac97e7ad6e4e93ec524eae926f20330c761c70c50611e0f5ecf78,core_competitor_obs_20260819_165002
"jalan|yoshidaya|2026-09-02|room:和室13畳|plan:【蔵王を遊びつくそう】50種以上から選べるアクティビティクーポン2,000円分付き!選べるお料理♪|meal:meal_included|occ:2a0c1r|los:1|text:【蔵王を遊びつくそう】50種以上から選べるアクティビティクーポン2,000円分付き!選べるお料理♪|2|0|1|1|core_competitor_obs_20260819_165002",d58a3e7a14fe9fd761c163b2e49cdf43a2f7e98a0ccd605fc9cd330317d95334,yoshidaya,吉田屋,jalan,2026-09-02,2026-08-19T17:04:54+09:00,"room:和室13畳|plan:【蔵王を遊びつくそう】50種以上から選べるアクティビティクーポン2,000円分付き!選べるお料理♪|meal:meal_included|occ:2a0c1r|los:1",和室13畳,"text:【蔵王を遊びつくそう】50種以上から選べるアクティビティクーポン2,000円分付き!選べるお料理♪","【蔵王を遊びつくそう】50種以上から選べるアクティビティクーポン2,000円分付き!選べるお料理♪",2,0,1,1,JPY,31900,AVAILABLE,1,PUBLIC_SCARCITY_COUNT,PRODUCT,HIGH,2ced1a0f6f1b8e76c4dc2df176888fa9af8ad5f635bdd9cfc59d485bded4d357,core_competitor_obs_20260819_165002
"jalan|yoshidaya|2026-09-02|room:和室8畳|plan:【蔵王を遊びつくそう】50種以上から選べるアクティビティクーポン2,000円分付き!選べるお料理♪|meal:meal_included|occ:2a0c1r|los:1|text:【蔵王を遊びつくそう】50種以上から選べるアクティビティクーポン2,000円分付き!選べるお料理♪|2|0|1|1|core_competitor_obs_20260819_165002",35ea3b1bda4544c0ec8af0b6bb18455721265585e586f936ea51ee619107400d,yoshidaya,吉田屋,jalan,2026-09-02,2026-08-19T17:04:54+09:00,"room:和室8畳|plan:【蔵王を遊びつくそう】50種以上から選べるアクティビティクーポン2,000円分付き!選べるお料理♪|meal:meal_included|occ:2a0c1r|los:1",和室8畳,"text:【蔵王を遊びつくそう】50種以上から選べるアクティビティクーポン2,000円分付き!選べるお料理♪","【蔵王を遊びつくそう】50種以上から選べるアクティビティクーポン2,000円分付き!選べるお料理♪",2,0,1,1,JPY,27500,AVAILABLE,3,PUBLIC_SCARCITY_COUNT,PRODUCT,HIGH,f93c25bbcbe1b83f0b658c2b6678376f7e945f6a6eb37594fb093feca50bdf5b,core_competitor_obs_20260819_165002
"jalan|yoshidaya|2026-09-02|room:和室6畳|plan:【蔵王を遊びつくそう】50種以上から選べるアクティビティクーポン2,000円分付き!選べるお料理♪|meal:meal_included|occ:2a0c1r|los:1|text:【蔵王を遊びつくそう】50種以上から選べるアクティビティクーポン2,000円分付き!選べるお料理♪|2|0|1|1|core_competitor_obs_20260819_165002",20e6e12540df9c5740af84d803b893b75573a8ad91662a6b10795ca5527a2967,yoshidaya,吉田屋,jalan,2026-09-02,2026-08-19T17:04:54+09:00,"room:和室6畳|plan:【蔵王を遊びつくそう】50種以上から選べるアクティビティクーポン2,000円分付き!選べるお料理♪|meal:meal_included|occ:2a0c1r|los:1",和室6畳,"text:【蔵王を遊びつくそう】50種以上から選べるアクティビティクーポン2,000円分付き!選べるお料理♪","【蔵王を遊びつくそう】50種以上から選べるアクティビティクーポン2,000円分付き!選べるお料理♪",2,0,1,1,JPY,25300,AVAILABLE,,UNKNOWN,PRODUCT,MEDIUM,1c8f8ffd51c4da861b2114097e4b5d1ddfb8a01796b22009c0669815b8b7fd2e,core_competitor_obs_20260819_165002
"jalan|yoshidaya|2026-09-02|room:和室13畳|plan:<14日前早割>【蔵王を遊びつくそう】50種以上から選べるアクティビティクーポン2,000円分付き!|meal:meal_included|occ:2a0c1r|los:1|text:<14日前早割>【蔵王を遊びつくそう】50種以上から選べるアクティビティクーポン2,000円分付き!|2|0|1|1|core_competitor_obs_20260819_165002",e6aef013cbbf83077de414baa304b036f048609d242551bcea8755e69ac33c46,yoshidaya,吉田屋,jalan,2026-09-02,2026-08-19T17:04:54+09:00,"room:和室13畳|plan:<14日前早割>【蔵王を遊びつくそう】50種以上から選べるアクティビティクーポン2,000円分付き!|meal:meal_included|occ:2a0c1r|los:1",和室13畳,"text:<14日前早割>【蔵王を遊びつくそう】50種以上から選べるアクティビティクーポン2,000円分付き!","<14日前早割>【蔵王を遊びつくそう】50種以上から選べるアクティビティクーポン2,000円分付き!",2,0,1,1,JPY,30800,AVAILABLE,1,PUBLIC_SCARCITY_COUNT,PRODUCT,HIGH,31c728bc26873af84f8f97d4a52f056cf5ebea659c015acadfb39f8ae589c6e9,core_competitor_obs_20260819_165002
"jalan|yoshidaya|2026-09-02|room:和室8畳|plan:<14日前早割>【蔵王を遊びつくそう】50種以上から選べるアクティビティクーポン2,000円分付き!|meal:meal_included|occ:2a0c1r|los:1|text:<14日前早割>【蔵王を遊びつくそう】50種以上から選べるアクティビティクーポン2,000円分付き!|2|0|1|1|core_competitor_obs_20260819_165002",e15a153f65d0c19023e53dd2e76f6b4565393af87379138fb6a9bf4481711724,yoshidaya,吉田屋,jalan,2026-09-02,2026-08-19T17:04:54+09:00,"room:和室8畳|plan:<14日前早割>【蔵王を遊びつくそう】50種以上から選べるアクティビティクーポン2,000円分付き!|meal:meal_included|occ:2a0c1r|los:1",和室8畳,"text:<14日前早割>【蔵王を遊びつくそう】50種以上から選べるアクティビティクーポン2,000円分付き!","<14日前早割>【蔵王を遊びつくそう】50種以上から選べるアクティビティクーポン2,000円分付き!",2,0,1,1,JPY,26400,AVAILABLE,3,PUBLIC_SCARCITY_COUNT,PRODUCT,HIGH,39cb8884b1b1ef3722f47cbe7a4ee0e7af94990bfb2e669162e3d976c613bfc4,core_competitor_obs_20260819_165002
"jalan|yoshidaya|2026-09-02|room:和室6畳|plan:<14日前早割>【蔵王を遊びつくそう】50種以上から選べるアクティビティクーポン2,000円分付き!|meal:meal_included|occ:2a0c1r|los:1|text:<14日前早割>【蔵王を遊びつくそう】50種以上から選べるアクティビティクーポン2,000円分付き!|2|0|1|1|core_competitor_obs_20260819_165002",55ba9e179754d03c4e6f509c1ed50ccd8e3c4ac65c0a02e33b077a6320f8d335,yoshidaya,吉田屋,jalan,2026-09-02,2026-08-19T17:04:54+09:00,"room:和室6畳|plan:<14日前早割>【蔵王を遊びつくそう】50種以上から選べるアクティビティクーポン2,000円分付き!|meal:meal_included|occ:2a0c1r|los:1",和室6畳,"text:<14日前早割>【蔵王を遊びつくそう】50種以上から選べるアクティビティクーポン2,000円分付き!","<14日前早割>【蔵王を遊びつくそう】50種以上から選べるアクティビティクーポン2,000円分付き!",2,0,1,1,JPY,24200,AVAILABLE,,UNKNOWN,PRODUCT,MEDIUM,b95a8bd0d26c00553a134870159532738cc3ef9b13366f67a3f07325c9a11f92,core_competitor_obs_20260819_165002
jalan|oakhill|2026-09-01|room:デラックス和洋室|plan:【朝食無料サービス】~onsen&stay~森に包まれたリゾート空間で蔵王の名湯を満喫/ご夕食は温泉街へ|meal:meal_included|occ:2a0c1r|los:1|text:【朝食無料サービス】~onsen&stay~森に包まれたリゾート空間で蔵王の名湯を満喫/ご夕食は温泉街へ|2|0|1|1|core_competitor_obs_20260819_165002,9f25028e217f342079548c0b61258bd42ee76660ce4843f15e44ed89192a77e6,oakhill,ONSEN & STAY OAKHILL,jalan,2026-09-01,2026-08-19T17:07:44+09:00,room:デラックス和洋室|plan:【朝食無料サービス】~onsen&stay~森に包まれたリゾート空間で蔵王の名湯を満喫/ご夕食は温泉街へ|meal:meal_included|occ:2a0c1r|los:1,デラックス和洋室,text:【朝食無料サービス】~onsen&stay~森に包まれたリゾート空間で蔵王の名湯を満喫/ご夕食は温泉街へ,【朝食無料サービス】~ONSEN&STAY~森に包まれたリゾート空間で蔵王の名湯を満喫/ご夕食は温泉街へ,2,0,1,1,JPY,34000,AVAILABLE,3,PUBLIC_SCARCITY_COUNT,PRODUCT,HIGH,a899cb08895e8bdf43fba0306bbbf439a659fb00c674ab91ee0d02751e215fff,core_competitor_obs_20260819_165002
jalan|oakhill|2026-09-01|room:倶楽部ルーム|plan:【朝食無料サービス】~onsen&stay~森に包まれたリゾート空間で蔵王の名湯を満喫/ご夕食は温泉街へ|meal:meal_included|occ:2a0c1r|los:1|text:【朝食無料サービス】~onsen&stay~森に包まれたリゾート空間で蔵王の名湯を満喫/ご夕食は温泉街へ|2|0|1|1|core_competitor_obs_20260819_165002,5175eb9f5cb0c12c5abfbe826be9ffb5404cb19defb2628055d41c6d2cb673d7,oakhill,ONSEN & STAY OAKHILL,jalan,2026-09-01,2026-08-19T17:07:44+09:00,room:倶楽部ルーム|plan:【朝食無料サービス】~onsen&stay~森に包まれたリゾート空間で蔵王の名湯を満喫/ご夕食は温泉街へ|meal:meal_included|occ:2a0c1r|los:1,倶楽部ルーム,text:【朝食無料サービス】~onsen&stay~森に包まれたリゾート空間で蔵王の名湯を満喫/ご夕食は温泉街へ,【朝食無料サービス】~ONSEN&STAY~森に包まれたリゾート空間で蔵王の名湯を満喫/ご夕食は温泉街へ,2,0,1,1,JPY,22000,AVAILABLE,3,PUBLIC_SCARCITY_COUNT,PRODUCT,HIGH,708d8e9f02fa4b3c6dddcfed3ed52f5b478d930ec40cfadcd72c9047d507d098,core_competitor_obs_20260819_165002
jalan|oakhill|2026-09-01|room:スタンダード和室|plan:【朝食無料サービス】~onsen&stay~森に包まれたリゾート空間で蔵王の名湯を満喫/ご夕食は温泉街へ|meal:meal_included|occ:2a0c1r|los:1|text:【朝食無料サービス】~onsen&stay~森に包まれたリゾート空間で蔵王の名湯を満喫/ご夕食は温泉街へ|2|0|1|1|core_competitor_obs_20260819_165002,8e992622e39ac39ae5145c4cdab511d70145092170649d34e78a12c77c40a5a8,oakhill,ONSEN & STAY OAKHILL,jalan,2026-09-01,2026-08-19T17:07:44+09:00,room:スタンダード和室|plan:【朝食無料サービス】~onsen&stay~森に包まれたリゾート空間で蔵王の名湯を満喫/ご夕食は温泉街へ|meal:meal_included|occ:2a0c1r|los:1,スタンダード和室,text:【朝食無料サービス】~onsen&stay~森に包まれたリゾート空間で蔵王の名湯を満喫/ご夕食は温泉街へ,【朝食無料サービス】~ONSEN&STAY~森に包まれたリゾート空間で蔵王の名湯を満喫/ご夕食は温泉街へ,2,0,1,1,JPY,20000,AVAILABLE,2,PUBLIC_SCARCITY_COUNT,PRODUCT,HIGH,00eced8b936c4cccb768c207fc523b7a82854ed30522f60783fadaf659da4160,core_competitor_obs_20260819_165002
jalan|oakhill|2026-09-01|room:デラックス和洋室|plan:≪じゃらん限定ポイント10%≫【朝食無料サービス】森に包まれ蔵王の名湯を満喫/ご夕食は温泉街|meal:meal_included|occ:2a0c1r|los:1|text:≪じゃらん限定ポイント10%≫【朝食無料サービス】森に包まれ蔵王の名湯を満喫/ご夕食は温泉街|2|0|1|1|core_competitor_obs_20260819_165002,c24c81475b5b390dd91e1c306f5520184f6b67156d128f877707b919c051f9ca,oakhill,ONSEN & STAY OAKHILL,jalan,2026-09-01,2026-08-19T17:07:44+09:00,room:デラックス和洋室|plan:≪じゃらん限定ポイント10%≫【朝食無料サービス】森に包まれ蔵王の名湯を満喫/ご夕食は温泉街|meal:meal_included|occ:2a0c1r|los:1,デラックス和洋室,text:≪じゃらん限定ポイント10%≫【朝食無料サービス】森に包まれ蔵王の名湯を満喫/ご夕食は温泉街,≪じゃらん限定ポイント10%≫【朝食無料サービス】森に包まれ蔵王の名湯を満喫/ご夕食は温泉街,2,0,1,1,JPY,35700,AVAILABLE,3,PUBLIC_SCARCITY_COUNT,PRODUCT,HIGH,394de60c317580c63f38bfc480e1f6ab3ca81a6667b69d3b40742d7919315e6e,core_competitor_obs_20260819_165002
jalan|oakhill|2026-09-01|room:倶楽部ルーム|plan:≪じゃらん限定ポイント10%≫【朝食無料サービス】森に包まれ蔵王の名湯を満喫/ご夕食は温泉街|meal:meal_included|occ:2a0c1r|los:1|text:≪じゃらん限定ポイント10%≫【朝食無料サービス】森に包まれ蔵王の名湯を満喫/ご夕食は温泉街|2|0|1|1|core_competitor_obs_20260819_165002,e359f3aa04bd29a1440297ad46667be2801743d82506fa6642b6444d3f85eb38,oakhill,ONSEN & STAY OAKHILL,jalan,2026-09-01,2026-08-19T17:07:44+09:00,room:倶楽部ルーム|plan:≪じゃらん限定ポイント10%≫【朝食無料サービス】森に包まれ蔵王の名湯を満喫/ご夕食は温泉街|meal:meal_included|occ:2a0c1r|los:1,倶楽部ルーム,text:≪じゃらん限定ポイント10%≫【朝食無料サービス】森に包まれ蔵王の名湯を満喫/ご夕食は温泉街,≪じゃらん限定ポイント10%≫【朝食無料サービス】森に包まれ蔵王の名湯を満喫/ご夕食は温泉街,2,0,1,1,JPY,23100,AVAILABLE,3,PUBLIC_SCARCITY_COUNT,PRODUCT,HIGH,eb67a27eaa6c5101b498c2edd884474fb548c5e602a9a3a094e5fcb3b51f0693,core_competitor_obs_20260819_165002
jalan|oakhill|2026-09-01|room:スタンダード和室|plan:≪じゃらん限定ポイント10%≫【朝食無料サービス】森に包まれ蔵王の名湯を満喫/ご夕食は温泉街|meal:meal_included|occ:2a0c1r|los:1|text:≪じゃらん限定ポイント10%≫【朝食無料サービス】森に包まれ蔵王の名湯を満喫/ご夕食は温泉街|2|0|1|1|core_competitor_obs_20260819_165002,6f5df1032f6f95a523caa4eb5d3c770594df3cf00f2834d88d0e2fb43a065f4e,oakhill,ONSEN & STAY OAKHILL,jalan,2026-09-01,2026-08-19T17:07:44+09:00,room:スタンダード和室|plan:≪じゃらん限定ポイント10%≫【朝食無料サービス】森に包まれ蔵王の名湯を満喫/ご夕食は温泉街|meal:meal_included|occ:2a0c1r|los:1,スタンダード和室,text:≪じゃらん限定ポイント10%≫【朝食無料サービス】森に包まれ蔵王の名湯を満喫/ご夕食は温泉街,≪じゃらん限定ポイント10%≫【朝食無料サービス】森に包まれ蔵王の名湯を満喫/ご夕食は温泉街,2,0,1,1,JPY,21000,AVAILABLE,2,PUBLIC_SCARCITY_COUNT,PRODUCT,HIGH,fdd6b6ced582eadfcb9eba062b088c3d85c166eaa71bc5c1ab883df7c38f0cd3,core_competitor_obs_20260819_165002
jalan|oakhill|2026-09-01|room:デラックス和洋室|plan:【じゃらんのお得な10日間】10%off!朝食無料サービス!森に包まれたリゾート空間で蔵王の名湯を満喫|meal:meal_included|occ:2a0c1r|los:1|text:【じゃらんのお得な10日間】10%off!朝食無料サービス!森に包まれたリゾート空間で蔵王の名湯を満喫|2|0|1|1|core_competitor_obs_20260819_165002,0da08e9e9e8c70df2eb22a260ee7da6d5e62fc50576a53c25d9684018d53acad,oakhill,ONSEN & STAY OAKHILL,jalan,2026-09-01,2026-08-19T17:07:44+09:00,room:デラックス和洋室|plan:【じゃらんのお得な10日間】10%off!朝食無料サービス!森に包まれたリゾート空間で蔵王の名湯を満喫|meal:meal_included|occ:2a0c1r|los:1,デラックス和洋室,text:【じゃらんのお得な10日間】10%off!朝食無料サービス!森に包まれたリゾート空間で蔵王の名湯を満喫,【じゃらんのお得な10日間】10%OFF!朝食無料サービス!森に包まれたリゾート空間で蔵王の名湯を満喫,2,0,1,1,JPY,30600,AVAILABLE,3,PUBLIC_SCARCITY_COUNT,PRODUCT,HIGH,e848ea7afcd3d0f5ae595419b7c4cafc0a33a17859e173b2462b5278fdb11966,core_competitor_obs_20260819_165002
jalan|oakhill|2026-09-01|room:倶楽部ルーム|plan:【じゃらんのお得な10日間】10%off!朝食無料サービス!森に包まれたリゾート空間で蔵王の名湯を満喫|meal:meal_included|occ:2a0c1r|los:1|text:【じゃらんのお得な10日間】10%off!朝食無料サービス!森に包まれたリゾート空間で蔵王の名湯を満喫|2|0|1|1|core_competitor_obs_20260819_165002,f1ea15501ad695c851d03b3023b4267d393cae25b3b0698a75560d7dc6ead529,oakhill,ONSEN & STAY OAKHILL,jalan,2026-09-01,2026-08-19T17:07:44+09:00,room:倶楽部ルーム|plan:【じゃらんのお得な10日間】10%off!朝食無料サービス!森に包まれたリゾート空間で蔵王の名湯を満喫|meal:meal_included|occ:2a0c1r|los:1,倶楽部ルーム,text:【じゃらんのお得な10日間】10%off!朝食無料サービス!森に包まれたリゾート空間で蔵王の名湯を満喫,【じゃらんのお得な10日間】10%OFF!朝食無料サービス!森に包まれたリゾート空間で蔵王の名湯を満喫,2,0,1,1,JPY,19800,AVAILABLE,3,PUBLIC_SCARCITY_COUNT,PRODUCT,HIGH,d39096bef97c052b31ec0a3f307ce644121e7d38b96ce939cf648a8af0209a7c,core_competitor_obs_20260819_165002
jalan|oakhill|2026-09-01|room:スタンダード和室|plan:【じゃらんのお得な10日間】10%off!朝食無料サービス!森に包まれたリゾート空間で蔵王の名湯を満喫|meal:meal_included|occ:2a0c1r|los:1|text:【じゃらんのお得な10日間】10%off!朝食無料サービス!森に包まれたリゾート空間で蔵王の名湯を満喫|2|0|1|1|core_competitor_obs_20260819_165002,6b7c5d93e90a6dbb8be740a3483f7301256d4c3046a5783c68c8d56cc9fc117c,oakhill,ONSEN & STAY OAKHILL,jalan,2026-09-01,2026-08-19T17:07:44+09:00,room:スタンダード和室|plan:【じゃらんのお得な10日間】10%off!朝食無料サービス!森に包まれたリゾート空間で蔵王の名湯を満喫|meal:meal_included|occ:2a0c1r|los:1,スタンダード和室,text:【じゃらんのお得な10日間】10%off!朝食無料サービス!森に包まれたリゾート空間で蔵王の名湯を満喫,【じゃらんのお得な10日間】10%OFF!朝食無料サービス!森に包まれたリゾート空間で蔵王の名湯を満喫,2,0,1,1,JPY,18000,AVAILABLE,2,PUBLIC_SCARCITY_COUNT,PRODUCT,HIGH,9e85fdb1afd5e40c6da06f072ee9282141f9840edba8f31b6054467320cb06f4,core_competitor_obs_20260819_165002
"jalan|oakhill|2026-09-01|room:デラックス和洋室|plan:【早割プラン★朝食無料】7日前までのご予約で1,100円off!森に包まれ蔵王の名湯を満喫/ご夕食は温泉街へ|meal:meal_included|occ:2a0c1r|los:1|text:【早割プラン★朝食無料】7日前までのご予約で1,100円off!森に包まれ蔵王の名湯を満喫/ご夕食は温泉街へ|2|0|1|1|core_competitor_obs_20260819_165002",da80fecbac6c5a330e0816ec21ccd838a6d22999fef53a84ca0f7ccefeac461d,oakhill,ONSEN & STAY OAKHILL,jalan,2026-09-01,2026-08-19T17:07:44+09:00,"room:デラックス和洋室|plan:【早割プラン★朝食無料】7日前までのご予約で1,100円off!森に包まれ蔵王の名湯を満喫/ご夕食は温泉街へ|meal:meal_included|occ:2a0c1r|los:1",デラックス和洋室,"text:【早割プラン★朝食無料】7日前までのご予約で1,100円off!森に包まれ蔵王の名湯を満喫/ご夕食は温泉街へ","【早割プラン★朝食無料】7日前までのご予約で1,100円OFF!森に包まれ蔵王の名湯を満喫/ご夕食は温泉街へ",2,0,1,1,JPY,31800,AVAILABLE,3,PUBLIC_SCARCITY_COUNT,PRODUCT,HIGH,0a8184096eb4420297905591c574184ee29a809a732c09ea63bf4de2e7946c7e,core_competitor_obs_20260819_165002
"jalan|oakhill|2026-09-01|room:倶楽部ルーム|plan:【早割プラン★朝食無料】7日前までのご予約で1,100円off!森に包まれ蔵王の名湯を満喫/ご夕食は温泉街へ|meal:meal_included|occ:2a0c1r|los:1|text:【早割プラン★朝食無料】7日前までのご予約で1,100円off!森に包まれ蔵王の名湯を満喫/ご夕食は温泉街へ|2|0|1|1|core_competitor_obs_20260819_165002",aff242da1c9a8fb0e3c571cd0fcd6c4f4d966cccecbdb6fee2a26c959b66df1c,oakhill,ONSEN & STAY OAKHILL,jalan,2026-09-01,2026-08-19T17:07:44+09:00,"room:倶楽部ルーム|plan:【早割プラン★朝食無料】7日前までのご予約で1,100円off!森に包まれ蔵王の名湯を満喫/ご夕食は温泉街へ|meal:meal_included|occ:2a0c1r|los:1",倶楽部ルーム,"text:【早割プラン★朝食無料】7日前までのご予約で1,100円off!森に包まれ蔵王の名湯を満喫/ご夕食は温泉街へ","【早割プラン★朝食無料】7日前までのご予約で1,100円OFF!森に包まれ蔵王の名湯を満喫/ご夕食は温泉街へ",2,0,1,1,JPY,19800,AVAILABLE,3,PUBLIC_SCARCITY_COUNT,PRODUCT,HIGH,d39096bef97c052b31ec0a3f307ce644121e7d38b96ce939cf648a8af0209a7c,core_competitor_obs_20260819_165002
"jalan|oakhill|2026-09-01|room:スタンダード和室|plan:【早割プラン★朝食無料】7日前までのご予約で1,100円off!森に包まれ蔵王の名湯を満喫/ご夕食は温泉街へ|meal:meal_included|occ:2a0c1r|los:1|text:【早割プラン★朝食無料】7日前までのご予約で1,100円off!森に包まれ蔵王の名湯を満喫/ご夕食は温泉街へ|2|0|1|1|core_competitor_obs_20260819_165002",92d1c377f60503deff45936186ba8811137041db46e6467663536846d7a85792,oakhill,ONSEN & STAY OAKHILL,jalan,2026-09-01,2026-08-19T17:07:44+09:00,"room:スタンダード和室|plan:【早割プラン★朝食無料】7日前までのご予約で1,100円off!森に包まれ蔵王の名湯を満喫/ご夕食は温泉街へ|meal:meal_included|occ:2a0c1r|los:1",スタンダード和室,"text:【早割プラン★朝食無料】7日前までのご予約で1,100円off!森に包まれ蔵王の名湯を満喫/ご夕食は温泉街へ","【早割プラン★朝食無料】7日前までのご予約で1,100円OFF!森に包まれ蔵王の名湯を満喫/ご夕食は温泉街へ",2,0,1,1,JPY,17800,AVAILABLE,2,PUBLIC_SCARCITY_COUNT,PRODUCT,HIGH,1b42da0b75a310c4b7b92aee9de0a3968f127703132450e109a85737dbe8448d,core_competitor_obs_20260819_165002
jalan|oakhill|2026-09-01|room:デラックス和洋室|plan:【素泊まりプラン】~onsen&stay~森に包まれたリゾート空間で蔵王の名湯を満喫/ご夕食は温泉街へ|meal:confirmed_room_only|occ:2a0c1r|los:1|text:【素泊まりプラン】~onsen&stay~森に包まれたリゾート空間で蔵王の名湯を満喫/ご夕食は温泉街へ|2|0|1|1|core_competitor_obs_20260819_165002,ee5e32a875a36e86068c4a6937260f1d11ad196200651de1ccbdb6ed3c8d1327,oakhill,ONSEN & STAY OAKHILL,jalan,2026-09-01,2026-08-19T17:07:44+09:00,room:デラックス和洋室|plan:【素泊まりプラン】~onsen&stay~森に包まれたリゾート空間で蔵王の名湯を満喫/ご夕食は温泉街へ|meal:confirmed_room_only|occ:2a0c1r|los:1,デラックス和洋室,text:【素泊まりプラン】~onsen&stay~森に包まれたリゾート空間で蔵王の名湯を満喫/ご夕食は温泉街へ,【素泊まりプラン】~ONSEN&STAY~森に包まれたリゾート空間で蔵王の名湯を満喫/ご夕食は温泉街へ,2,0,1,1,JPY,34000,AVAILABLE,3,PUBLIC_SCARCITY_COUNT,PRODUCT,HIGH,a899cb08895e8bdf43fba0306bbbf439a659fb00c674ab91ee0d02751e215fff,core_competitor_obs_20260819_165002
jalan|oakhill|2026-09-01|room:倶楽部ルーム|plan:【素泊まりプラン】~onsen&stay~森に包まれたリゾート空間で蔵王の名湯を満喫/ご夕食は温泉街へ|meal:confirmed_room_only|occ:2a0c1r|los:1|text:【素泊まりプラン】~onsen&stay~森に包まれたリゾート空間で蔵王の名湯を満喫/ご夕食は温泉街へ|2|0|1|1|core_competitor_obs_20260819_165002,faa83479978bbfdb15487b59d01383e4ab5663d322fa1f90709a69dc09361b0b,oakhill,ONSEN & STAY OAKHILL,jalan,2026-09-01,2026-08-19T17:07:44+09:00,room:倶楽部ルーム|plan:【素泊まりプラン】~onsen&stay~森に包まれたリゾート空間で蔵王の名湯を満喫/ご夕食は温泉街へ|meal:confirmed_room_only|occ:2a0c1r|los:1,倶楽部ルーム,text:【素泊まりプラン】~onsen&stay~森に包まれたリゾート空間で蔵王の名湯を満喫/ご夕食は温泉街へ,【素泊まりプラン】~ONSEN&STAY~森に包まれたリゾート空間で蔵王の名湯を満喫/ご夕食は温泉街へ,2,0,1,1,JPY,22000,AVAILABLE,3,PUBLIC_SCARCITY_COUNT,PRODUCT,HIGH,708d8e9f02fa4b3c6dddcfed3ed52f5b478d930ec40cfadcd72c9047d507d098,core_competitor_obs_20260819_165002
jalan|oakhill|2026-09-01|room:スタンダード和室|plan:【素泊まりプラン】~onsen&stay~森に包まれたリゾート空間で蔵王の名湯を満喫/ご夕食は温泉街へ|meal:confirmed_room_only|occ:2a0c1r|los:1|text:【素泊まりプラン】~onsen&stay~森に包まれたリゾート空間で蔵王の名湯を満喫/ご夕食は温泉街へ|2|0|1|1|core_competitor_obs_20260819_165002,a7b1b0001c7d7da10938c47c6cbd68dac0a379d9fc9c5c5960ef3290e2a498dc,oakhill,ONSEN & STAY OAKHILL,jalan,2026-09-01,2026-08-19T17:07:44+09:00,room:スタンダード和室|plan:【素泊まりプラン】~onsen&stay~森に包まれたリゾート空間で蔵王の名湯を満喫/ご夕食は温泉街へ|meal:confirmed_room_only|occ:2a0c1r|los:1,スタンダード和室,text:【素泊まりプラン】~onsen&stay~森に包まれたリゾート空間で蔵王の名湯を満喫/ご夕食は温泉街へ,【素泊まりプラン】~ONSEN&STAY~森に包まれたリゾート空間で蔵王の名湯を満喫/ご夕食は温泉街へ,2,0,1,1,JPY,20000,AVAILABLE,2,PUBLIC_SCARCITY_COUNT,PRODUCT,HIGH,e55bbbacdf8101e56f9ce456503252ecb28dd79260db630763d58f8837fa6713,core_competitor_obs_20260819_165002
jalan|oakhill|2026-09-02|room:デラックス和洋室|plan:【朝食無料サービス】~onsen&stay~森に包まれたリゾート空間で蔵王の名湯を満喫/ご夕食は温泉街へ|meal:meal_included|occ:2a0c1r|los:1|text:【朝食無料サービス】~onsen&stay~森に包まれたリゾート空間で蔵王の名湯を満喫/ご夕食は温泉街へ|2|0|1|1|core_competitor_obs_20260819_165002,53a01e54a712bb6b4ca871c193e5f8924e736447e1657b4d896bd7a5e9c24ef5,oakhill,ONSEN & STAY OAKHILL,jalan,2026-09-02,2026-08-19T17:07:58+09:00,room:デラックス和洋室|plan:【朝食無料サービス】~onsen&stay~森に包まれたリゾート空間で蔵王の名湯を満喫/ご夕食は温泉街へ|meal:meal_included|occ:2a0c1r|los:1,デラックス和洋室,text:【朝食無料サービス】~onsen&stay~森に包まれたリゾート空間で蔵王の名湯を満喫/ご夕食は温泉街へ,【朝食無料サービス】~ONSEN&STAY~森に包まれたリゾート空間で蔵王の名湯を満喫/ご夕食は温泉街へ,2,0,1,1,JPY,34000,AVAILABLE,3,PUBLIC_SCARCITY_COUNT,PRODUCT,HIGH,a899cb08895e8bdf43fba0306bbbf439a659fb00c674ab91ee0d02751e215fff,core_competitor_obs_20260819_165002
jalan|oakhill|2026-09-02|room:コーナー倶楽部トリプル|plan:【朝食無料サービス】~onsen&stay~森に包まれたリゾート空間で蔵王の名湯を満喫/ご夕食は温泉街へ|meal:meal_included|occ:2a0c1r|los:1|text:【朝食無料サービス】~onsen&stay~森に包まれたリゾート空間で蔵王の名湯を満喫/ご夕食は温泉街へ|2|0|1|1|core_competitor_obs_20260819_165002,92986b43c77148523b5fd8d93297ad66a75359e16b080516a3ad0e5eb36ccb52,oakhill,ONSEN & STAY OAKHILL,jalan,2026-09-02,2026-08-19T17:07:58+09:00,room:コーナー倶楽部トリプル|plan:【朝食無料サービス】~onsen&stay~森に包まれたリゾート空間で蔵王の名湯を満喫/ご夕食は温泉街へ|meal:meal_included|occ:2a0c1r|los:1,コーナー倶楽部トリプル,text:【朝食無料サービス】~onsen&stay~森に包まれたリゾート空間で蔵王の名湯を満喫/ご夕食は温泉街へ,【朝食無料サービス】~ONSEN&STAY~森に包まれたリゾート空間で蔵王の名湯を満喫/ご夕食は温泉街へ,2,0,1,1,JPY,30000,AVAILABLE,3,PUBLIC_SCARCITY_COUNT,PRODUCT,HIGH,c10a2826be6018f4c87e766980a06391c31a575a5a1c1ed2d389102b627e81b9,core_competitor_obs_20260819_165002
jalan|oakhill|2026-09-02|room:スタンダードツイン|plan:【朝食無料サービス】~onsen&stay~森に包まれたリゾート空間で蔵王の名湯を満喫/ご夕食は温泉街へ|meal:meal_included|occ:2a0c1r|los:1|text:【朝食無料サービス】~onsen&stay~森に包まれたリゾート空間で蔵王の名湯を満喫/ご夕食は温泉街へ|2|0|1|1|core_competitor_obs_20260819_165002,8391c872e56fd5bd3101940fa5c672da81fd5c356a031c1b1660b6a7b2ddce76,oakhill,ONSEN & STAY OAKHILL,jalan,2026-09-02,2026-08-19T17:07:58+09:00,room:スタンダードツイン|plan:【朝食無料サービス】~onsen&stay~森に包まれたリゾート空間で蔵王の名湯を満喫/ご夕食は温泉街へ|meal:meal_included|occ:2a0c1r|los:1,スタンダードツイン,text:【朝食無料サービス】~onsen&stay~森に包まれたリゾート空間で蔵王の名湯を満喫/ご夕食は温泉街へ,【朝食無料サービス】~ONSEN&STAY~森に包まれたリゾート空間で蔵王の名湯を満喫/ご夕食は温泉街へ,2,0,1,1,JPY,23000,AVAILABLE,2,PUBLIC_SCARCITY_COUNT,PRODUCT,HIGH,0142acb8711027972bd3b2731c59f71f93cac8a7a14c40a390477f7c39e7f93b,core_competitor_obs_20260819_165002
jalan|oakhill|2026-09-02|room:倶楽部ルーム|plan:【朝食無料サービス】~onsen&stay~森に包まれたリゾート空間で蔵王の名湯を満喫/ご夕食は温泉街へ|meal:meal_included|occ:2a0c1r|los:1|text:【朝食無料サービス】~onsen&stay~森に包まれたリゾート空間で蔵王の名湯を満喫/ご夕食は温泉街へ|2|0|1|1|core_competitor_obs_20260819_165002,b21d3e944ef4125bd6af0e98c6ed3c48ade4e65fa96c1a0558da56d3053910cc,oakhill,ONSEN & STAY OAKHILL,jalan,2026-09-02,2026-08-19T17:07:58+09:00,room:倶楽部ルーム|plan:【朝食無料サービス】~onsen&stay~森に包まれたリゾート空間で蔵王の名湯を満喫/ご夕食は温泉街へ|meal:meal_included|occ:2a0c1r|los:1,倶楽部ルーム,text:【朝食無料サービス】~onsen&stay~森に包まれたリゾート空間で蔵王の名湯を満喫/ご夕食は温泉街へ,【朝食無料サービス】~ONSEN&STAY~森に包まれたリゾート空間で蔵王の名湯を満喫/ご夕食は温泉街へ,2,0,1,1,JPY,22000,AVAILABLE,,UNKNOWN,PRODUCT,MEDIUM,02c1c809af837001d5b89ba2d474efe67f9d4a87a7127f720a809b3b94367f30,core_competitor_obs_20260819_165002
jalan|oakhill|2026-09-02|room:スタンダード和室|plan:【朝食無料サービス】~onsen&stay~森に包まれたリゾート空間で蔵王の名湯を満喫/ご夕食は温泉街へ|meal:meal_included|occ:2a0c1r|los:1|text:【朝食無料サービス】~onsen&stay~森に包まれたリゾート空間で蔵王の名湯を満喫/ご夕食は温泉街へ|2|0|1|1|core_competitor_obs_20260819_165002,92d90fb6d13f81fbcc4a35cea5ac8345df32fa6f25a7fdb9d5acae31212d6ca9,oakhill,ONSEN & STAY OAKHILL,jalan,2026-09-02,2026-08-19T17:07:58+09:00,room:スタンダード和室|plan:【朝食無料サービス】~onsen&stay~森に包まれたリゾート空間で蔵王の名湯を満喫/ご夕食は温泉街へ|meal:meal_included|occ:2a0c1r|los:1,スタンダード和室,text:【朝食無料サービス】~onsen&stay~森に包まれたリゾート空間で蔵王の名湯を満喫/ご夕食は温泉街へ,【朝食無料サービス】~ONSEN&STAY~森に包まれたリゾート空間で蔵王の名湯を満喫/ご夕食は温泉街へ,2,0,1,1,JPY,20000,AVAILABLE,,UNKNOWN,PRODUCT,MEDIUM,e770020e7a0f9dcf6f89121a742dca3bdc9c2db0c94fc30abbcbd292a40d44ff,core_competitor_obs_20260819_165002
"jalan|oakhill|2026-09-02|room:デラックス和洋室|plan:【早割プラン★朝食無料】7日前までのご予約で1,100円off!森に包まれ蔵王の名湯を満喫/ご夕食は温泉街へ|meal:meal_included|occ:2a0c1r|los:1|text:【早割プラン★朝食無料】7日前までのご予約で1,100円off!森に包まれ蔵王の名湯を満喫/ご夕食は温泉街へ|2|0|1|1|core_competitor_obs_20260819_165002",31c4d9b9bc34ae8af2b98689342eaa10d18e9db245484d836dbb570c1c1e12c5,oakhill,ONSEN & STAY OAKHILL,jalan,2026-09-02,2026-08-19T17:07:58+09:00,"room:デラックス和洋室|plan:【早割プラン★朝食無料】7日前までのご予約で1,100円off!森に包まれ蔵王の名湯を満喫/ご夕食は温泉街へ|meal:meal_included|occ:2a0c1r|los:1",デラックス和洋室,"text:【早割プラン★朝食無料】7日前までのご予約で1,100円off!森に包まれ蔵王の名湯を満喫/ご夕食は温泉街へ","【早割プラン★朝食無料】7日前までのご予約で1,100円OFF!森に包まれ蔵王の名湯を満喫/ご夕食は温泉街へ",2,0,1,1,JPY,31800,AVAILABLE,3,PUBLIC_SCARCITY_COUNT,PRODUCT,HIGH,0a8184096eb4420297905591c574184ee29a809a732c09ea63bf4de2e7946c7e,core_competitor_obs_20260819_165002
"jalan|oakhill|2026-09-02|room:コーナー倶楽部トリプル|plan:【早割プラン★朝食無料】7日前までのご予約で1,100円off!森に包まれ蔵王の名湯を満喫/ご夕食は温泉街へ|meal:meal_included|occ:2a0c1r|los:1|text:【早割プラン★朝食無料】7日前までのご予約で1,100円off!森に包まれ蔵王の名湯を満喫/ご夕食は温泉街へ|2|0|1|1|core_competitor_obs_20260819_165002",d61c401a1ad77873f559a00f61e3b18a5d54163b3d74e4bc79a8a1f6c74e9f5e,oakhill,ONSEN & STAY OAKHILL,jalan,2026-09-02,2026-08-19T17:07:58+09:00,"room:コーナー倶楽部トリプル|plan:【早割プラン★朝食無料】7日前までのご予約で1,100円off!森に包まれ蔵王の名湯を満喫/ご夕食は温泉街へ|meal:meal_included|occ:2a0c1r|los:1",コーナー倶楽部トリプル,"text:【早割プラン★朝食無料】7日前までのご予約で1,100円off!森に包まれ蔵王の名湯を満喫/ご夕食は温泉街へ","【早割プラン★朝食無料】7日前までのご予約で1,100円OFF!森に包まれ蔵王の名湯を満喫/ご夕食は温泉街へ",2,0,1,1,JPY,27800,AVAILABLE,3,PUBLIC_SCARCITY_COUNT,PRODUCT,HIGH,2f3b95371532a799063314d8505a05c340b29b74cf34f8134079cc8723581bb7,core_competitor_obs_20260819_165002
"jalan|oakhill|2026-09-02|room:スタンダードツイン|plan:【早割プラン★朝食無料】7日前までのご予約で1,100円off!森に包まれ蔵王の名湯を満喫/ご夕食は温泉街へ|meal:meal_included|occ:2a0c1r|los:1|text:【早割プラン★朝食無料】7日前までのご予約で1,100円off!森に包まれ蔵王の名湯を満喫/ご夕食は温泉街へ|2|0|1|1|core_competitor_obs_20260819_165002",9ad041ea5d5ea32954a09d091a7a69a9dde6cce20fc8cda4eda6ad42f26cdaa4,oakhill,ONSEN & STAY OAKHILL,jalan,2026-09-02,2026-08-19T17:07:58+09:00,"room:スタンダードツイン|plan:【早割プラン★朝食無料】7日前までのご予約で1,100円off!森に包まれ蔵王の名湯を満喫/ご夕食は温泉街へ|meal:meal_included|occ:2a0c1r|los:1",スタンダードツイン,"text:【早割プラン★朝食無料】7日前までのご予約で1,100円off!森に包まれ蔵王の名湯を満喫/ご夕食は温泉街へ","【早割プラン★朝食無料】7日前までのご予約で1,100円OFF!森に包まれ蔵王の名湯を満喫/ご夕食は温泉街へ",2,0,1,1,JPY,20800,AVAILABLE,2,PUBLIC_SCARCITY_COUNT,PRODUCT,HIGH,8cb5b7b1c17445c3710c2024aeab1812a0145fe1e8bf0ffd1c020ddff1db1563,core_competitor_obs_20260819_165002
"jalan|oakhill|2026-09-02|room:倶楽部ルーム|plan:【早割プラン★朝食無料】7日前までのご予約で1,100円off!森に包まれ蔵王の名湯を満喫/ご夕食は温泉街へ|meal:meal_included|occ:2a0c1r|los:1|text:【早割プラン★朝食無料】7日前までのご予約で1,100円off!森に包まれ蔵王の名湯を満喫/ご夕食は温泉街へ|2|0|1|1|core_competitor_obs_20260819_165002",43ab529eba5dee6105dd91095faefca35edc066e79c0dfab55e64f0cca7e9a64,oakhill,ONSEN & STAY OAKHILL,jalan,2026-09-02,2026-08-19T17:07:58+09:00,"room:倶楽部ルーム|plan:【早割プラン★朝食無料】7日前までのご予約で1,100円off!森に包まれ蔵王の名湯を満喫/ご夕食は温泉街へ|meal:meal_included|occ:2a0c1r|los:1",倶楽部ルーム,"text:【早割プラン★朝食無料】7日前までのご予約で1,100円off!森に包まれ蔵王の名湯を満喫/ご夕食は温泉街へ","【早割プラン★朝食無料】7日前までのご予約で1,100円OFF!森に包まれ蔵王の名湯を満喫/ご夕食は温泉街へ",2,0,1,1,JPY,19800,AVAILABLE,,UNKNOWN,PRODUCT,MEDIUM,4c1fe96f9c1d0185ecc0ae112d500beadc616ffc2c7b0906fa1647f542f584db,core_competitor_obs_20260819_165002
"jalan|oakhill|2026-09-02|room:スタンダード和室|plan:【早割プラン★朝食無料】7日前までのご予約で1,100円off!森に包まれ蔵王の名湯を満喫/ご夕食は温泉街へ|meal:meal_included|occ:2a0c1r|los:1|text:【早割プラン★朝食無料】7日前までのご予約で1,100円off!森に包まれ蔵王の名湯を満喫/ご夕食は温泉街へ|2|0|1|1|core_competitor_obs_20260819_165002",50422262b908df06d95ac175826e62713a2f97cd6dbf9ee5166388af3f7d61aa,oakhill,ONSEN & STAY OAKHILL,jalan,2026-09-02,2026-08-19T17:07:58+09:00,"room:スタンダード和室|plan:【早割プラン★朝食無料】7日前までのご予約で1,100円off!森に包まれ蔵王の名湯を満喫/ご夕食は温泉街へ|meal:meal_included|occ:2a0c1r|los:1",スタンダード和室,"text:【早割プラン★朝食無料】7日前までのご予約で1,100円off!森に包まれ蔵王の名湯を満喫/ご夕食は温泉街へ","【早割プラン★朝食無料】7日前までのご予約で1,100円OFF!森に包まれ蔵王の名湯を満喫/ご夕食は温泉街へ",2,0,1,1,JPY,17800,AVAILABLE,,UNKNOWN,PRODUCT,MEDIUM,c4fdd334b7f77c514557f4ef7eb4739063e62c1b11e3907934d49a6726ea7104,core_competitor_obs_20260819_165002
jalan|oakhill|2026-09-02|room:デラックス和洋室|plan:≪じゃらん限定ポイント10%≫【朝食無料サービス】森に包まれ蔵王の名湯を満喫/ご夕食は温泉街|meal:meal_included|occ:2a0c1r|los:1|text:≪じゃらん限定ポイント10%≫【朝食無料サービス】森に包まれ蔵王の名湯を満喫/ご夕食は温泉街|2|0|1|1|core_competitor_obs_20260819_165002,2a00e3118853ada1722a8f1129e63627ae692e5a94b9dd37c69643de4912a894,oakhill,ONSEN & STAY OAKHILL,jalan,2026-09-02,2026-08-19T17:07:58+09:00,room:デラックス和洋室|plan:≪じゃらん限定ポイント10%≫【朝食無料サービス】森に包まれ蔵王の名湯を満喫/ご夕食は温泉街|meal:meal_included|occ:2a0c1r|los:1,デラックス和洋室,text:≪じゃらん限定ポイント10%≫【朝食無料サービス】森に包まれ蔵王の名湯を満喫/ご夕食は温泉街,≪じゃらん限定ポイント10%≫【朝食無料サービス】森に包まれ蔵王の名湯を満喫/ご夕食は温泉街,2,0,1,1,JPY,35700,AVAILABLE,3,PUBLIC_SCARCITY_COUNT,PRODUCT,HIGH,394de60c317580c63f38bfc480e1f6ab3ca81a6667b69d3b40742d7919315e6e,core_competitor_obs_20260819_165002
jalan|oakhill|2026-09-02|room:コーナー倶楽部トリプル|plan:≪じゃらん限定ポイント10%≫【朝食無料サービス】森に包まれ蔵王の名湯を満喫/ご夕食は温泉街|meal:meal_included|occ:2a0c1r|los:1|text:≪じゃらん限定ポイント10%≫【朝食無料サービス】森に包まれ蔵王の名湯を満喫/ご夕食は温泉街|2|0|1|1|core_competitor_obs_20260819_165002,14b640433f426861efb763a55412dd6b02b3cbfd7d6b3df1eba6373435745bdf,oakhill,ONSEN & STAY OAKHILL,jalan,2026-09-02,2026-08-19T17:07:58+09:00,room:コーナー倶楽部トリプル|plan:≪じゃらん限定ポイント10%≫【朝食無料サービス】森に包まれ蔵王の名湯を満喫/ご夕食は温泉街|meal:meal_included|occ:2a0c1r|los:1,コーナー倶楽部トリプル,text:≪じゃらん限定ポイント10%≫【朝食無料サービス】森に包まれ蔵王の名湯を満喫/ご夕食は温泉街,≪じゃらん限定ポイント10%≫【朝食無料サービス】森に包まれ蔵王の名湯を満喫/ご夕食は温泉街,2,0,1,1,JPY,31500,AVAILABLE,3,PUBLIC_SCARCITY_COUNT,PRODUCT,HIGH,6d5a6a0a846840c38a2073cb3d53e72bf79d99c360c87ccfee591e68b9a92e93,core_competitor_obs_20260819_165002
jalan|oakhill|2026-09-02|room:スタンダードツイン|plan:≪じゃらん限定ポイント10%≫【朝食無料サービス】森に包まれ蔵王の名湯を満喫/ご夕食は温泉街|meal:meal_included|occ:2a0c1r|los:1|text:≪じゃらん限定ポイント10%≫【朝食無料サービス】森に包まれ蔵王の名湯を満喫/ご夕食は温泉街|2|0|1|1|core_competitor_obs_20260819_165002,3fbeee4b66a32dd014665ca9f9e745b03f5ac3eb6b3999bc170ef03c0550fa14,oakhill,ONSEN & STAY OAKHILL,jalan,2026-09-02,2026-08-19T17:07:58+09:00,room:スタンダードツイン|plan:≪じゃらん限定ポイント10%≫【朝食無料サービス】森に包まれ蔵王の名湯を満喫/ご夕食は温泉街|meal:meal_included|occ:2a0c1r|los:1,スタンダードツイン,text:≪じゃらん限定ポイント10%≫【朝食無料サービス】森に包まれ蔵王の名湯を満喫/ご夕食は温泉街,≪じゃらん限定ポイント10%≫【朝食無料サービス】森に包まれ蔵王の名湯を満喫/ご夕食は温泉街,2,0,1,1,JPY,24150,AVAILABLE,2,PUBLIC_SCARCITY_COUNT,PRODUCT,HIGH,67de315efaf2773575abf48caa16789de31d307e9ccf3b0d3c44b5e1953e20c2,core_competitor_obs_20260819_165002
jalan|oakhill|2026-09-02|room:倶楽部ルーム|plan:≪じゃらん限定ポイント10%≫【朝食無料サービス】森に包まれ蔵王の名湯を満喫/ご夕食は温泉街|meal:meal_included|occ:2a0c1r|los:1|text:≪じゃらん限定ポイント10%≫【朝食無料サービス】森に包まれ蔵王の名湯を満喫/ご夕食は温泉街|2|0|1|1|core_competitor_obs_20260819_165002,e4c1bc1cee3a934fab7d3dc6e112786251ae9d142aefdf31a5ec89b63d30d33b,oakhill,ONSEN & STAY OAKHILL,jalan,2026-09-02,2026-08-19T17:07:58+09:00,room:倶楽部ルーム|plan:≪じゃらん限定ポイント10%≫【朝食無料サービス】森に包まれ蔵王の名湯を満喫/ご夕食は温泉街|meal:meal_included|occ:2a0c1r|los:1,倶楽部ルーム,text:≪じゃらん限定ポイント10%≫【朝食無料サービス】森に包まれ蔵王の名湯を満喫/ご夕食は温泉街,≪じゃらん限定ポイント10%≫【朝食無料サービス】森に包まれ蔵王の名湯を満喫/ご夕食は温泉街,2,0,1,1,JPY,23100,AVAILABLE,,UNKNOWN,PRODUCT,MEDIUM,3487b148cf87ec505a02d3b424993ae5fa8dd50b22830776ee3605aa9d1ad233,core_competitor_obs_20260819_165002
jalan|oakhill|2026-09-02|room:スタンダード和室|plan:≪じゃらん限定ポイント10%≫【朝食無料サービス】森に包まれ蔵王の名湯を満喫/ご夕食は温泉街|meal:meal_included|occ:2a0c1r|los:1|text:≪じゃらん限定ポイント10%≫【朝食無料サービス】森に包まれ蔵王の名湯を満喫/ご夕食は温泉街|2|0|1|1|core_competitor_obs_20260819_165002,7a9457e1c953370b3d18b5e97dae4b6aee6fad795437aa1611af10447cd9732e,oakhill,ONSEN & STAY OAKHILL,jalan,2026-09-02,2026-08-19T17:07:58+09:00,room:スタンダード和室|plan:≪じゃらん限定ポイント10%≫【朝食無料サービス】森に包まれ蔵王の名湯を満喫/ご夕食は温泉街|meal:meal_included|occ:2a0c1r|los:1,スタンダード和室,text:≪じゃらん限定ポイント10%≫【朝食無料サービス】森に包まれ蔵王の名湯を満喫/ご夕食は温泉街,≪じゃらん限定ポイント10%≫【朝食無料サービス】森に包まれ蔵王の名湯を満喫/ご夕食は温泉街,2,0,1,1,JPY,21000,AVAILABLE,,UNKNOWN,PRODUCT,MEDIUM,261e673884dec8d2211bf6acf11da887c2ffab0ce23944617dca54c4648a0369,core_competitor_obs_20260819_165002
jalan|oakhill|2026-09-02|room:デラックス和洋室|plan:【じゃらんのお得な10日間】10%off!朝食無料サービス!森に包まれたリゾート空間で蔵王の名湯を満喫|meal:meal_included|occ:2a0c1r|los:1|text:【じゃらんのお得な10日間】10%off!朝食無料サービス!森に包まれたリゾート空間で蔵王の名湯を満喫|2|0|1|1|core_competitor_obs_20260819_165002,5fa68cba485e59e3edb0bd7c549ec9bb0281d63e3db6f6d6225ef6e0a297c2c2,oakhill,ONSEN & STAY OAKHILL,jalan,2026-09-02,2026-08-19T17:07:58+09:00,room:デラックス和洋室|plan:【じゃらんのお得な10日間】10%off!朝食無料サービス!森に包まれたリゾート空間で蔵王の名湯を満喫|meal:meal_included|occ:2a0c1r|los:1,デラックス和洋室,text:【じゃらんのお得な10日間】10%off!朝食無料サービス!森に包まれたリゾート空間で蔵王の名湯を満喫,【じゃらんのお得な10日間】10%OFF!朝食無料サービス!森に包まれたリゾート空間で蔵王の名湯を満喫,2,0,1,1,JPY,30600,AVAILABLE,3,PUBLIC_SCARCITY_COUNT,PRODUCT,HIGH,e848ea7afcd3d0f5ae595419b7c4cafc0a33a17859e173b2462b5278fdb11966,core_competitor_obs_20260819_165002
jalan|oakhill|2026-09-02|room:コーナー倶楽部トリプル|plan:【じゃらんのお得な10日間】10%off!朝食無料サービス!森に包まれたリゾート空間で蔵王の名湯を満喫|meal:meal_included|occ:2a0c1r|los:1|text:【じゃらんのお得な10日間】10%off!朝食無料サービス!森に包まれたリゾート空間で蔵王の名湯を満喫|2|0|1|1|core_competitor_obs_20260819_165002,a7574a34dab6d37206490bbd2b0d5feb3dc34343f061186f43e19fd6dbd78117,oakhill,ONSEN & STAY OAKHILL,jalan,2026-09-02,2026-08-19T17:07:58+09:00,room:コーナー倶楽部トリプル|plan:【じゃらんのお得な10日間】10%off!朝食無料サービス!森に包まれたリゾート空間で蔵王の名湯を満喫|meal:meal_included|occ:2a0c1r|los:1,コーナー倶楽部トリプル,text:【じゃらんのお得な10日間】10%off!朝食無料サービス!森に包まれたリゾート空間で蔵王の名湯を満喫,【じゃらんのお得な10日間】10%OFF!朝食無料サービス!森に包まれたリゾート空間で蔵王の名湯を満喫,2,0,1,1,JPY,27000,AVAILABLE,3,PUBLIC_SCARCITY_COUNT,PRODUCT,HIGH,b64647f4a065e4d7bb8a81a60d08f9873f7b84e844c7ca0e26fad68477b0dc8d,core_competitor_obs_20260819_165002
jalan|oakhill|2026-09-02|room:スタンダードツイン|plan:【じゃらんのお得な10日間】10%off!朝食無料サービス!森に包まれたリゾート空間で蔵王の名湯を満喫|meal:meal_included|occ:2a0c1r|los:1|text:【じゃらんのお得な10日間】10%off!朝食無料サービス!森に包まれたリゾート空間で蔵王の名湯を満喫|2|0|1|1|core_competitor_obs_20260819_165002,74495d9bdf9de98a12ca17147a59ef2957e7b606144cbf8d8f708cdfceb106fb,oakhill,ONSEN & STAY OAKHILL,jalan,2026-09-02,2026-08-19T17:07:58+09:00,room:スタンダードツイン|plan:【じゃらんのお得な10日間】10%off!朝食無料サービス!森に包まれたリゾート空間で蔵王の名湯を満喫|meal:meal_included|occ:2a0c1r|los:1,スタンダードツイン,text:【じゃらんのお得な10日間】10%off!朝食無料サービス!森に包まれたリゾート空間で蔵王の名湯を満喫,【じゃらんのお得な10日間】10%OFF!朝食無料サービス!森に包まれたリゾート空間で蔵王の名湯を満喫,2,0,1,1,JPY,20700,AVAILABLE,2,PUBLIC_SCARCITY_COUNT,PRODUCT,HIGH,9a77ad3c2cc36a687ea6eed1ca8c7530185c084e8f6bf325c79de6e9fe3e28f1,core_competitor_obs_20260819_165002
jalan|oakhill|2026-09-02|room:倶楽部ルーム|plan:【じゃらんのお得な10日間】10%off!朝食無料サービス!森に包まれたリゾート空間で蔵王の名湯を満喫|meal:meal_included|occ:2a0c1r|los:1|text:【じゃらんのお得な10日間】10%off!朝食無料サービス!森に包まれたリゾート空間で蔵王の名湯を満喫|2|0|1|1|core_competitor_obs_20260819_165002,1c814df98b61891f99fd26e2c078e399fe604661a707361353d72fc5e6541866,oakhill,ONSEN & STAY OAKHILL,jalan,2026-09-02,2026-08-19T17:07:58+09:00,room:倶楽部ルーム|plan:【じゃらんのお得な10日間】10%off!朝食無料サービス!森に包まれたリゾート空間で蔵王の名湯を満喫|meal:meal_included|occ:2a0c1r|los:1,倶楽部ルーム,text:【じゃらんのお得な10日間】10%off!朝食無料サービス!森に包まれたリゾート空間で蔵王の名湯を満喫,【じゃらんのお得な10日間】10%OFF!朝食無料サービス!森に包まれたリゾート空間で蔵王の名湯を満喫,2,0,1,1,JPY,19800,AVAILABLE,,UNKNOWN,PRODUCT,MEDIUM,4c1fe96f9c1d0185ecc0ae112d500beadc616ffc2c7b0906fa1647f542f584db,core_competitor_obs_20260819_165002
jalan|oakhill|2026-09-02|room:スタンダード和室|plan:【じゃらんのお得な10日間】10%off!朝食無料サービス!森に包まれたリゾート空間で蔵王の名湯を満喫|meal:meal_included|occ:2a0c1r|los:1|text:【じゃらんのお得な10日間】10%off!朝食無料サービス!森に包まれたリゾート空間で蔵王の名湯を満喫|2|0|1|1|core_competitor_obs_20260819_165002,d3c8b95a8f6f43d80f186840ec6a84e19e17065b03205d2e23e5a4f3dfe51237,oakhill,ONSEN & STAY OAKHILL,jalan,2026-09-02,2026-08-19T17:07:58+09:00,room:スタンダード和室|plan:【じゃらんのお得な10日間】10%off!朝食無料サービス!森に包まれたリゾート空間で蔵王の名湯を満喫|meal:meal_included|occ:2a0c1r|los:1,スタンダード和室,text:【じゃらんのお得な10日間】10%off!朝食無料サービス!森に包まれたリゾート空間で蔵王の名湯を満喫,【じゃらんのお得な10日間】10%OFF!朝食無料サービス!森に包まれたリゾート空間で蔵王の名湯を満喫,2,0,1,1,JPY,18000,AVAILABLE,,UNKNOWN,PRODUCT,MEDIUM,48f393d7e44ffe7245a6a41a88ae8d60158c1333c445435e9f085da521a3f6bd,core_competitor_obs_20260819_165002
jalan|oakhill|2026-09-02|room:デラックス和洋室|plan:【素泊まりプラン】~onsen&stay~森に包まれたリゾート空間で蔵王の名湯を満喫/ご夕食は温泉街へ|meal:confirmed_room_only|occ:2a0c1r|los:1|text:【素泊まりプラン】~onsen&stay~森に包まれたリゾート空間で蔵王の名湯を満喫/ご夕食は温泉街へ|2|0|1|1|core_competitor_obs_20260819_165002,e7c5d1b4a79935430e115f883654fc99b918fb1365bdc8a4f1de47e68ae54865,oakhill,ONSEN & STAY OAKHILL,jalan,2026-09-02,2026-08-19T17:07:58+09:00,room:デラックス和洋室|plan:【素泊まりプラン】~onsen&stay~森に包まれたリゾート空間で蔵王の名湯を満喫/ご夕食は温泉街へ|meal:confirmed_room_only|occ:2a0c1r|los:1,デラックス和洋室,text:【素泊まりプラン】~onsen&stay~森に包まれたリゾート空間で蔵王の名湯を満喫/ご夕食は温泉街へ,【素泊まりプラン】~ONSEN&STAY~森に包まれたリゾート空間で蔵王の名湯を満喫/ご夕食は温泉街へ,2,0,1,1,JPY,34000,AVAILABLE,3,PUBLIC_SCARCITY_COUNT,PRODUCT,HIGH,a899cb08895e8bdf43fba0306bbbf439a659fb00c674ab91ee0d02751e215fff,core_competitor_obs_20260819_165002
jalan|oakhill|2026-09-02|room:コーナー倶楽部トリプル|plan:【素泊まりプラン】~onsen&stay~森に包まれたリゾート空間で蔵王の名湯を満喫/ご夕食は温泉街へ|meal:confirmed_room_only|occ:2a0c1r|los:1|text:【素泊まりプラン】~onsen&stay~森に包まれたリゾート空間で蔵王の名湯を満喫/ご夕食は温泉街へ|2|0|1|1|core_competitor_obs_20260819_165002,b12d0eee8317e9c36af481ca2b0af79664338c688bc9423945e7251e1a0a6794,oakhill,ONSEN & STAY OAKHILL,jalan,2026-09-02,2026-08-19T17:07:58+09:00,room:コーナー倶楽部トリプル|plan:【素泊まりプラン】~onsen&stay~森に包まれたリゾート空間で蔵王の名湯を満喫/ご夕食は温泉街へ|meal:confirmed_room_only|occ:2a0c1r|los:1,コーナー倶楽部トリプル,text:【素泊まりプラン】~onsen&stay~森に包まれたリゾート空間で蔵王の名湯を満喫/ご夕食は温泉街へ,【素泊まりプラン】~ONSEN&STAY~森に包まれたリゾート空間で蔵王の名湯を満喫/ご夕食は温泉街へ,2,0,1,1,JPY,30000,AVAILABLE,3,PUBLIC_SCARCITY_COUNT,PRODUCT,HIGH,c10a2826be6018f4c87e766980a06391c31a575a5a1c1ed2d389102b627e81b9,core_competitor_obs_20260819_165002
jalan|oakhill|2026-09-02|room:スタンダードツイン|plan:【素泊まりプラン】~onsen&stay~森に包まれたリゾート空間で蔵王の名湯を満喫/ご夕食は温泉街へ|meal:confirmed_room_only|occ:2a0c1r|los:1|text:【素泊まりプラン】~onsen&stay~森に包まれたリゾート空間で蔵王の名湯を満喫/ご夕食は温泉街へ|2|0|1|1|core_competitor_obs_20260819_165002,7bc777594df4e4badbca7c543278c7830f7301f01ce7f8eaf217737a7b176a13,oakhill,ONSEN & STAY OAKHILL,jalan,2026-09-02,2026-08-19T17:07:58+09:00,room:スタンダードツイン|plan:【素泊まりプラン】~onsen&stay~森に包まれたリゾート空間で蔵王の名湯を満喫/ご夕食は温泉街へ|meal:confirmed_room_only|occ:2a0c1r|los:1,スタンダードツイン,text:【素泊まりプラン】~onsen&stay~森に包まれたリゾート空間で蔵王の名湯を満喫/ご夕食は温泉街へ,【素泊まりプラン】~ONSEN&STAY~森に包まれたリゾート空間で蔵王の名湯を満喫/ご夕食は温泉街へ,2,0,1,1,JPY,23000,AVAILABLE,2,PUBLIC_SCARCITY_COUNT,PRODUCT,HIGH,0142acb8711027972bd3b2731c59f71f93cac8a7a14c40a390477f7c39e7f93b,core_competitor_obs_20260819_165002
jalan|oakhill|2026-09-02|room:倶楽部ルーム|plan:【素泊まりプラン】~onsen&stay~森に包まれたリゾート空間で蔵王の名湯を満喫/ご夕食は温泉街へ|meal:confirmed_room_only|occ:2a0c1r|los:1|text:【素泊まりプラン】~onsen&stay~森に包まれたリゾート空間で蔵王の名湯を満喫/ご夕食は温泉街へ|2|0|1|1|core_competitor_obs_20260819_165002,4776e863208b9c99bd5eb5c2d6569445ed545700805ceb77d8423a964e113bca,oakhill,ONSEN & STAY OAKHILL,jalan,2026-09-02,2026-08-19T17:07:58+09:00,room:倶楽部ルーム|plan:【素泊まりプラン】~onsen&stay~森に包まれたリゾート空間で蔵王の名湯を満喫/ご夕食は温泉街へ|meal:confirmed_room_only|occ:2a0c1r|los:1,倶楽部ルーム,text:【素泊まりプラン】~onsen&stay~森に包まれたリゾート空間で蔵王の名湯を満喫/ご夕食は温泉街へ,【素泊まりプラン】~ONSEN&STAY~森に包まれたリゾート空間で蔵王の名湯を満喫/ご夕食は温泉街へ,2,0,1,1,JPY,22000,AVAILABLE,,UNKNOWN,PRODUCT,MEDIUM,02c1c809af837001d5b89ba2d474efe67f9d4a87a7127f720a809b3b94367f30,core_competitor_obs_20260819_165002
jalan|oakhill|2026-09-02|room:スタンダード和室|plan:【素泊まりプラン】~onsen&stay~森に包まれたリゾート空間で蔵王の名湯を満喫/ご夕食は温泉街へ|meal:confirmed_room_only|occ:2a0c1r|los:1|text:【素泊まりプラン】~onsen&stay~森に包まれたリゾート空間で蔵王の名湯を満喫/ご夕食は温泉街へ|2|0|1|1|core_competitor_obs_20260819_165002,01b93338a90b93e9458c948fe9614c0d9325464ccabebf9bc47d9bbf291dfc53,oakhill,ONSEN & STAY OAKHILL,jalan,2026-09-02,2026-08-19T17:07:58+09:00,room:スタンダード和室|plan:【素泊まりプラン】~onsen&stay~森に包まれたリゾート空間で蔵王の名湯を満喫/ご夕食は温泉街へ|meal:confirmed_room_only|occ:2a0c1r|los:1,スタンダード和室,text:【素泊まりプラン】~onsen&stay~森に包まれたリゾート空間で蔵王の名湯を満喫/ご夕食は温泉街へ,【素泊まりプラン】~ONSEN&STAY~森に包まれたリゾート空間で蔵王の名湯を満喫/ご夕食は温泉街へ,2,0,1,1,JPY,20000,AVAILABLE,,UNKNOWN,PRODUCT,MEDIUM,e770020e7a0f9dcf6f89121a742dca3bdc9c2db0c94fc30abbcbd292a40d44ff,core_competitor_obs_20260819_165002
booking|hammond|2026-09-01|text:和室|unknown_rate|2|0|1|1|core_competitor_obs_20260820_045002,e604f6979150d028b99a12de8be964a086d695f293841dba9dd3323ca692866a,hammond,HAMMOND,booking,2026-09-01,2026-08-20T04:52:44+09:00,text:和室,和室,,,2,0,1,1,JPY,13860,AVAILABLE,4,PUBLIC_SCARCITY_COUNT,PRODUCT,MEDIUM,d59ae3da4d3fde92b980f4a6e17a200f8d10d9820c70b5026724fdde45a3728b,core_competitor_obs_20260820_045002
booking|hammond|2026-09-02|text:和室|unknown_rate|2|0|1|1|core_competitor_obs_20260820_045002,e0e49d3b165e506b7d244d9420136aae29f081431ec6c66752fba255143d1654,hammond,HAMMOND,booking,2026-09-02,2026-08-20T04:52:58+09:00,text:和室,和室,,,2,0,1,1,JPY,13860,AVAILABLE,5,PUBLIC_SCARCITY_COUNT,PRODUCT,MEDIUM,ed262dd8eaa5f390ead25a35977063c3555a7b6ba8e559d557533ffd45e6ab14,core_competitor_obs_20260820_045002
booking|hammond|2026-09-03|text:和室|unknown_rate|2|0|1|1|core_competitor_obs_20260820_045002,efa8b7a4e9092ca5ad51e28b29f68e62ab4d7b35da9433e180381db53eb39f9b,hammond,HAMMOND,booking,2026-09-03,2026-08-20T04:53:10+09:00,text:和室,和室,,,2,0,1,1,JPY,13860,AVAILABLE,6,PUBLIC_SCARCITY_COUNT,PRODUCT,MEDIUM,2ed1f065ad6a93cddf5adc85cef6bc19419ea9606e493d18c7a0525c89c93079,core_competitor_obs_20260820_045002
booking|yoshidaya|2026-09-01|text:和室|unknown_rate|2|0|1|1|core_competitor_obs_20260820_045002,b7fffeed11744d6feafb325b6fcb7700126ac0f5e139cfbb4fd4082a1792856a,yoshidaya,吉田屋,booking,2026-09-01,2026-08-20T04:55:48+09:00,text:和室,和室,,,2,0,1,1,JPY,16830,AVAILABLE,6,PUBLIC_SCARCITY_COUNT,PRODUCT,HIGH,e2afa19574c73607941f978bc77f0b069a0f18a54a6dab288fa42475abc9ad8c,core_competitor_obs_20260820_045002
booking|yoshidaya|2026-09-02|text:和室|unknown_rate|2|0|1|1|core_competitor_obs_20260820_045002,7049f3e162ae1db49274418f778f5b8212856fd41d558d9e0cf9567884395a4c,yoshidaya,吉田屋,booking,2026-09-02,2026-08-20T04:56:01+09:00,text:和室,和室,,,2,0,1,1,JPY,16830,AVAILABLE,7,PUBLIC_SCARCITY_COUNT,PRODUCT,HIGH,c48e3d7fea9fc48a8c5c6acb0f12746e1209421511bb13e8019c3efd8f47ca4e,core_competitor_obs_20260820_045002
booking|yoshidaya|2026-09-03|text:和室|unknown_rate|2|0|1|1|core_competitor_obs_20260820_045002,1fddd26249dcafb07fad645ae62ae271c72094ee4138950fe486b5c0db0a4d06,yoshidaya,吉田屋,booking,2026-09-03,2026-08-20T04:56:15+09:00,text:和室,和室,,,2,0,1,1,JPY,16830,AVAILABLE,,BINARY_AVAILABILITY,UNKNOWN,HIGH,058daa1f0e7c73796879b431eb0455f9384d2e9aef2768c41660f2104d014163,core_competitor_obs_20260820_045002
booking|oakhill|2026-09-01|unknown_product|unknown_rate|2|0|1|1|core_competitor_obs_20260820_045002,95cc6424912ad95d882e7ec86c504dcd25aa4a9aa66cee1f82f4a8b22823fd8c,oakhill,ONSEN & STAY OAKHILL,booking,2026-09-01,2026-08-20T04:58:57+09:00,,,,,2,0,1,1,JPY,24200,AVAILABLE,3,PUBLIC_SCARCITY_COUNT,PRODUCT,LOW,37982a37c832b94311889f1b0c390cf0a97b3279cb41c4be21a768f440b74b2b,core_competitor_obs_20260820_045002
booking|oakhill|2026-09-02|unknown_product|unknown_rate|2|0|1|1|core_competitor_obs_20260820_045002,e59efeecbca07936628e6907a2447e4c58f7920ad2f821de369a0320b691a9a8,oakhill,ONSEN & STAY OAKHILL,booking,2026-09-02,2026-08-20T04:59:09+09:00,,,,,2,0,1,1,JPY,24200,AVAILABLE,4,PUBLIC_SCARCITY_COUNT,PRODUCT,LOW,0f9287b11711bd780c717cee8c8f4f4da00dbcd6941a864beb8aee561d696f80,core_competitor_obs_20260820_045002
booking|oakhill|2026-09-03|unknown_product|unknown_rate|2|0|1|1|core_competitor_obs_20260820_045002,e14a46d17e93da49f023505f0392329ec21a7f1f98bfd7e30bc27ef536fb5e99,oakhill,ONSEN & STAY OAKHILL,booking,2026-09-03,2026-08-20T04:59:23+09:00,,,,,2,0,1,1,JPY,24200,AVAILABLE,4,PUBLIC_SCARCITY_COUNT,PRODUCT,LOW,34e12d0b788f391e3e0f6d25ff448fb026f783b90d7470021dac89226464d6fe,core_competitor_obs_20260820_045002
jalan|hammond|2026-09-01|room:和室二間トリプルベッド|plan:【基本プラン☆素泊まり】蔵王温泉リーズナブルステイ!7箇所の湯めぐり無料特典♪ご夕食は温泉街へ|meal:confirmed_room_only|occ:2a0c1r|los:1|text:【基本プラン☆素泊まり】蔵王温泉リーズナブルステイ!7箇所の湯めぐり無料特典♪ご夕食は温泉街へ|2|0|1|1|core_competitor_obs_20260820_045002,44a00374e2dd097ac8d06f8797ae83e4a111473788722b8294c1d9e79a81c398,hammond,HAMMOND,jalan,2026-09-01,2026-08-20T05:01:57+09:00,room:和室二間トリプルベッド|plan:【基本プラン☆素泊まり】蔵王温泉リーズナブルステイ!7箇所の湯めぐり無料特典♪ご夕食は温泉街へ|meal:confirmed_room_only|occ:2a0c1r|los:1,和室二間トリプルベッド,text:【基本プラン☆素泊まり】蔵王温泉リーズナブルステイ!7箇所の湯めぐり無料特典♪ご夕食は温泉街へ,【基本プラン☆素泊まり】蔵王温泉リーズナブルステイ!7箇所の湯めぐり無料特典♪ご夕食は温泉街へ,2,0,1,1,JPY,19800,AVAILABLE,3,PUBLIC_SCARCITY_COUNT,PRODUCT,HIGH,ff8f7b7048ac3fd26f1508114d00cc491a9fed0b0867dbf9df29d9e63588bbbf,core_competitor_obs_20260820_045002
jalan|hammond|2026-09-01|room:和室角部屋|plan:【基本プラン☆素泊まり】蔵王温泉リーズナブルステイ!7箇所の湯めぐり無料特典♪ご夕食は温泉街へ|meal:confirmed_room_only|occ:2a0c1r|los:1|text:【基本プラン☆素泊まり】蔵王温泉リーズナブルステイ!7箇所の湯めぐり無料特典♪ご夕食は温泉街へ|2|0|1|1|core_competitor_obs_20260820_045002,2bb185f392452d0839bdbab6dcf907a8a373835b86bcc3184eb22efc15af1cf2,hammond,HAMMOND,jalan,2026-09-01,2026-08-20T05:01:57+09:00,room:和室角部屋|plan:【基本プラン☆素泊まり】蔵王温泉リーズナブルステイ!7箇所の湯めぐり無料特典♪ご夕食は温泉街へ|meal:confirmed_room_only|occ:2a0c1r|los:1,和室角部屋,text:【基本プラン☆素泊まり】蔵王温泉リーズナブルステイ!7箇所の湯めぐり無料特典♪ご夕食は温泉街へ,【基本プラン☆素泊まり】蔵王温泉リーズナブルステイ!7箇所の湯めぐり無料特典♪ご夕食は温泉街へ,2,0,1,1,JPY,18000,AVAILABLE,2,PUBLIC_SCARCITY_COUNT,PRODUCT,HIGH,a3a3bd0834832e481901f506140475512f2a5192be06f4743f0bb07ea71c3607,core_competitor_obs_20260820_045002
jalan|hammond|2026-09-01|room:スタンダード和室|plan:【基本プラン☆素泊まり】蔵王温泉リーズナブルステイ!7箇所の湯めぐり無料特典♪ご夕食は温泉街へ|meal:confirmed_room_only|occ:2a0c1r|los:1|text:【基本プラン☆素泊まり】蔵王温泉リーズナブルステイ!7箇所の湯めぐり無料特典♪ご夕食は温泉街へ|2|0|1|1|core_competitor_obs_20260820_045002,870452a598a56e23d0e700580e33c67687df9d7e7a3c6e65e8522e8d843a2978,hammond,HAMMOND,jalan,2026-09-01,2026-08-20T05:01:57+09:00,room:スタンダード和室|plan:【基本プラン☆素泊まり】蔵王温泉リーズナブルステイ!7箇所の湯めぐり無料特典♪ご夕食は温泉街へ|meal:confirmed_room_only|occ:2a0c1r|los:1,スタンダード和室,text:【基本プラン☆素泊まり】蔵王温泉リーズナブルステイ!7箇所の湯めぐり無料特典♪ご夕食は温泉街へ,【基本プラン☆素泊まり】蔵王温泉リーズナブルステイ!7箇所の湯めぐり無料特典♪ご夕食は温泉街へ,2,0,1,1,JPY,14000,AVAILABLE,,UNKNOWN,PRODUCT,MEDIUM,a09145f883935efc2b7712c497a641b771124721a007c3db980880e9f48ab4eb,core_competitor_obs_20260820_045002
jalan|hammond|2026-09-01|room:スタンダード洋室|plan:【基本プラン☆素泊まり】蔵王温泉リーズナブルステイ!7箇所の湯めぐり無料特典♪ご夕食は温泉街へ|meal:confirmed_room_only|occ:2a0c1r|los:1|text:【基本プラン☆素泊まり】蔵王温泉リーズナブルステイ!7箇所の湯めぐり無料特典♪ご夕食は温泉街へ|2|0|1|1|core_competitor_obs_20260820_045002,41b78a87da75eae9e78cb4c132a16276405249da1e541345a8d681cf6806ab07,hammond,HAMMOND,jalan,2026-09-01,2026-08-20T05:01:57+09:00,room:スタンダード洋室|plan:【基本プラン☆素泊まり】蔵王温泉リーズナブルステイ!7箇所の湯めぐり無料特典♪ご夕食は温泉街へ|meal:confirmed_room_only|occ:2a0c1r|los:1,スタンダード洋室,text:【基本プラン☆素泊まり】蔵王温泉リーズナブルステイ!7箇所の湯めぐり無料特典♪ご夕食は温泉街へ,【基本プラン☆素泊まり】蔵王温泉リーズナブルステイ!7箇所の湯めぐり無料特典♪ご夕食は温泉街へ,2,0,1,1,JPY,14000,AVAILABLE,,UNKNOWN,PRODUCT,MEDIUM,5afa64dc8289005ed93ac363404ffb2cec797cffbdff4f1aaaaf0c69cf4e6597,core_competitor_obs_20260820_045002
jalan|hammond|2026-09-01|room:倶楽部ルーム|plan:【基本プラン☆素泊まり】蔵王温泉リーズナブルステイ!7箇所の湯めぐり無料特典♪ご夕食は温泉街へ|meal:confirmed_room_only|occ:2a0c1r|los:1|text:【基本プラン☆素泊まり】蔵王温泉リーズナブルステイ!7箇所の湯めぐり無料特典♪ご夕食は温泉街へ|2|0|1|1|core_competitor_obs_20260820_045002,af9ac8a81951a41b0661b2cb5ba50ec62291b620b1700dac9e0c4d30731bf646,hammond,HAMMOND,jalan,2026-09-01,2026-08-20T05:01:57+09:00,room:倶楽部ルーム|plan:【基本プラン☆素泊まり】蔵王温泉リーズナブルステイ!7箇所の湯めぐり無料特典♪ご夕食は温泉街へ|meal:confirmed_room_only|occ:2a0c1r|los:1,倶楽部ルーム,text:【基本プラン☆素泊まり】蔵王温泉リーズナブルステイ!7箇所の湯めぐり無料特典♪ご夕食は温泉街へ,【基本プラン☆素泊まり】蔵王温泉リーズナブルステイ!7箇所の湯めぐり無料特典♪ご夕食は温泉街へ,2,0,1,1,JPY,14000,AVAILABLE,3,PUBLIC_SCARCITY_COUNT,PRODUCT,HIGH,59b56931538ca748e197296131cd2fb141a385f7ccc72100f78a639a9ba0b8d3,core_competitor_obs_20260820_045002
jalan|hammond|2026-09-01|room:和室二間トリプルベッド|plan:【じゃらんのお得な10日間】素泊まり★10%off!湯めぐり無料特典☆直前割|meal:confirmed_room_only|occ:2a0c1r|los:1|text:【じゃらんのお得な10日間】素泊まり★10%off!湯めぐり無料特典☆直前割|2|0|1|1|core_competitor_obs_20260820_045002,35cc3576a5cdbf6a4ddf2c3eeef2e7046c64ae2bd4181568f96114f10e2a50ac,hammond,HAMMOND,jalan,2026-09-01,2026-08-20T05:01:57+09:00,room:和室二間トリプルベッド|plan:【じゃらんのお得な10日間】素泊まり★10%off!湯めぐり無料特典☆直前割|meal:confirmed_room_only|occ:2a0c1r|los:1,和室二間トリプルベッド,text:【じゃらんのお得な10日間】素泊まり★10%off!湯めぐり無料特典☆直前割,【じゃらんのお得な10日間】素泊まり★10%OFF!湯めぐり無料特典☆直前割,2,0,1,1,JPY,17820,AVAILABLE,3,PUBLIC_SCARCITY_COUNT,PRODUCT,HIGH,208bf9d667ed1cb19f5a0bd19ebacaa4461e18fb561ffd63363c6982c698ea86,core_competitor_obs_20260820_045002
jalan|hammond|2026-09-01|room:和室角部屋|plan:【じゃらんのお得な10日間】素泊まり★10%off!湯めぐり無料特典☆直前割|meal:confirmed_room_only|occ:2a0c1r|los:1|text:【じゃらんのお得な10日間】素泊まり★10%off!湯めぐり無料特典☆直前割|2|0|1|1|core_competitor_obs_20260820_045002,1eefbb1e8f5f1c09757ea56bf090797b22d62e46ea807232043d50e52bdc4025,hammond,HAMMOND,jalan,2026-09-01,2026-08-20T05:01:57+09:00,room:和室角部屋|plan:【じゃらんのお得な10日間】素泊まり★10%off!湯めぐり無料特典☆直前割|meal:confirmed_room_only|occ:2a0c1r|los:1,和室角部屋,text:【じゃらんのお得な10日間】素泊まり★10%off!湯めぐり無料特典☆直前割,【じゃらんのお得な10日間】素泊まり★10%OFF!湯めぐり無料特典☆直前割,2,0,1,1,JPY,16200,AVAILABLE,2,PUBLIC_SCARCITY_COUNT,PRODUCT,HIGH,b2db55e14994f80eb0f219de6eb744d28a33f8857d5630b3774665e3e252c1ad,core_competitor_obs_20260820_045002
jalan|hammond|2026-09-01|room:スタンダード和室|plan:【じゃらんのお得な10日間】素泊まり★10%off!湯めぐり無料特典☆直前割|meal:confirmed_room_only|occ:2a0c1r|los:1|text:【じゃらんのお得な10日間】素泊まり★10%off!湯めぐり無料特典☆直前割|2|0|1|1|core_competitor_obs_20260820_045002,cde68fed59a4bd158e0750d5e31048f4c9c7ef2810ca3759192d4fc61d9c6a7e,hammond,HAMMOND,jalan,2026-09-01,2026-08-20T05:01:57+09:00,room:スタンダード和室|plan:【じゃらんのお得な10日間】素泊まり★10%off!湯めぐり無料特典☆直前割|meal:confirmed_room_only|occ:2a0c1r|los:1,スタンダード和室,text:【じゃらんのお得な10日間】素泊まり★10%off!湯めぐり無料特典☆直前割,【じゃらんのお得な10日間】素泊まり★10%OFF!湯めぐり無料特典☆直前割,2,0,1,1,JPY,12600,AVAILABLE,,UNKNOWN,PRODUCT,MEDIUM,0ea64ee96996130fa36ab95b309b0ac923048912c5e5f57b83ee49fde95e7630,core_competitor_obs_20260820_045002
jalan|hammond|2026-09-01|room:スタンダード洋室|plan:【じゃらんのお得な10日間】素泊まり★10%off!湯めぐり無料特典☆直前割|meal:confirmed_room_only|occ:2a0c1r|los:1|text:【じゃらんのお得な10日間】素泊まり★10%off!湯めぐり無料特典☆直前割|2|0|1|1|core_competitor_obs_20260820_045002,6035cf8b95a3d1c13c3e787b64b0c2f4fb181a3a0a82d5f279e88173f41f6e03,hammond,HAMMOND,jalan,2026-09-01,2026-08-20T05:01:57+09:00,room:スタンダード洋室|plan:【じゃらんのお得な10日間】素泊まり★10%off!湯めぐり無料特典☆直前割|meal:confirmed_room_only|occ:2a0c1r|los:1,スタンダード洋室,text:【じゃらんのお得な10日間】素泊まり★10%off!湯めぐり無料特典☆直前割,【じゃらんのお得な10日間】素泊まり★10%OFF!湯めぐり無料特典☆直前割,2,0,1,1,JPY,12600,AVAILABLE,,UNKNOWN,PRODUCT,MEDIUM,c097b40a6e37906be1682f8c50e30c696cf66bccd82bbc772b9877b8308913f2,core_competitor_obs_20260820_045002
"jalan|hammond|2026-09-01|room:和室二間トリプルベッド|plan:【早割プラン☆素泊まり】7日前まで予約で1,000円off!7箇所の湯めぐり無料特典♪ご夕食は温泉街へ|meal:confirmed_room_only|occ:2a0c1r|los:1|text:【早割プラン☆素泊まり】7日前まで予約で1,000円off!7箇所の湯めぐり無料特典♪ご夕食は温泉街へ|2|0|1|1|core_competitor_obs_20260820_045002",48abf1411f575d8b604c72d570cfd2a9cfe07039bc081314da86cf13043e8dd4,hammond,HAMMOND,jalan,2026-09-01,2026-08-20T05:01:57+09:00,"room:和室二間トリプルベッド|plan:【早割プラン☆素泊まり】7日前まで予約で1,000円off!7箇所の湯めぐり無料特典♪ご夕食は温泉街へ|meal:confirmed_room_only|occ:2a0c1r|los:1",和室二間トリプルベッド,"text:【早割プラン☆素泊まり】7日前まで予約で1,000円off!7箇所の湯めぐり無料特典♪ご夕食は温泉街へ","【早割プラン☆素泊まり】7日前まで予約で1,000円OFF!7箇所の湯めぐり無料特典♪ご夕食は温泉街へ",2,0,1,1,JPY,18800,AVAILABLE,3,PUBLIC_SCARCITY_COUNT,PRODUCT,HIGH,647191861925c4a9cea9ca0550efe5b4b1a406df6bafda6ec2357059c4fa1fea,core_competitor_obs_20260820_045002
"jalan|hammond|2026-09-01|room:和室角部屋|plan:【早割プラン☆素泊まり】7日前まで予約で1,000円off!7箇所の湯めぐり無料特典♪ご夕食は温泉街へ|meal:confirmed_room_only|occ:2a0c1r|los:1|text:【早割プラン☆素泊まり】7日前まで予約で1,000円off!7箇所の湯めぐり無料特典♪ご夕食は温泉街へ|2|0|1|1|core_competitor_obs_20260820_045002",793d7624b829c3490ded78e446e7f53591db649f3f9b5f5b07a0fc50cbbc4e40,hammond,HAMMOND,jalan,2026-09-01,2026-08-20T05:01:57+09:00,"room:和室角部屋|plan:【早割プラン☆素泊まり】7日前まで予約で1,000円off!7箇所の湯めぐり無料特典♪ご夕食は温泉街へ|meal:confirmed_room_only|occ:2a0c1r|los:1",和室角部屋,"text:【早割プラン☆素泊まり】7日前まで予約で1,000円off!7箇所の湯めぐり無料特典♪ご夕食は温泉街へ","【早割プラン☆素泊まり】7日前まで予約で1,000円OFF!7箇所の湯めぐり無料特典♪ご夕食は温泉街へ",2,0,1,1,JPY,17000,AVAILABLE,2,PUBLIC_SCARCITY_COUNT,PRODUCT,HIGH,1b015e224ad1c9ba58f030d4f019b6d9af8df2b390ff27521288210f7ef1b526,core_competitor_obs_20260820_045002
"jalan|hammond|2026-09-01|room:スタンダード和室|plan:【早割プラン☆素泊まり】7日前まで予約で1,000円off!7箇所の湯めぐり無料特典♪ご夕食は温泉街へ|meal:confirmed_room_only|occ:2a0c1r|los:1|text:【早割プラン☆素泊まり】7日前まで予約で1,000円off!7箇所の湯めぐり無料特典♪ご夕食は温泉街へ|2|0|1|1|core_competitor_obs_20260820_045002",4b6a8afe9ad27b4b48dbcc86c770b202edd764f7a436132010a97389170391e2,hammond,HAMMOND,jalan,2026-09-01,2026-08-20T05:01:57+09:00,"room:スタンダード和室|plan:【早割プラン☆素泊まり】7日前まで予約で1,000円off!7箇所の湯めぐり無料特典♪ご夕食は温泉街へ|meal:confirmed_room_only|occ:2a0c1r|los:1",スタンダード和室,"text:【早割プラン☆素泊まり】7日前まで予約で1,000円off!7箇所の湯めぐり無料特典♪ご夕食は温泉街へ","【早割プラン☆素泊まり】7日前まで予約で1,000円OFF!7箇所の湯めぐり無料特典♪ご夕食は温泉街へ",2,0,1,1,JPY,13000,AVAILABLE,,UNKNOWN,PRODUCT,MEDIUM,31a35b59f521590d419f33193c6b8ea3922d641300bfddf4604df00f12def6e2,core_competitor_obs_20260820_045002
"jalan|hammond|2026-09-01|room:スタンダード洋室|plan:【早割プラン☆素泊まり】7日前まで予約で1,000円off!7箇所の湯めぐり無料特典♪ご夕食は温泉街へ|meal:confirmed_room_only|occ:2a0c1r|los:1|text:【早割プラン☆素泊まり】7日前まで予約で1,000円off!7箇所の湯めぐり無料特典♪ご夕食は温泉街へ|2|0|1|1|core_competitor_obs_20260820_045002",b84abc00cc23acec5f58e0f41c43e5f50283a1c5475ae3287b6a5424d579f120,hammond,HAMMOND,jalan,2026-09-01,2026-08-20T05:01:57+09:00,"room:スタンダード洋室|plan:【早割プラン☆素泊まり】7日前まで予約で1,000円off!7箇所の湯めぐり無料特典♪ご夕食は温泉街へ|meal:confirmed_room_only|occ:2a0c1r|los:1",スタンダード洋室,"text:【早割プラン☆素泊まり】7日前まで予約で1,000円off!7箇所の湯めぐり無料特典♪ご夕食は温泉街へ","【早割プラン☆素泊まり】7日前まで予約で1,000円OFF!7箇所の湯めぐり無料特典♪ご夕食は温泉街へ",2,0,1,1,JPY,13000,AVAILABLE,,UNKNOWN,PRODUCT,MEDIUM,155d6c2c0195cecdfeb69ba39603328c9de96f17cad035824b59b991087dedaa,core_competitor_obs_20260820_045002
"jalan|hammond|2026-09-01|room:倶楽部ルーム|plan:【早割プラン☆素泊まり】7日前まで予約で1,000円off!7箇所の湯めぐり無料特典♪ご夕食は温泉街へ|meal:confirmed_room_only|occ:2a0c1r|los:1|text:【早割プラン☆素泊まり】7日前まで予約で1,000円off!7箇所の湯めぐり無料特典♪ご夕食は温泉街へ|2|0|1|1|core_competitor_obs_20260820_045002",3f165002dd6ac862f63466a3631debc3c59a3a647de3de2dec2d4b76c7e8e4b8,hammond,HAMMOND,jalan,2026-09-01,2026-08-20T05:01:57+09:00,"room:倶楽部ルーム|plan:【早割プラン☆素泊まり】7日前まで予約で1,000円off!7箇所の湯めぐり無料特典♪ご夕食は温泉街へ|meal:confirmed_room_only|occ:2a0c1r|los:1",倶楽部ルーム,"text:【早割プラン☆素泊まり】7日前まで予約で1,000円off!7箇所の湯めぐり無料特典♪ご夕食は温泉街へ","【早割プラン☆素泊まり】7日前まで予約で1,000円OFF!7箇所の湯めぐり無料特典♪ご夕食は温泉街へ",2,0,1,1,JPY,13000,AVAILABLE,3,PUBLIC_SCARCITY_COUNT,PRODUCT,HIGH,06f371e054b990bd5f9366a4e3de783b8735038bf83304f48413c7f445ad5c4e,core_competitor_obs_20260820_045002
jalan|hammond|2026-09-01|room:和室二間トリプルベッド|plan:【じゃらん限定ポイント10%】ポイント貯めてお得に使おう★蔵王温泉リーズナブルステイ|meal:confirmed_room_only|occ:2a0c1r|los:1|text:【じゃらん限定ポイント10%】ポイント貯めてお得に使おう★蔵王温泉リーズナブルステイ|2|0|1|1|core_competitor_obs_20260820_045002,76381f76f804e45182207da6ea9fe39d4625b03807eb45c435be4b940173992a,hammond,HAMMOND,jalan,2026-09-01,2026-08-20T05:01:57+09:00,room:和室二間トリプルベッド|plan:【じゃらん限定ポイント10%】ポイント貯めてお得に使おう★蔵王温泉リーズナブルステイ|meal:confirmed_room_only|occ:2a0c1r|los:1,和室二間トリプルベッド,text:【じゃらん限定ポイント10%】ポイント貯めてお得に使おう★蔵王温泉リーズナブルステイ,【じゃらん限定ポイント10%】ポイント貯めてお得に使おう★蔵王温泉リーズナブルステイ,2,0,1,1,JPY,21384,AVAILABLE,3,PUBLIC_SCARCITY_COUNT,PRODUCT,HIGH,b53d7b5ae1781031f13c2075bb5ff396ce4c0d506c3832caa8a97c2e61bbb0f7,core_competitor_obs_20260820_045002
jalan|hammond|2026-09-01|room:和室角部屋|plan:【じゃらん限定ポイント10%】ポイント貯めてお得に使おう★蔵王温泉リーズナブルステイ|meal:confirmed_room_only|occ:2a0c1r|los:1|text:【じゃらん限定ポイント10%】ポイント貯めてお得に使おう★蔵王温泉リーズナブルステイ|2|0|1|1|core_competitor_obs_20260820_045002,7605c98077cd67d3795047c799a14d56e79f9ce2a3c9699ce081df4d749efd40,hammond,HAMMOND,jalan,2026-09-01,2026-08-20T05:01:57+09:00,room:和室角部屋|plan:【じゃらん限定ポイント10%】ポイント貯めてお得に使おう★蔵王温泉リーズナブルステイ|meal:confirmed_room_only|occ:2a0c1r|los:1,和室角部屋,text:【じゃらん限定ポイント10%】ポイント貯めてお得に使おう★蔵王温泉リーズナブルステイ,【じゃらん限定ポイント10%】ポイント貯めてお得に使おう★蔵王温泉リーズナブルステイ,2,0,1,1,JPY,19440,AVAILABLE,2,PUBLIC_SCARCITY_COUNT,PRODUCT,HIGH,b1e83acae9cb7a4feff196e1527176a5524ad68c6e70f6a430aaedf98612b32a,core_competitor_obs_20260820_045002
jalan|hammond|2026-09-01|room:スタンダード和室|plan:【じゃらん限定ポイント10%】ポイント貯めてお得に使おう★蔵王温泉リーズナブルステイ|meal:confirmed_room_only|occ:2a0c1r|los:1|text:【じゃらん限定ポイント10%】ポイント貯めてお得に使おう★蔵王温泉リーズナブルステイ|2|0|1|1|core_competitor_obs_20260820_045002,8e999fffe2c5313ec541c11ae10c7747fe961bc88e78e5d3fbccb83dfebd9269,hammond,HAMMOND,jalan,2026-09-01,2026-08-20T05:01:57+09:00,room:スタンダード和室|plan:【じゃらん限定ポイント10%】ポイント貯めてお得に使おう★蔵王温泉リーズナブルステイ|meal:confirmed_room_only|occ:2a0c1r|los:1,スタンダード和室,text:【じゃらん限定ポイント10%】ポイント貯めてお得に使おう★蔵王温泉リーズナブルステイ,【じゃらん限定ポイント10%】ポイント貯めてお得に使おう★蔵王温泉リーズナブルステイ,2,0,1,1,JPY,15120,AVAILABLE,,UNKNOWN,PRODUCT,MEDIUM,7c043df5bbacdef9bd7fefea5acc1c8e40c884ff035c4c8b3449b38a409dbf79,core_competitor_obs_20260820_045002
jalan|hammond|2026-09-01|room:スタンダード洋室|plan:【じゃらん限定ポイント10%】ポイント貯めてお得に使おう★蔵王温泉リーズナブルステイ|meal:confirmed_room_only|occ:2a0c1r|los:1|text:【じゃらん限定ポイント10%】ポイント貯めてお得に使おう★蔵王温泉リーズナブルステイ|2|0|1|1|core_competitor_obs_20260820_045002,6ad3c19287fb527336f14b3190de68f6c6c0a109239c4c242c4815a33e840661,hammond,HAMMOND,jalan,2026-09-01,2026-08-20T05:01:57+09:00,room:スタンダード洋室|plan:【じゃらん限定ポイント10%】ポイント貯めてお得に使おう★蔵王温泉リーズナブルステイ|meal:confirmed_room_only|occ:2a0c1r|los:1,スタンダード洋室,text:【じゃらん限定ポイント10%】ポイント貯めてお得に使おう★蔵王温泉リーズナブルステイ,【じゃらん限定ポイント10%】ポイント貯めてお得に使おう★蔵王温泉リーズナブルステイ,2,0,1,1,JPY,15120,AVAILABLE,,UNKNOWN,PRODUCT,MEDIUM,e24bf0d48b6b62b0f5a02a911d375523449dfa101e5e3306717a7805cf949c96,core_competitor_obs_20260820_045002
jalan|hammond|2026-09-01|room:倶楽部ルーム|plan:【じゃらん限定ポイント10%】ポイント貯めてお得に使おう★蔵王温泉リーズナブルステイ|meal:confirmed_room_only|occ:2a0c1r|los:1|text:【じゃらん限定ポイント10%】ポイント貯めてお得に使おう★蔵王温泉リーズナブルステイ|2|0|1|1|core_competitor_obs_20260820_045002,4feb69e813db7903b8d296fc9984336469f691135590ca11eb0e76ad916a646c,hammond,HAMMOND,jalan,2026-09-01,2026-08-20T05:01:57+09:00,room:倶楽部ルーム|plan:【じゃらん限定ポイント10%】ポイント貯めてお得に使おう★蔵王温泉リーズナブルステイ|meal:confirmed_room_only|occ:2a0c1r|los:1,倶楽部ルーム,text:【じゃらん限定ポイント10%】ポイント貯めてお得に使おう★蔵王温泉リーズナブルステイ,【じゃらん限定ポイント10%】ポイント貯めてお得に使おう★蔵王温泉リーズナブルステイ,2,0,1,1,JPY,15120,AVAILABLE,3,PUBLIC_SCARCITY_COUNT,PRODUCT,HIGH,9862830b33fbb10a88828a66199a22d39392990b01c5209cde0b9fb03142fdbc,core_competitor_obs_20260820_045002
jalan|hammond|2026-09-02|room:和室二間トリプルベッド|plan:【基本プラン☆素泊まり】蔵王温泉リーズナブルステイ!7箇所の湯めぐり無料特典♪ご夕食は温泉街へ|meal:confirmed_room_only|occ:2a0c1r|los:1|text:【基本プラン☆素泊まり】蔵王温泉リーズナブルステイ!7箇所の湯めぐり無料特典♪ご夕食は温泉街へ|2|0|1|1|core_competitor_obs_20260820_045002,5ed965f14c87c1ba3db8e9dbcf4175bff608a3415410e39e995dc0e93187d306,hammond,HAMMOND,jalan,2026-09-02,2026-08-20T05:02:10+09:00,room:和室二間トリプルベッド|plan:【基本プラン☆素泊まり】蔵王温泉リーズナブルステイ!7箇所の湯めぐり無料特典♪ご夕食は温泉街へ|meal:confirmed_room_only|occ:2a0c1r|los:1,和室二間トリプルベッド,text:【基本プラン☆素泊まり】蔵王温泉リーズナブルステイ!7箇所の湯めぐり無料特典♪ご夕食は温泉街へ,【基本プラン☆素泊まり】蔵王温泉リーズナブルステイ!7箇所の湯めぐり無料特典♪ご夕食は温泉街へ,2,0,1,1,JPY,19800,AVAILABLE,2,PUBLIC_SCARCITY_COUNT,PRODUCT,HIGH,4797f7ca914a984bd13b1d606d96e190df02d0577505a75c55c419834d576185,core_competitor_obs_20260820_045002
jalan|hammond|2026-09-02|room:和室角部屋|plan:【基本プラン☆素泊まり】蔵王温泉リーズナブルステイ!7箇所の湯めぐり無料特典♪ご夕食は温泉街へ|meal:confirmed_room_only|occ:2a0c1r|los:1|text:【基本プラン☆素泊まり】蔵王温泉リーズナブルステイ!7箇所の湯めぐり無料特典♪ご夕食は温泉街へ|2|0|1|1|core_competitor_obs_20260820_045002,72b4a539e5093bf1228c03f2728f4d3891c6dd4c7520bf75c64bb2c0220fce36,hammond,HAMMOND,jalan,2026-09-02,2026-08-20T05:02:10+09:00,room:和室角部屋|plan:【基本プラン☆素泊まり】蔵王温泉リーズナブルステイ!7箇所の湯めぐり無料特典♪ご夕食は温泉街へ|meal:confirmed_room_only|occ:2a0c1r|los:1,和室角部屋,text:【基本プラン☆素泊まり】蔵王温泉リーズナブルステイ!7箇所の湯めぐり無料特典♪ご夕食は温泉街へ,【基本プラン☆素泊まり】蔵王温泉リーズナブルステイ!7箇所の湯めぐり無料特典♪ご夕食は温泉街へ,2,0,1,1,JPY,18000,AVAILABLE,2,PUBLIC_SCARCITY_COUNT,PRODUCT,HIGH,a3a3bd0834832e481901f506140475512f2a5192be06f4743f0bb07ea71c3607,core_competitor_obs_20260820_045002
jalan|hammond|2026-09-02|room:スタンダード和室|plan:【基本プラン☆素泊まり】蔵王温泉リーズナブルステイ!7箇所の湯めぐり無料特典♪ご夕食は温泉街へ|meal:confirmed_room_only|occ:2a0c1r|los:1|text:【基本プラン☆素泊まり】蔵王温泉リーズナブルステイ!7箇所の湯めぐり無料特典♪ご夕食は温泉街へ|2|0|1|1|core_competitor_obs_20260820_045002,0dff0110f152f2008c189eff0bbdaea1943eeeb6f7d02959a65a6676f8b982d1,hammond,HAMMOND,jalan,2026-09-02,2026-08-20T05:02:10+09:00,room:スタンダード和室|plan:【基本プラン☆素泊まり】蔵王温泉リーズナブルステイ!7箇所の湯めぐり無料特典♪ご夕食は温泉街へ|meal:confirmed_room_only|occ:2a0c1r|los:1,スタンダード和室,text:【基本プラン☆素泊まり】蔵王温泉リーズナブルステイ!7箇所の湯めぐり無料特典♪ご夕食は温泉街へ,【基本プラン☆素泊まり】蔵王温泉リーズナブルステイ!7箇所の湯めぐり無料特典♪ご夕食は温泉街へ,2,0,1,1,JPY,14000,AVAILABLE,,UNKNOWN,PRODUCT,MEDIUM,a09145f883935efc2b7712c497a641b771124721a007c3db980880e9f48ab4eb,core_competitor_obs_20260820_045002
jalan|hammond|2026-09-02|room:スタンダード洋室|plan:【基本プラン☆素泊まり】蔵王温泉リーズナブルステイ!7箇所の湯めぐり無料特典♪ご夕食は温泉街へ|meal:confirmed_room_only|occ:2a0c1r|los:1|text:【基本プラン☆素泊まり】蔵王温泉リーズナブルステイ!7箇所の湯めぐり無料特典♪ご夕食は温泉街へ|2|0|1|1|core_competitor_obs_20260820_045002,eb07a120163224ceb9e0ee8e1914c1d2c22a5dfee7c416a51cfd02c72595dbdd,hammond,HAMMOND,jalan,2026-09-02,2026-08-20T05:02:10+09:00,room:スタンダード洋室|plan:【基本プラン☆素泊まり】蔵王温泉リーズナブルステイ!7箇所の湯めぐり無料特典♪ご夕食は温泉街へ|meal:confirmed_room_only|occ:2a0c1r|los:1,スタンダード洋室,text:【基本プラン☆素泊まり】蔵王温泉リーズナブルステイ!7箇所の湯めぐり無料特典♪ご夕食は温泉街へ,【基本プラン☆素泊まり】蔵王温泉リーズナブルステイ!7箇所の湯めぐり無料特典♪ご夕食は温泉街へ,2,0,1,1,JPY,14000,AVAILABLE,,UNKNOWN,PRODUCT,MEDIUM,5afa64dc8289005ed93ac363404ffb2cec797cffbdff4f1aaaaf0c69cf4e6597,core_competitor_obs_20260820_045002
jalan|hammond|2026-09-02|room:倶楽部ルーム|plan:【基本プラン☆素泊まり】蔵王温泉リーズナブルステイ!7箇所の湯めぐり無料特典♪ご夕食は温泉街へ|meal:confirmed_room_only|occ:2a0c1r|los:1|text:【基本プラン☆素泊まり】蔵王温泉リーズナブルステイ!7箇所の湯めぐり無料特典♪ご夕食は温泉街へ|2|0|1|1|core_competitor_obs_20260820_045002,057ab8ed619b2dd48fbe075f565ea848f4896431136fd6e95af79282083119a9,hammond,HAMMOND,jalan,2026-09-02,2026-08-20T05:02:10+09:00,room:倶楽部ルーム|plan:【基本プラン☆素泊まり】蔵王温泉リーズナブルステイ!7箇所の湯めぐり無料特典♪ご夕食は温泉街へ|meal:confirmed_room_only|occ:2a0c1r|los:1,倶楽部ルーム,text:【基本プラン☆素泊まり】蔵王温泉リーズナブルステイ!7箇所の湯めぐり無料特典♪ご夕食は温泉街へ,【基本プラン☆素泊まり】蔵王温泉リーズナブルステイ!7箇所の湯めぐり無料特典♪ご夕食は温泉街へ,2,0,1,1,JPY,14000,AVAILABLE,3,PUBLIC_SCARCITY_COUNT,PRODUCT,HIGH,59b56931538ca748e197296131cd2fb141a385f7ccc72100f78a639a9ba0b8d3,core_competitor_obs_20260820_045002
jalan|hammond|2026-09-02|room:和室二間トリプルベッド|plan:【じゃらんのお得な10日間】素泊まり★10%off!湯めぐり無料特典☆直前割|meal:confirmed_room_only|occ:2a0c1r|los:1|text:【じゃらんのお得な10日間】素泊まり★10%off!湯めぐり無料特典☆直前割|2|0|1|1|core_competitor_obs_20260820_045002,52a001018f48f8ec33ab8eae45f2880156be0fd464858ca2944aad339eebd110,hammond,HAMMOND,jalan,2026-09-02,2026-08-20T05:02:10+09:00,room:和室二間トリプルベッド|plan:【じゃらんのお得な10日間】素泊まり★10%off!湯めぐり無料特典☆直前割|meal:confirmed_room_only|occ:2a0c1r|los:1,和室二間トリプルベッド,text:【じゃらんのお得な10日間】素泊まり★10%off!湯めぐり無料特典☆直前割,【じゃらんのお得な10日間】素泊まり★10%OFF!湯めぐり無料特典☆直前割,2,0,1,1,JPY,17820,AVAILABLE,2,PUBLIC_SCARCITY_COUNT,PRODUCT,HIGH,ce70cbe784a4dc9c70cad67df9420c0319aa6c4a18c30ea44d9c119355cd6011,core_competitor_obs_20260820_045002
jalan|hammond|2026-09-02|room:和室角部屋|plan:【じゃらんのお得な10日間】素泊まり★10%off!湯めぐり無料特典☆直前割|meal:confirmed_room_only|occ:2a0c1r|los:1|text:【じゃらんのお得な10日間】素泊まり★10%off!湯めぐり無料特典☆直前割|2|0|1|1|core_competitor_obs_20260820_045002,ba52d905a4060f019e90a776fb38b9952719ac74d7ea707237cb74c926ebc1d4,hammond,HAMMOND,jalan,2026-09-02,2026-08-20T05:02:10+09:00,room:和室角部屋|plan:【じゃらんのお得な10日間】素泊まり★10%off!湯めぐり無料特典☆直前割|meal:confirmed_room_only|occ:2a0c1r|los:1,和室角部屋,text:【じゃらんのお得な10日間】素泊まり★10%off!湯めぐり無料特典☆直前割,【じゃらんのお得な10日間】素泊まり★10%OFF!湯めぐり無料特典☆直前割,2,0,1,1,JPY,16200,AVAILABLE,2,PUBLIC_SCARCITY_COUNT,PRODUCT,HIGH,b2db55e14994f80eb0f219de6eb744d28a33f8857d5630b3774665e3e252c1ad,core_competitor_obs_20260820_045002
jalan|hammond|2026-09-02|room:スタンダード和室|plan:【じゃらんのお得な10日間】素泊まり★10%off!湯めぐり無料特典☆直前割|meal:confirmed_room_only|occ:2a0c1r|los:1|text:【じゃらんのお得な10日間】素泊まり★10%off!湯めぐり無料特典☆直前割|2|0|1|1|core_competitor_obs_20260820_045002,80f3c329f7480a0011c4b84eb05dc1e0d55483575271a09a268ab109234651c6,hammond,HAMMOND,jalan,2026-09-02,2026-08-20T05:02:10+09:00,room:スタンダード和室|plan:【じゃらんのお得な10日間】素泊まり★10%off!湯めぐり無料特典☆直前割|meal:confirmed_room_only|occ:2a0c1r|los:1,スタンダード和室,text:【じゃらんのお得な10日間】素泊まり★10%off!湯めぐり無料特典☆直前割,【じゃらんのお得な10日間】素泊まり★10%OFF!湯めぐり無料特典☆直前割,2,0,1,1,JPY,12600,AVAILABLE,,UNKNOWN,PRODUCT,MEDIUM,0ea64ee96996130fa36ab95b309b0ac923048912c5e5f57b83ee49fde95e7630,core_competitor_obs_20260820_045002
jalan|hammond|2026-09-02|room:スタンダード洋室|plan:【じゃらんのお得な10日間】素泊まり★10%off!湯めぐり無料特典☆直前割|meal:confirmed_room_only|occ:2a0c1r|los:1|text:【じゃらんのお得な10日間】素泊まり★10%off!湯めぐり無料特典☆直前割|2|0|1|1|core_competitor_obs_20260820_045002,ff3675a625743116379e6b5bf664494a5d708706f177eddc60b9c27348268318,hammond,HAMMOND,jalan,2026-09-02,2026-08-20T05:02:10+09:00,room:スタンダード洋室|plan:【じゃらんのお得な10日間】素泊まり★10%off!湯めぐり無料特典☆直前割|meal:confirmed_room_only|occ:2a0c1r|los:1,スタンダード洋室,text:【じゃらんのお得な10日間】素泊まり★10%off!湯めぐり無料特典☆直前割,【じゃらんのお得な10日間】素泊まり★10%OFF!湯めぐり無料特典☆直前割,2,0,1,1,JPY,12600,AVAILABLE,,UNKNOWN,PRODUCT,MEDIUM,c097b40a6e37906be1682f8c50e30c696cf66bccd82bbc772b9877b8308913f2,core_competitor_obs_20260820_045002
"jalan|hammond|2026-09-02|room:和室二間トリプルベッド|plan:【早割プラン☆素泊まり】7日前まで予約で1,000円off!7箇所の湯めぐり無料特典♪ご夕食は温泉街へ|meal:confirmed_room_only|occ:2a0c1r|los:1|text:【早割プラン☆素泊まり】7日前まで予約で1,000円off!7箇所の湯めぐり無料特典♪ご夕食は温泉街へ|2|0|1|1|core_competitor_obs_20260820_045002",d69137fe3059e51efb934e5119c7b60c2c337e60613bbf9b1bc7db373a1a63af,hammond,HAMMOND,jalan,2026-09-02,2026-08-20T05:02:10+09:00,"room:和室二間トリプルベッド|plan:【早割プラン☆素泊まり】7日前まで予約で1,000円off!7箇所の湯めぐり無料特典♪ご夕食は温泉街へ|meal:confirmed_room_only|occ:2a0c1r|los:1",和室二間トリプルベッド,"text:【早割プラン☆素泊まり】7日前まで予約で1,000円off!7箇所の湯めぐり無料特典♪ご夕食は温泉街へ","【早割プラン☆素泊まり】7日前まで予約で1,000円OFF!7箇所の湯めぐり無料特典♪ご夕食は温泉街へ",2,0,1,1,JPY,18800,AVAILABLE,2,PUBLIC_SCARCITY_COUNT,PRODUCT,HIGH,f3f80a584543cf5332e642041146629518959e33d54c29198428959f6481b5bc,core_competitor_obs_20260820_045002
"jalan|hammond|2026-09-02|room:和室角部屋|plan:【早割プラン☆素泊まり】7日前まで予約で1,000円off!7箇所の湯めぐり無料特典♪ご夕食は温泉街へ|meal:confirmed_room_only|occ:2a0c1r|los:1|text:【早割プラン☆素泊まり】7日前まで予約で1,000円off!7箇所の湯めぐり無料特典♪ご夕食は温泉街へ|2|0|1|1|core_competitor_obs_20260820_045002",ebce95a237c8f889d1090541a84802882ceeecf73fe21c6d87a126e6731a83db,hammond,HAMMOND,jalan,2026-09-02,2026-08-20T05:02:10+09:00,"room:和室角部屋|plan:【早割プラン☆素泊まり】7日前まで予約で1,000円off!7箇所の湯めぐり無料特典♪ご夕食は温泉街へ|meal:confirmed_room_only|occ:2a0c1r|los:1",和室角部屋,"text:【早割プラン☆素泊まり】7日前まで予約で1,000円off!7箇所の湯めぐり無料特典♪ご夕食は温泉街へ","【早割プラン☆素泊まり】7日前まで予約で1,000円OFF!7箇所の湯めぐり無料特典♪ご夕食は温泉街へ",2,0,1,1,JPY,17000,AVAILABLE,2,PUBLIC_SCARCITY_COUNT,PRODUCT,HIGH,1b015e224ad1c9ba58f030d4f019b6d9af8df2b390ff27521288210f7ef1b526,core_competitor_obs_20260820_045002
"jalan|hammond|2026-09-02|room:スタンダード和室|plan:【早割プラン☆素泊まり】7日前まで予約で1,000円off!7箇所の湯めぐり無料特典♪ご夕食は温泉街へ|meal:confirmed_room_only|occ:2a0c1r|los:1|text:【早割プラン☆素泊まり】7日前まで予約で1,000円off!7箇所の湯めぐり無料特典♪ご夕食は温泉街へ|2|0|1|1|core_competitor_obs_20260820_045002",ddd006e8428d73258e8270b6cfe39544147cbac0e50c376e9103306365ec30cc,hammond,HAMMOND,jalan,2026-09-02,2026-08-20T05:02:10+09:00,"room:スタンダード和室|plan:【早割プラン☆素泊まり】7日前まで予約で1,000円off!7箇所の湯めぐり無料特典♪ご夕食は温泉街へ|meal:confirmed_room_only|occ:2a0c1r|los:1",スタンダード和室,"text:【早割プラン☆素泊まり】7日前まで予約で1,000円off!7箇所の湯めぐり無料特典♪ご夕食は温泉街へ","【早割プラン☆素泊まり】7日前まで予約で1,000円OFF!7箇所の湯めぐり無料特典♪ご夕食は温泉街へ",2,0,1,1,JPY,13000,AVAILABLE,,UNKNOWN,PRODUCT,MEDIUM,31a35b59f521590d419f33193c6b8ea3922d641300bfddf4604df00f12def6e2,core_competitor_obs_20260820_045002
"jalan|hammond|2026-09-02|room:スタンダード洋室|plan:【早割プラン☆素泊まり】7日前まで予約で1,000円off!7箇所の湯めぐり無料特典♪ご夕食は温泉街へ|meal:confirmed_room_only|occ:2a0c1r|los:1|text:【早割プラン☆素泊まり】7日前まで予約で1,000円off!7箇所の湯めぐり無料特典♪ご夕食は温泉街へ|2|0|1|1|core_competitor_obs_20260820_045002",0b29cb977ad2580062efa8a9669f6745eff376325cf37ac49a13ea2d2b176da4,hammond,HAMMOND,jalan,2026-09-02,2026-08-20T05:02:10+09:00,"room:スタンダード洋室|plan:【早割プラン☆素泊まり】7日前まで予約で1,000円off!7箇所の湯めぐり無料特典♪ご夕食は温泉街へ|meal:confirmed_room_only|occ:2a0c1r|los:1",スタンダード洋室,"text:【早割プラン☆素泊まり】7日前まで予約で1,000円off!7箇所の湯めぐり無料特典♪ご夕食は温泉街へ","【早割プラン☆素泊まり】7日前まで予約で1,000円OFF!7箇所の湯めぐり無料特典♪ご夕食は温泉街へ",2,0,1,1,JPY,13000,AVAILABLE,,UNKNOWN,PRODUCT,MEDIUM,155d6c2c0195cecdfeb69ba39603328c9de96f17cad035824b59b991087dedaa,core_competitor_obs_20260820_045002
"jalan|hammond|2026-09-02|room:倶楽部ルーム|plan:【早割プラン☆素泊まり】7日前まで予約で1,000円off!7箇所の湯めぐり無料特典♪ご夕食は温泉街へ|meal:confirmed_room_only|occ:2a0c1r|los:1|text:【早割プラン☆素泊まり】7日前まで予約で1,000円off!7箇所の湯めぐり無料特典♪ご夕食は温泉街へ|2|0|1|1|core_competitor_obs_20260820_045002",178a9fc62ff0b764840e4003e973ae48744178486253cbf37f055ba4e2e71f5c,hammond,HAMMOND,jalan,2026-09-02,2026-08-20T05:02:10+09:00,"room:倶楽部ルーム|plan:【早割プラン☆素泊まり】7日前まで予約で1,000円off!7箇所の湯めぐり無料特典♪ご夕食は温泉街へ|meal:confirmed_room_only|occ:2a0c1r|los:1",倶楽部ルーム,"text:【早割プラン☆素泊まり】7日前まで予約で1,000円off!7箇所の湯めぐり無料特典♪ご夕食は温泉街へ","【早割プラン☆素泊まり】7日前まで予約で1,000円OFF!7箇所の湯めぐり無料特典♪ご夕食は温泉街へ",2,0,1,1,JPY,13000,AVAILABLE,3,PUBLIC_SCARCITY_COUNT,PRODUCT,HIGH,06f371e054b990bd5f9366a4e3de783b8735038bf83304f48413c7f445ad5c4e,core_competitor_obs_20260820_045002
jalan|hammond|2026-09-02|room:和室二間トリプルベッド|plan:【じゃらん限定ポイント10%】ポイント貯めてお得に使おう★蔵王温泉リーズナブルステイ|meal:confirmed_room_only|occ:2a0c1r|los:1|text:【じゃらん限定ポイント10%】ポイント貯めてお得に使おう★蔵王温泉リーズナブルステイ|2|0|1|1|core_competitor_obs_20260820_045002,327ec25f8dfe6b1463921d03c88d4e3d2b83c8b14509c0104b7bb13dfb25afe1,hammond,HAMMOND,jalan,2026-09-02,2026-08-20T05:02:10+09:00,room:和室二間トリプルベッド|plan:【じゃらん限定ポイント10%】ポイント貯めてお得に使おう★蔵王温泉リーズナブルステイ|meal:confirmed_room_only|occ:2a0c1r|los:1,和室二間トリプルベッド,text:【じゃらん限定ポイント10%】ポイント貯めてお得に使おう★蔵王温泉リーズナブルステイ,【じゃらん限定ポイント10%】ポイント貯めてお得に使おう★蔵王温泉リーズナブルステイ,2,0,1,1,JPY,21384,AVAILABLE,2,PUBLIC_SCARCITY_COUNT,PRODUCT,HIGH,d47f39e414ad7cce117e140b71906f46161ec8c73938796eaa7bf13bd0c2f889,core_competitor_obs_20260820_045002
jalan|hammond|2026-09-02|room:和室角部屋|plan:【じゃらん限定ポイント10%】ポイント貯めてお得に使おう★蔵王温泉リーズナブルステイ|meal:confirmed_room_only|occ:2a0c1r|los:1|text:【じゃらん限定ポイント10%】ポイント貯めてお得に使おう★蔵王温泉リーズナブルステイ|2|0|1|1|core_competitor_obs_20260820_045002,aece33a72bea6b89df24ff1d4cd4fe65d061e6facbca98e162e2c6fae268ac61,hammond,HAMMOND,jalan,2026-09-02,2026-08-20T05:02:10+09:00,room:和室角部屋|plan:【じゃらん限定ポイント10%】ポイント貯めてお得に使おう★蔵王温泉リーズナブルステイ|meal:confirmed_room_only|occ:2a0c1r|los:1,和室角部屋,text:【じゃらん限定ポイント10%】ポイント貯めてお得に使おう★蔵王温泉リーズナブルステイ,【じゃらん限定ポイント10%】ポイント貯めてお得に使おう★蔵王温泉リーズナブルステイ,2,0,1,1,JPY,19440,AVAILABLE,2,PUBLIC_SCARCITY_COUNT,PRODUCT,HIGH,b1e83acae9cb7a4feff196e1527176a5524ad68c6e70f6a430aaedf98612b32a,core_competitor_obs_20260820_045002
jalan|hammond|2026-09-02|room:スタンダード和室|plan:【じゃらん限定ポイント10%】ポイント貯めてお得に使おう★蔵王温泉リーズナブルステイ|meal:confirmed_room_only|occ:2a0c1r|los:1|text:【じゃらん限定ポイント10%】ポイント貯めてお得に使おう★蔵王温泉リーズナブルステイ|2|0|1|1|core_competitor_obs_20260820_045002,2b3c8f42e016236d1c7b8d73ed20a8128d5b54d79824fcb508d5505d81e3c4ba,hammond,HAMMOND,jalan,2026-09-02,2026-08-20T05:02:10+09:00,room:スタンダード和室|plan:【じゃらん限定ポイント10%】ポイント貯めてお得に使おう★蔵王温泉リーズナブルステイ|meal:confirmed_room_only|occ:2a0c1r|los:1,スタンダード和室,text:【じゃらん限定ポイント10%】ポイント貯めてお得に使おう★蔵王温泉リーズナブルステイ,【じゃらん限定ポイント10%】ポイント貯めてお得に使おう★蔵王温泉リーズナブルステイ,2,0,1,1,JPY,15120,AVAILABLE,,UNKNOWN,PRODUCT,MEDIUM,7c043df5bbacdef9bd7fefea5acc1c8e40c884ff035c4c8b3449b38a409dbf79,core_competitor_obs_20260820_045002
jalan|hammond|2026-09-02|room:スタンダード洋室|plan:【じゃらん限定ポイント10%】ポイント貯めてお得に使おう★蔵王温泉リーズナブルステイ|meal:confirmed_room_only|occ:2a0c1r|los:1|text:【じゃらん限定ポイント10%】ポイント貯めてお得に使おう★蔵王温泉リーズナブルステイ|2|0|1|1|core_competitor_obs_20260820_045002,a34e5d23f69c16abd782aa98abee679ae226c57859710280ce7d01d7b82277d3,hammond,HAMMOND,jalan,2026-09-02,2026-08-20T05:02:10+09:00,room:スタンダード洋室|plan:【じゃらん限定ポイント10%】ポイント貯めてお得に使おう★蔵王温泉リーズナブルステイ|meal:confirmed_room_only|occ:2a0c1r|los:1,スタンダード洋室,text:【じゃらん限定ポイント10%】ポイント貯めてお得に使おう★蔵王温泉リーズナブルステイ,【じゃらん限定ポイント10%】ポイント貯めてお得に使おう★蔵王温泉リーズナブルステイ,2,0,1,1,JPY,15120,AVAILABLE,,UNKNOWN,PRODUCT,MEDIUM,e24bf0d48b6b62b0f5a02a911d375523449dfa101e5e3306717a7805cf949c96,core_competitor_obs_20260820_045002
jalan|hammond|2026-09-02|room:倶楽部ルーム|plan:【じゃらん限定ポイント10%】ポイント貯めてお得に使おう★蔵王温泉リーズナブルステイ|meal:confirmed_room_only|occ:2a0c1r|los:1|text:【じゃらん限定ポイント10%】ポイント貯めてお得に使おう★蔵王温泉リーズナブルステイ|2|0|1|1|core_competitor_obs_20260820_045002,870e73df9a702e027788932ead2c22e2e0efcc4bf3db95f40d8239ff21eb791e,hammond,HAMMOND,jalan,2026-09-02,2026-08-20T05:02:10+09:00,room:倶楽部ルーム|plan:【じゃらん限定ポイント10%】ポイント貯めてお得に使おう★蔵王温泉リーズナブルステイ|meal:confirmed_room_only|occ:2a0c1r|los:1,倶楽部ルーム,text:【じゃらん限定ポイント10%】ポイント貯めてお得に使おう★蔵王温泉リーズナブルステイ,【じゃらん限定ポイント10%】ポイント貯めてお得に使おう★蔵王温泉リーズナブルステイ,2,0,1,1,JPY,15120,AVAILABLE,3,PUBLIC_SCARCITY_COUNT,PRODUCT,HIGH,9862830b33fbb10a88828a66199a22d39392990b01c5209cde0b9fb03142fdbc,core_competitor_obs_20260820_045002
jalan|hammond|2026-09-03|room:和室二間トリプルベッド|plan:【基本プラン☆素泊まり】蔵王温泉リーズナブルステイ!7箇所の湯めぐり無料特典♪ご夕食は温泉街へ|meal:confirmed_room_only|occ:2a0c1r|los:1|text:【基本プラン☆素泊まり】蔵王温泉リーズナブルステイ!7箇所の湯めぐり無料特典♪ご夕食は温泉街へ|2|0|1|1|core_competitor_obs_20260820_045002,74822df83baab3d8f404a2d7d97aa6964244ed540c40a34ba6136d224be14979,hammond,HAMMOND,jalan,2026-09-03,2026-08-20T05:02:24+09:00,room:和室二間トリプルベッド|plan:【基本プラン☆素泊まり】蔵王温泉リーズナブルステイ!7箇所の湯めぐり無料特典♪ご夕食は温泉街へ|meal:confirmed_room_only|occ:2a0c1r|los:1,和室二間トリプルベッド,text:【基本プラン☆素泊まり】蔵王温泉リーズナブルステイ!7箇所の湯めぐり無料特典♪ご夕食は温泉街へ,【基本プラン☆素泊まり】蔵王温泉リーズナブルステイ!7箇所の湯めぐり無料特典♪ご夕食は温泉街へ,2,0,1,1,JPY,19800,AVAILABLE,3,PUBLIC_SCARCITY_COUNT,PRODUCT,HIGH,ff8f7b7048ac3fd26f1508114d00cc491a9fed0b0867dbf9df29d9e63588bbbf,core_competitor_obs_20260820_045002
jalan|hammond|2026-09-03|room:和室角部屋|plan:【基本プラン☆素泊まり】蔵王温泉リーズナブルステイ!7箇所の湯めぐり無料特典♪ご夕食は温泉街へ|meal:confirmed_room_only|occ:2a0c1r|los:1|text:【基本プラン☆素泊まり】蔵王温泉リーズナブルステイ!7箇所の湯めぐり無料特典♪ご夕食は温泉街へ|2|0|1|1|core_competitor_obs_20260820_045002,c7bc20acc8df7e7da99f5309802985247f4d166aa29bfe15f2dbd8bda357685c,hammond,HAMMOND,jalan,2026-09-03,2026-08-20T05:02:24+09:00,room:和室角部屋|plan:【基本プラン☆素泊まり】蔵王温泉リーズナブルステイ!7箇所の湯めぐり無料特典♪ご夕食は温泉街へ|meal:confirmed_room_only|occ:2a0c1r|los:1,和室角部屋,text:【基本プラン☆素泊まり】蔵王温泉リーズナブルステイ!7箇所の湯めぐり無料特典♪ご夕食は温泉街へ,【基本プラン☆素泊まり】蔵王温泉リーズナブルステイ!7箇所の湯めぐり無料特典♪ご夕食は温泉街へ,2,0,1,1,JPY,18000,AVAILABLE,1,PUBLIC_SCARCITY_COUNT,PRODUCT,HIGH,f9e4d865d40cecb57b2ce82be5330f0b8f14692a0aa6c01a070437ba72376e4b,core_competitor_obs_20260820_045002
jalan|hammond|2026-09-03|room:スタンダード和室|plan:【基本プラン☆素泊まり】蔵王温泉リーズナブルステイ!7箇所の湯めぐり無料特典♪ご夕食は温泉街へ|meal:confirmed_room_only|occ:2a0c1r|los:1|text:【基本プラン☆素泊まり】蔵王温泉リーズナブルステイ!7箇所の湯めぐり無料特典♪ご夕食は温泉街へ|2|0|1|1|core_competitor_obs_20260820_045002,7c9fdce1d351624ae1ba9d748f236fa21ce9360ef880013d4a31f7c8e9457752,hammond,HAMMOND,jalan,2026-09-03,2026-08-20T05:02:24+09:00,room:スタンダード和室|plan:【基本プラン☆素泊まり】蔵王温泉リーズナブルステイ!7箇所の湯めぐり無料特典♪ご夕食は温泉街へ|meal:confirmed_room_only|occ:2a0c1r|los:1,スタンダード和室,text:【基本プラン☆素泊まり】蔵王温泉リーズナブルステイ!7箇所の湯めぐり無料特典♪ご夕食は温泉街へ,【基本プラン☆素泊まり】蔵王温泉リーズナブルステイ!7箇所の湯めぐり無料特典♪ご夕食は温泉街へ,2,0,1,1,JPY,14000,AVAILABLE,,UNKNOWN,PRODUCT,MEDIUM,a09145f883935efc2b7712c497a641b771124721a007c3db980880e9f48ab4eb,core_competitor_obs_20260820_045002
jalan|hammond|2026-09-03|room:スタンダード洋室|plan:【基本プラン☆素泊まり】蔵王温泉リーズナブルステイ!7箇所の湯めぐり無料特典♪ご夕食は温泉街へ|meal:confirmed_room_only|occ:2a0c1r|los:1|text:【基本プラン☆素泊まり】蔵王温泉リーズナブルステイ!7箇所の湯めぐり無料特典♪ご夕食は温泉街へ|2|0|1|1|core_competitor_obs_20260820_045002,44e12aa115d0374fb0eab5712d769625cc6d2cda691334ccc04ceb95c05c3b66,hammond,HAMMOND,jalan,2026-09-03,2026-08-20T05:02:24+09:00,room:スタンダード洋室|plan:【基本プラン☆素泊まり】蔵王温泉リーズナブルステイ!7箇所の湯めぐり無料特典♪ご夕食は温泉街へ|meal:confirmed_room_only|occ:2a0c1r|los:1,スタンダード洋室,text:【基本プラン☆素泊まり】蔵王温泉リーズナブルステイ!7箇所の湯めぐり無料特典♪ご夕食は温泉街へ,【基本プラン☆素泊まり】蔵王温泉リーズナブルステイ!7箇所の湯めぐり無料特典♪ご夕食は温泉街へ,2,0,1,1,JPY,14000,AVAILABLE,,UNKNOWN,PRODUCT,MEDIUM,5afa64dc8289005ed93ac363404ffb2cec797cffbdff4f1aaaaf0c69cf4e6597,core_competitor_obs_20260820_045002
jalan|hammond|2026-09-03|room:倶楽部ルーム|plan:【基本プラン☆素泊まり】蔵王温泉リーズナブルステイ!7箇所の湯めぐり無料特典♪ご夕食は温泉街へ|meal:confirmed_room_only|occ:2a0c1r|los:1|text:【基本プラン☆素泊まり】蔵王温泉リーズナブルステイ!7箇所の湯めぐり無料特典♪ご夕食は温泉街へ|2|0|1|1|core_competitor_obs_20260820_045002,4f310bb933d6ae2fe9e6a37aae4492496a650e70700f8afa14ebe4f255b22aef,hammond,HAMMOND,jalan,2026-09-03,2026-08-20T05:02:24+09:00,room:倶楽部ルーム|plan:【基本プラン☆素泊まり】蔵王温泉リーズナブルステイ!7箇所の湯めぐり無料特典♪ご夕食は温泉街へ|meal:confirmed_room_only|occ:2a0c1r|los:1,倶楽部ルーム,text:【基本プラン☆素泊まり】蔵王温泉リーズナブルステイ!7箇所の湯めぐり無料特典♪ご夕食は温泉街へ,【基本プラン☆素泊まり】蔵王温泉リーズナブルステイ!7箇所の湯めぐり無料特典♪ご夕食は温泉街へ,2,0,1,1,JPY,14000,AVAILABLE,2,PUBLIC_SCARCITY_COUNT,PRODUCT,HIGH,b7e02bff00f154157a81c13f2a1a52924c9680305bdfa4ec9a767291803427ed,core_competitor_obs_20260820_045002
jalan|hammond|2026-09-03|room:和室二間トリプルベッド|plan:【じゃらんのお得な10日間】素泊まり★10%off!湯めぐり無料特典☆直前割|meal:confirmed_room_only|occ:2a0c1r|los:1|text:【じゃらんのお得な10日間】素泊まり★10%off!湯めぐり無料特典☆直前割|2|0|1|1|core_competitor_obs_20260820_045002,4c0b035af935595ef3acedf230f043860c15d001da9f30933db5ace7e6d71b98,hammond,HAMMOND,jalan,2026-09-03,2026-08-20T05:02:24+09:00,room:和室二間トリプルベッド|plan:【じゃらんのお得な10日間】素泊まり★10%off!湯めぐり無料特典☆直前割|meal:confirmed_room_only|occ:2a0c1r|los:1,和室二間トリプルベッド,text:【じゃらんのお得な10日間】素泊まり★10%off!湯めぐり無料特典☆直前割,【じゃらんのお得な10日間】素泊まり★10%OFF!湯めぐり無料特典☆直前割,2,0,1,1,JPY,17820,AVAILABLE,3,PUBLIC_SCARCITY_COUNT,PRODUCT,HIGH,208bf9d667ed1cb19f5a0bd19ebacaa4461e18fb561ffd63363c6982c698ea86,core_competitor_obs_20260820_045002
jalan|hammond|2026-09-03|room:和室角部屋|plan:【じゃらんのお得な10日間】素泊まり★10%off!湯めぐり無料特典☆直前割|meal:confirmed_room_only|occ:2a0c1r|los:1|text:【じゃらんのお得な10日間】素泊まり★10%off!湯めぐり無料特典☆直前割|2|0|1|1|core_competitor_obs_20260820_045002,1ff45cdd201ff72d808f4239894f4f735fe4d73ef6bf6657d2c1fb34fda23b71,hammond,HAMMOND,jalan,2026-09-03,2026-08-20T05:02:24+09:00,room:和室角部屋|plan:【じゃらんのお得な10日間】素泊まり★10%off!湯めぐり無料特典☆直前割|meal:confirmed_room_only|occ:2a0c1r|los:1,和室角部屋,text:【じゃらんのお得な10日間】素泊まり★10%off!湯めぐり無料特典☆直前割,【じゃらんのお得な10日間】素泊まり★10%OFF!湯めぐり無料特典☆直前割,2,0,1,1,JPY,16200,AVAILABLE,1,PUBLIC_SCARCITY_COUNT,PRODUCT,HIGH,2529be1e88ac55773f5855c5756e7271cf43586785607b8c1ab4350337c2c237,core_competitor_obs_20260820_045002
jalan|hammond|2026-09-03|room:スタンダード和室|plan:【じゃらんのお得な10日間】素泊まり★10%off!湯めぐり無料特典☆直前割|meal:confirmed_room_only|occ:2a0c1r|los:1|text:【じゃらんのお得な10日間】素泊まり★10%off!湯めぐり無料特典☆直前割|2|0|1|1|core_competitor_obs_20260820_045002,3d33658236699e87c41c406ff587afd0823fbb577d595d954c95a686d8f3501d,hammond,HAMMOND,jalan,2026-09-03,2026-08-20T05:02:24+09:00,room:スタンダード和室|plan:【じゃらんのお得な10日間】素泊まり★10%off!湯めぐり無料特典☆直前割|meal:confirmed_room_only|occ:2a0c1r|los:1,スタンダード和室,text:【じゃらんのお得な10日間】素泊まり★10%off!湯めぐり無料特典☆直前割,【じゃらんのお得な10日間】素泊まり★10%OFF!湯めぐり無料特典☆直前割,2,0,1,1,JPY,12600,AVAILABLE,,UNKNOWN,PRODUCT,MEDIUM,0ea64ee96996130fa36ab95b309b0ac923048912c5e5f57b83ee49fde95e7630,core_competitor_obs_20260820_045002
jalan|hammond|2026-09-03|room:スタンダード洋室|plan:【じゃらんのお得な10日間】素泊まり★10%off!湯めぐり無料特典☆直前割|meal:confirmed_room_only|occ:2a0c1r|los:1|text:【じゃらんのお得な10日間】素泊まり★10%off!湯めぐり無料特典☆直前割|2|0|1|1|core_competitor_obs_20260820_045002,eb15bc58882a8f287f9f622d539a0dc11c0ec3a2faae09a10d76a79c209eb495,hammond,HAMMOND,jalan,2026-09-03,2026-08-20T05:02:24+09:00,room:スタンダード洋室|plan:【じゃらんのお得な10日間】素泊まり★10%off!湯めぐり無料特典☆直前割|meal:confirmed_room_only|occ:2a0c1r|los:1,スタンダード洋室,text:【じゃらんのお得な10日間】素泊まり★10%off!湯めぐり無料特典☆直前割,【じゃらんのお得な10日間】素泊まり★10%OFF!湯めぐり無料特典☆直前割,2,0,1,1,JPY,12600,AVAILABLE,,UNKNOWN,PRODUCT,MEDIUM,c097b40a6e37906be1682f8c50e30c696cf66bccd82bbc772b9877b8308913f2,core_competitor_obs_20260820_045002
"jalan|hammond|2026-09-03|room:和室二間トリプルベッド|plan:【早割プラン☆素泊まり】7日前まで予約で1,000円off!7箇所の湯めぐり無料特典♪ご夕食は温泉街へ|meal:confirmed_room_only|occ:2a0c1r|los:1|text:【早割プラン☆素泊まり】7日前まで予約で1,000円off!7箇所の湯めぐり無料特典♪ご夕食は温泉街へ|2|0|1|1|core_competitor_obs_20260820_045002",55eaba324f972c2e095087a5be22d3213ea7f30e5bcbd1efc16ad5e72a6f4d6b,hammond,HAMMOND,jalan,2026-09-03,2026-08-20T05:02:24+09:00,"room:和室二間トリプルベッド|plan:【早割プラン☆素泊まり】7日前まで予約で1,000円off!7箇所の湯めぐり無料特典♪ご夕食は温泉街へ|meal:confirmed_room_only|occ:2a0c1r|los:1",和室二間トリプルベッド,"text:【早割プラン☆素泊まり】7日前まで予約で1,000円off!7箇所の湯めぐり無料特典♪ご夕食は温泉街へ","【早割プラン☆素泊まり】7日前まで予約で1,000円OFF!7箇所の湯めぐり無料特典♪ご夕食は温泉街へ",2,0,1,1,JPY,18800,AVAILABLE,3,PUBLIC_SCARCITY_COUNT,PRODUCT,HIGH,647191861925c4a9cea9ca0550efe5b4b1a406df6bafda6ec2357059c4fa1fea,core_competitor_obs_20260820_045002
"jalan|hammond|2026-09-03|room:和室角部屋|plan:【早割プラン☆素泊まり】7日前まで予約で1,000円off!7箇所の湯めぐり無料特典♪ご夕食は温泉街へ|meal:confirmed_room_only|occ:2a0c1r|los:1|text:【早割プラン☆素泊まり】7日前まで予約で1,000円off!7箇所の湯めぐり無料特典♪ご夕食は温泉街へ|2|0|1|1|core_competitor_obs_20260820_045002",a23250ca1e733b6f80aedd310f8af266811eeb25bef1fc64db936d5a351a4924,hammond,HAMMOND,jalan,2026-09-03,2026-08-20T05:02:24+09:00,"room:和室角部屋|plan:【早割プラン☆素泊まり】7日前まで予約で1,000円off!7箇所の湯めぐり無料特典♪ご夕食は温泉街へ|meal:confirmed_room_only|occ:2a0c1r|los:1",和室角部屋,"text:【早割プラン☆素泊まり】7日前まで予約で1,000円off!7箇所の湯めぐり無料特典♪ご夕食は温泉街へ","【早割プラン☆素泊まり】7日前まで予約で1,000円OFF!7箇所の湯めぐり無料特典♪ご夕食は温泉街へ",2,0,1,1,JPY,17000,AVAILABLE,1,PUBLIC_SCARCITY_COUNT,PRODUCT,HIGH,d1e02454da054f399aceaa604b3caf8f20a222fd1684494d1079b509f6b93576,core_competitor_obs_20260820_045002
"jalan|hammond|2026-09-03|room:スタンダード和室|plan:【早割プラン☆素泊まり】7日前まで予約で1,000円off!7箇所の湯めぐり無料特典♪ご夕食は温泉街へ|meal:confirmed_room_only|occ:2a0c1r|los:1|text:【早割プラン☆素泊まり】7日前まで予約で1,000円off!7箇所の湯めぐり無料特典♪ご夕食は温泉街へ|2|0|1|1|core_competitor_obs_20260820_045002",d09af15d13eae9d904e79bfb35d9d766e958374479ba8f7ddb79b8a7cf9148b6,hammond,HAMMOND,jalan,2026-09-03,2026-08-20T05:02:24+09:00,"room:スタンダード和室|plan:【早割プラン☆素泊まり】7日前まで予約で1,000円off!7箇所の湯めぐり無料特典♪ご夕食は温泉街へ|meal:confirmed_room_only|occ:2a0c1r|los:1",スタンダード和室,"text:【早割プラン☆素泊まり】7日前まで予約で1,000円off!7箇所の湯めぐり無料特典♪ご夕食は温泉街へ","【早割プラン☆素泊まり】7日前まで予約で1,000円OFF!7箇所の湯めぐり無料特典♪ご夕食は温泉街へ",2,0,1,1,JPY,13000,AVAILABLE,,UNKNOWN,PRODUCT,MEDIUM,31a35b59f521590d419f33193c6b8ea3922d641300bfddf4604df00f12def6e2,core_competitor_obs_20260820_045002
"jalan|hammond|2026-09-03|room:スタンダード洋室|plan:【早割プラン☆素泊まり】7日前まで予約で1,000円off!7箇所の湯めぐり無料特典♪ご夕食は温泉街へ|meal:confirmed_room_only|occ:2a0c1r|los:1|text:【早割プラン☆素泊まり】7日前まで予約で1,000円off!7箇所の湯めぐり無料特典♪ご夕食は温泉街へ|2|0|1|1|core_competitor_obs_20260820_045002",d49c51f7050d63b9ce64c3a8e3411bbce919ac8ccec14f84682369c65798adc5,hammond,HAMMOND,jalan,2026-09-03,2026-08-20T05:02:24+09:00,"room:スタンダード洋室|plan:【早割プラン☆素泊まり】7日前まで予約で1,000円off!7箇所の湯めぐり無料特典♪ご夕食は温泉街へ|meal:confirmed_room_only|occ:2a0c1r|los:1",スタンダード洋室,"text:【早割プラン☆素泊まり】7日前まで予約で1,000円off!7箇所の湯めぐり無料特典♪ご夕食は温泉街へ","【早割プラン☆素泊まり】7日前まで予約で1,000円OFF!7箇所の湯めぐり無料特典♪ご夕食は温泉街へ",2,0,1,1,JPY,13000,AVAILABLE,,UNKNOWN,PRODUCT,MEDIUM,155d6c2c0195cecdfeb69ba39603328c9de96f17cad035824b59b991087dedaa,core_competitor_obs_20260820_045002
"jalan|hammond|2026-09-03|room:倶楽部ルーム|plan:【早割プラン☆素泊まり】7日前まで予約で1,000円off!7箇所の湯めぐり無料特典♪ご夕食は温泉街へ|meal:confirmed_room_only|occ:2a0c1r|los:1|text:【早割プラン☆素泊まり】7日前まで予約で1,000円off!7箇所の湯めぐり無料特典♪ご夕食は温泉街へ|2|0|1|1|core_competitor_obs_20260820_045002",cb10df097a680ae9146368282a2c7e9f4f699de4aa40d88480362725c5af515f,hammond,HAMMOND,jalan,2026-09-03,2026-08-20T05:02:24+09:00,"room:倶楽部ルーム|plan:【早割プラン☆素泊まり】7日前まで予約で1,000円off!7箇所の湯めぐり無料特典♪ご夕食は温泉街へ|meal:confirmed_room_only|occ:2a0c1r|los:1",倶楽部ルーム,"text:【早割プラン☆素泊まり】7日前まで予約で1,000円off!7箇所の湯めぐり無料特典♪ご夕食は温泉街へ","【早割プラン☆素泊まり】7日前まで予約で1,000円OFF!7箇所の湯めぐり無料特典♪ご夕食は温泉街へ",2,0,1,1,JPY,13000,AVAILABLE,2,PUBLIC_SCARCITY_COUNT,PRODUCT,HIGH,34ebefb23b991824f7d95605296ffa478f4099cc71e36bb54098dc862cbb64df,core_competitor_obs_20260820_045002
jalan|hammond|2026-09-03|room:和室二間トリプルベッド|plan:【じゃらん限定ポイント10%】ポイント貯めてお得に使おう★蔵王温泉リーズナブルステイ|meal:confirmed_room_only|occ:2a0c1r|los:1|text:【じゃらん限定ポイント10%】ポイント貯めてお得に使おう★蔵王温泉リーズナブルステイ|2|0|1|1|core_competitor_obs_20260820_045002,3a4f81d63b1e55e4172377e27135a3268195b910f68f26dd28c2ad4a4e0d1b46,hammond,HAMMOND,jalan,2026-09-03,2026-08-20T05:02:24+09:00,room:和室二間トリプルベッド|plan:【じゃらん限定ポイント10%】ポイント貯めてお得に使おう★蔵王温泉リーズナブルステイ|meal:confirmed_room_only|occ:2a0c1r|los:1,和室二間トリプルベッド,text:【じゃらん限定ポイント10%】ポイント貯めてお得に使おう★蔵王温泉リーズナブルステイ,【じゃらん限定ポイント10%】ポイント貯めてお得に使おう★蔵王温泉リーズナブルステイ,2,0,1,1,JPY,21384,AVAILABLE,3,PUBLIC_SCARCITY_COUNT,PRODUCT,HIGH,b53d7b5ae1781031f13c2075bb5ff396ce4c0d506c3832caa8a97c2e61bbb0f7,core_competitor_obs_20260820_045002
jalan|hammond|2026-09-03|room:和室角部屋|plan:【じゃらん限定ポイント10%】ポイント貯めてお得に使おう★蔵王温泉リーズナブルステイ|meal:confirmed_room_only|occ:2a0c1r|los:1|text:【じゃらん限定ポイント10%】ポイント貯めてお得に使おう★蔵王温泉リーズナブルステイ|2|0|1|1|core_competitor_obs_20260820_045002,95b091fef0a7b3f5a4acc2972d8768a0b41643416fcf91a2489c26df45304a80,hammond,HAMMOND,jalan,2026-09-03,2026-08-20T05:02:24+09:00,room:和室角部屋|plan:【じゃらん限定ポイント10%】ポイント貯めてお得に使おう★蔵王温泉リーズナブルステイ|meal:confirmed_room_only|occ:2a0c1r|los:1,和室角部屋,text:【じゃらん限定ポイント10%】ポイント貯めてお得に使おう★蔵王温泉リーズナブルステイ,【じゃらん限定ポイント10%】ポイント貯めてお得に使おう★蔵王温泉リーズナブルステイ,2,0,1,1,JPY,19440,AVAILABLE,1,PUBLIC_SCARCITY_COUNT,PRODUCT,HIGH,e6c5784b7d007067a0b1bb8c7f0bad73a40c2d957744f17b8324c1a21e1914f6,core_competitor_obs_20260820_045002
jalan|hammond|2026-09-03|room:スタンダード和室|plan:【じゃらん限定ポイント10%】ポイント貯めてお得に使おう★蔵王温泉リーズナブルステイ|meal:confirmed_room_only|occ:2a0c1r|los:1|text:【じゃらん限定ポイント10%】ポイント貯めてお得に使おう★蔵王温泉リーズナブルステイ|2|0|1|1|core_competitor_obs_20260820_045002,f6dcc57b1423436b45073d1bacedaedb683fe4bd45fab1d2ab6404f7162d0a92,hammond,HAMMOND,jalan,2026-09-03,2026-08-20T05:02:24+09:00,room:スタンダード和室|plan:【じゃらん限定ポイント10%】ポイント貯めてお得に使おう★蔵王温泉リーズナブルステイ|meal:confirmed_room_only|occ:2a0c1r|los:1,スタンダード和室,text:【じゃらん限定ポイント10%】ポイント貯めてお得に使おう★蔵王温泉リーズナブルステイ,【じゃらん限定ポイント10%】ポイント貯めてお得に使おう★蔵王温泉リーズナブルステイ,2,0,1,1,JPY,15120,AVAILABLE,,UNKNOWN,PRODUCT,MEDIUM,7c043df5bbacdef9bd7fefea5acc1c8e40c884ff035c4c8b3449b38a409dbf79,core_competitor_obs_20260820_045002
jalan|hammond|2026-09-03|room:スタンダード洋室|plan:【じゃらん限定ポイント10%】ポイント貯めてお得に使おう★蔵王温泉リーズナブルステイ|meal:confirmed_room_only|occ:2a0c1r|los:1|text:【じゃらん限定ポイント10%】ポイント貯めてお得に使おう★蔵王温泉リーズナブルステイ|2|0|1|1|core_competitor_obs_20260820_045002,f3e644314748bae1899ba508a122e3677f0d0c3471e6c722a4e09814049f1cb1,hammond,HAMMOND,jalan,2026-09-03,2026-08-20T05:02:24+09:00,room:スタンダード洋室|plan:【じゃらん限定ポイント10%】ポイント貯めてお得に使おう★蔵王温泉リーズナブルステイ|meal:confirmed_room_only|occ:2a0c1r|los:1,スタンダード洋室,text:【じゃらん限定ポイント10%】ポイント貯めてお得に使おう★蔵王温泉リーズナブルステイ,【じゃらん限定ポイント10%】ポイント貯めてお得に使おう★蔵王温泉リーズナブルステイ,2,0,1,1,JPY,15120,AVAILABLE,,UNKNOWN,PRODUCT,MEDIUM,e24bf0d48b6b62b0f5a02a911d375523449dfa101e5e3306717a7805cf949c96,core_competitor_obs_20260820_045002
jalan|hammond|2026-09-03|room:倶楽部ルーム|plan:【じゃらん限定ポイント10%】ポイント貯めてお得に使おう★蔵王温泉リーズナブルステイ|meal:confirmed_room_only|occ:2a0c1r|los:1|text:【じゃらん限定ポイント10%】ポイント貯めてお得に使おう★蔵王温泉リーズナブルステイ|2|0|1|1|core_competitor_obs_20260820_045002,2418065dea7e154cc6a5d18f59763f5b89892df5daad81045b2c59a6fef083d8,hammond,HAMMOND,jalan,2026-09-03,2026-08-20T05:02:24+09:00,room:倶楽部ルーム|plan:【じゃらん限定ポイント10%】ポイント貯めてお得に使おう★蔵王温泉リーズナブルステイ|meal:confirmed_room_only|occ:2a0c1r|los:1,倶楽部ルーム,text:【じゃらん限定ポイント10%】ポイント貯めてお得に使おう★蔵王温泉リーズナブルステイ,【じゃらん限定ポイント10%】ポイント貯めてお得に使おう★蔵王温泉リーズナブルステイ,2,0,1,1,JPY,15120,AVAILABLE,2,PUBLIC_SCARCITY_COUNT,PRODUCT,HIGH,6bbd4bf7ff603156aef3d855ad16f01d7d40d97e8dc9590534f2847f9dec6aa8,core_competitor_obs_20260820_045002
jalan|yoshidaya|2026-09-01|room:和室13畳|plan:【シニア割プラン】50歳以上限定!大人の贅沢なひととき♪源泉掛け流しの温泉でリフレッシュ♪|meal:meal_included|occ:2a0c1r|los:1|text:【シニア割プラン】50歳以上限定!大人の贅沢なひととき♪源泉掛け流しの温泉でリフレッシュ♪|2|0|1|1|core_competitor_obs_20260820_045002,3eef2b5ef629f07da91f459e7cdc5b024c9bfcb5beb1560af3beef9b483189bf,yoshidaya,吉田屋,jalan,2026-09-01,2026-08-20T05:05:19+09:00,room:和室13畳|plan:【シニア割プラン】50歳以上限定!大人の贅沢なひととき♪源泉掛け流しの温泉でリフレッシュ♪|meal:meal_included|occ:2a0c1r|los:1,和室13畳,text:【シニア割プラン】50歳以上限定!大人の贅沢なひととき♪源泉掛け流しの温泉でリフレッシュ♪,【シニア割プラン】50歳以上限定!大人の贅沢なひととき♪源泉掛け流しの温泉でリフレッシュ♪,2,0,1,1,JPY,25300,AVAILABLE,1,PUBLIC_SCARCITY_COUNT,PRODUCT,HIGH,a698a0d89e93dcfe892f566ea24c8ea57db6017d916716cdf3e3cc2b8fc70e47,core_competitor_obs_20260820_045002
jalan|yoshidaya|2026-09-01|room:和室12.5畳|plan:【シニア割プラン】50歳以上限定!大人の贅沢なひととき♪源泉掛け流しの温泉でリフレッシュ♪|meal:meal_included|occ:2a0c1r|los:1|text:【シニア割プラン】50歳以上限定!大人の贅沢なひととき♪源泉掛け流しの温泉でリフレッシュ♪|2|0|1|1|core_competitor_obs_20260820_045002,f0dfc76c8dcea08b84ffeae18dbd9729e7aa0ca5f0f2fafcda93986b7a791e0a,yoshidaya,吉田屋,jalan,2026-09-01,2026-08-20T05:05:19+09:00,room:和室12.5畳|plan:【シニア割プラン】50歳以上限定!大人の贅沢なひととき♪源泉掛け流しの温泉でリフレッシュ♪|meal:meal_included|occ:2a0c1r|los:1,和室12.5畳,text:【シニア割プラン】50歳以上限定!大人の贅沢なひととき♪源泉掛け流しの温泉でリフレッシュ♪,【シニア割プラン】50歳以上限定!大人の贅沢なひととき♪源泉掛け流しの温泉でリフレッシュ♪,2,0,1,1,JPY,23100,AVAILABLE,2,PUBLIC_SCARCITY_COUNT,PRODUCT,HIGH,cba13ab465a8e035c8d9c9a5841df2b3c649ca8e64bb761b49a795a96134478e,core_competitor_obs_20260820_045002
jalan|yoshidaya|2026-09-01|room:和室8畳|plan:【シニア割プラン】50歳以上限定!大人の贅沢なひととき♪源泉掛け流しの温泉でリフレッシュ♪|meal:meal_included|occ:2a0c1r|los:1|text:【シニア割プラン】50歳以上限定!大人の贅沢なひととき♪源泉掛け流しの温泉でリフレッシュ♪|2|0|1|1|core_competitor_obs_20260820_045002,e4cdc0512c8923fd73a3ec02d579b66bcd790fdf5b337e8c4692810d91aba5d0,yoshidaya,吉田屋,jalan,2026-09-01,2026-08-20T05:05:19+09:00,room:和室8畳|plan:【シニア割プラン】50歳以上限定!大人の贅沢なひととき♪源泉掛け流しの温泉でリフレッシュ♪|meal:meal_included|occ:2a0c1r|los:1,和室8畳,text:【シニア割プラン】50歳以上限定!大人の贅沢なひととき♪源泉掛け流しの温泉でリフレッシュ♪,【シニア割プラン】50歳以上限定!大人の贅沢なひととき♪源泉掛け流しの温泉でリフレッシュ♪,2,0,1,1,JPY,20900,AVAILABLE,3,PUBLIC_SCARCITY_COUNT,PRODUCT,HIGH,d8511fc27293f06a411fa6c967a3c5e4359f4c0f9af11583566e155153e0d2d1,core_competitor_obs_20260820_045002
jalan|yoshidaya|2026-09-01|room:和室6畳|plan:【シニア割プラン】50歳以上限定!大人の贅沢なひととき♪源泉掛け流しの温泉でリフレッシュ♪|meal:meal_included|occ:2a0c1r|los:1|text:【シニア割プラン】50歳以上限定!大人の贅沢なひととき♪源泉掛け流しの温泉でリフレッシュ♪|2|0|1|1|core_competitor_obs_20260820_045002,b26c6904cbd61a849ea2bbb088c8cf82773afe58ba0c3e1a0197471d86c9c777,yoshidaya,吉田屋,jalan,2026-09-01,2026-08-20T05:05:19+09:00,room:和室6畳|plan:【シニア割プラン】50歳以上限定!大人の贅沢なひととき♪源泉掛け流しの温泉でリフレッシュ♪|meal:meal_included|occ:2a0c1r|los:1,和室6畳,text:【シニア割プラン】50歳以上限定!大人の贅沢なひととき♪源泉掛け流しの温泉でリフレッシュ♪,【シニア割プラン】50歳以上限定!大人の贅沢なひととき♪源泉掛け流しの温泉でリフレッシュ♪,2,0,1,1,JPY,18700,AVAILABLE,,UNKNOWN,PRODUCT,MEDIUM,a5f52bb76cb4c9b6ea2e14bcb603c82e7969e50455b062d09a5c9d8598f16a9d,core_competitor_obs_20260820_045002
jalan|yoshidaya|2026-09-01|room:和室13畳|plan:【じゃらんのお得な10日間】10%off!~基本プラン~温泉と郷土料理に癒される♪連泊にもおすすめ◎|meal:meal_included|occ:2a0c1r|los:1|text:【じゃらんのお得な10日間】10%off!~基本プラン~温泉と郷土料理に癒される♪連泊にもおすすめ◎|2|0|1|1|core_competitor_obs_20260820_045002,bffe24d4de29849a0d12ba00f6e05b75bb01d59c48cbe9d01fed906c5a5547c7,yoshidaya,吉田屋,jalan,2026-09-01,2026-08-20T05:05:19+09:00,room:和室13畳|plan:【じゃらんのお得な10日間】10%off!~基本プラン~温泉と郷土料理に癒される♪連泊にもおすすめ◎|meal:meal_included|occ:2a0c1r|los:1,和室13畳,text:【じゃらんのお得な10日間】10%off!~基本プラン~温泉と郷土料理に癒される♪連泊にもおすすめ◎,【じゃらんのお得な10日間】10%OFF!~基本プラン~温泉と郷土料理に癒される♪連泊にもおすすめ◎,2,0,1,1,JPY,25740,AVAILABLE,1,PUBLIC_SCARCITY_COUNT,PRODUCT,HIGH,c7ef30fbbc1fab8554f9f01bf281db796e5cfffce91858ca50d28cbf93147a4d,core_competitor_obs_20260820_045002
jalan|yoshidaya|2026-09-01|room:和室12.5畳|plan:【じゃらんのお得な10日間】10%off!~基本プラン~温泉と郷土料理に癒される♪連泊にもおすすめ◎|meal:meal_included|occ:2a0c1r|los:1|text:【じゃらんのお得な10日間】10%off!~基本プラン~温泉と郷土料理に癒される♪連泊にもおすすめ◎|2|0|1|1|core_competitor_obs_20260820_045002,9bc977f041db9038f831ef164ca3bb0cf35b9a88d17696e00bb81b5c5f0dd9ef,yoshidaya,吉田屋,jalan,2026-09-01,2026-08-20T05:05:19+09:00,room:和室12.5畳|plan:【じゃらんのお得な10日間】10%off!~基本プラン~温泉と郷土料理に癒される♪連泊にもおすすめ◎|meal:meal_included|occ:2a0c1r|los:1,和室12.5畳,text:【じゃらんのお得な10日間】10%off!~基本プラン~温泉と郷土料理に癒される♪連泊にもおすすめ◎,【じゃらんのお得な10日間】10%OFF!~基本プラン~温泉と郷土料理に癒される♪連泊にもおすすめ◎,2,0,1,1,JPY,23760,AVAILABLE,2,PUBLIC_SCARCITY_COUNT,PRODUCT,HIGH,482c6e0d28c6207f08adf5ccc127b57e298420891d0fd363ee58545ecd0c5476,core_competitor_obs_20260820_045002
jalan|yoshidaya|2026-09-01|room:和室8畳|plan:【じゃらんのお得な10日間】10%off!~基本プラン~温泉と郷土料理に癒される♪連泊にもおすすめ◎|meal:meal_included|occ:2a0c1r|los:1|text:【じゃらんのお得な10日間】10%off!~基本プラン~温泉と郷土料理に癒される♪連泊にもおすすめ◎|2|0|1|1|core_competitor_obs_20260820_045002,4b982ae22d43c97391eea2d77aafcffd68226ee6dac8d416907ad2839006b74c,yoshidaya,吉田屋,jalan,2026-09-01,2026-08-20T05:05:19+09:00,room:和室8畳|plan:【じゃらんのお得な10日間】10%off!~基本プラン~温泉と郷土料理に癒される♪連泊にもおすすめ◎|meal:meal_included|occ:2a0c1r|los:1,和室8畳,text:【じゃらんのお得な10日間】10%off!~基本プラン~温泉と郷土料理に癒される♪連泊にもおすすめ◎,【じゃらんのお得な10日間】10%OFF!~基本プラン~温泉と郷土料理に癒される♪連泊にもおすすめ◎,2,0,1,1,JPY,21780,AVAILABLE,3,PUBLIC_SCARCITY_COUNT,PRODUCT,HIGH,33b011193ac59a87254519624a1c7978b2893097a8049afe9425193fbba05133,core_competitor_obs_20260820_045002
jalan|yoshidaya|2026-09-01|room:和室6畳|plan:【じゃらんのお得な10日間】10%off!~基本プラン~温泉と郷土料理に癒される♪連泊にもおすすめ◎|meal:meal_included|occ:2a0c1r|los:1|text:【じゃらんのお得な10日間】10%off!~基本プラン~温泉と郷土料理に癒される♪連泊にもおすすめ◎|2|0|1|1|core_competitor_obs_20260820_045002,be0c8e220f378055871bf27779916412964ff782da42578defee880a08e0d3d9,yoshidaya,吉田屋,jalan,2026-09-01,2026-08-20T05:05:19+09:00,room:和室6畳|plan:【じゃらんのお得な10日間】10%off!~基本プラン~温泉と郷土料理に癒される♪連泊にもおすすめ◎|meal:meal_included|occ:2a0c1r|los:1,和室6畳,text:【じゃらんのお得な10日間】10%off!~基本プラン~温泉と郷土料理に癒される♪連泊にもおすすめ◎,【じゃらんのお得な10日間】10%OFF!~基本プラン~温泉と郷土料理に癒される♪連泊にもおすすめ◎,2,0,1,1,JPY,19800,AVAILABLE,,UNKNOWN,PRODUCT,MEDIUM,0ce2f5efd8154484c15e2df0c6ef4ee239703fcba2c7008688880794ce20e10f,core_competitor_obs_20260820_045002
jalan|yoshidaya|2026-09-01|room:和室13畳|plan:【夕食グレードアップ】ちょっとリッチに山形牛すきやきを堪能★源泉掛け流しの温泉でリフレッシュ♪|meal:meal_included|occ:2a0c1r|los:1|text:【夕食グレードアップ】ちょっとリッチに山形牛すきやきを堪能★源泉掛け流しの温泉でリフレッシュ♪|2|0|1|1|core_competitor_obs_20260820_045002,a5cc62ce026cda0657fe6004f166160d3d8df821e838a91693b917e5b2de9e53,yoshidaya,吉田屋,jalan,2026-09-01,2026-08-20T05:05:19+09:00,room:和室13畳|plan:【夕食グレードアップ】ちょっとリッチに山形牛すきやきを堪能★源泉掛け流しの温泉でリフレッシュ♪|meal:meal_included|occ:2a0c1r|los:1,和室13畳,text:【夕食グレードアップ】ちょっとリッチに山形牛すきやきを堪能★源泉掛け流しの温泉でリフレッシュ♪,【夕食グレードアップ】ちょっとリッチに山形牛すきやきを堪能★源泉掛け流しの温泉でリフレッシュ♪,2,0,1,1,JPY,35200,AVAILABLE,1,PUBLIC_SCARCITY_COUNT,PRODUCT,HIGH,811e2de47ce93ac955e05608ebd8d2159ce183943dec416d33723d5d33d64fbb,core_competitor_obs_20260820_045002
jalan|yoshidaya|2026-09-01|room:和室12.5畳|plan:【夕食グレードアップ】ちょっとリッチに山形牛すきやきを堪能★源泉掛け流しの温泉でリフレッシュ♪|meal:meal_included|occ:2a0c1r|los:1|text:【夕食グレードアップ】ちょっとリッチに山形牛すきやきを堪能★源泉掛け流しの温泉でリフレッシュ♪|2|0|1|1|core_competitor_obs_20260820_045002,ab6fe9cf277efba2d095fdabade60e3ceff5c4f39f2971d484b67d440d00cdc7,yoshidaya,吉田屋,jalan,2026-09-01,2026-08-20T05:05:19+09:00,room:和室12.5畳|plan:【夕食グレードアップ】ちょっとリッチに山形牛すきやきを堪能★源泉掛け流しの温泉でリフレッシュ♪|meal:meal_included|occ:2a0c1r|los:1,和室12.5畳,text:【夕食グレードアップ】ちょっとリッチに山形牛すきやきを堪能★源泉掛け流しの温泉でリフレッシュ♪,【夕食グレードアップ】ちょっとリッチに山形牛すきやきを堪能★源泉掛け流しの温泉でリフレッシュ♪,2,0,1,1,JPY,33000,AVAILABLE,2,PUBLIC_SCARCITY_COUNT,PRODUCT,HIGH,ce9de30aebafbbc607642f61e086af7c8b1d5205c65cb840e9e1cc7d91a2a268,core_competitor_obs_20260820_045002
jalan|yoshidaya|2026-09-01|room:和室8畳|plan:【夕食グレードアップ】ちょっとリッチに山形牛すきやきを堪能★源泉掛け流しの温泉でリフレッシュ♪|meal:meal_included|occ:2a0c1r|los:1|text:【夕食グレードアップ】ちょっとリッチに山形牛すきやきを堪能★源泉掛け流しの温泉でリフレッシュ♪|2|0|1|1|core_competitor_obs_20260820_045002,16ca57fd686d01562e111ab5285cc5291ae396d3cb6242a9d3836a61b256730e,yoshidaya,吉田屋,jalan,2026-09-01,2026-08-20T05:05:19+09:00,room:和室8畳|plan:【夕食グレードアップ】ちょっとリッチに山形牛すきやきを堪能★源泉掛け流しの温泉でリフレッシュ♪|meal:meal_included|occ:2a0c1r|los:1,和室8畳,text:【夕食グレードアップ】ちょっとリッチに山形牛すきやきを堪能★源泉掛け流しの温泉でリフレッシュ♪,【夕食グレードアップ】ちょっとリッチに山形牛すきやきを堪能★源泉掛け流しの温泉でリフレッシュ♪,2,0,1,1,JPY,30800,AVAILABLE,3,PUBLIC_SCARCITY_COUNT,PRODUCT,HIGH,9ada76b572d1a6f2728ea75100bd4461ed3335a8fd214437cae30619e217a2fa,core_competitor_obs_20260820_045002
jalan|yoshidaya|2026-09-01|room:和室6畳|plan:【夕食グレードアップ】ちょっとリッチに山形牛すきやきを堪能★源泉掛け流しの温泉でリフレッシュ♪|meal:meal_included|occ:2a0c1r|los:1|text:【夕食グレードアップ】ちょっとリッチに山形牛すきやきを堪能★源泉掛け流しの温泉でリフレッシュ♪|2|0|1|1|core_competitor_obs_20260820_045002,d49af8c7e22bed79ef41d29aba134bcd36617766c229b7e24fc85cda3ab0ef25,yoshidaya,吉田屋,jalan,2026-09-01,2026-08-20T05:05:19+09:00,room:和室6畳|plan:【夕食グレードアップ】ちょっとリッチに山形牛すきやきを堪能★源泉掛け流しの温泉でリフレッシュ♪|meal:meal_included|occ:2a0c1r|los:1,和室6畳,text:【夕食グレードアップ】ちょっとリッチに山形牛すきやきを堪能★源泉掛け流しの温泉でリフレッシュ♪,【夕食グレードアップ】ちょっとリッチに山形牛すきやきを堪能★源泉掛け流しの温泉でリフレッシュ♪,2,0,1,1,JPY,28600,AVAILABLE,,UNKNOWN,PRODUCT,MEDIUM,58abb511a257e19c1a9c2b145d242567e9cf2dbed17dccbc073b6b090de78ba4,core_competitor_obs_20260820_045002
jalan|yoshidaya|2026-09-01|room:和室13畳|plan:【朝食付プラン】蔵王温泉を心ゆくまで堪能!湯めぐり無料特典付き♪お食事は温泉街へgo!|meal:meal_included|occ:2a0c1r|los:1|text:【朝食付プラン】蔵王温泉を心ゆくまで堪能!湯めぐり無料特典付き♪お食事は温泉街へgo!|2|0|1|1|core_competitor_obs_20260820_045002,c9561a530527b48ee3c68cd88bdd45c64e6e7412ed26fe3f001bc504fda30bfa,yoshidaya,吉田屋,jalan,2026-09-01,2026-08-20T05:05:19+09:00,room:和室13畳|plan:【朝食付プラン】蔵王温泉を心ゆくまで堪能!湯めぐり無料特典付き♪お食事は温泉街へgo!|meal:meal_included|occ:2a0c1r|los:1,和室13畳,text:【朝食付プラン】蔵王温泉を心ゆくまで堪能!湯めぐり無料特典付き♪お食事は温泉街へgo!,【朝食付プラン】蔵王温泉を心ゆくまで堪能!湯めぐり無料特典付き♪お食事は温泉街へGO!,2,0,1,1,JPY,24200,AVAILABLE,1,PUBLIC_SCARCITY_COUNT,PRODUCT,HIGH,9c7226299b2bda2f3d3ac6e43a32a062d59dc0122e90e6914354baedf1c707f7,core_competitor_obs_20260820_045002
jalan|yoshidaya|2026-09-01|room:和室12.5畳|plan:【朝食付プラン】蔵王温泉を心ゆくまで堪能!湯めぐり無料特典付き♪お食事は温泉街へgo!|meal:meal_included|occ:2a0c1r|los:1|text:【朝食付プラン】蔵王温泉を心ゆくまで堪能!湯めぐり無料特典付き♪お食事は温泉街へgo!|2|0|1|1|core_competitor_obs_20260820_045002,f2c1e1a3c53bfa5d885fe9fefef19dc3e180e480406410fc624ea8d3b77e9f60,yoshidaya,吉田屋,jalan,2026-09-01,2026-08-20T05:05:19+09:00,room:和室12.5畳|plan:【朝食付プラン】蔵王温泉を心ゆくまで堪能!湯めぐり無料特典付き♪お食事は温泉街へgo!|meal:meal_included|occ:2a0c1r|los:1,和室12.5畳,text:【朝食付プラン】蔵王温泉を心ゆくまで堪能!湯めぐり無料特典付き♪お食事は温泉街へgo!,【朝食付プラン】蔵王温泉を心ゆくまで堪能!湯めぐり無料特典付き♪お食事は温泉街へGO!,2,0,1,1,JPY,22000,AVAILABLE,2,PUBLIC_SCARCITY_COUNT,PRODUCT,HIGH,59aeaf0f57debecddefaea25e415802948d97e5757b8663fbcd676769eeae336,core_competitor_obs_20260820_045002
jalan|yoshidaya|2026-09-01|room:和室8畳|plan:【朝食付プラン】蔵王温泉を心ゆくまで堪能!湯めぐり無料特典付き♪お食事は温泉街へgo!|meal:meal_included|occ:2a0c1r|los:1|text:【朝食付プラン】蔵王温泉を心ゆくまで堪能!湯めぐり無料特典付き♪お食事は温泉街へgo!|2|0|1|1|core_competitor_obs_20260820_045002,5b9606f5e2b2f86b48a31504a0089a59f43bb4399140d27afb5d32ddbb191015,yoshidaya,吉田屋,jalan,2026-09-01,2026-08-20T05:05:19+09:00,room:和室8畳|plan:【朝食付プラン】蔵王温泉を心ゆくまで堪能!湯めぐり無料特典付き♪お食事は温泉街へgo!|meal:meal_included|occ:2a0c1r|los:1,和室8畳,text:【朝食付プラン】蔵王温泉を心ゆくまで堪能!湯めぐり無料特典付き♪お食事は温泉街へgo!,【朝食付プラン】蔵王温泉を心ゆくまで堪能!湯めぐり無料特典付き♪お食事は温泉街へGO!,2,0,1,1,JPY,19800,AVAILABLE,3,PUBLIC_SCARCITY_COUNT,PRODUCT,HIGH,996cb9414fe63baf1a30a517fe17897f250f00fffa6c385bc99d2a5e9e4c92a9,core_competitor_obs_20260820_045002
jalan|yoshidaya|2026-09-01|room:和室6畳|plan:【朝食付プラン】蔵王温泉を心ゆくまで堪能!湯めぐり無料特典付き♪お食事は温泉街へgo!|meal:meal_included|occ:2a0c1r|los:1|text:【朝食付プラン】蔵王温泉を心ゆくまで堪能!湯めぐり無料特典付き♪お食事は温泉街へgo!|2|0|1|1|core_competitor_obs_20260820_045002,b794fd6a9c600b96074311a41a124c9f8fed53d82df8fabdac5e0ec45c9d7956,yoshidaya,吉田屋,jalan,2026-09-01,2026-08-20T05:05:19+09:00,room:和室6畳|plan:【朝食付プラン】蔵王温泉を心ゆくまで堪能!湯めぐり無料特典付き♪お食事は温泉街へgo!|meal:meal_included|occ:2a0c1r|los:1,和室6畳,text:【朝食付プラン】蔵王温泉を心ゆくまで堪能!湯めぐり無料特典付き♪お食事は温泉街へgo!,【朝食付プラン】蔵王温泉を心ゆくまで堪能!湯めぐり無料特典付き♪お食事は温泉街へGO!,2,0,1,1,JPY,17600,AVAILABLE,,UNKNOWN,PRODUCT,MEDIUM,edc7dd234c6bff4fe8dec5ae127c28b8eb9367b5968cc3838b4db5d781bf518d,core_competitor_obs_20260820_045002
jalan|yoshidaya|2026-09-01|room:和室13畳|plan:【じゃらん限定】ポイント10%!温泉と郷土料理に癒される♪吉田屋旅館の選べるお料理♪♪連泊にもおすすめ|meal:meal_included|occ:2a0c1r|los:1|text:【じゃらん限定】ポイント10%!温泉と郷土料理に癒される♪吉田屋旅館の選べるお料理♪♪連泊にもおすすめ|2|0|1|1|core_competitor_obs_20260820_045002,f049e2c38dd2452b9d64d3bf03516eb0c2c320237788c5fe228da35a1f2d924b,yoshidaya,吉田屋,jalan,2026-09-01,2026-08-20T05:05:19+09:00,room:和室13畳|plan:【じゃらん限定】ポイント10%!温泉と郷土料理に癒される♪吉田屋旅館の選べるお料理♪♪連泊にもおすすめ|meal:meal_included|occ:2a0c1r|los:1,和室13畳,text:【じゃらん限定】ポイント10%!温泉と郷土料理に癒される♪吉田屋旅館の選べるお料理♪♪連泊にもおすすめ,【じゃらん限定】ポイント10%!温泉と郷土料理に癒される♪吉田屋旅館の選べるお料理♪♪連泊にもおすすめ,2,0,1,1,JPY,30030,AVAILABLE,1,PUBLIC_SCARCITY_COUNT,PRODUCT,HIGH,f4ba5a6540d7730cce915d9fd555a491fc990e1c5fb3ccb24fd72bc355962af4,core_competitor_obs_20260820_045002
jalan|yoshidaya|2026-09-01|room:和室12.5畳|plan:【じゃらん限定】ポイント10%!温泉と郷土料理に癒される♪吉田屋旅館の選べるお料理♪♪連泊にもおすすめ|meal:meal_included|occ:2a0c1r|los:1|text:【じゃらん限定】ポイント10%!温泉と郷土料理に癒される♪吉田屋旅館の選べるお料理♪♪連泊にもおすすめ|2|0|1|1|core_competitor_obs_20260820_045002,09d2cb571fb5ae1f5cb1e174caa8c44d4f2614716b55f88bf5c2c99c0a90dbec,yoshidaya,吉田屋,jalan,2026-09-01,2026-08-20T05:05:19+09:00,room:和室12.5畳|plan:【じゃらん限定】ポイント10%!温泉と郷土料理に癒される♪吉田屋旅館の選べるお料理♪♪連泊にもおすすめ|meal:meal_included|occ:2a0c1r|los:1,和室12.5畳,text:【じゃらん限定】ポイント10%!温泉と郷土料理に癒される♪吉田屋旅館の選べるお料理♪♪連泊にもおすすめ,【じゃらん限定】ポイント10%!温泉と郷土料理に癒される♪吉田屋旅館の選べるお料理♪♪連泊にもおすすめ,2,0,1,1,JPY,27720,AVAILABLE,2,PUBLIC_SCARCITY_COUNT,PRODUCT,HIGH,295f15bb0bb0339803591acab25b1e9b6c478b79db5e8e1038f7d5d1c14a12dc,core_competitor_obs_20260820_045002
jalan|yoshidaya|2026-09-01|room:和室8畳|plan:【じゃらん限定】ポイント10%!温泉と郷土料理に癒される♪吉田屋旅館の選べるお料理♪♪連泊にもおすすめ|meal:meal_included|occ:2a0c1r|los:1|text:【じゃらん限定】ポイント10%!温泉と郷土料理に癒される♪吉田屋旅館の選べるお料理♪♪連泊にもおすすめ|2|0|1|1|core_competitor_obs_20260820_045002,a5a48f26004425387a671368213e808bbc9f82bcf5d8145010447d8b1b05b14c,yoshidaya,吉田屋,jalan,2026-09-01,2026-08-20T05:05:19+09:00,room:和室8畳|plan:【じゃらん限定】ポイント10%!温泉と郷土料理に癒される♪吉田屋旅館の選べるお料理♪♪連泊にもおすすめ|meal:meal_included|occ:2a0c1r|los:1,和室8畳,text:【じゃらん限定】ポイント10%!温泉と郷土料理に癒される♪吉田屋旅館の選べるお料理♪♪連泊にもおすすめ,【じゃらん限定】ポイント10%!温泉と郷土料理に癒される♪吉田屋旅館の選べるお料理♪♪連泊にもおすすめ,2,0,1,1,JPY,25410,AVAILABLE,3,PUBLIC_SCARCITY_COUNT,PRODUCT,HIGH,710d0977bc8a031514c0661ff69bbba542d11ccccf059445be2243557b34d568,core_competitor_obs_20260820_045002
jalan|yoshidaya|2026-09-01|room:和室6畳|plan:【じゃらん限定】ポイント10%!温泉と郷土料理に癒される♪吉田屋旅館の選べるお料理♪♪連泊にもおすすめ|meal:meal_included|occ:2a0c1r|los:1|text:【じゃらん限定】ポイント10%!温泉と郷土料理に癒される♪吉田屋旅館の選べるお料理♪♪連泊にもおすすめ|2|0|1|1|core_competitor_obs_20260820_045002,ee76a61e48371ea4ab9040d6be5a192a96d856e14842af5341aeaada8a697c0c,yoshidaya,吉田屋,jalan,2026-09-01,2026-08-20T05:05:19+09:00,room:和室6畳|plan:【じゃらん限定】ポイント10%!温泉と郷土料理に癒される♪吉田屋旅館の選べるお料理♪♪連泊にもおすすめ|meal:meal_included|occ:2a0c1r|los:1,和室6畳,text:【じゃらん限定】ポイント10%!温泉と郷土料理に癒される♪吉田屋旅館の選べるお料理♪♪連泊にもおすすめ,【じゃらん限定】ポイント10%!温泉と郷土料理に癒される♪吉田屋旅館の選べるお料理♪♪連泊にもおすすめ,2,0,1,1,JPY,23100,AVAILABLE,,UNKNOWN,PRODUCT,MEDIUM,a2d1173f23b6a1488704f4d3d298bc47fee0e473769be8a4252e60384f071a8a,core_competitor_obs_20260820_045002
jalan|yoshidaya|2026-09-01|room:和室13畳|plan:【1泊2食付★基本プラン】温泉と郷土料理に癒される♪吉田屋旅館の選べるお料理♪♪連泊にもおすすめ◎|meal:meal_included|occ:2a0c1r|los:1|text:【1泊2食付★基本プラン】温泉と郷土料理に癒される♪吉田屋旅館の選べるお料理♪♪連泊にもおすすめ◎|2|0|1|1|core_competitor_obs_20260820_045002,69345afa19ec80ec100362583c74cddbee2f45b285ee562702b74571fd091eed,yoshidaya,吉田屋,jalan,2026-09-01,2026-08-20T05:05:19+09:00,room:和室13畳|plan:【1泊2食付★基本プラン】温泉と郷土料理に癒される♪吉田屋旅館の選べるお料理♪♪連泊にもおすすめ◎|meal:meal_included|occ:2a0c1r|los:1,和室13畳,text:【1泊2食付★基本プラン】温泉と郷土料理に癒される♪吉田屋旅館の選べるお料理♪♪連泊にもおすすめ◎,【1泊2食付★基本プラン】温泉と郷土料理に癒される♪吉田屋旅館の選べるお料理♪♪連泊にもおすすめ◎,2,0,1,1,JPY,28600,AVAILABLE,1,PUBLIC_SCARCITY_COUNT,PRODUCT,HIGH,e8d3d4cbeabc8c28d266df8faf7bfd8759dd19f40feab511313ccd75c760f47f,core_competitor_obs_20260820_045002
jalan|yoshidaya|2026-09-01|room:和室12.5畳|plan:【1泊2食付★基本プラン】温泉と郷土料理に癒される♪吉田屋旅館の選べるお料理♪♪連泊にもおすすめ◎|meal:meal_included|occ:2a0c1r|los:1|text:【1泊2食付★基本プラン】温泉と郷土料理に癒される♪吉田屋旅館の選べるお料理♪♪連泊にもおすすめ◎|2|0|1|1|core_competitor_obs_20260820_045002,aca08f51f31db5f46c7b717d3f50fa5726ab4b22d01a650deb27ada4b4513c09,yoshidaya,吉田屋,jalan,2026-09-01,2026-08-20T05:05:19+09:00,room:和室12.5畳|plan:【1泊2食付★基本プラン】温泉と郷土料理に癒される♪吉田屋旅館の選べるお料理♪♪連泊にもおすすめ◎|meal:meal_included|occ:2a0c1r|los:1,和室12.5畳,text:【1泊2食付★基本プラン】温泉と郷土料理に癒される♪吉田屋旅館の選べるお料理♪♪連泊にもおすすめ◎,【1泊2食付★基本プラン】温泉と郷土料理に癒される♪吉田屋旅館の選べるお料理♪♪連泊にもおすすめ◎,2,0,1,1,JPY,26400,AVAILABLE,2,PUBLIC_SCARCITY_COUNT,PRODUCT,HIGH,0fd73451a22c26d0580301e1c974ae8949202d1fad470eebffea500f1b8c3baf,core_competitor_obs_20260820_045002
jalan|yoshidaya|2026-09-01|room:和室8畳|plan:【1泊2食付★基本プラン】温泉と郷土料理に癒される♪吉田屋旅館の選べるお料理♪♪連泊にもおすすめ◎|meal:meal_included|occ:2a0c1r|los:1|text:【1泊2食付★基本プラン】温泉と郷土料理に癒される♪吉田屋旅館の選べるお料理♪♪連泊にもおすすめ◎|2|0|1|1|core_competitor_obs_20260820_045002,4947fbae39cdc5987c7c1d346d517309987be4822eb61c9dd016e68a38294a7f,yoshidaya,吉田屋,jalan,2026-09-01,2026-08-20T05:05:19+09:00,room:和室8畳|plan:【1泊2食付★基本プラン】温泉と郷土料理に癒される♪吉田屋旅館の選べるお料理♪♪連泊にもおすすめ◎|meal:meal_included|occ:2a0c1r|los:1,和室8畳,text:【1泊2食付★基本プラン】温泉と郷土料理に癒される♪吉田屋旅館の選べるお料理♪♪連泊にもおすすめ◎,【1泊2食付★基本プラン】温泉と郷土料理に癒される♪吉田屋旅館の選べるお料理♪♪連泊にもおすすめ◎,2,0,1,1,JPY,24200,AVAILABLE,3,PUBLIC_SCARCITY_COUNT,PRODUCT,HIGH,a913113fc95f08cf1350a75d849e4c3208a0401a34ab8cd04058db46566d9766,core_competitor_obs_20260820_045002
jalan|yoshidaya|2026-09-01|room:和室6畳|plan:【1泊2食付★基本プラン】温泉と郷土料理に癒される♪吉田屋旅館の選べるお料理♪♪連泊にもおすすめ◎|meal:meal_included|occ:2a0c1r|los:1|text:【1泊2食付★基本プラン】温泉と郷土料理に癒される♪吉田屋旅館の選べるお料理♪♪連泊にもおすすめ◎|2|0|1|1|core_competitor_obs_20260820_045002,af3b91bf60fb1bd57a94aa2e600b87db66ff9a861f6d97d3c067cd1709a389c7,yoshidaya,吉田屋,jalan,2026-09-01,2026-08-20T05:05:19+09:00,room:和室6畳|plan:【1泊2食付★基本プラン】温泉と郷土料理に癒される♪吉田屋旅館の選べるお料理♪♪連泊にもおすすめ◎|meal:meal_included|occ:2a0c1r|los:1,和室6畳,text:【1泊2食付★基本プラン】温泉と郷土料理に癒される♪吉田屋旅館の選べるお料理♪♪連泊にもおすすめ◎,【1泊2食付★基本プラン】温泉と郷土料理に癒される♪吉田屋旅館の選べるお料理♪♪連泊にもおすすめ◎,2,0,1,1,JPY,22000,AVAILABLE,,UNKNOWN,PRODUCT,MEDIUM,f83bb2e2ff79c8fc15accb6f83b04c4327a7992519b44110a32b55247923a1bf,core_competitor_obs_20260820_045002
jalan|yoshidaya|2026-09-01|room:和室13畳|plan:【素泊まりプラン】蔵王温泉を心ゆくまで堪能!湯めぐり無料特典付き♪お食事は温泉街へgo!|meal:confirmed_room_only|occ:2a0c1r|los:1|text:【素泊まりプラン】蔵王温泉を心ゆくまで堪能!湯めぐり無料特典付き♪お食事は温泉街へgo!|2|0|1|1|core_competitor_obs_20260820_045002,888ee4ee6bba4c84e46969beaf181edaaa8a4be1996ca88c0d26ffd9942f760f,yoshidaya,吉田屋,jalan,2026-09-01,2026-08-20T05:05:19+09:00,room:和室13畳|plan:【素泊まりプラン】蔵王温泉を心ゆくまで堪能!湯めぐり無料特典付き♪お食事は温泉街へgo!|meal:confirmed_room_only|occ:2a0c1r|los:1,和室13畳,text:【素泊まりプラン】蔵王温泉を心ゆくまで堪能!湯めぐり無料特典付き♪お食事は温泉街へgo!,【素泊まりプラン】蔵王温泉を心ゆくまで堪能!湯めぐり無料特典付き♪お食事は温泉街へGO!,2,0,1,1,JPY,23100,AVAILABLE,1,PUBLIC_SCARCITY_COUNT,PRODUCT,HIGH,81b8bc929ef9ab4cbd1367e2cd1c3f3068f0460cb103853c84e5316b2619231e,core_competitor_obs_20260820_045002
jalan|yoshidaya|2026-09-01|room:和室12.5畳|plan:【素泊まりプラン】蔵王温泉を心ゆくまで堪能!湯めぐり無料特典付き♪お食事は温泉街へgo!|meal:confirmed_room_only|occ:2a0c1r|los:1|text:【素泊まりプラン】蔵王温泉を心ゆくまで堪能!湯めぐり無料特典付き♪お食事は温泉街へgo!|2|0|1|1|core_competitor_obs_20260820_045002,bcd2ee07050025bf02892953bd3fc6cd2c245d87c517406da050d896f89fbfb7,yoshidaya,吉田屋,jalan,2026-09-01,2026-08-20T05:05:19+09:00,room:和室12.5畳|plan:【素泊まりプラン】蔵王温泉を心ゆくまで堪能!湯めぐり無料特典付き♪お食事は温泉街へgo!|meal:confirmed_room_only|occ:2a0c1r|los:1,和室12.5畳,text:【素泊まりプラン】蔵王温泉を心ゆくまで堪能!湯めぐり無料特典付き♪お食事は温泉街へgo!,【素泊まりプラン】蔵王温泉を心ゆくまで堪能!湯めぐり無料特典付き♪お食事は温泉街へGO!,2,0,1,1,JPY,20900,AVAILABLE,2,PUBLIC_SCARCITY_COUNT,PRODUCT,HIGH,d245c703cd40e7ccea4c4d04351a62d3ca1c431b3981f6469b17dc4ae9639119,core_competitor_obs_20260820_045002
jalan|yoshidaya|2026-09-01|room:和室8畳|plan:【素泊まりプラン】蔵王温泉を心ゆくまで堪能!湯めぐり無料特典付き♪お食事は温泉街へgo!|meal:confirmed_room_only|occ:2a0c1r|los:1|text:【素泊まりプラン】蔵王温泉を心ゆくまで堪能!湯めぐり無料特典付き♪お食事は温泉街へgo!|2|0|1|1|core_competitor_obs_20260820_045002,5d566e8dcbb11eec8af62cffa1592f2433559e647b99f47916b3d0c5c0832d1f,yoshidaya,吉田屋,jalan,2026-09-01,2026-08-20T05:05:19+09:00,room:和室8畳|plan:【素泊まりプラン】蔵王温泉を心ゆくまで堪能!湯めぐり無料特典付き♪お食事は温泉街へgo!|meal:confirmed_room_only|occ:2a0c1r|los:1,和室8畳,text:【素泊まりプラン】蔵王温泉を心ゆくまで堪能!湯めぐり無料特典付き♪お食事は温泉街へgo!,【素泊まりプラン】蔵王温泉を心ゆくまで堪能!湯めぐり無料特典付き♪お食事は温泉街へGO!,2,0,1,1,JPY,18700,AVAILABLE,3,PUBLIC_SCARCITY_COUNT,PRODUCT,HIGH,15cc1b5b4938c8db4035c99784105268ade31e64e1d48c157e2d644c33d913de,core_competitor_obs_20260820_045002
jalan|yoshidaya|2026-09-01|room:和室6畳|plan:【素泊まりプラン】蔵王温泉を心ゆくまで堪能!湯めぐり無料特典付き♪お食事は温泉街へgo!|meal:confirmed_room_only|occ:2a0c1r|los:1|text:【素泊まりプラン】蔵王温泉を心ゆくまで堪能!湯めぐり無料特典付き♪お食事は温泉街へgo!|2|0|1|1|core_competitor_obs_20260820_045002,af626b33d58acede830f3f677ebb2fa85e6a2cd6d54ffa211426a64336a05653,yoshidaya,吉田屋,jalan,2026-09-01,2026-08-20T05:05:19+09:00,room:和室6畳|plan:【素泊まりプラン】蔵王温泉を心ゆくまで堪能!湯めぐり無料特典付き♪お食事は温泉街へgo!|meal:confirmed_room_only|occ:2a0c1r|los:1,和室6畳,text:【素泊まりプラン】蔵王温泉を心ゆくまで堪能!湯めぐり無料特典付き♪お食事は温泉街へgo!,【素泊まりプラン】蔵王温泉を心ゆくまで堪能!湯めぐり無料特典付き♪お食事は温泉街へGO!,2,0,1,1,JPY,16500,AVAILABLE,,UNKNOWN,PRODUCT,MEDIUM,f98f8b6ad9b14d01333d4bfd1a332a99ae11862c1f49349cfdd10015c864404e,core_competitor_obs_20260820_045002
jalan|yoshidaya|2026-09-01|room:和室13畳|plan:【学割プラン】学生旅行応援!思い出づくりのお手伝い★選べる夕食メイン+源泉掛け流し温泉|meal:meal_included|occ:2a0c1r|los:1|text:【学割プラン】学生旅行応援!思い出づくりのお手伝い★選べる夕食メイン+源泉掛け流し温泉|2|0|1|1|core_competitor_obs_20260820_045002,835241b77e5bd91e864e7f270ddfe9ac4e5f97741a0c1722eee0ea9d67104561,yoshidaya,吉田屋,jalan,2026-09-01,2026-08-20T05:05:19+09:00,room:和室13畳|plan:【学割プラン】学生旅行応援!思い出づくりのお手伝い★選べる夕食メイン+源泉掛け流し温泉|meal:meal_included|occ:2a0c1r|los:1,和室13畳,text:【学割プラン】学生旅行応援!思い出づくりのお手伝い★選べる夕食メイン+源泉掛け流し温泉,【学割プラン】学生旅行応援!思い出づくりのお手伝い★選べる夕食メイン+源泉掛け流し温泉,2,0,1,1,JPY,25300,AVAILABLE,1,PUBLIC_SCARCITY_COUNT,PRODUCT,HIGH,a698a0d89e93dcfe892f566ea24c8ea57db6017d916716cdf3e3cc2b8fc70e47,core_competitor_obs_20260820_045002
jalan|yoshidaya|2026-09-01|room:和室12.5畳|plan:【学割プラン】学生旅行応援!思い出づくりのお手伝い★選べる夕食メイン+源泉掛け流し温泉|meal:meal_included|occ:2a0c1r|los:1|text:【学割プラン】学生旅行応援!思い出づくりのお手伝い★選べる夕食メイン+源泉掛け流し温泉|2|0|1|1|core_competitor_obs_20260820_045002,71f5037819516fad712e7905f3cd6836885d4d2ed6d4b33c7fae268b0af36b5e,yoshidaya,吉田屋,jalan,2026-09-01,2026-08-20T05:05:19+09:00,room:和室12.5畳|plan:【学割プラン】学生旅行応援!思い出づくりのお手伝い★選べる夕食メイン+源泉掛け流し温泉|meal:meal_included|occ:2a0c1r|los:1,和室12.5畳,text:【学割プラン】学生旅行応援!思い出づくりのお手伝い★選べる夕食メイン+源泉掛け流し温泉,【学割プラン】学生旅行応援!思い出づくりのお手伝い★選べる夕食メイン+源泉掛け流し温泉,2,0,1,1,JPY,23100,AVAILABLE,2,PUBLIC_SCARCITY_COUNT,PRODUCT,HIGH,cba13ab465a8e035c8d9c9a5841df2b3c649ca8e64bb761b49a795a96134478e,core_competitor_obs_20260820_045002
jalan|yoshidaya|2026-09-01|room:和室8畳|plan:【学割プラン】学生旅行応援!思い出づくりのお手伝い★選べる夕食メイン+源泉掛け流し温泉|meal:meal_included|occ:2a0c1r|los:1|text:【学割プラン】学生旅行応援!思い出づくりのお手伝い★選べる夕食メイン+源泉掛け流し温泉|2|0|1|1|core_competitor_obs_20260820_045002,703d3935384822fdbf542c7e7716b68b1d9b0b1ea3cc1e6d1e3224b3b16643c2,yoshidaya,吉田屋,jalan,2026-09-01,2026-08-20T05:05:19+09:00,room:和室8畳|plan:【学割プラン】学生旅行応援!思い出づくりのお手伝い★選べる夕食メイン+源泉掛け流し温泉|meal:meal_included|occ:2a0c1r|los:1,和室8畳,text:【学割プラン】学生旅行応援!思い出づくりのお手伝い★選べる夕食メイン+源泉掛け流し温泉,【学割プラン】学生旅行応援!思い出づくりのお手伝い★選べる夕食メイン+源泉掛け流し温泉,2,0,1,1,JPY,20900,AVAILABLE,3,PUBLIC_SCARCITY_COUNT,PRODUCT,HIGH,d8511fc27293f06a411fa6c967a3c5e4359f4c0f9af11583566e155153e0d2d1,core_competitor_obs_20260820_045002
jalan|yoshidaya|2026-09-01|room:和室6畳|plan:【学割プラン】学生旅行応援!思い出づくりのお手伝い★選べる夕食メイン+源泉掛け流し温泉|meal:meal_included|occ:2a0c1r|los:1|text:【学割プラン】学生旅行応援!思い出づくりのお手伝い★選べる夕食メイン+源泉掛け流し温泉|2|0|1|1|core_competitor_obs_20260820_045002,20e775d73fa609902841bec0965a3322ea8998793a44bd8bd0e9893369c7f937,yoshidaya,吉田屋,jalan,2026-09-01,2026-08-20T05:05:19+09:00,room:和室6畳|plan:【学割プラン】学生旅行応援!思い出づくりのお手伝い★選べる夕食メイン+源泉掛け流し温泉|meal:meal_included|occ:2a0c1r|los:1,和室6畳,text:【学割プラン】学生旅行応援!思い出づくりのお手伝い★選べる夕食メイン+源泉掛け流し温泉,【学割プラン】学生旅行応援!思い出づくりのお手伝い★選べる夕食メイン+源泉掛け流し温泉,2,0,1,1,JPY,18700,AVAILABLE,,UNKNOWN,PRODUCT,MEDIUM,a5f52bb76cb4c9b6ea2e14bcb603c82e7969e50455b062d09a5c9d8598f16a9d,core_competitor_obs_20260820_045002
"jalan|yoshidaya|2026-09-01|room:和室13畳|plan:【蔵王を遊びつくそう】50種以上から選べるアクティビティクーポン2,000円分付き!選べるお料理♪|meal:meal_included|occ:2a0c1r|los:1|text:【蔵王を遊びつくそう】50種以上から選べるアクティビティクーポン2,000円分付き!選べるお料理♪|2|0|1|1|core_competitor_obs_20260820_045002",1923e91169b70d9b8c57e7027f151d85a5fd6115608b73d961cf58aa8f7143b1,yoshidaya,吉田屋,jalan,2026-09-01,2026-08-20T05:05:19+09:00,"room:和室13畳|plan:【蔵王を遊びつくそう】50種以上から選べるアクティビティクーポン2,000円分付き!選べるお料理♪|meal:meal_included|occ:2a0c1r|los:1",和室13畳,"text:【蔵王を遊びつくそう】50種以上から選べるアクティビティクーポン2,000円分付き!選べるお料理♪","【蔵王を遊びつくそう】50種以上から選べるアクティビティクーポン2,000円分付き!選べるお料理♪",2,0,1,1,JPY,31900,AVAILABLE,1,PUBLIC_SCARCITY_COUNT,PRODUCT,HIGH,2252b95b58cc1edfc53770a100f32813bd924c9b14a9203e208ad3d894a68634,core_competitor_obs_20260820_045002
"jalan|yoshidaya|2026-09-01|room:和室12.5畳|plan:【蔵王を遊びつくそう】50種以上から選べるアクティビティクーポン2,000円分付き!選べるお料理♪|meal:meal_included|occ:2a0c1r|los:1|text:【蔵王を遊びつくそう】50種以上から選べるアクティビティクーポン2,000円分付き!選べるお料理♪|2|0|1|1|core_competitor_obs_20260820_045002",aba54cbbd5d78112beb063beb380e3f229dbe0dc2b6577fdefb9d97d42093a6c,yoshidaya,吉田屋,jalan,2026-09-01,2026-08-20T05:05:19+09:00,"room:和室12.5畳|plan:【蔵王を遊びつくそう】50種以上から選べるアクティビティクーポン2,000円分付き!選べるお料理♪|meal:meal_included|occ:2a0c1r|los:1",和室12.5畳,"text:【蔵王を遊びつくそう】50種以上から選べるアクティビティクーポン2,000円分付き!選べるお料理♪","【蔵王を遊びつくそう】50種以上から選べるアクティビティクーポン2,000円分付き!選べるお料理♪",2,0,1,1,JPY,29700,AVAILABLE,2,PUBLIC_SCARCITY_COUNT,PRODUCT,HIGH,cc61222ec564bb683ef5958ea1d3c0345378f1f218efa8faf29838a9c9597f0f,core_competitor_obs_20260820_045002
"jalan|yoshidaya|2026-09-01|room:和室8畳|plan:【蔵王を遊びつくそう】50種以上から選べるアクティビティクーポン2,000円分付き!選べるお料理♪|meal:meal_included|occ:2a0c1r|los:1|text:【蔵王を遊びつくそう】50種以上から選べるアクティビティクーポン2,000円分付き!選べるお料理♪|2|0|1|1|core_competitor_obs_20260820_045002",50486ef77e5ab87e9609cc3f02abcb673c1cdde0c70042c47c0ff0ff11a69107,yoshidaya,吉田屋,jalan,2026-09-01,2026-08-20T05:05:19+09:00,"room:和室8畳|plan:【蔵王を遊びつくそう】50種以上から選べるアクティビティクーポン2,000円分付き!選べるお料理♪|meal:meal_included|occ:2a0c1r|los:1",和室8畳,"text:【蔵王を遊びつくそう】50種以上から選べるアクティビティクーポン2,000円分付き!選べるお料理♪","【蔵王を遊びつくそう】50種以上から選べるアクティビティクーポン2,000円分付き!選べるお料理♪",2,0,1,1,JPY,27500,AVAILABLE,3,PUBLIC_SCARCITY_COUNT,PRODUCT,HIGH,8ca4fc6b5306a9646ec9eec7fa7354c45d2cddd85f1612b8610741116c88ad8a,core_competitor_obs_20260820_045002
"jalan|yoshidaya|2026-09-01|room:和室6畳|plan:【蔵王を遊びつくそう】50種以上から選べるアクティビティクーポン2,000円分付き!選べるお料理♪|meal:meal_included|occ:2a0c1r|los:1|text:【蔵王を遊びつくそう】50種以上から選べるアクティビティクーポン2,000円分付き!選べるお料理♪|2|0|1|1|core_competitor_obs_20260820_045002",88524da362696e9fe73d412f58a55670054a4452baf2db27c04361913d63325a,yoshidaya,吉田屋,jalan,2026-09-01,2026-08-20T05:05:19+09:00,"room:和室6畳|plan:【蔵王を遊びつくそう】50種以上から選べるアクティビティクーポン2,000円分付き!選べるお料理♪|meal:meal_included|occ:2a0c1r|los:1",和室6畳,"text:【蔵王を遊びつくそう】50種以上から選べるアクティビティクーポン2,000円分付き!選べるお料理♪","【蔵王を遊びつくそう】50種以上から選べるアクティビティクーポン2,000円分付き!選べるお料理♪",2,0,1,1,JPY,25300,AVAILABLE,,UNKNOWN,PRODUCT,MEDIUM,355afe00e30a5852e684f44cc89a7d32fac65dcd974fd392744c7a35f40eea9c,core_competitor_obs_20260820_045002
jalan|yoshidaya|2026-09-02|room:和室13畳|plan:【シニア割プラン】50歳以上限定!大人の贅沢なひととき♪源泉掛け流しの温泉でリフレッシュ♪|meal:meal_included|occ:2a0c1r|los:1|text:【シニア割プラン】50歳以上限定!大人の贅沢なひととき♪源泉掛け流しの温泉でリフレッシュ♪|2|0|1|1|core_competitor_obs_20260820_045002,ccc995a25db287c6c8aeaef6e8ab39a26bf339611d69b079bbf149f6665aef50,yoshidaya,吉田屋,jalan,2026-09-02,2026-08-20T05:05:31+09:00,room:和室13畳|plan:【シニア割プラン】50歳以上限定!大人の贅沢なひととき♪源泉掛け流しの温泉でリフレッシュ♪|meal:meal_included|occ:2a0c1r|los:1,和室13畳,text:【シニア割プラン】50歳以上限定!大人の贅沢なひととき♪源泉掛け流しの温泉でリフレッシュ♪,【シニア割プラン】50歳以上限定!大人の贅沢なひととき♪源泉掛け流しの温泉でリフレッシュ♪,2,0,1,1,JPY,25300,AVAILABLE,1,PUBLIC_SCARCITY_COUNT,PRODUCT,HIGH,a698a0d89e93dcfe892f566ea24c8ea57db6017d916716cdf3e3cc2b8fc70e47,core_competitor_obs_20260820_045002
jalan|yoshidaya|2026-09-02|room:和室8畳|plan:【シニア割プラン】50歳以上限定!大人の贅沢なひととき♪源泉掛け流しの温泉でリフレッシュ♪|meal:meal_included|occ:2a0c1r|los:1|text:【シニア割プラン】50歳以上限定!大人の贅沢なひととき♪源泉掛け流しの温泉でリフレッシュ♪|2|0|1|1|core_competitor_obs_20260820_045002,17a95d4f4b1235dd2363569ca091485dff6d84b992904c02eb01056bde9f220b,yoshidaya,吉田屋,jalan,2026-09-02,2026-08-20T05:05:31+09:00,room:和室8畳|plan:【シニア割プラン】50歳以上限定!大人の贅沢なひととき♪源泉掛け流しの温泉でリフレッシュ♪|meal:meal_included|occ:2a0c1r|los:1,和室8畳,text:【シニア割プラン】50歳以上限定!大人の贅沢なひととき♪源泉掛け流しの温泉でリフレッシュ♪,【シニア割プラン】50歳以上限定!大人の贅沢なひととき♪源泉掛け流しの温泉でリフレッシュ♪,2,0,1,1,JPY,20900,AVAILABLE,3,PUBLIC_SCARCITY_COUNT,PRODUCT,HIGH,d8511fc27293f06a411fa6c967a3c5e4359f4c0f9af11583566e155153e0d2d1,core_competitor_obs_20260820_045002
jalan|yoshidaya|2026-09-02|room:和室6畳|plan:【シニア割プラン】50歳以上限定!大人の贅沢なひととき♪源泉掛け流しの温泉でリフレッシュ♪|meal:meal_included|occ:2a0c1r|los:1|text:【シニア割プラン】50歳以上限定!大人の贅沢なひととき♪源泉掛け流しの温泉でリフレッシュ♪|2|0|1|1|core_competitor_obs_20260820_045002,acff6cf47c102b8f571f362067eb4332dcadf7ec0be3b11a974c3cd3d72d119d,yoshidaya,吉田屋,jalan,2026-09-02,2026-08-20T05:05:31+09:00,room:和室6畳|plan:【シニア割プラン】50歳以上限定!大人の贅沢なひととき♪源泉掛け流しの温泉でリフレッシュ♪|meal:meal_included|occ:2a0c1r|los:1,和室6畳,text:【シニア割プラン】50歳以上限定!大人の贅沢なひととき♪源泉掛け流しの温泉でリフレッシュ♪,【シニア割プラン】50歳以上限定!大人の贅沢なひととき♪源泉掛け流しの温泉でリフレッシュ♪,2,0,1,1,JPY,18700,AVAILABLE,,UNKNOWN,PRODUCT,MEDIUM,a5f52bb76cb4c9b6ea2e14bcb603c82e7969e50455b062d09a5c9d8598f16a9d,core_competitor_obs_20260820_045002
jalan|yoshidaya|2026-09-02|room:和室13畳|plan:【じゃらんのお得な10日間】10%off!~基本プラン~温泉と郷土料理に癒される♪連泊にもおすすめ◎|meal:meal_included|occ:2a0c1r|los:1|text:【じゃらんのお得な10日間】10%off!~基本プラン~温泉と郷土料理に癒される♪連泊にもおすすめ◎|2|0|1|1|core_competitor_obs_20260820_045002,304406d08e82fdd5fbd26041f73e6d92272e73b9116b2ac842528f1107a374d3,yoshidaya,吉田屋,jalan,2026-09-02,2026-08-20T05:05:31+09:00,room:和室13畳|plan:【じゃらんのお得な10日間】10%off!~基本プラン~温泉と郷土料理に癒される♪連泊にもおすすめ◎|meal:meal_included|occ:2a0c1r|los:1,和室13畳,text:【じゃらんのお得な10日間】10%off!~基本プラン~温泉と郷土料理に癒される♪連泊にもおすすめ◎,【じゃらんのお得な10日間】10%OFF!~基本プラン~温泉と郷土料理に癒される♪連泊にもおすすめ◎,2,0,1,1,JPY,25740,AVAILABLE,1,PUBLIC_SCARCITY_COUNT,PRODUCT,HIGH,c7ef30fbbc1fab8554f9f01bf281db796e5cfffce91858ca50d28cbf93147a4d,core_competitor_obs_20260820_045002
jalan|yoshidaya|2026-09-02|room:和室8畳|plan:【じゃらんのお得な10日間】10%off!~基本プラン~温泉と郷土料理に癒される♪連泊にもおすすめ◎|meal:meal_included|occ:2a0c1r|los:1|text:【じゃらんのお得な10日間】10%off!~基本プラン~温泉と郷土料理に癒される♪連泊にもおすすめ◎|2|0|1|1|core_competitor_obs_20260820_045002,22d8e877f536309392929f7ca6603e07c0e383d52364b565b88f5c6b5987975a,yoshidaya,吉田屋,jalan,2026-09-02,2026-08-20T05:05:31+09:00,room:和室8畳|plan:【じゃらんのお得な10日間】10%off!~基本プラン~温泉と郷土料理に癒される♪連泊にもおすすめ◎|meal:meal_included|occ:2a0c1r|los:1,和室8畳,text:【じゃらんのお得な10日間】10%off!~基本プラン~温泉と郷土料理に癒される♪連泊にもおすすめ◎,【じゃらんのお得な10日間】10%OFF!~基本プラン~温泉と郷土料理に癒される♪連泊にもおすすめ◎,2,0,1,1,JPY,21780,AVAILABLE,3,PUBLIC_SCARCITY_COUNT,PRODUCT,HIGH,33b011193ac59a87254519624a1c7978b2893097a8049afe9425193fbba05133,core_competitor_obs_20260820_045002
jalan|yoshidaya|2026-09-02|room:和室6畳|plan:【じゃらんのお得な10日間】10%off!~基本プラン~温泉と郷土料理に癒される♪連泊にもおすすめ◎|meal:meal_included|occ:2a0c1r|los:1|text:【じゃらんのお得な10日間】10%off!~基本プラン~温泉と郷土料理に癒される♪連泊にもおすすめ◎|2|0|1|1|core_competitor_obs_20260820_045002,ddf22452f081458b4fc0d5b7a82ce91ec4416c4e773a0af107cd679e3620f831,yoshidaya,吉田屋,jalan,2026-09-02,2026-08-20T05:05:31+09:00,room:和室6畳|plan:【じゃらんのお得な10日間】10%off!~基本プラン~温泉と郷土料理に癒される♪連泊にもおすすめ◎|meal:meal_included|occ:2a0c1r|los:1,和室6畳,text:【じゃらんのお得な10日間】10%off!~基本プラン~温泉と郷土料理に癒される♪連泊にもおすすめ◎,【じゃらんのお得な10日間】10%OFF!~基本プラン~温泉と郷土料理に癒される♪連泊にもおすすめ◎,2,0,1,1,JPY,19800,AVAILABLE,,UNKNOWN,PRODUCT,MEDIUM,0ce2f5efd8154484c15e2df0c6ef4ee239703fcba2c7008688880794ce20e10f,core_competitor_obs_20260820_045002
jalan|yoshidaya|2026-09-02|room:和室13畳|plan:【夕食グレードアップ】ちょっとリッチに山形牛すきやきを堪能★源泉掛け流しの温泉でリフレッシュ♪|meal:meal_included|occ:2a0c1r|los:1|text:【夕食グレードアップ】ちょっとリッチに山形牛すきやきを堪能★源泉掛け流しの温泉でリフレッシュ♪|2|0|1|1|core_competitor_obs_20260820_045002,50e763958988b40325c98cc26c063b984ac6292d210d2f01906eebe96a2cbc98,yoshidaya,吉田屋,jalan,2026-09-02,2026-08-20T05:05:31+09:00,room:和室13畳|plan:【夕食グレードアップ】ちょっとリッチに山形牛すきやきを堪能★源泉掛け流しの温泉でリフレッシュ♪|meal:meal_included|occ:2a0c1r|los:1,和室13畳,text:【夕食グレードアップ】ちょっとリッチに山形牛すきやきを堪能★源泉掛け流しの温泉でリフレッシュ♪,【夕食グレードアップ】ちょっとリッチに山形牛すきやきを堪能★源泉掛け流しの温泉でリフレッシュ♪,2,0,1,1,JPY,35200,AVAILABLE,1,PUBLIC_SCARCITY_COUNT,PRODUCT,HIGH,811e2de47ce93ac955e05608ebd8d2159ce183943dec416d33723d5d33d64fbb,core_competitor_obs_20260820_045002
jalan|yoshidaya|2026-09-02|room:和室8畳|plan:【夕食グレードアップ】ちょっとリッチに山形牛すきやきを堪能★源泉掛け流しの温泉でリフレッシュ♪|meal:meal_included|occ:2a0c1r|los:1|text:【夕食グレードアップ】ちょっとリッチに山形牛すきやきを堪能★源泉掛け流しの温泉でリフレッシュ♪|2|0|1|1|core_competitor_obs_20260820_045002,3ea61b6044500d8f97d23ab555e24339e119fe1a9ef4729c225c2b2f50948382,yoshidaya,吉田屋,jalan,2026-09-02,2026-08-20T05:05:31+09:00,room:和室8畳|plan:【夕食グレードアップ】ちょっとリッチに山形牛すきやきを堪能★源泉掛け流しの温泉でリフレッシュ♪|meal:meal_included|occ:2a0c1r|los:1,和室8畳,text:【夕食グレードアップ】ちょっとリッチに山形牛すきやきを堪能★源泉掛け流しの温泉でリフレッシュ♪,【夕食グレードアップ】ちょっとリッチに山形牛すきやきを堪能★源泉掛け流しの温泉でリフレッシュ♪,2,0,1,1,JPY,30800,AVAILABLE,3,PUBLIC_SCARCITY_COUNT,PRODUCT,HIGH,9ada76b572d1a6f2728ea75100bd4461ed3335a8fd214437cae30619e217a2fa,core_competitor_obs_20260820_045002
jalan|yoshidaya|2026-09-02|room:和室6畳|plan:【夕食グレードアップ】ちょっとリッチに山形牛すきやきを堪能★源泉掛け流しの温泉でリフレッシュ♪|meal:meal_included|occ:2a0c1r|los:1|text:【夕食グレードアップ】ちょっとリッチに山形牛すきやきを堪能★源泉掛け流しの温泉でリフレッシュ♪|2|0|1|1|core_competitor_obs_20260820_045002,773b9b61362e76d655679036c051d2b3a5d6dacd1c904a1503e9bfcd86f0e6c4,yoshidaya,吉田屋,jalan,2026-09-02,2026-08-20T05:05:31+09:00,room:和室6畳|plan:【夕食グレードアップ】ちょっとリッチに山形牛すきやきを堪能★源泉掛け流しの温泉でリフレッシュ♪|meal:meal_included|occ:2a0c1r|los:1,和室6畳,text:【夕食グレードアップ】ちょっとリッチに山形牛すきやきを堪能★源泉掛け流しの温泉でリフレッシュ♪,【夕食グレードアップ】ちょっとリッチに山形牛すきやきを堪能★源泉掛け流しの温泉でリフレッシュ♪,2,0,1,1,JPY,28600,AVAILABLE,,UNKNOWN,PRODUCT,MEDIUM,58abb511a257e19c1a9c2b145d242567e9cf2dbed17dccbc073b6b090de78ba4,core_competitor_obs_20260820_045002
jalan|yoshidaya|2026-09-02|room:和室13畳|plan:【朝食付プラン】蔵王温泉を心ゆくまで堪能!湯めぐり無料特典付き♪お食事は温泉街へgo!|meal:meal_included|occ:2a0c1r|los:1|text:【朝食付プラン】蔵王温泉を心ゆくまで堪能!湯めぐり無料特典付き♪お食事は温泉街へgo!|2|0|1|1|core_competitor_obs_20260820_045002,06ed834587916aabb546a26599ed70411c33c8d7510c3f69719c0dba6dbb3e4a,yoshidaya,吉田屋,jalan,2026-09-02,2026-08-20T05:05:31+09:00,room:和室13畳|plan:【朝食付プラン】蔵王温泉を心ゆくまで堪能!湯めぐり無料特典付き♪お食事は温泉街へgo!|meal:meal_included|occ:2a0c1r|los:1,和室13畳,text:【朝食付プラン】蔵王温泉を心ゆくまで堪能!湯めぐり無料特典付き♪お食事は温泉街へgo!,【朝食付プラン】蔵王温泉を心ゆくまで堪能!湯めぐり無料特典付き♪お食事は温泉街へGO!,2,0,1,1,JPY,24200,AVAILABLE,1,PUBLIC_SCARCITY_COUNT,PRODUCT,HIGH,9c7226299b2bda2f3d3ac6e43a32a062d59dc0122e90e6914354baedf1c707f7,core_competitor_obs_20260820_045002
jalan|yoshidaya|2026-09-02|room:和室8畳|plan:【朝食付プラン】蔵王温泉を心ゆくまで堪能!湯めぐり無料特典付き♪お食事は温泉街へgo!|meal:meal_included|occ:2a0c1r|los:1|text:【朝食付プラン】蔵王温泉を心ゆくまで堪能!湯めぐり無料特典付き♪お食事は温泉街へgo!|2|0|1|1|core_competitor_obs_20260820_045002,2cf27575d6da181ea2cfb596b9ffbda9274a2b940ea27dad91cbe5d89c333331,yoshidaya,吉田屋,jalan,2026-09-02,2026-08-20T05:05:31+09:00,room:和室8畳|plan:【朝食付プラン】蔵王温泉を心ゆくまで堪能!湯めぐり無料特典付き♪お食事は温泉街へgo!|meal:meal_included|occ:2a0c1r|los:1,和室8畳,text:【朝食付プラン】蔵王温泉を心ゆくまで堪能!湯めぐり無料特典付き♪お食事は温泉街へgo!,【朝食付プラン】蔵王温泉を心ゆくまで堪能!湯めぐり無料特典付き♪お食事は温泉街へGO!,2,0,1,1,JPY,19800,AVAILABLE,3,PUBLIC_SCARCITY_COUNT,PRODUCT,HIGH,996cb9414fe63baf1a30a517fe17897f250f00fffa6c385bc99d2a5e9e4c92a9,core_competitor_obs_20260820_045002
jalan|yoshidaya|2026-09-02|room:和室6畳|plan:【朝食付プラン】蔵王温泉を心ゆくまで堪能!湯めぐり無料特典付き♪お食事は温泉街へgo!|meal:meal_included|occ:2a0c1r|los:1|text:【朝食付プラン】蔵王温泉を心ゆくまで堪能!湯めぐり無料特典付き♪お食事は温泉街へgo!|2|0|1|1|core_competitor_obs_20260820_045002,80071ff2462d8a41be745b6cb60910416c9272dd1c3affc38da6241d8fcbfc1e,yoshidaya,吉田屋,jalan,2026-09-02,2026-08-20T05:05:31+09:00,room:和室6畳|plan:【朝食付プラン】蔵王温泉を心ゆくまで堪能!湯めぐり無料特典付き♪お食事は温泉街へgo!|meal:meal_included|occ:2a0c1r|los:1,和室6畳,text:【朝食付プラン】蔵王温泉を心ゆくまで堪能!湯めぐり無料特典付き♪お食事は温泉街へgo!,【朝食付プラン】蔵王温泉を心ゆくまで堪能!湯めぐり無料特典付き♪お食事は温泉街へGO!,2,0,1,1,JPY,17600,AVAILABLE,,UNKNOWN,PRODUCT,MEDIUM,edc7dd234c6bff4fe8dec5ae127c28b8eb9367b5968cc3838b4db5d781bf518d,core_competitor_obs_20260820_045002
jalan|yoshidaya|2026-09-02|room:和室13畳|plan:【じゃらん限定】ポイント10%!温泉と郷土料理に癒される♪吉田屋旅館の選べるお料理♪♪連泊にもおすすめ|meal:meal_included|occ:2a0c1r|los:1|text:【じゃらん限定】ポイント10%!温泉と郷土料理に癒される♪吉田屋旅館の選べるお料理♪♪連泊にもおすすめ|2|0|1|1|core_competitor_obs_20260820_045002,fce3dc7239bbd9b803a128d4f774d6d56d60f18a3c89f8e8fd9368f5b52439ae,yoshidaya,吉田屋,jalan,2026-09-02,2026-08-20T05:05:31+09:00,room:和室13畳|plan:【じゃらん限定】ポイント10%!温泉と郷土料理に癒される♪吉田屋旅館の選べるお料理♪♪連泊にもおすすめ|meal:meal_included|occ:2a0c1r|los:1,和室13畳,text:【じゃらん限定】ポイント10%!温泉と郷土料理に癒される♪吉田屋旅館の選べるお料理♪♪連泊にもおすすめ,【じゃらん限定】ポイント10%!温泉と郷土料理に癒される♪吉田屋旅館の選べるお料理♪♪連泊にもおすすめ,2,0,1,1,JPY,30030,AVAILABLE,1,PUBLIC_SCARCITY_COUNT,PRODUCT,HIGH,f4ba5a6540d7730cce915d9fd555a491fc990e1c5fb3ccb24fd72bc355962af4,core_competitor_obs_20260820_045002
jalan|yoshidaya|2026-09-02|room:和室8畳|plan:【じゃらん限定】ポイント10%!温泉と郷土料理に癒される♪吉田屋旅館の選べるお料理♪♪連泊にもおすすめ|meal:meal_included|occ:2a0c1r|los:1|text:【じゃらん限定】ポイント10%!温泉と郷土料理に癒される♪吉田屋旅館の選べるお料理♪♪連泊にもおすすめ|2|0|1|1|core_competitor_obs_20260820_045002,f29e970418d6d6975574d0890237d41b89011af9d303218090442f64ed8d0ee1,yoshidaya,吉田屋,jalan,2026-09-02,2026-08-20T05:05:31+09:00,room:和室8畳|plan:【じゃらん限定】ポイント10%!温泉と郷土料理に癒される♪吉田屋旅館の選べるお料理♪♪連泊にもおすすめ|meal:meal_included|occ:2a0c1r|los:1,和室8畳,text:【じゃらん限定】ポイント10%!温泉と郷土料理に癒される♪吉田屋旅館の選べるお料理♪♪連泊にもおすすめ,【じゃらん限定】ポイント10%!温泉と郷土料理に癒される♪吉田屋旅館の選べるお料理♪♪連泊にもおすすめ,2,0,1,1,JPY,25410,AVAILABLE,3,PUBLIC_SCARCITY_COUNT,PRODUCT,HIGH,710d0977bc8a031514c0661ff69bbba542d11ccccf059445be2243557b34d568,core_competitor_obs_20260820_045002
jalan|yoshidaya|2026-09-02|room:和室6畳|plan:【じゃらん限定】ポイント10%!温泉と郷土料理に癒される♪吉田屋旅館の選べるお料理♪♪連泊にもおすすめ|meal:meal_included|occ:2a0c1r|los:1|text:【じゃらん限定】ポイント10%!温泉と郷土料理に癒される♪吉田屋旅館の選べるお料理♪♪連泊にもおすすめ|2|0|1|1|core_competitor_obs_20260820_045002,e2f15b58444dc91211431d598fd91db620963bd74d4bd76b1ef63271ba40ba9f,yoshidaya,吉田屋,jalan,2026-09-02,2026-08-20T05:05:31+09:00,room:和室6畳|plan:【じゃらん限定】ポイント10%!温泉と郷土料理に癒される♪吉田屋旅館の選べるお料理♪♪連泊にもおすすめ|meal:meal_included|occ:2a0c1r|los:1,和室6畳,text:【じゃらん限定】ポイント10%!温泉と郷土料理に癒される♪吉田屋旅館の選べるお料理♪♪連泊にもおすすめ,【じゃらん限定】ポイント10%!温泉と郷土料理に癒される♪吉田屋旅館の選べるお料理♪♪連泊にもおすすめ,2,0,1,1,JPY,23100,AVAILABLE,,UNKNOWN,PRODUCT,MEDIUM,a2d1173f23b6a1488704f4d3d298bc47fee0e473769be8a4252e60384f071a8a,core_competitor_obs_20260820_045002
jalan|yoshidaya|2026-09-02|room:和室13畳|plan:【1泊2食付★基本プラン】温泉と郷土料理に癒される♪吉田屋旅館の選べるお料理♪♪連泊にもおすすめ◎|meal:meal_included|occ:2a0c1r|los:1|text:【1泊2食付★基本プラン】温泉と郷土料理に癒される♪吉田屋旅館の選べるお料理♪♪連泊にもおすすめ◎|2|0|1|1|core_competitor_obs_20260820_045002,8a5ad6163f875b3313992ef3cc3aab39efd8dbaed04b30fa143ba16f8587f2e7,yoshidaya,吉田屋,jalan,2026-09-02,2026-08-20T05:05:31+09:00,room:和室13畳|plan:【1泊2食付★基本プラン】温泉と郷土料理に癒される♪吉田屋旅館の選べるお料理♪♪連泊にもおすすめ◎|meal:meal_included|occ:2a0c1r|los:1,和室13畳,text:【1泊2食付★基本プラン】温泉と郷土料理に癒される♪吉田屋旅館の選べるお料理♪♪連泊にもおすすめ◎,【1泊2食付★基本プラン】温泉と郷土料理に癒される♪吉田屋旅館の選べるお料理♪♪連泊にもおすすめ◎,2,0,1,1,JPY,28600,AVAILABLE,1,PUBLIC_SCARCITY_COUNT,PRODUCT,HIGH,e8d3d4cbeabc8c28d266df8faf7bfd8759dd19f40feab511313ccd75c760f47f,core_competitor_obs_20260820_045002
jalan|yoshidaya|2026-09-02|room:和室8畳|plan:【1泊2食付★基本プラン】温泉と郷土料理に癒される♪吉田屋旅館の選べるお料理♪♪連泊にもおすすめ◎|meal:meal_included|occ:2a0c1r|los:1|text:【1泊2食付★基本プラン】温泉と郷土料理に癒される♪吉田屋旅館の選べるお料理♪♪連泊にもおすすめ◎|2|0|1|1|core_competitor_obs_20260820_045002,3a9434cdbb936dfcd370436d8f05c8603354c95a52ee7e48e0e3464917b24a01,yoshidaya,吉田屋,jalan,2026-09-02,2026-08-20T05:05:31+09:00,room:和室8畳|plan:【1泊2食付★基本プラン】温泉と郷土料理に癒される♪吉田屋旅館の選べるお料理♪♪連泊にもおすすめ◎|meal:meal_included|occ:2a0c1r|los:1,和室8畳,text:【1泊2食付★基本プラン】温泉と郷土料理に癒される♪吉田屋旅館の選べるお料理♪♪連泊にもおすすめ◎,【1泊2食付★基本プラン】温泉と郷土料理に癒される♪吉田屋旅館の選べるお料理♪♪連泊にもおすすめ◎,2,0,1,1,JPY,24200,AVAILABLE,3,PUBLIC_SCARCITY_COUNT,PRODUCT,HIGH,a913113fc95f08cf1350a75d849e4c3208a0401a34ab8cd04058db46566d9766,core_competitor_obs_20260820_045002
jalan|yoshidaya|2026-09-02|room:和室6畳|plan:【1泊2食付★基本プラン】温泉と郷土料理に癒される♪吉田屋旅館の選べるお料理♪♪連泊にもおすすめ◎|meal:meal_included|occ:2a0c1r|los:1|text:【1泊2食付★基本プラン】温泉と郷土料理に癒される♪吉田屋旅館の選べるお料理♪♪連泊にもおすすめ◎|2|0|1|1|core_competitor_obs_20260820_045002,7fc88c72d018a04b2758123b5cdc2d895bc6763850ffbc3d4cf74643f1c4d82b,yoshidaya,吉田屋,jalan,2026-09-02,2026-08-20T05:05:31+09:00,room:和室6畳|plan:【1泊2食付★基本プラン】温泉と郷土料理に癒される♪吉田屋旅館の選べるお料理♪♪連泊にもおすすめ◎|meal:meal_included|occ:2a0c1r|los:1,和室6畳,text:【1泊2食付★基本プラン】温泉と郷土料理に癒される♪吉田屋旅館の選べるお料理♪♪連泊にもおすすめ◎,【1泊2食付★基本プラン】温泉と郷土料理に癒される♪吉田屋旅館の選べるお料理♪♪連泊にもおすすめ◎,2,0,1,1,JPY,22000,AVAILABLE,,UNKNOWN,PRODUCT,MEDIUM,f83bb2e2ff79c8fc15accb6f83b04c4327a7992519b44110a32b55247923a1bf,core_competitor_obs_20260820_045002
jalan|yoshidaya|2026-09-02|room:和室13畳|plan:【素泊まりプラン】蔵王温泉を心ゆくまで堪能!湯めぐり無料特典付き♪お食事は温泉街へgo!|meal:confirmed_room_only|occ:2a0c1r|los:1|text:【素泊まりプラン】蔵王温泉を心ゆくまで堪能!湯めぐり無料特典付き♪お食事は温泉街へgo!|2|0|1|1|core_competitor_obs_20260820_045002,b8701319a06ec403597dbeb0457f4a5da8ba9df36551c147c0f03f3728226883,yoshidaya,吉田屋,jalan,2026-09-02,2026-08-20T05:05:31+09:00,room:和室13畳|plan:【素泊まりプラン】蔵王温泉を心ゆくまで堪能!湯めぐり無料特典付き♪お食事は温泉街へgo!|meal:confirmed_room_only|occ:2a0c1r|los:1,和室13畳,text:【素泊まりプラン】蔵王温泉を心ゆくまで堪能!湯めぐり無料特典付き♪お食事は温泉街へgo!,【素泊まりプラン】蔵王温泉を心ゆくまで堪能!湯めぐり無料特典付き♪お食事は温泉街へGO!,2,0,1,1,JPY,23100,AVAILABLE,1,PUBLIC_SCARCITY_COUNT,PRODUCT,HIGH,81b8bc929ef9ab4cbd1367e2cd1c3f3068f0460cb103853c84e5316b2619231e,core_competitor_obs_20260820_045002
jalan|yoshidaya|2026-09-02|room:和室8畳|plan:【素泊まりプラン】蔵王温泉を心ゆくまで堪能!湯めぐり無料特典付き♪お食事は温泉街へgo!|meal:confirmed_room_only|occ:2a0c1r|los:1|text:【素泊まりプラン】蔵王温泉を心ゆくまで堪能!湯めぐり無料特典付き♪お食事は温泉街へgo!|2|0|1|1|core_competitor_obs_20260820_045002,3965420a26186703c8298a7daf2c74b77935e3ba092cfdc309bdbb7e4a4c8faa,yoshidaya,吉田屋,jalan,2026-09-02,2026-08-20T05:05:31+09:00,room:和室8畳|plan:【素泊まりプラン】蔵王温泉を心ゆくまで堪能!湯めぐり無料特典付き♪お食事は温泉街へgo!|meal:confirmed_room_only|occ:2a0c1r|los:1,和室8畳,text:【素泊まりプラン】蔵王温泉を心ゆくまで堪能!湯めぐり無料特典付き♪お食事は温泉街へgo!,【素泊まりプラン】蔵王温泉を心ゆくまで堪能!湯めぐり無料特典付き♪お食事は温泉街へGO!,2,0,1,1,JPY,18700,AVAILABLE,3,PUBLIC_SCARCITY_COUNT,PRODUCT,HIGH,15cc1b5b4938c8db4035c99784105268ade31e64e1d48c157e2d644c33d913de,core_competitor_obs_20260820_045002
jalan|yoshidaya|2026-09-02|room:和室6畳|plan:【素泊まりプラン】蔵王温泉を心ゆくまで堪能!湯めぐり無料特典付き♪お食事は温泉街へgo!|meal:confirmed_room_only|occ:2a0c1r|los:1|text:【素泊まりプラン】蔵王温泉を心ゆくまで堪能!湯めぐり無料特典付き♪お食事は温泉街へgo!|2|0|1|1|core_competitor_obs_20260820_045002,ed18516b9011325dd5b9a1cbe447a096bed53e3287d396186578c464a2f02def,yoshidaya,吉田屋,jalan,2026-09-02,2026-08-20T05:05:31+09:00,room:和室6畳|plan:【素泊まりプラン】蔵王温泉を心ゆくまで堪能!湯めぐり無料特典付き♪お食事は温泉街へgo!|meal:confirmed_room_only|occ:2a0c1r|los:1,和室6畳,text:【素泊まりプラン】蔵王温泉を心ゆくまで堪能!湯めぐり無料特典付き♪お食事は温泉街へgo!,【素泊まりプラン】蔵王温泉を心ゆくまで堪能!湯めぐり無料特典付き♪お食事は温泉街へGO!,2,0,1,1,JPY,16500,AVAILABLE,,UNKNOWN,PRODUCT,MEDIUM,f98f8b6ad9b14d01333d4bfd1a332a99ae11862c1f49349cfdd10015c864404e,core_competitor_obs_20260820_045002
jalan|yoshidaya|2026-09-02|room:和室13畳|plan:【学割プラン】学生旅行応援!思い出づくりのお手伝い★選べる夕食メイン+源泉掛け流し温泉|meal:meal_included|occ:2a0c1r|los:1|text:【学割プラン】学生旅行応援!思い出づくりのお手伝い★選べる夕食メイン+源泉掛け流し温泉|2|0|1|1|core_competitor_obs_20260820_045002,20c23415c9d6c740752d2cc10e8272d0e350f35f03ac6a7d46c3d3b00517d033,yoshidaya,吉田屋,jalan,2026-09-02,2026-08-20T05:05:31+09:00,room:和室13畳|plan:【学割プラン】学生旅行応援!思い出づくりのお手伝い★選べる夕食メイン+源泉掛け流し温泉|meal:meal_included|occ:2a0c1r|los:1,和室13畳,text:【学割プラン】学生旅行応援!思い出づくりのお手伝い★選べる夕食メイン+源泉掛け流し温泉,【学割プラン】学生旅行応援!思い出づくりのお手伝い★選べる夕食メイン+源泉掛け流し温泉,2,0,1,1,JPY,25300,AVAILABLE,1,PUBLIC_SCARCITY_COUNT,PRODUCT,HIGH,a698a0d89e93dcfe892f566ea24c8ea57db6017d916716cdf3e3cc2b8fc70e47,core_competitor_obs_20260820_045002
jalan|yoshidaya|2026-09-02|room:和室8畳|plan:【学割プラン】学生旅行応援!思い出づくりのお手伝い★選べる夕食メイン+源泉掛け流し温泉|meal:meal_included|occ:2a0c1r|los:1|text:【学割プラン】学生旅行応援!思い出づくりのお手伝い★選べる夕食メイン+源泉掛け流し温泉|2|0|1|1|core_competitor_obs_20260820_045002,52c20c5f25c6392e59d228eecadb5f543e6fb90550579bc0918e2b0bff3e27a0,yoshidaya,吉田屋,jalan,2026-09-02,2026-08-20T05:05:31+09:00,room:和室8畳|plan:【学割プラン】学生旅行応援!思い出づくりのお手伝い★選べる夕食メイン+源泉掛け流し温泉|meal:meal_included|occ:2a0c1r|los:1,和室8畳,text:【学割プラン】学生旅行応援!思い出づくりのお手伝い★選べる夕食メイン+源泉掛け流し温泉,【学割プラン】学生旅行応援!思い出づくりのお手伝い★選べる夕食メイン+源泉掛け流し温泉,2,0,1,1,JPY,20900,AVAILABLE,3,PUBLIC_SCARCITY_COUNT,PRODUCT,HIGH,d8511fc27293f06a411fa6c967a3c5e4359f4c0f9af11583566e155153e0d2d1,core_competitor_obs_20260820_045002
jalan|yoshidaya|2026-09-02|room:和室6畳|plan:【学割プラン】学生旅行応援!思い出づくりのお手伝い★選べる夕食メイン+源泉掛け流し温泉|meal:meal_included|occ:2a0c1r|los:1|text:【学割プラン】学生旅行応援!思い出づくりのお手伝い★選べる夕食メイン+源泉掛け流し温泉|2|0|1|1|core_competitor_obs_20260820_045002,6fadfb192324555fdae9f1cb1e92c0910626df238d25beba284121bf861e8403,yoshidaya,吉田屋,jalan,2026-09-02,2026-08-20T05:05:31+09:00,room:和室6畳|plan:【学割プラン】学生旅行応援!思い出づくりのお手伝い★選べる夕食メイン+源泉掛け流し温泉|meal:meal_included|occ:2a0c1r|los:1,和室6畳,text:【学割プラン】学生旅行応援!思い出づくりのお手伝い★選べる夕食メイン+源泉掛け流し温泉,【学割プラン】学生旅行応援!思い出づくりのお手伝い★選べる夕食メイン+源泉掛け流し温泉,2,0,1,1,JPY,18700,AVAILABLE,,UNKNOWN,PRODUCT,MEDIUM,a5f52bb76cb4c9b6ea2e14bcb603c82e7969e50455b062d09a5c9d8598f16a9d,core_competitor_obs_20260820_045002
"jalan|yoshidaya|2026-09-02|room:和室13畳|plan:【蔵王を遊びつくそう】50種以上から選べるアクティビティクーポン2,000円分付き!選べるお料理♪|meal:meal_included|occ:2a0c1r|los:1|text:【蔵王を遊びつくそう】50種以上から選べるアクティビティクーポン2,000円分付き!選べるお料理♪|2|0|1|1|core_competitor_obs_20260820_045002",d58a3e7a14fe9fd761c163b2e49cdf43a2f7e98a0ccd605fc9cd330317d95334,yoshidaya,吉田屋,jalan,2026-09-02,2026-08-20T05:05:31+09:00,"room:和室13畳|plan:【蔵王を遊びつくそう】50種以上から選べるアクティビティクーポン2,000円分付き!選べるお料理♪|meal:meal_included|occ:2a0c1r|los:1",和室13畳,"text:【蔵王を遊びつくそう】50種以上から選べるアクティビティクーポン2,000円分付き!選べるお料理♪","【蔵王を遊びつくそう】50種以上から選べるアクティビティクーポン2,000円分付き!選べるお料理♪",2,0,1,1,JPY,31900,AVAILABLE,1,PUBLIC_SCARCITY_COUNT,PRODUCT,HIGH,2252b95b58cc1edfc53770a100f32813bd924c9b14a9203e208ad3d894a68634,core_competitor_obs_20260820_045002
"jalan|yoshidaya|2026-09-02|room:和室8畳|plan:【蔵王を遊びつくそう】50種以上から選べるアクティビティクーポン2,000円分付き!選べるお料理♪|meal:meal_included|occ:2a0c1r|los:1|text:【蔵王を遊びつくそう】50種以上から選べるアクティビティクーポン2,000円分付き!選べるお料理♪|2|0|1|1|core_competitor_obs_20260820_045002",35ea3b1bda4544c0ec8af0b6bb18455721265585e586f936ea51ee619107400d,yoshidaya,吉田屋,jalan,2026-09-02,2026-08-20T05:05:31+09:00,"room:和室8畳|plan:【蔵王を遊びつくそう】50種以上から選べるアクティビティクーポン2,000円分付き!選べるお料理♪|meal:meal_included|occ:2a0c1r|los:1",和室8畳,"text:【蔵王を遊びつくそう】50種以上から選べるアクティビティクーポン2,000円分付き!選べるお料理♪","【蔵王を遊びつくそう】50種以上から選べるアクティビティクーポン2,000円分付き!選べるお料理♪",2,0,1,1,JPY,27500,AVAILABLE,3,PUBLIC_SCARCITY_COUNT,PRODUCT,HIGH,8ca4fc6b5306a9646ec9eec7fa7354c45d2cddd85f1612b8610741116c88ad8a,core_competitor_obs_20260820_045002
"jalan|yoshidaya|2026-09-02|room:和室6畳|plan:【蔵王を遊びつくそう】50種以上から選べるアクティビティクーポン2,000円分付き!選べるお料理♪|meal:meal_included|occ:2a0c1r|los:1|text:【蔵王を遊びつくそう】50種以上から選べるアクティビティクーポン2,000円分付き!選べるお料理♪|2|0|1|1|core_competitor_obs_20260820_045002",20e6e12540df9c5740af84d803b893b75573a8ad91662a6b10795ca5527a2967,yoshidaya,吉田屋,jalan,2026-09-02,2026-08-20T05:05:31+09:00,"room:和室6畳|plan:【蔵王を遊びつくそう】50種以上から選べるアクティビティクーポン2,000円分付き!選べるお料理♪|meal:meal_included|occ:2a0c1r|los:1",和室6畳,"text:【蔵王を遊びつくそう】50種以上から選べるアクティビティクーポン2,000円分付き!選べるお料理♪","【蔵王を遊びつくそう】50種以上から選べるアクティビティクーポン2,000円分付き!選べるお料理♪",2,0,1,1,JPY,25300,AVAILABLE,,UNKNOWN,PRODUCT,MEDIUM,355afe00e30a5852e684f44cc89a7d32fac65dcd974fd392744c7a35f40eea9c,core_competitor_obs_20260820_045002
jalan|yoshidaya|2026-09-03|room:和室13畳|plan:【シニア割プラン】50歳以上限定!大人の贅沢なひととき♪源泉掛け流しの温泉でリフレッシュ♪|meal:meal_included|occ:2a0c1r|los:1|text:【シニア割プラン】50歳以上限定!大人の贅沢なひととき♪源泉掛け流しの温泉でリフレッシュ♪|2|0|1|1|core_competitor_obs_20260820_045002,6f5ca135a6de1a17afc58a04cfd98516d80e205ba9442354d24c09d8d32129bb,yoshidaya,吉田屋,jalan,2026-09-03,2026-08-20T05:05:44+09:00,room:和室13畳|plan:【シニア割プラン】50歳以上限定!大人の贅沢なひととき♪源泉掛け流しの温泉でリフレッシュ♪|meal:meal_included|occ:2a0c1r|los:1,和室13畳,text:【シニア割プラン】50歳以上限定!大人の贅沢なひととき♪源泉掛け流しの温泉でリフレッシュ♪,【シニア割プラン】50歳以上限定!大人の贅沢なひととき♪源泉掛け流しの温泉でリフレッシュ♪,2,0,1,1,JPY,25300,AVAILABLE,2,PUBLIC_SCARCITY_COUNT,PRODUCT,HIGH,3e335f4d997b55251fd8d406c388c146fde962626acdce27f0794162c364fa58,core_competitor_obs_20260820_045002
jalan|yoshidaya|2026-09-03|room:和室12.5畳|plan:【シニア割プラン】50歳以上限定!大人の贅沢なひととき♪源泉掛け流しの温泉でリフレッシュ♪|meal:meal_included|occ:2a0c1r|los:1|text:【シニア割プラン】50歳以上限定!大人の贅沢なひととき♪源泉掛け流しの温泉でリフレッシュ♪|2|0|1|1|core_competitor_obs_20260820_045002,0156d2cac6ba2ceb865ffd51f02ab3bc709b795edacf5ddfb3a0d5086fbef7f7,yoshidaya,吉田屋,jalan,2026-09-03,2026-08-20T05:05:44+09:00,room:和室12.5畳|plan:【シニア割プラン】50歳以上限定!大人の贅沢なひととき♪源泉掛け流しの温泉でリフレッシュ♪|meal:meal_included|occ:2a0c1r|los:1,和室12.5畳,text:【シニア割プラン】50歳以上限定!大人の贅沢なひととき♪源泉掛け流しの温泉でリフレッシュ♪,【シニア割プラン】50歳以上限定!大人の贅沢なひととき♪源泉掛け流しの温泉でリフレッシュ♪,2,0,1,1,JPY,23100,AVAILABLE,1,PUBLIC_SCARCITY_COUNT,PRODUCT,HIGH,cc69983a7b0dc4ba3987ea7c006bc81474f9a15205b03be7995d54f213740ea8,core_competitor_obs_20260820_045002
jalan|yoshidaya|2026-09-03|room:和室8畳|plan:【シニア割プラン】50歳以上限定!大人の贅沢なひととき♪源泉掛け流しの温泉でリフレッシュ♪|meal:meal_included|occ:2a0c1r|los:1|text:【シニア割プラン】50歳以上限定!大人の贅沢なひととき♪源泉掛け流しの温泉でリフレッシュ♪|2|0|1|1|core_competitor_obs_20260820_045002,f27ff8e1a277f7007514fde2cf276bf7c63690a21f10e3afb78d8ced09c6a788,yoshidaya,吉田屋,jalan,2026-09-03,2026-08-20T05:05:44+09:00,room:和室8畳|plan:【シニア割プラン】50歳以上限定!大人の贅沢なひととき♪源泉掛け流しの温泉でリフレッシュ♪|meal:meal_included|occ:2a0c1r|los:1,和室8畳,text:【シニア割プラン】50歳以上限定!大人の贅沢なひととき♪源泉掛け流しの温泉でリフレッシュ♪,【シニア割プラン】50歳以上限定!大人の贅沢なひととき♪源泉掛け流しの温泉でリフレッシュ♪,2,0,1,1,JPY,20900,AVAILABLE,3,PUBLIC_SCARCITY_COUNT,PRODUCT,HIGH,d8511fc27293f06a411fa6c967a3c5e4359f4c0f9af11583566e155153e0d2d1,core_competitor_obs_20260820_045002
jalan|yoshidaya|2026-09-03|room:和室6畳|plan:【シニア割プラン】50歳以上限定!大人の贅沢なひととき♪源泉掛け流しの温泉でリフレッシュ♪|meal:meal_included|occ:2a0c1r|los:1|text:【シニア割プラン】50歳以上限定!大人の贅沢なひととき♪源泉掛け流しの温泉でリフレッシュ♪|2|0|1|1|core_competitor_obs_20260820_045002,6f27c92c8e35d5a8aa3b254af0824297e611b39849b255e4be7257fcff69d22d,yoshidaya,吉田屋,jalan,2026-09-03,2026-08-20T05:05:44+09:00,room:和室6畳|plan:【シニア割プラン】50歳以上限定!大人の贅沢なひととき♪源泉掛け流しの温泉でリフレッシュ♪|meal:meal_included|occ:2a0c1r|los:1,和室6畳,text:【シニア割プラン】50歳以上限定!大人の贅沢なひととき♪源泉掛け流しの温泉でリフレッシュ♪,【シニア割プラン】50歳以上限定!大人の贅沢なひととき♪源泉掛け流しの温泉でリフレッシュ♪,2,0,1,1,JPY,18700,AVAILABLE,,UNKNOWN,PRODUCT,MEDIUM,a5f52bb76cb4c9b6ea2e14bcb603c82e7969e50455b062d09a5c9d8598f16a9d,core_competitor_obs_20260820_045002
jalan|yoshidaya|2026-09-03|room:和室13畳|plan:【じゃらんのお得な10日間】10%off!~基本プラン~温泉と郷土料理に癒される♪連泊にもおすすめ◎|meal:meal_included|occ:2a0c1r|los:1|text:【じゃらんのお得な10日間】10%off!~基本プラン~温泉と郷土料理に癒される♪連泊にもおすすめ◎|2|0|1|1|core_competitor_obs_20260820_045002,60ca9b9985210329e00e31f31f2f99e8a90d1dbc47cd63cd81d0ae3d8a8e4ffa,yoshidaya,吉田屋,jalan,2026-09-03,2026-08-20T05:05:44+09:00,room:和室13畳|plan:【じゃらんのお得な10日間】10%off!~基本プラン~温泉と郷土料理に癒される♪連泊にもおすすめ◎|meal:meal_included|occ:2a0c1r|los:1,和室13畳,text:【じゃらんのお得な10日間】10%off!~基本プラン~温泉と郷土料理に癒される♪連泊にもおすすめ◎,【じゃらんのお得な10日間】10%OFF!~基本プラン~温泉と郷土料理に癒される♪連泊にもおすすめ◎,2,0,1,1,JPY,25740,AVAILABLE,2,PUBLIC_SCARCITY_COUNT,PRODUCT,HIGH,95f1a2875397c6823a1877991b204ed39cc28a4d90770321f501053204f64603,core_competitor_obs_20260820_045002
jalan|yoshidaya|2026-09-03|room:和室12.5畳|plan:【じゃらんのお得な10日間】10%off!~基本プラン~温泉と郷土料理に癒される♪連泊にもおすすめ◎|meal:meal_included|occ:2a0c1r|los:1|text:【じゃらんのお得な10日間】10%off!~基本プラン~温泉と郷土料理に癒される♪連泊にもおすすめ◎|2|0|1|1|core_competitor_obs_20260820_045002,e75a07a30572d4a8f7a7ada69afa44c3b9357ba127ef86b81d03615a38db3cd8,yoshidaya,吉田屋,jalan,2026-09-03,2026-08-20T05:05:44+09:00,room:和室12.5畳|plan:【じゃらんのお得な10日間】10%off!~基本プラン~温泉と郷土料理に癒される♪連泊にもおすすめ◎|meal:meal_included|occ:2a0c1r|los:1,和室12.5畳,text:【じゃらんのお得な10日間】10%off!~基本プラン~温泉と郷土料理に癒される♪連泊にもおすすめ◎,【じゃらんのお得な10日間】10%OFF!~基本プラン~温泉と郷土料理に癒される♪連泊にもおすすめ◎,2,0,1,1,JPY,23760,AVAILABLE,1,PUBLIC_SCARCITY_COUNT,PRODUCT,HIGH,4f042e2f4b7909113894d99f0a8735cb69fa450015b953fe0c455b36cca15569,core_competitor_obs_20260820_045002
jalan|yoshidaya|2026-09-03|room:和室8畳|plan:【じゃらんのお得な10日間】10%off!~基本プラン~温泉と郷土料理に癒される♪連泊にもおすすめ◎|meal:meal_included|occ:2a0c1r|los:1|text:【じゃらんのお得な10日間】10%off!~基本プラン~温泉と郷土料理に癒される♪連泊にもおすすめ◎|2|0|1|1|core_competitor_obs_20260820_045002,4f319dde1f6467e818a38943a99e76fea3eafc3b3c36dbbd3ebbfbd4f653afe8,yoshidaya,吉田屋,jalan,2026-09-03,2026-08-20T05:05:44+09:00,room:和室8畳|plan:【じゃらんのお得な10日間】10%off!~基本プラン~温泉と郷土料理に癒される♪連泊にもおすすめ◎|meal:meal_included|occ:2a0c1r|los:1,和室8畳,text:【じゃらんのお得な10日間】10%off!~基本プラン~温泉と郷土料理に癒される♪連泊にもおすすめ◎,【じゃらんのお得な10日間】10%OFF!~基本プラン~温泉と郷土料理に癒される♪連泊にもおすすめ◎,2,0,1,1,JPY,21780,AVAILABLE,3,PUBLIC_SCARCITY_COUNT,PRODUCT,HIGH,33b011193ac59a87254519624a1c7978b2893097a8049afe9425193fbba05133,core_competitor_obs_20260820_045002
jalan|yoshidaya|2026-09-03|room:和室6畳|plan:【じゃらんのお得な10日間】10%off!~基本プラン~温泉と郷土料理に癒される♪連泊にもおすすめ◎|meal:meal_included|occ:2a0c1r|los:1|text:【じゃらんのお得な10日間】10%off!~基本プラン~温泉と郷土料理に癒される♪連泊にもおすすめ◎|2|0|1|1|core_competitor_obs_20260820_045002,459875be3675b3c0bf38d3da8e5ed722f16fb1f3924a37ee9ea7cb93f48f64d8,yoshidaya,吉田屋,jalan,2026-09-03,2026-08-20T05:05:44+09:00,room:和室6畳|plan:【じゃらんのお得な10日間】10%off!~基本プラン~温泉と郷土料理に癒される♪連泊にもおすすめ◎|meal:meal_included|occ:2a0c1r|los:1,和室6畳,text:【じゃらんのお得な10日間】10%off!~基本プラン~温泉と郷土料理に癒される♪連泊にもおすすめ◎,【じゃらんのお得な10日間】10%OFF!~基本プラン~温泉と郷土料理に癒される♪連泊にもおすすめ◎,2,0,1,1,JPY,19800,AVAILABLE,,UNKNOWN,PRODUCT,MEDIUM,0ce2f5efd8154484c15e2df0c6ef4ee239703fcba2c7008688880794ce20e10f,core_competitor_obs_20260820_045002
jalan|yoshidaya|2026-09-03|room:和室13畳|plan:【早割プラン】14日前までのご予約でお得にご宿泊!温泉と郷土料理に癒される♪選べるメイン料理♪|meal:meal_included|occ:2a0c1r|los:1|text:【早割プラン】14日前までのご予約でお得にご宿泊!温泉と郷土料理に癒される♪選べるメイン料理♪|2|0|1|1|core_competitor_obs_20260820_045002,4b4daf7412a536034cb093ae027600234647b4972434fe36e1d1b6e4415ae94d,yoshidaya,吉田屋,jalan,2026-09-03,2026-08-20T05:05:44+09:00,room:和室13畳|plan:【早割プラン】14日前までのご予約でお得にご宿泊!温泉と郷土料理に癒される♪選べるメイン料理♪|meal:meal_included|occ:2a0c1r|los:1,和室13畳,text:【早割プラン】14日前までのご予約でお得にご宿泊!温泉と郷土料理に癒される♪選べるメイン料理♪,【早割プラン】14日前までのご予約でお得にご宿泊!温泉と郷土料理に癒される♪選べるメイン料理♪,2,0,1,1,JPY,26400,AVAILABLE,2,PUBLIC_SCARCITY_COUNT,PRODUCT,HIGH,03001628de5e0b678785e2d7b5d58bf683ff3490981a7edde4e268d7b4a61e20,core_competitor_obs_20260820_045002
jalan|yoshidaya|2026-09-03|room:和室12.5畳|plan:【早割プラン】14日前までのご予約でお得にご宿泊!温泉と郷土料理に癒される♪選べるメイン料理♪|meal:meal_included|occ:2a0c1r|los:1|text:【早割プラン】14日前までのご予約でお得にご宿泊!温泉と郷土料理に癒される♪選べるメイン料理♪|2|0|1|1|core_competitor_obs_20260820_045002,688583a63db5ce8fb57a27d5686d7b20450f490e546e7cea18676362f9015881,yoshidaya,吉田屋,jalan,2026-09-03,2026-08-20T05:05:44+09:00,room:和室12.5畳|plan:【早割プラン】14日前までのご予約でお得にご宿泊!温泉と郷土料理に癒される♪選べるメイン料理♪|meal:meal_included|occ:2a0c1r|los:1,和室12.5畳,text:【早割プラン】14日前までのご予約でお得にご宿泊!温泉と郷土料理に癒される♪選べるメイン料理♪,【早割プラン】14日前までのご予約でお得にご宿泊!温泉と郷土料理に癒される♪選べるメイン料理♪,2,0,1,1,JPY,24200,AVAILABLE,1,PUBLIC_SCARCITY_COUNT,PRODUCT,HIGH,1f1b626c1a72c7cf25e2e41bc034dd9da026474933eed3a35bc661c673217aee,core_competitor_obs_20260820_045002
jalan|yoshidaya|2026-09-03|room:和室8畳|plan:【早割プラン】14日前までのご予約でお得にご宿泊!温泉と郷土料理に癒される♪選べるメイン料理♪|meal:meal_included|occ:2a0c1r|los:1|text:【早割プラン】14日前までのご予約でお得にご宿泊!温泉と郷土料理に癒される♪選べるメイン料理♪|2|0|1|1|core_competitor_obs_20260820_045002,0d803c40e73baf3a179265fecb0fe22b5c81d4a518acdc117858aaed61130a04,yoshidaya,吉田屋,jalan,2026-09-03,2026-08-20T05:05:44+09:00,room:和室8畳|plan:【早割プラン】14日前までのご予約でお得にご宿泊!温泉と郷土料理に癒される♪選べるメイン料理♪|meal:meal_included|occ:2a0c1r|los:1,和室8畳,text:【早割プラン】14日前までのご予約でお得にご宿泊!温泉と郷土料理に癒される♪選べるメイン料理♪,【早割プラン】14日前までのご予約でお得にご宿泊!温泉と郷土料理に癒される♪選べるメイン料理♪,2,0,1,1,JPY,22000,AVAILABLE,3,PUBLIC_SCARCITY_COUNT,PRODUCT,HIGH,c0df4d9b0ecf765aaa2aed624322c4e27c5c19aac0e7f5f8333942928bde4a5d,core_competitor_obs_20260820_045002
jalan|yoshidaya|2026-09-03|room:和室6畳|plan:【早割プラン】14日前までのご予約でお得にご宿泊!温泉と郷土料理に癒される♪選べるメイン料理♪|meal:meal_included|occ:2a0c1r|los:1|text:【早割プラン】14日前までのご予約でお得にご宿泊!温泉と郷土料理に癒される♪選べるメイン料理♪|2|0|1|1|core_competitor_obs_20260820_045002,e9aac6e65729410c11185912351bc31268835ea19722039ff5ec3bd184161190,yoshidaya,吉田屋,jalan,2026-09-03,2026-08-20T05:05:44+09:00,room:和室6畳|plan:【早割プラン】14日前までのご予約でお得にご宿泊!温泉と郷土料理に癒される♪選べるメイン料理♪|meal:meal_included|occ:2a0c1r|los:1,和室6畳,text:【早割プラン】14日前までのご予約でお得にご宿泊!温泉と郷土料理に癒される♪選べるメイン料理♪,【早割プラン】14日前までのご予約でお得にご宿泊!温泉と郷土料理に癒される♪選べるメイン料理♪,2,0,1,1,JPY,19800,AVAILABLE,,UNKNOWN,PRODUCT,MEDIUM,2b236d16e29ad2cda67bf6d5f49d90037272506e7879883d7ca97ede36925e28,core_competitor_obs_20260820_045002
jalan|yoshidaya|2026-09-03|room:和室13畳|plan:【夕食グレードアップ】ちょっとリッチに山形牛すきやきを堪能★源泉掛け流しの温泉でリフレッシュ♪|meal:meal_included|occ:2a0c1r|los:1|text:【夕食グレードアップ】ちょっとリッチに山形牛すきやきを堪能★源泉掛け流しの温泉でリフレッシュ♪|2|0|1|1|core_competitor_obs_20260820_045002,752a4ed8f47509245bc928ea96add49d9526a7ac4d62ce15a9bb58a71da0f3c4,yoshidaya,吉田屋,jalan,2026-09-03,2026-08-20T05:05:44+09:00,room:和室13畳|plan:【夕食グレードアップ】ちょっとリッチに山形牛すきやきを堪能★源泉掛け流しの温泉でリフレッシュ♪|meal:meal_included|occ:2a0c1r|los:1,和室13畳,text:【夕食グレードアップ】ちょっとリッチに山形牛すきやきを堪能★源泉掛け流しの温泉でリフレッシュ♪,【夕食グレードアップ】ちょっとリッチに山形牛すきやきを堪能★源泉掛け流しの温泉でリフレッシュ♪,2,0,1,1,JPY,35200,AVAILABLE,2,PUBLIC_SCARCITY_COUNT,PRODUCT,HIGH,76fa870fe6bc27ce278e7078d941cd4d4d70bc4ecfdc5630d3ce1e327e87abd9,core_competitor_obs_20260820_045002
jalan|yoshidaya|2026-09-03|room:和室12.5畳|plan:【夕食グレードアップ】ちょっとリッチに山形牛すきやきを堪能★源泉掛け流しの温泉でリフレッシュ♪|meal:meal_included|occ:2a0c1r|los:1|text:【夕食グレードアップ】ちょっとリッチに山形牛すきやきを堪能★源泉掛け流しの温泉でリフレッシュ♪|2|0|1|1|core_competitor_obs_20260820_045002,f5678a142daa1e15bf7cd69642b0a2c41b900a877f542e0cfcd0e0e6f424abb8,yoshidaya,吉田屋,jalan,2026-09-03,2026-08-20T05:05:44+09:00,room:和室12.5畳|plan:【夕食グレードアップ】ちょっとリッチに山形牛すきやきを堪能★源泉掛け流しの温泉でリフレッシュ♪|meal:meal_included|occ:2a0c1r|los:1,和室12.5畳,text:【夕食グレードアップ】ちょっとリッチに山形牛すきやきを堪能★源泉掛け流しの温泉でリフレッシュ♪,【夕食グレードアップ】ちょっとリッチに山形牛すきやきを堪能★源泉掛け流しの温泉でリフレッシュ♪,2,0,1,1,JPY,33000,AVAILABLE,1,PUBLIC_SCARCITY_COUNT,PRODUCT,HIGH,f4224aeda42a6dc3269e8064e002916c833c2b087f573fa3e4fc8cfb0894e08e,core_competitor_obs_20260820_045002
jalan|yoshidaya|2026-09-03|room:和室8畳|plan:【夕食グレードアップ】ちょっとリッチに山形牛すきやきを堪能★源泉掛け流しの温泉でリフレッシュ♪|meal:meal_included|occ:2a0c1r|los:1|text:【夕食グレードアップ】ちょっとリッチに山形牛すきやきを堪能★源泉掛け流しの温泉でリフレッシュ♪|2|0|1|1|core_competitor_obs_20260820_045002,e85665d2c89ddf523083870a6b4962498713773b2d609554a98053ec4629c816,yoshidaya,吉田屋,jalan,2026-09-03,2026-08-20T05:05:44+09:00,room:和室8畳|plan:【夕食グレードアップ】ちょっとリッチに山形牛すきやきを堪能★源泉掛け流しの温泉でリフレッシュ♪|meal:meal_included|occ:2a0c1r|los:1,和室8畳,text:【夕食グレードアップ】ちょっとリッチに山形牛すきやきを堪能★源泉掛け流しの温泉でリフレッシュ♪,【夕食グレードアップ】ちょっとリッチに山形牛すきやきを堪能★源泉掛け流しの温泉でリフレッシュ♪,2,0,1,1,JPY,30800,AVAILABLE,3,PUBLIC_SCARCITY_COUNT,PRODUCT,HIGH,9ada76b572d1a6f2728ea75100bd4461ed3335a8fd214437cae30619e217a2fa,core_competitor_obs_20260820_045002
jalan|yoshidaya|2026-09-03|room:和室6畳|plan:【夕食グレードアップ】ちょっとリッチに山形牛すきやきを堪能★源泉掛け流しの温泉でリフレッシュ♪|meal:meal_included|occ:2a0c1r|los:1|text:【夕食グレードアップ】ちょっとリッチに山形牛すきやきを堪能★源泉掛け流しの温泉でリフレッシュ♪|2|0|1|1|core_competitor_obs_20260820_045002,bedbe01142b3c89c5536770ceaa2f0e81ef1eaaae8b3051542c71a4507c94345,yoshidaya,吉田屋,jalan,2026-09-03,2026-08-20T05:05:44+09:00,room:和室6畳|plan:【夕食グレードアップ】ちょっとリッチに山形牛すきやきを堪能★源泉掛け流しの温泉でリフレッシュ♪|meal:meal_included|occ:2a0c1r|los:1,和室6畳,text:【夕食グレードアップ】ちょっとリッチに山形牛すきやきを堪能★源泉掛け流しの温泉でリフレッシュ♪,【夕食グレードアップ】ちょっとリッチに山形牛すきやきを堪能★源泉掛け流しの温泉でリフレッシュ♪,2,0,1,1,JPY,28600,AVAILABLE,,UNKNOWN,PRODUCT,MEDIUM,58abb511a257e19c1a9c2b145d242567e9cf2dbed17dccbc073b6b090de78ba4,core_competitor_obs_20260820_045002
jalan|yoshidaya|2026-09-03|room:和室13畳|plan:【朝食付プラン】蔵王温泉を心ゆくまで堪能!湯めぐり無料特典付き♪お食事は温泉街へgo!|meal:meal_included|occ:2a0c1r|los:1|text:【朝食付プラン】蔵王温泉を心ゆくまで堪能!湯めぐり無料特典付き♪お食事は温泉街へgo!|2|0|1|1|core_competitor_obs_20260820_045002,055a70f0764df645fea22bf728ca525360aead7bba3f0c68eae2c624c5485d99,yoshidaya,吉田屋,jalan,2026-09-03,2026-08-20T05:05:44+09:00,room:和室13畳|plan:【朝食付プラン】蔵王温泉を心ゆくまで堪能!湯めぐり無料特典付き♪お食事は温泉街へgo!|meal:meal_included|occ:2a0c1r|los:1,和室13畳,text:【朝食付プラン】蔵王温泉を心ゆくまで堪能!湯めぐり無料特典付き♪お食事は温泉街へgo!,【朝食付プラン】蔵王温泉を心ゆくまで堪能!湯めぐり無料特典付き♪お食事は温泉街へGO!,2,0,1,1,JPY,24200,AVAILABLE,2,PUBLIC_SCARCITY_COUNT,PRODUCT,HIGH,cf4f15fa46655f44ffd5ce9900202d3c487db4017e3cda5339abc6599f9906f2,core_competitor_obs_20260820_045002
jalan|yoshidaya|2026-09-03|room:和室12.5畳|plan:【朝食付プラン】蔵王温泉を心ゆくまで堪能!湯めぐり無料特典付き♪お食事は温泉街へgo!|meal:meal_included|occ:2a0c1r|los:1|text:【朝食付プラン】蔵王温泉を心ゆくまで堪能!湯めぐり無料特典付き♪お食事は温泉街へgo!|2|0|1|1|core_competitor_obs_20260820_045002,b8256afa6783428557d6fd898987de4cbdbebd5fbbca7e6c5fb6eb64e591afe1,yoshidaya,吉田屋,jalan,2026-09-03,2026-08-20T05:05:44+09:00,room:和室12.5畳|plan:【朝食付プラン】蔵王温泉を心ゆくまで堪能!湯めぐり無料特典付き♪お食事は温泉街へgo!|meal:meal_included|occ:2a0c1r|los:1,和室12.5畳,text:【朝食付プラン】蔵王温泉を心ゆくまで堪能!湯めぐり無料特典付き♪お食事は温泉街へgo!,【朝食付プラン】蔵王温泉を心ゆくまで堪能!湯めぐり無料特典付き♪お食事は温泉街へGO!,2,0,1,1,JPY,22000,AVAILABLE,1,PUBLIC_SCARCITY_COUNT,PRODUCT,HIGH,eeb32b3090cf019c39c662d740d26bf1abaf5c9e5ec0470434ae475a97514f85,core_competitor_obs_20260820_045002
jalan|yoshidaya|2026-09-03|room:和室8畳|plan:【朝食付プラン】蔵王温泉を心ゆくまで堪能!湯めぐり無料特典付き♪お食事は温泉街へgo!|meal:meal_included|occ:2a0c1r|los:1|text:【朝食付プラン】蔵王温泉を心ゆくまで堪能!湯めぐり無料特典付き♪お食事は温泉街へgo!|2|0|1|1|core_competitor_obs_20260820_045002,b5be99955389c8ddccae1dea17cc0eea4ebdfea35a03882638676187dcbbb9b0,yoshidaya,吉田屋,jalan,2026-09-03,2026-08-20T05:05:44+09:00,room:和室8畳|plan:【朝食付プラン】蔵王温泉を心ゆくまで堪能!湯めぐり無料特典付き♪お食事は温泉街へgo!|meal:meal_included|occ:2a0c1r|los:1,和室8畳,text:【朝食付プラン】蔵王温泉を心ゆくまで堪能!湯めぐり無料特典付き♪お食事は温泉街へgo!,【朝食付プラン】蔵王温泉を心ゆくまで堪能!湯めぐり無料特典付き♪お食事は温泉街へGO!,2,0,1,1,JPY,19800,AVAILABLE,3,PUBLIC_SCARCITY_COUNT,PRODUCT,HIGH,996cb9414fe63baf1a30a517fe17897f250f00fffa6c385bc99d2a5e9e4c92a9,core_competitor_obs_20260820_045002
jalan|yoshidaya|2026-09-03|room:和室6畳|plan:【朝食付プラン】蔵王温泉を心ゆくまで堪能!湯めぐり無料特典付き♪お食事は温泉街へgo!|meal:meal_included|occ:2a0c1r|los:1|text:【朝食付プラン】蔵王温泉を心ゆくまで堪能!湯めぐり無料特典付き♪お食事は温泉街へgo!|2|0|1|1|core_competitor_obs_20260820_045002,3dc69c237f1e047eea1b2d64b553e84c324bd869bbf5dab6b0fb6d590afeb4c2,yoshidaya,吉田屋,jalan,2026-09-03,2026-08-20T05:05:44+09:00,room:和室6畳|plan:【朝食付プラン】蔵王温泉を心ゆくまで堪能!湯めぐり無料特典付き♪お食事は温泉街へgo!|meal:meal_included|occ:2a0c1r|los:1,和室6畳,text:【朝食付プラン】蔵王温泉を心ゆくまで堪能!湯めぐり無料特典付き♪お食事は温泉街へgo!,【朝食付プラン】蔵王温泉を心ゆくまで堪能!湯めぐり無料特典付き♪お食事は温泉街へGO!,2,0,1,1,JPY,17600,AVAILABLE,,UNKNOWN,PRODUCT,MEDIUM,edc7dd234c6bff4fe8dec5ae127c28b8eb9367b5968cc3838b4db5d781bf518d,core_competitor_obs_20260820_045002
jalan|yoshidaya|2026-09-03|room:和室13畳|plan:【じゃらん限定】ポイント10%!温泉と郷土料理に癒される♪吉田屋旅館の選べるお料理♪♪連泊にもおすすめ|meal:meal_included|occ:2a0c1r|los:1|text:【じゃらん限定】ポイント10%!温泉と郷土料理に癒される♪吉田屋旅館の選べるお料理♪♪連泊にもおすすめ|2|0|1|1|core_competitor_obs_20260820_045002,22dceefdeb7225a1551eb2eb1f69aac748e13c65fe7acfd51e27d153877ff3a7,yoshidaya,吉田屋,jalan,2026-09-03,2026-08-20T05:05:44+09:00,room:和室13畳|plan:【じゃらん限定】ポイント10%!温泉と郷土料理に癒される♪吉田屋旅館の選べるお料理♪♪連泊にもおすすめ|meal:meal_included|occ:2a0c1r|los:1,和室13畳,text:【じゃらん限定】ポイント10%!温泉と郷土料理に癒される♪吉田屋旅館の選べるお料理♪♪連泊にもおすすめ,【じゃらん限定】ポイント10%!温泉と郷土料理に癒される♪吉田屋旅館の選べるお料理♪♪連泊にもおすすめ,2,0,1,1,JPY,30030,AVAILABLE,2,PUBLIC_SCARCITY_COUNT,PRODUCT,HIGH,5412733fc8458bce4da29a792ef44284a9daece16ebd399597550882f250eb28,core_competitor_obs_20260820_045002
jalan|yoshidaya|2026-09-03|room:和室12.5畳|plan:【じゃらん限定】ポイント10%!温泉と郷土料理に癒される♪吉田屋旅館の選べるお料理♪♪連泊にもおすすめ|meal:meal_included|occ:2a0c1r|los:1|text:【じゃらん限定】ポイント10%!温泉と郷土料理に癒される♪吉田屋旅館の選べるお料理♪♪連泊にもおすすめ|2|0|1|1|core_competitor_obs_20260820_045002,70eb7cb3f4ac746f71c9586bb3cb504e541b7c47f293d9748a5d4eb8eac32681,yoshidaya,吉田屋,jalan,2026-09-03,2026-08-20T05:05:44+09:00,room:和室12.5畳|plan:【じゃらん限定】ポイント10%!温泉と郷土料理に癒される♪吉田屋旅館の選べるお料理♪♪連泊にもおすすめ|meal:meal_included|occ:2a0c1r|los:1,和室12.5畳,text:【じゃらん限定】ポイント10%!温泉と郷土料理に癒される♪吉田屋旅館の選べるお料理♪♪連泊にもおすすめ,【じゃらん限定】ポイント10%!温泉と郷土料理に癒される♪吉田屋旅館の選べるお料理♪♪連泊にもおすすめ,2,0,1,1,JPY,27720,AVAILABLE,1,PUBLIC_SCARCITY_COUNT,PRODUCT,HIGH,362296f6426565fb216a3e8c12fec719e9780a019e327192ab6d59fdbc2d0560,core_competitor_obs_20260820_045002
jalan|yoshidaya|2026-09-03|room:和室8畳|plan:【じゃらん限定】ポイント10%!温泉と郷土料理に癒される♪吉田屋旅館の選べるお料理♪♪連泊にもおすすめ|meal:meal_included|occ:2a0c1r|los:1|text:【じゃらん限定】ポイント10%!温泉と郷土料理に癒される♪吉田屋旅館の選べるお料理♪♪連泊にもおすすめ|2|0|1|1|core_competitor_obs_20260820_045002,66b9e08d5aaaa81063cf4e222aceddd9c0301d1b3eb8b6ebfd4e687dc467e351,yoshidaya,吉田屋,jalan,2026-09-03,2026-08-20T05:05:44+09:00,room:和室8畳|plan:【じゃらん限定】ポイント10%!温泉と郷土料理に癒される♪吉田屋旅館の選べるお料理♪♪連泊にもおすすめ|meal:meal_included|occ:2a0c1r|los:1,和室8畳,text:【じゃらん限定】ポイント10%!温泉と郷土料理に癒される♪吉田屋旅館の選べるお料理♪♪連泊にもおすすめ,【じゃらん限定】ポイント10%!温泉と郷土料理に癒される♪吉田屋旅館の選べるお料理♪♪連泊にもおすすめ,2,0,1,1,JPY,25410,AVAILABLE,3,PUBLIC_SCARCITY_COUNT,PRODUCT,HIGH,710d0977bc8a031514c0661ff69bbba542d11ccccf059445be2243557b34d568,core_competitor_obs_20260820_045002
jalan|yoshidaya|2026-09-03|room:和室6畳|plan:【じゃらん限定】ポイント10%!温泉と郷土料理に癒される♪吉田屋旅館の選べるお料理♪♪連泊にもおすすめ|meal:meal_included|occ:2a0c1r|los:1|text:【じゃらん限定】ポイント10%!温泉と郷土料理に癒される♪吉田屋旅館の選べるお料理♪♪連泊にもおすすめ|2|0|1|1|core_competitor_obs_20260820_045002,6c63c2aadbe3b9327ae551c4442d72ea45f4666bd05dff5ac595809bec9f92c9,yoshidaya,吉田屋,jalan,2026-09-03,2026-08-20T05:05:44+09:00,room:和室6畳|plan:【じゃらん限定】ポイント10%!温泉と郷土料理に癒される♪吉田屋旅館の選べるお料理♪♪連泊にもおすすめ|meal:meal_included|occ:2a0c1r|los:1,和室6畳,text:【じゃらん限定】ポイント10%!温泉と郷土料理に癒される♪吉田屋旅館の選べるお料理♪♪連泊にもおすすめ,【じゃらん限定】ポイント10%!温泉と郷土料理に癒される♪吉田屋旅館の選べるお料理♪♪連泊にもおすすめ,2,0,1,1,JPY,23100,AVAILABLE,,UNKNOWN,PRODUCT,MEDIUM,a2d1173f23b6a1488704f4d3d298bc47fee0e473769be8a4252e60384f071a8a,core_competitor_obs_20260820_045002
jalan|yoshidaya|2026-09-03|room:和室13畳|plan:【1泊2食付★基本プラン】温泉と郷土料理に癒される♪吉田屋旅館の選べるお料理♪♪連泊にもおすすめ◎|meal:meal_included|occ:2a0c1r|los:1|text:【1泊2食付★基本プラン】温泉と郷土料理に癒される♪吉田屋旅館の選べるお料理♪♪連泊にもおすすめ◎|2|0|1|1|core_competitor_obs_20260820_045002,995c9754c31e5017e3244a3c33a79cb9713af6568df103274be8b32eddaa5bfd,yoshidaya,吉田屋,jalan,2026-09-03,2026-08-20T05:05:44+09:00,room:和室13畳|plan:【1泊2食付★基本プラン】温泉と郷土料理に癒される♪吉田屋旅館の選べるお料理♪♪連泊にもおすすめ◎|meal:meal_included|occ:2a0c1r|los:1,和室13畳,text:【1泊2食付★基本プラン】温泉と郷土料理に癒される♪吉田屋旅館の選べるお料理♪♪連泊にもおすすめ◎,【1泊2食付★基本プラン】温泉と郷土料理に癒される♪吉田屋旅館の選べるお料理♪♪連泊にもおすすめ◎,2,0,1,1,JPY,28600,AVAILABLE,2,PUBLIC_SCARCITY_COUNT,PRODUCT,HIGH,e184d8f746bcccff251728cc3e32617e877295d1a44a68be93c0199581b88d37,core_competitor_obs_20260820_045002
jalan|yoshidaya|2026-09-03|room:和室12.5畳|plan:【1泊2食付★基本プラン】温泉と郷土料理に癒される♪吉田屋旅館の選べるお料理♪♪連泊にもおすすめ◎|meal:meal_included|occ:2a0c1r|los:1|text:【1泊2食付★基本プラン】温泉と郷土料理に癒される♪吉田屋旅館の選べるお料理♪♪連泊にもおすすめ◎|2|0|1|1|core_competitor_obs_20260820_045002,e5e905f7c175bfeb07fa282f4b7d1ad1b10ba9d728e756c59be93f06a0b55dfb,yoshidaya,吉田屋,jalan,2026-09-03,2026-08-20T05:05:44+09:00,room:和室12.5畳|plan:【1泊2食付★基本プラン】温泉と郷土料理に癒される♪吉田屋旅館の選べるお料理♪♪連泊にもおすすめ◎|meal:meal_included|occ:2a0c1r|los:1,和室12.5畳,text:【1泊2食付★基本プラン】温泉と郷土料理に癒される♪吉田屋旅館の選べるお料理♪♪連泊にもおすすめ◎,【1泊2食付★基本プラン】温泉と郷土料理に癒される♪吉田屋旅館の選べるお料理♪♪連泊にもおすすめ◎,2,0,1,1,JPY,26400,AVAILABLE,1,PUBLIC_SCARCITY_COUNT,PRODUCT,HIGH,f48e3fbcf12093a6ff49cf3c88ecf71fb6402ab02c14445139603a8efb3986f9,core_competitor_obs_20260820_045002
jalan|yoshidaya|2026-09-03|room:和室8畳|plan:【1泊2食付★基本プラン】温泉と郷土料理に癒される♪吉田屋旅館の選べるお料理♪♪連泊にもおすすめ◎|meal:meal_included|occ:2a0c1r|los:1|text:【1泊2食付★基本プラン】温泉と郷土料理に癒される♪吉田屋旅館の選べるお料理♪♪連泊にもおすすめ◎|2|0|1|1|core_competitor_obs_20260820_045002,29ad25f9f712f2968ff6a6821990f9a6641a56d50200f933f8357a8aac0ea000,yoshidaya,吉田屋,jalan,2026-09-03,2026-08-20T05:05:44+09:00,room:和室8畳|plan:【1泊2食付★基本プラン】温泉と郷土料理に癒される♪吉田屋旅館の選べるお料理♪♪連泊にもおすすめ◎|meal:meal_included|occ:2a0c1r|los:1,和室8畳,text:【1泊2食付★基本プラン】温泉と郷土料理に癒される♪吉田屋旅館の選べるお料理♪♪連泊にもおすすめ◎,【1泊2食付★基本プラン】温泉と郷土料理に癒される♪吉田屋旅館の選べるお料理♪♪連泊にもおすすめ◎,2,0,1,1,JPY,24200,AVAILABLE,3,PUBLIC_SCARCITY_COUNT,PRODUCT,HIGH,a913113fc95f08cf1350a75d849e4c3208a0401a34ab8cd04058db46566d9766,core_competitor_obs_20260820_045002
jalan|yoshidaya|2026-09-03|room:和室6畳|plan:【1泊2食付★基本プラン】温泉と郷土料理に癒される♪吉田屋旅館の選べるお料理♪♪連泊にもおすすめ◎|meal:meal_included|occ:2a0c1r|los:1|text:【1泊2食付★基本プラン】温泉と郷土料理に癒される♪吉田屋旅館の選べるお料理♪♪連泊にもおすすめ◎|2|0|1|1|core_competitor_obs_20260820_045002,0016a62d5ce17e65221eea9642dc3200b1efd337dcd1cf67b29d477a63ca9ae8,yoshidaya,吉田屋,jalan,2026-09-03,2026-08-20T05:05:44+09:00,room:和室6畳|plan:【1泊2食付★基本プラン】温泉と郷土料理に癒される♪吉田屋旅館の選べるお料理♪♪連泊にもおすすめ◎|meal:meal_included|occ:2a0c1r|los:1,和室6畳,text:【1泊2食付★基本プラン】温泉と郷土料理に癒される♪吉田屋旅館の選べるお料理♪♪連泊にもおすすめ◎,【1泊2食付★基本プラン】温泉と郷土料理に癒される♪吉田屋旅館の選べるお料理♪♪連泊にもおすすめ◎,2,0,1,1,JPY,22000,AVAILABLE,,UNKNOWN,PRODUCT,MEDIUM,f83bb2e2ff79c8fc15accb6f83b04c4327a7992519b44110a32b55247923a1bf,core_competitor_obs_20260820_045002
jalan|yoshidaya|2026-09-03|room:和室13畳|plan:【素泊まりプラン】蔵王温泉を心ゆくまで堪能!湯めぐり無料特典付き♪お食事は温泉街へgo!|meal:confirmed_room_only|occ:2a0c1r|los:1|text:【素泊まりプラン】蔵王温泉を心ゆくまで堪能!湯めぐり無料特典付き♪お食事は温泉街へgo!|2|0|1|1|core_competitor_obs_20260820_045002,474bc6e34fd51d331e7057394f4f8b2fdc0aa717deb803229c949c475c50ee5b,yoshidaya,吉田屋,jalan,2026-09-03,2026-08-20T05:05:44+09:00,room:和室13畳|plan:【素泊まりプラン】蔵王温泉を心ゆくまで堪能!湯めぐり無料特典付き♪お食事は温泉街へgo!|meal:confirmed_room_only|occ:2a0c1r|los:1,和室13畳,text:【素泊まりプラン】蔵王温泉を心ゆくまで堪能!湯めぐり無料特典付き♪お食事は温泉街へgo!,【素泊まりプラン】蔵王温泉を心ゆくまで堪能!湯めぐり無料特典付き♪お食事は温泉街へGO!,2,0,1,1,JPY,23100,AVAILABLE,2,PUBLIC_SCARCITY_COUNT,PRODUCT,HIGH,a0e331dacdb6531b2758b7cf9d0175a4caae0eff37c70b54cc27095a4ff8db9b,core_competitor_obs_20260820_045002
jalan|yoshidaya|2026-09-03|room:和室12.5畳|plan:【素泊まりプラン】蔵王温泉を心ゆくまで堪能!湯めぐり無料特典付き♪お食事は温泉街へgo!|meal:confirmed_room_only|occ:2a0c1r|los:1|text:【素泊まりプラン】蔵王温泉を心ゆくまで堪能!湯めぐり無料特典付き♪お食事は温泉街へgo!|2|0|1|1|core_competitor_obs_20260820_045002,d8c0d1ca05c6c35d3d599d8b86d4a9374bcc3e0e20f354cd78e38f8ef866f824,yoshidaya,吉田屋,jalan,2026-09-03,2026-08-20T05:05:44+09:00,room:和室12.5畳|plan:【素泊まりプラン】蔵王温泉を心ゆくまで堪能!湯めぐり無料特典付き♪お食事は温泉街へgo!|meal:confirmed_room_only|occ:2a0c1r|los:1,和室12.5畳,text:【素泊まりプラン】蔵王温泉を心ゆくまで堪能!湯めぐり無料特典付き♪お食事は温泉街へgo!,【素泊まりプラン】蔵王温泉を心ゆくまで堪能!湯めぐり無料特典付き♪お食事は温泉街へGO!,2,0,1,1,JPY,20900,AVAILABLE,1,PUBLIC_SCARCITY_COUNT,PRODUCT,HIGH,677ffac134686fbd7ced3557a4f15707c4cc5cfb1b72c330a1b1ffc4cc1ea4c4,core_competitor_obs_20260820_045002
jalan|yoshidaya|2026-09-03|room:和室8畳|plan:【素泊まりプラン】蔵王温泉を心ゆくまで堪能!湯めぐり無料特典付き♪お食事は温泉街へgo!|meal:confirmed_room_only|occ:2a0c1r|los:1|text:【素泊まりプラン】蔵王温泉を心ゆくまで堪能!湯めぐり無料特典付き♪お食事は温泉街へgo!|2|0|1|1|core_competitor_obs_20260820_045002,552f8c8d184067d5dca9f4b79109fdecbeca0b2916bea201c042ff7da8771f96,yoshidaya,吉田屋,jalan,2026-09-03,2026-08-20T05:05:44+09:00,room:和室8畳|plan:【素泊まりプラン】蔵王温泉を心ゆくまで堪能!湯めぐり無料特典付き♪お食事は温泉街へgo!|meal:confirmed_room_only|occ:2a0c1r|los:1,和室8畳,text:【素泊まりプラン】蔵王温泉を心ゆくまで堪能!湯めぐり無料特典付き♪お食事は温泉街へgo!,【素泊まりプラン】蔵王温泉を心ゆくまで堪能!湯めぐり無料特典付き♪お食事は温泉街へGO!,2,0,1,1,JPY,18700,AVAILABLE,3,PUBLIC_SCARCITY_COUNT,PRODUCT,HIGH,15cc1b5b4938c8db4035c99784105268ade31e64e1d48c157e2d644c33d913de,core_competitor_obs_20260820_045002
jalan|yoshidaya|2026-09-03|room:和室6畳|plan:【素泊まりプラン】蔵王温泉を心ゆくまで堪能!湯めぐり無料特典付き♪お食事は温泉街へgo!|meal:confirmed_room_only|occ:2a0c1r|los:1|text:【素泊まりプラン】蔵王温泉を心ゆくまで堪能!湯めぐり無料特典付き♪お食事は温泉街へgo!|2|0|1|1|core_competitor_obs_20260820_045002,89eddd95724e68cacc84a48a0662efefd3001de4a7764b0a80a67b1d710b75e2,yoshidaya,吉田屋,jalan,2026-09-03,2026-08-20T05:05:44+09:00,room:和室6畳|plan:【素泊まりプラン】蔵王温泉を心ゆくまで堪能!湯めぐり無料特典付き♪お食事は温泉街へgo!|meal:confirmed_room_only|occ:2a0c1r|los:1,和室6畳,text:【素泊まりプラン】蔵王温泉を心ゆくまで堪能!湯めぐり無料特典付き♪お食事は温泉街へgo!,【素泊まりプラン】蔵王温泉を心ゆくまで堪能!湯めぐり無料特典付き♪お食事は温泉街へGO!,2,0,1,1,JPY,16500,AVAILABLE,,UNKNOWN,PRODUCT,MEDIUM,f98f8b6ad9b14d01333d4bfd1a332a99ae11862c1f49349cfdd10015c864404e,core_competitor_obs_20260820_045002
jalan|yoshidaya|2026-09-03|room:和室13畳|plan:【学割プラン】学生旅行応援!思い出づくりのお手伝い★選べる夕食メイン+源泉掛け流し温泉|meal:meal_included|occ:2a0c1r|los:1|text:【学割プラン】学生旅行応援!思い出づくりのお手伝い★選べる夕食メイン+源泉掛け流し温泉|2|0|1|1|core_competitor_obs_20260820_045002,26ad235d2fad1b204203fe9dc434dcf986b734b45bbd4fac397ddb92dd5d5624,yoshidaya,吉田屋,jalan,2026-09-03,2026-08-20T05:05:44+09:00,room:和室13畳|plan:【学割プラン】学生旅行応援!思い出づくりのお手伝い★選べる夕食メイン+源泉掛け流し温泉|meal:meal_included|occ:2a0c1r|los:1,和室13畳,text:【学割プラン】学生旅行応援!思い出づくりのお手伝い★選べる夕食メイン+源泉掛け流し温泉,【学割プラン】学生旅行応援!思い出づくりのお手伝い★選べる夕食メイン+源泉掛け流し温泉,2,0,1,1,JPY,25300,AVAILABLE,2,PUBLIC_SCARCITY_COUNT,PRODUCT,HIGH,3e335f4d997b55251fd8d406c388c146fde962626acdce27f0794162c364fa58,core_competitor_obs_20260820_045002
jalan|yoshidaya|2026-09-03|room:和室12.5畳|plan:【学割プラン】学生旅行応援!思い出づくりのお手伝い★選べる夕食メイン+源泉掛け流し温泉|meal:meal_included|occ:2a0c1r|los:1|text:【学割プラン】学生旅行応援!思い出づくりのお手伝い★選べる夕食メイン+源泉掛け流し温泉|2|0|1|1|core_competitor_obs_20260820_045002,f64eff25aa59ed27a1caa21c67ae796749bcf52f486ef9621f09b2d630c1a0fd,yoshidaya,吉田屋,jalan,2026-09-03,2026-08-20T05:05:44+09:00,room:和室12.5畳|plan:【学割プラン】学生旅行応援!思い出づくりのお手伝い★選べる夕食メイン+源泉掛け流し温泉|meal:meal_included|occ:2a0c1r|los:1,和室12.5畳,text:【学割プラン】学生旅行応援!思い出づくりのお手伝い★選べる夕食メイン+源泉掛け流し温泉,【学割プラン】学生旅行応援!思い出づくりのお手伝い★選べる夕食メイン+源泉掛け流し温泉,2,0,1,1,JPY,23100,AVAILABLE,1,PUBLIC_SCARCITY_COUNT,PRODUCT,HIGH,cc69983a7b0dc4ba3987ea7c006bc81474f9a15205b03be7995d54f213740ea8,core_competitor_obs_20260820_045002
jalan|yoshidaya|2026-09-03|room:和室8畳|plan:【学割プラン】学生旅行応援!思い出づくりのお手伝い★選べる夕食メイン+源泉掛け流し温泉|meal:meal_included|occ:2a0c1r|los:1|text:【学割プラン】学生旅行応援!思い出づくりのお手伝い★選べる夕食メイン+源泉掛け流し温泉|2|0|1|1|core_competitor_obs_20260820_045002,c24f07377f058c3db04e7f216ba3bbf01b07218e2da94d3df33999f2bf793807,yoshidaya,吉田屋,jalan,2026-09-03,2026-08-20T05:05:44+09:00,room:和室8畳|plan:【学割プラン】学生旅行応援!思い出づくりのお手伝い★選べる夕食メイン+源泉掛け流し温泉|meal:meal_included|occ:2a0c1r|los:1,和室8畳,text:【学割プラン】学生旅行応援!思い出づくりのお手伝い★選べる夕食メイン+源泉掛け流し温泉,【学割プラン】学生旅行応援!思い出づくりのお手伝い★選べる夕食メイン+源泉掛け流し温泉,2,0,1,1,JPY,20900,AVAILABLE,3,PUBLIC_SCARCITY_COUNT,PRODUCT,HIGH,d8511fc27293f06a411fa6c967a3c5e4359f4c0f9af11583566e155153e0d2d1,core_competitor_obs_20260820_045002
jalan|yoshidaya|2026-09-03|room:和室6畳|plan:【学割プラン】学生旅行応援!思い出づくりのお手伝い★選べる夕食メイン+源泉掛け流し温泉|meal:meal_included|occ:2a0c1r|los:1|text:【学割プラン】学生旅行応援!思い出づくりのお手伝い★選べる夕食メイン+源泉掛け流し温泉|2|0|1|1|core_competitor_obs_20260820_045002,54e8721bd668028fc31ed50e36ec65209d0290025734c03bccd8b031b6fcf260,yoshidaya,吉田屋,jalan,2026-09-03,2026-08-20T05:05:44+09:00,room:和室6畳|plan:【学割プラン】学生旅行応援!思い出づくりのお手伝い★選べる夕食メイン+源泉掛け流し温泉|meal:meal_included|occ:2a0c1r|los:1,和室6畳,text:【学割プラン】学生旅行応援!思い出づくりのお手伝い★選べる夕食メイン+源泉掛け流し温泉,【学割プラン】学生旅行応援!思い出づくりのお手伝い★選べる夕食メイン+源泉掛け流し温泉,2,0,1,1,JPY,18700,AVAILABLE,,UNKNOWN,PRODUCT,MEDIUM,a5f52bb76cb4c9b6ea2e14bcb603c82e7969e50455b062d09a5c9d8598f16a9d,core_competitor_obs_20260820_045002
"jalan|yoshidaya|2026-09-03|room:和室13畳|plan:【蔵王を遊びつくそう】50種以上から選べるアクティビティクーポン2,000円分付き!選べるお料理♪|meal:meal_included|occ:2a0c1r|los:1|text:【蔵王を遊びつくそう】50種以上から選べるアクティビティクーポン2,000円分付き!選べるお料理♪|2|0|1|1|core_competitor_obs_20260820_045002",eb80f5ff7ce32e5af463c7864892d38aa3718fac3084707b9af103dc8c75d98e,yoshidaya,吉田屋,jalan,2026-09-03,2026-08-20T05:05:44+09:00,"room:和室13畳|plan:【蔵王を遊びつくそう】50種以上から選べるアクティビティクーポン2,000円分付き!選べるお料理♪|meal:meal_included|occ:2a0c1r|los:1",和室13畳,"text:【蔵王を遊びつくそう】50種以上から選べるアクティビティクーポン2,000円分付き!選べるお料理♪","【蔵王を遊びつくそう】50種以上から選べるアクティビティクーポン2,000円分付き!選べるお料理♪",2,0,1,1,JPY,31900,AVAILABLE,2,PUBLIC_SCARCITY_COUNT,PRODUCT,HIGH,550f4bc41fbc7633a9c8921367393c6f41fbda0f5f3af53d5c048bf95066f3cb,core_competitor_obs_20260820_045002
"jalan|yoshidaya|2026-09-03|room:和室12.5畳|plan:【蔵王を遊びつくそう】50種以上から選べるアクティビティクーポン2,000円分付き!選べるお料理♪|meal:meal_included|occ:2a0c1r|los:1|text:【蔵王を遊びつくそう】50種以上から選べるアクティビティクーポン2,000円分付き!選べるお料理♪|2|0|1|1|core_competitor_obs_20260820_045002",25fc315669694fdb86489e0f3091734890825f89f79d3f3a7e255e37259dc569,yoshidaya,吉田屋,jalan,2026-09-03,2026-08-20T05:05:44+09:00,"room:和室12.5畳|plan:【蔵王を遊びつくそう】50種以上から選べるアクティビティクーポン2,000円分付き!選べるお料理♪|meal:meal_included|occ:2a0c1r|los:1",和室12.5畳,"text:【蔵王を遊びつくそう】50種以上から選べるアクティビティクーポン2,000円分付き!選べるお料理♪","【蔵王を遊びつくそう】50種以上から選べるアクティビティクーポン2,000円分付き!選べるお料理♪",2,0,1,1,JPY,29700,AVAILABLE,1,PUBLIC_SCARCITY_COUNT,PRODUCT,HIGH,031a14ad6c7e454b0c77ae251715d6927386d1b550300cc4c3e03462620e2c09,core_competitor_obs_20260820_045002
"jalan|yoshidaya|2026-09-03|room:和室8畳|plan:【蔵王を遊びつくそう】50種以上から選べるアクティビティクーポン2,000円分付き!選べるお料理♪|meal:meal_included|occ:2a0c1r|los:1|text:【蔵王を遊びつくそう】50種以上から選べるアクティビティクーポン2,000円分付き!選べるお料理♪|2|0|1|1|core_competitor_obs_20260820_045002",f7039f464e70fde274706cb023fdea29b4cd4aa988cb13050965f6279c927175,yoshidaya,吉田屋,jalan,2026-09-03,2026-08-20T05:05:44+09:00,"room:和室8畳|plan:【蔵王を遊びつくそう】50種以上から選べるアクティビティクーポン2,000円分付き!選べるお料理♪|meal:meal_included|occ:2a0c1r|los:1",和室8畳,"text:【蔵王を遊びつくそう】50種以上から選べるアクティビティクーポン2,000円分付き!選べるお料理♪","【蔵王を遊びつくそう】50種以上から選べるアクティビティクーポン2,000円分付き!選べるお料理♪",2,0,1,1,JPY,27500,AVAILABLE,3,PUBLIC_SCARCITY_COUNT,PRODUCT,HIGH,8ca4fc6b5306a9646ec9eec7fa7354c45d2cddd85f1612b8610741116c88ad8a,core_competitor_obs_20260820_045002
"jalan|yoshidaya|2026-09-03|room:和室6畳|plan:【蔵王を遊びつくそう】50種以上から選べるアクティビティクーポン2,000円分付き!選べるお料理♪|meal:meal_included|occ:2a0c1r|los:1|text:【蔵王を遊びつくそう】50種以上から選べるアクティビティクーポン2,000円分付き!選べるお料理♪|2|0|1|1|core_competitor_obs_20260820_045002",239d8c7172830ecd9aaef1e9878e258b81668e17b064292a2cd596e01cae19b3,yoshidaya,吉田屋,jalan,2026-09-03,2026-08-20T05:05:44+09:00,"room:和室6畳|plan:【蔵王を遊びつくそう】50種以上から選べるアクティビティクーポン2,000円分付き!選べるお料理♪|meal:meal_included|occ:2a0c1r|los:1",和室6畳,"text:【蔵王を遊びつくそう】50種以上から選べるアクティビティクーポン2,000円分付き!選べるお料理♪","【蔵王を遊びつくそう】50種以上から選べるアクティビティクーポン2,000円分付き!選べるお料理♪",2,0,1,1,JPY,25300,AVAILABLE,,UNKNOWN,PRODUCT,MEDIUM,85c85a69930d8aa3d71feb1d7836f8279a60f6b09990cdf9e5877a818ee16c76,core_competitor_obs_20260820_045002
"jalan|yoshidaya|2026-09-03|room:和室13畳|plan:<14日前早割>【蔵王を遊びつくそう】50種以上から選べるアクティビティクーポン2,000円分付き!|meal:meal_included|occ:2a0c1r|los:1|text:<14日前早割>【蔵王を遊びつくそう】50種以上から選べるアクティビティクーポン2,000円分付き!|2|0|1|1|core_competitor_obs_20260820_045002",1a0615692aab18c2ba48e6898a595570d1c7a14b8b98d8bc1b1eb33a2c292fd2,yoshidaya,吉田屋,jalan,2026-09-03,2026-08-20T05:05:44+09:00,"room:和室13畳|plan:<14日前早割>【蔵王を遊びつくそう】50種以上から選べるアクティビティクーポン2,000円分付き!|meal:meal_included|occ:2a0c1r|los:1",和室13畳,"text:<14日前早割>【蔵王を遊びつくそう】50種以上から選べるアクティビティクーポン2,000円分付き!","<14日前早割>【蔵王を遊びつくそう】50種以上から選べるアクティビティクーポン2,000円分付き!",2,0,1,1,JPY,30800,AVAILABLE,2,PUBLIC_SCARCITY_COUNT,PRODUCT,HIGH,960d305ed427a6d58d44ce32482fc7f9962c6ed33c0bf436222ea6d74bed8c84,core_competitor_obs_20260820_045002
"jalan|yoshidaya|2026-09-03|room:和室12.5畳|plan:<14日前早割>【蔵王を遊びつくそう】50種以上から選べるアクティビティクーポン2,000円分付き!|meal:meal_included|occ:2a0c1r|los:1|text:<14日前早割>【蔵王を遊びつくそう】50種以上から選べるアクティビティクーポン2,000円分付き!|2|0|1|1|core_competitor_obs_20260820_045002",10d69ae758f632d151ab917300e560460d2a165018698aeeecb24bcddbb71f88,yoshidaya,吉田屋,jalan,2026-09-03,2026-08-20T05:05:44+09:00,"room:和室12.5畳|plan:<14日前早割>【蔵王を遊びつくそう】50種以上から選べるアクティビティクーポン2,000円分付き!|meal:meal_included|occ:2a0c1r|los:1",和室12.5畳,"text:<14日前早割>【蔵王を遊びつくそう】50種以上から選べるアクティビティクーポン2,000円分付き!","<14日前早割>【蔵王を遊びつくそう】50種以上から選べるアクティビティクーポン2,000円分付き!",2,0,1,1,JPY,28600,AVAILABLE,1,PUBLIC_SCARCITY_COUNT,PRODUCT,HIGH,1b8d4eb96c7f2f42b79dc118e8e08d20e0dd89354f6a425c0bb7a439bc97f1d5,core_competitor_obs_20260820_045002
"jalan|yoshidaya|2026-09-03|room:和室8畳|plan:<14日前早割>【蔵王を遊びつくそう】50種以上から選べるアクティビティクーポン2,000円分付き!|meal:meal_included|occ:2a0c1r|los:1|text:<14日前早割>【蔵王を遊びつくそう】50種以上から選べるアクティビティクーポン2,000円分付き!|2|0|1|1|core_competitor_obs_20260820_045002",ad78c12d2af64a8a796b3e109d55d738df725fa1ae24f8cd24fe6adeb25c43a9,yoshidaya,吉田屋,jalan,2026-09-03,2026-08-20T05:05:44+09:00,"room:和室8畳|plan:<14日前早割>【蔵王を遊びつくそう】50種以上から選べるアクティビティクーポン2,000円分付き!|meal:meal_included|occ:2a0c1r|los:1",和室8畳,"text:<14日前早割>【蔵王を遊びつくそう】50種以上から選べるアクティビティクーポン2,000円分付き!","<14日前早割>【蔵王を遊びつくそう】50種以上から選べるアクティビティクーポン2,000円分付き!",2,0,1,1,JPY,26400,AVAILABLE,3,PUBLIC_SCARCITY_COUNT,PRODUCT,HIGH,0364b998182d86e4282ce6ec2c1cbedb3fa17d0e1c583b6765ca9ae96a7d6fe2,core_competitor_obs_20260820_045002
"jalan|yoshidaya|2026-09-03|room:和室6畳|plan:<14日前早割>【蔵王を遊びつくそう】50種以上から選べるアクティビティクーポン2,000円分付き!|meal:meal_included|occ:2a0c1r|los:1|text:<14日前早割>【蔵王を遊びつくそう】50種以上から選べるアクティビティクーポン2,000円分付き!|2|0|1|1|core_competitor_obs_20260820_045002",296ae7a01d7e7327e18db1a5fa8db60a96fa4ee64b424e72b823847e45c8ee4a,yoshidaya,吉田屋,jalan,2026-09-03,2026-08-20T05:05:44+09:00,"room:和室6畳|plan:<14日前早割>【蔵王を遊びつくそう】50種以上から選べるアクティビティクーポン2,000円分付き!|meal:meal_included|occ:2a0c1r|los:1",和室6畳,"text:<14日前早割>【蔵王を遊びつくそう】50種以上から選べるアクティビティクーポン2,000円分付き!","<14日前早割>【蔵王を遊びつくそう】50種以上から選べるアクティビティクーポン2,000円分付き!",2,0,1,1,JPY,24200,AVAILABLE,,UNKNOWN,PRODUCT,MEDIUM,36db2f8ca5c644196b42b5e7d62896a976d96dc73846cff6e878060aa4628f29,core_competitor_obs_20260820_045002
jalan|oakhill|2026-09-01|room:デラックス和洋室|plan:【朝食無料サービス】~onsen&stay~森に包まれたリゾート空間で蔵王の名湯を満喫/ご夕食は温泉街へ|meal:meal_included|occ:2a0c1r|los:1|text:【朝食無料サービス】~onsen&stay~森に包まれたリゾート空間で蔵王の名湯を満喫/ご夕食は温泉街へ|2|0|1|1|core_competitor_obs_20260820_045002,9f25028e217f342079548c0b61258bd42ee76660ce4843f15e44ed89192a77e6,oakhill,ONSEN & STAY OAKHILL,jalan,2026-09-01,2026-08-20T05:08:29+09:00,room:デラックス和洋室|plan:【朝食無料サービス】~onsen&stay~森に包まれたリゾート空間で蔵王の名湯を満喫/ご夕食は温泉街へ|meal:meal_included|occ:2a0c1r|los:1,デラックス和洋室,text:【朝食無料サービス】~onsen&stay~森に包まれたリゾート空間で蔵王の名湯を満喫/ご夕食は温泉街へ,【朝食無料サービス】~ONSEN&STAY~森に包まれたリゾート空間で蔵王の名湯を満喫/ご夕食は温泉街へ,2,0,1,1,JPY,34000,AVAILABLE,3,PUBLIC_SCARCITY_COUNT,PRODUCT,HIGH,8c7c89c8c635ad1911a4915a7727bd70bbb0aa5a4b91a4c5941de52900f63f8f,core_competitor_obs_20260820_045002
jalan|oakhill|2026-09-01|room:倶楽部ルーム|plan:【朝食無料サービス】~onsen&stay~森に包まれたリゾート空間で蔵王の名湯を満喫/ご夕食は温泉街へ|meal:meal_included|occ:2a0c1r|los:1|text:【朝食無料サービス】~onsen&stay~森に包まれたリゾート空間で蔵王の名湯を満喫/ご夕食は温泉街へ|2|0|1|1|core_competitor_obs_20260820_045002,5175eb9f5cb0c12c5abfbe826be9ffb5404cb19defb2628055d41c6d2cb673d7,oakhill,ONSEN & STAY OAKHILL,jalan,2026-09-01,2026-08-20T05:08:29+09:00,room:倶楽部ルーム|plan:【朝食無料サービス】~onsen&stay~森に包まれたリゾート空間で蔵王の名湯を満喫/ご夕食は温泉街へ|meal:meal_included|occ:2a0c1r|los:1,倶楽部ルーム,text:【朝食無料サービス】~onsen&stay~森に包まれたリゾート空間で蔵王の名湯を満喫/ご夕食は温泉街へ,【朝食無料サービス】~ONSEN&STAY~森に包まれたリゾート空間で蔵王の名湯を満喫/ご夕食は温泉街へ,2,0,1,1,JPY,22000,AVAILABLE,3,PUBLIC_SCARCITY_COUNT,PRODUCT,HIGH,42665d952fc39b9a5161c72da74feb65bf874b177f52763377489ee147aa743e,core_competitor_obs_20260820_045002
jalan|oakhill|2026-09-01|room:スタンダード和室|plan:【朝食無料サービス】~onsen&stay~森に包まれたリゾート空間で蔵王の名湯を満喫/ご夕食は温泉街へ|meal:meal_included|occ:2a0c1r|los:1|text:【朝食無料サービス】~onsen&stay~森に包まれたリゾート空間で蔵王の名湯を満喫/ご夕食は温泉街へ|2|0|1|1|core_competitor_obs_20260820_045002,8e992622e39ac39ae5145c4cdab511d70145092170649d34e78a12c77c40a5a8,oakhill,ONSEN & STAY OAKHILL,jalan,2026-09-01,2026-08-20T05:08:29+09:00,room:スタンダード和室|plan:【朝食無料サービス】~onsen&stay~森に包まれたリゾート空間で蔵王の名湯を満喫/ご夕食は温泉街へ|meal:meal_included|occ:2a0c1r|los:1,スタンダード和室,text:【朝食無料サービス】~onsen&stay~森に包まれたリゾート空間で蔵王の名湯を満喫/ご夕食は温泉街へ,【朝食無料サービス】~ONSEN&STAY~森に包まれたリゾート空間で蔵王の名湯を満喫/ご夕食は温泉街へ,2,0,1,1,JPY,20000,AVAILABLE,2,PUBLIC_SCARCITY_COUNT,PRODUCT,HIGH,90a52541392a94a77c8f44ad616778ce6325e6c94e7d3019eaff44e7130b2846,core_competitor_obs_20260820_045002
jalan|oakhill|2026-09-01|room:デラックス和洋室|plan:≪じゃらん限定ポイント10%≫【朝食無料サービス】森に包まれ蔵王の名湯を満喫/ご夕食は温泉街|meal:meal_included|occ:2a0c1r|los:1|text:≪じゃらん限定ポイント10%≫【朝食無料サービス】森に包まれ蔵王の名湯を満喫/ご夕食は温泉街|2|0|1|1|core_competitor_obs_20260820_045002,c24c81475b5b390dd91e1c306f5520184f6b67156d128f877707b919c051f9ca,oakhill,ONSEN & STAY OAKHILL,jalan,2026-09-01,2026-08-20T05:08:29+09:00,room:デラックス和洋室|plan:≪じゃらん限定ポイント10%≫【朝食無料サービス】森に包まれ蔵王の名湯を満喫/ご夕食は温泉街|meal:meal_included|occ:2a0c1r|los:1,デラックス和洋室,text:≪じゃらん限定ポイント10%≫【朝食無料サービス】森に包まれ蔵王の名湯を満喫/ご夕食は温泉街,≪じゃらん限定ポイント10%≫【朝食無料サービス】森に包まれ蔵王の名湯を満喫/ご夕食は温泉街,2,0,1,1,JPY,35700,AVAILABLE,3,PUBLIC_SCARCITY_COUNT,PRODUCT,HIGH,0f04092b61b59abeaf4154707640a8fc9276ef11a432e83b20d17fc74bc06b2e,core_competitor_obs_20260820_045002
jalan|oakhill|2026-09-01|room:倶楽部ルーム|plan:≪じゃらん限定ポイント10%≫【朝食無料サービス】森に包まれ蔵王の名湯を満喫/ご夕食は温泉街|meal:meal_included|occ:2a0c1r|los:1|text:≪じゃらん限定ポイント10%≫【朝食無料サービス】森に包まれ蔵王の名湯を満喫/ご夕食は温泉街|2|0|1|1|core_competitor_obs_20260820_045002,e359f3aa04bd29a1440297ad46667be2801743d82506fa6642b6444d3f85eb38,oakhill,ONSEN & STAY OAKHILL,jalan,2026-09-01,2026-08-20T05:08:29+09:00,room:倶楽部ルーム|plan:≪じゃらん限定ポイント10%≫【朝食無料サービス】森に包まれ蔵王の名湯を満喫/ご夕食は温泉街|meal:meal_included|occ:2a0c1r|los:1,倶楽部ルーム,text:≪じゃらん限定ポイント10%≫【朝食無料サービス】森に包まれ蔵王の名湯を満喫/ご夕食は温泉街,≪じゃらん限定ポイント10%≫【朝食無料サービス】森に包まれ蔵王の名湯を満喫/ご夕食は温泉街,2,0,1,1,JPY,23100,AVAILABLE,3,PUBLIC_SCARCITY_COUNT,PRODUCT,HIGH,49a302065eda217d313e7f6f23364dcd02d7d814fcc8e731d5cf9883046740b6,core_competitor_obs_20260820_045002
jalan|oakhill|2026-09-01|room:スタンダード和室|plan:≪じゃらん限定ポイント10%≫【朝食無料サービス】森に包まれ蔵王の名湯を満喫/ご夕食は温泉街|meal:meal_included|occ:2a0c1r|los:1|text:≪じゃらん限定ポイント10%≫【朝食無料サービス】森に包まれ蔵王の名湯を満喫/ご夕食は温泉街|2|0|1|1|core_competitor_obs_20260820_045002,6f5df1032f6f95a523caa4eb5d3c770594df3cf00f2834d88d0e2fb43a065f4e,oakhill,ONSEN & STAY OAKHILL,jalan,2026-09-01,2026-08-20T05:08:29+09:00,room:スタンダード和室|plan:≪じゃらん限定ポイント10%≫【朝食無料サービス】森に包まれ蔵王の名湯を満喫/ご夕食は温泉街|meal:meal_included|occ:2a0c1r|los:1,スタンダード和室,text:≪じゃらん限定ポイント10%≫【朝食無料サービス】森に包まれ蔵王の名湯を満喫/ご夕食は温泉街,≪じゃらん限定ポイント10%≫【朝食無料サービス】森に包まれ蔵王の名湯を満喫/ご夕食は温泉街,2,0,1,1,JPY,21000,AVAILABLE,2,PUBLIC_SCARCITY_COUNT,PRODUCT,HIGH,7ccf32f26da5af02030144917ce8f94aabfdeb637b2cb4cb78b21dc045adb74b,core_competitor_obs_20260820_045002
jalan|oakhill|2026-09-01|room:デラックス和洋室|plan:【じゃらんのお得な10日間】10%off!朝食無料サービス!森に包まれたリゾート空間で蔵王の名湯を満喫|meal:meal_included|occ:2a0c1r|los:1|text:【じゃらんのお得な10日間】10%off!朝食無料サービス!森に包まれたリゾート空間で蔵王の名湯を満喫|2|0|1|1|core_competitor_obs_20260820_045002,0da08e9e9e8c70df2eb22a260ee7da6d5e62fc50576a53c25d9684018d53acad,oakhill,ONSEN & STAY OAKHILL,jalan,2026-09-01,2026-08-20T05:08:29+09:00,room:デラックス和洋室|plan:【じゃらんのお得な10日間】10%off!朝食無料サービス!森に包まれたリゾート空間で蔵王の名湯を満喫|meal:meal_included|occ:2a0c1r|los:1,デラックス和洋室,text:【じゃらんのお得な10日間】10%off!朝食無料サービス!森に包まれたリゾート空間で蔵王の名湯を満喫,【じゃらんのお得な10日間】10%OFF!朝食無料サービス!森に包まれたリゾート空間で蔵王の名湯を満喫,2,0,1,1,JPY,30600,AVAILABLE,3,PUBLIC_SCARCITY_COUNT,PRODUCT,HIGH,d5c8daa3ab1e6a84e78bd08fcf7b8be24b2bf9f0e9de9f185af8c410094a8d81,core_competitor_obs_20260820_045002
jalan|oakhill|2026-09-01|room:倶楽部ルーム|plan:【じゃらんのお得な10日間】10%off!朝食無料サービス!森に包まれたリゾート空間で蔵王の名湯を満喫|meal:meal_included|occ:2a0c1r|los:1|text:【じゃらんのお得な10日間】10%off!朝食無料サービス!森に包まれたリゾート空間で蔵王の名湯を満喫|2|0|1|1|core_competitor_obs_20260820_045002,f1ea15501ad695c851d03b3023b4267d393cae25b3b0698a75560d7dc6ead529,oakhill,ONSEN & STAY OAKHILL,jalan,2026-09-01,2026-08-20T05:08:29+09:00,room:倶楽部ルーム|plan:【じゃらんのお得な10日間】10%off!朝食無料サービス!森に包まれたリゾート空間で蔵王の名湯を満喫|meal:meal_included|occ:2a0c1r|los:1,倶楽部ルーム,text:【じゃらんのお得な10日間】10%off!朝食無料サービス!森に包まれたリゾート空間で蔵王の名湯を満喫,【じゃらんのお得な10日間】10%OFF!朝食無料サービス!森に包まれたリゾート空間で蔵王の名湯を満喫,2,0,1,1,JPY,19800,AVAILABLE,3,PUBLIC_SCARCITY_COUNT,PRODUCT,HIGH,2ae6928676e4fd22f34754c55d22ea22e22ed15c21d2ca59ee5bdcb8c4efd33d,core_competitor_obs_20260820_045002
jalan|oakhill|2026-09-01|room:スタンダード和室|plan:【じゃらんのお得な10日間】10%off!朝食無料サービス!森に包まれたリゾート空間で蔵王の名湯を満喫|meal:meal_included|occ:2a0c1r|los:1|text:【じゃらんのお得な10日間】10%off!朝食無料サービス!森に包まれたリゾート空間で蔵王の名湯を満喫|2|0|1|1|core_competitor_obs_20260820_045002,6b7c5d93e90a6dbb8be740a3483f7301256d4c3046a5783c68c8d56cc9fc117c,oakhill,ONSEN & STAY OAKHILL,jalan,2026-09-01,2026-08-20T05:08:29+09:00,room:スタンダード和室|plan:【じゃらんのお得な10日間】10%off!朝食無料サービス!森に包まれたリゾート空間で蔵王の名湯を満喫|meal:meal_included|occ:2a0c1r|los:1,スタンダード和室,text:【じゃらんのお得な10日間】10%off!朝食無料サービス!森に包まれたリゾート空間で蔵王の名湯を満喫,【じゃらんのお得な10日間】10%OFF!朝食無料サービス!森に包まれたリゾート空間で蔵王の名湯を満喫,2,0,1,1,JPY,18000,AVAILABLE,2,PUBLIC_SCARCITY_COUNT,PRODUCT,HIGH,bd87ab7af21aa9f298457325d0c16456e323b70fb79968657d732427b36bac3a,core_competitor_obs_20260820_045002
"jalan|oakhill|2026-09-01|room:デラックス和洋室|plan:【早割プラン★朝食無料】7日前までのご予約で1,100円off!森に包まれ蔵王の名湯を満喫/ご夕食は温泉街へ|meal:meal_included|occ:2a0c1r|los:1|text:【早割プラン★朝食無料】7日前までのご予約で1,100円off!森に包まれ蔵王の名湯を満喫/ご夕食は温泉街へ|2|0|1|1|core_competitor_obs_20260820_045002",da80fecbac6c5a330e0816ec21ccd838a6d22999fef53a84ca0f7ccefeac461d,oakhill,ONSEN & STAY OAKHILL,jalan,2026-09-01,2026-08-20T05:08:29+09:00,"room:デラックス和洋室|plan:【早割プラン★朝食無料】7日前までのご予約で1,100円off!森に包まれ蔵王の名湯を満喫/ご夕食は温泉街へ|meal:meal_included|occ:2a0c1r|los:1",デラックス和洋室,"text:【早割プラン★朝食無料】7日前までのご予約で1,100円off!森に包まれ蔵王の名湯を満喫/ご夕食は温泉街へ","【早割プラン★朝食無料】7日前までのご予約で1,100円OFF!森に包まれ蔵王の名湯を満喫/ご夕食は温泉街へ",2,0,1,1,JPY,31800,AVAILABLE,3,PUBLIC_SCARCITY_COUNT,PRODUCT,HIGH,89d4194e503cd8742dfa88ffab46ce113963e5f15fb6eb1ad1b339233e652953,core_competitor_obs_20260820_045002
"jalan|oakhill|2026-09-01|room:倶楽部ルーム|plan:【早割プラン★朝食無料】7日前までのご予約で1,100円off!森に包まれ蔵王の名湯を満喫/ご夕食は温泉街へ|meal:meal_included|occ:2a0c1r|los:1|text:【早割プラン★朝食無料】7日前までのご予約で1,100円off!森に包まれ蔵王の名湯を満喫/ご夕食は温泉街へ|2|0|1|1|core_competitor_obs_20260820_045002",aff242da1c9a8fb0e3c571cd0fcd6c4f4d966cccecbdb6fee2a26c959b66df1c,oakhill,ONSEN & STAY OAKHILL,jalan,2026-09-01,2026-08-20T05:08:29+09:00,"room:倶楽部ルーム|plan:【早割プラン★朝食無料】7日前までのご予約で1,100円off!森に包まれ蔵王の名湯を満喫/ご夕食は温泉街へ|meal:meal_included|occ:2a0c1r|los:1",倶楽部ルーム,"text:【早割プラン★朝食無料】7日前までのご予約で1,100円off!森に包まれ蔵王の名湯を満喫/ご夕食は温泉街へ","【早割プラン★朝食無料】7日前までのご予約で1,100円OFF!森に包まれ蔵王の名湯を満喫/ご夕食は温泉街へ",2,0,1,1,JPY,19800,AVAILABLE,3,PUBLIC_SCARCITY_COUNT,PRODUCT,HIGH,0fabf0ac10e2271a5c678de60999ef2baa0ba434f15a370140c419c4727d053e,core_competitor_obs_20260820_045002
"jalan|oakhill|2026-09-01|room:スタンダード和室|plan:【早割プラン★朝食無料】7日前までのご予約で1,100円off!森に包まれ蔵王の名湯を満喫/ご夕食は温泉街へ|meal:meal_included|occ:2a0c1r|los:1|text:【早割プラン★朝食無料】7日前までのご予約で1,100円off!森に包まれ蔵王の名湯を満喫/ご夕食は温泉街へ|2|0|1|1|core_competitor_obs_20260820_045002",92d1c377f60503deff45936186ba8811137041db46e6467663536846d7a85792,oakhill,ONSEN & STAY OAKHILL,jalan,2026-09-01,2026-08-20T05:08:29+09:00,"room:スタンダード和室|plan:【早割プラン★朝食無料】7日前までのご予約で1,100円off!森に包まれ蔵王の名湯を満喫/ご夕食は温泉街へ|meal:meal_included|occ:2a0c1r|los:1",スタンダード和室,"text:【早割プラン★朝食無料】7日前までのご予約で1,100円off!森に包まれ蔵王の名湯を満喫/ご夕食は温泉街へ","【早割プラン★朝食無料】7日前までのご予約で1,100円OFF!森に包まれ蔵王の名湯を満喫/ご夕食は温泉街へ",2,0,1,1,JPY,17800,AVAILABLE,2,PUBLIC_SCARCITY_COUNT,PRODUCT,HIGH,4d6c6482336e9125a806fb116855b8b5521d6aa8c0d5c617675c6c48d4c71082,core_competitor_obs_20260820_045002
jalan|oakhill|2026-09-01|room:デラックス和洋室|plan:【素泊まりプラン】~onsen&stay~森に包まれたリゾート空間で蔵王の名湯を満喫/ご夕食は温泉街へ|meal:confirmed_room_only|occ:2a0c1r|los:1|text:【素泊まりプラン】~onsen&stay~森に包まれたリゾート空間で蔵王の名湯を満喫/ご夕食は温泉街へ|2|0|1|1|core_competitor_obs_20260820_045002,ee5e32a875a36e86068c4a6937260f1d11ad196200651de1ccbdb6ed3c8d1327,oakhill,ONSEN & STAY OAKHILL,jalan,2026-09-01,2026-08-20T05:08:29+09:00,room:デラックス和洋室|plan:【素泊まりプラン】~onsen&stay~森に包まれたリゾート空間で蔵王の名湯を満喫/ご夕食は温泉街へ|meal:confirmed_room_only|occ:2a0c1r|los:1,デラックス和洋室,text:【素泊まりプラン】~onsen&stay~森に包まれたリゾート空間で蔵王の名湯を満喫/ご夕食は温泉街へ,【素泊まりプラン】~ONSEN&STAY~森に包まれたリゾート空間で蔵王の名湯を満喫/ご夕食は温泉街へ,2,0,1,1,JPY,34000,AVAILABLE,3,PUBLIC_SCARCITY_COUNT,PRODUCT,HIGH,8c7c89c8c635ad1911a4915a7727bd70bbb0aa5a4b91a4c5941de52900f63f8f,core_competitor_obs_20260820_045002
jalan|oakhill|2026-09-01|room:倶楽部ルーム|plan:【素泊まりプラン】~onsen&stay~森に包まれたリゾート空間で蔵王の名湯を満喫/ご夕食は温泉街へ|meal:confirmed_room_only|occ:2a0c1r|los:1|text:【素泊まりプラン】~onsen&stay~森に包まれたリゾート空間で蔵王の名湯を満喫/ご夕食は温泉街へ|2|0|1|1|core_competitor_obs_20260820_045002,faa83479978bbfdb15487b59d01383e4ab5663d322fa1f90709a69dc09361b0b,oakhill,ONSEN & STAY OAKHILL,jalan,2026-09-01,2026-08-20T05:08:29+09:00,room:倶楽部ルーム|plan:【素泊まりプラン】~onsen&stay~森に包まれたリゾート空間で蔵王の名湯を満喫/ご夕食は温泉街へ|meal:confirmed_room_only|occ:2a0c1r|los:1,倶楽部ルーム,text:【素泊まりプラン】~onsen&stay~森に包まれたリゾート空間で蔵王の名湯を満喫/ご夕食は温泉街へ,【素泊まりプラン】~ONSEN&STAY~森に包まれたリゾート空間で蔵王の名湯を満喫/ご夕食は温泉街へ,2,0,1,1,JPY,22000,AVAILABLE,3,PUBLIC_SCARCITY_COUNT,PRODUCT,HIGH,42665d952fc39b9a5161c72da74feb65bf874b177f52763377489ee147aa743e,core_competitor_obs_20260820_045002
jalan|oakhill|2026-09-01|room:スタンダード和室|plan:【素泊まりプラン】~onsen&stay~森に包まれたリゾート空間で蔵王の名湯を満喫/ご夕食は温泉街へ|meal:confirmed_room_only|occ:2a0c1r|los:1|text:【素泊まりプラン】~onsen&stay~森に包まれたリゾート空間で蔵王の名湯を満喫/ご夕食は温泉街へ|2|0|1|1|core_competitor_obs_20260820_045002,a7b1b0001c7d7da10938c47c6cbd68dac0a379d9fc9c5c5960ef3290e2a498dc,oakhill,ONSEN & STAY OAKHILL,jalan,2026-09-01,2026-08-20T05:08:29+09:00,room:スタンダード和室|plan:【素泊まりプラン】~onsen&stay~森に包まれたリゾート空間で蔵王の名湯を満喫/ご夕食は温泉街へ|meal:confirmed_room_only|occ:2a0c1r|los:1,スタンダード和室,text:【素泊まりプラン】~onsen&stay~森に包まれたリゾート空間で蔵王の名湯を満喫/ご夕食は温泉街へ,【素泊まりプラン】~ONSEN&STAY~森に包まれたリゾート空間で蔵王の名湯を満喫/ご夕食は温泉街へ,2,0,1,1,JPY,20000,AVAILABLE,2,PUBLIC_SCARCITY_COUNT,PRODUCT,HIGH,381f59e5334c9336461f2c41a0d7221496b983b92b7c2f9484e70d0870b4f49c,core_competitor_obs_20260820_045002
jalan|oakhill|2026-09-02|room:デラックス和洋室|plan:【朝食無料サービス】~onsen&stay~森に包まれたリゾート空間で蔵王の名湯を満喫/ご夕食は温泉街へ|meal:meal_included|occ:2a0c1r|los:1|text:【朝食無料サービス】~onsen&stay~森に包まれたリゾート空間で蔵王の名湯を満喫/ご夕食は温泉街へ|2|0|1|1|core_competitor_obs_20260820_045002,53a01e54a712bb6b4ca871c193e5f8924e736447e1657b4d896bd7a5e9c24ef5,oakhill,ONSEN & STAY OAKHILL,jalan,2026-09-02,2026-08-20T05:08:44+09:00,room:デラックス和洋室|plan:【朝食無料サービス】~onsen&stay~森に包まれたリゾート空間で蔵王の名湯を満喫/ご夕食は温泉街へ|meal:meal_included|occ:2a0c1r|los:1,デラックス和洋室,text:【朝食無料サービス】~onsen&stay~森に包まれたリゾート空間で蔵王の名湯を満喫/ご夕食は温泉街へ,【朝食無料サービス】~ONSEN&STAY~森に包まれたリゾート空間で蔵王の名湯を満喫/ご夕食は温泉街へ,2,0,1,1,JPY,34000,AVAILABLE,3,PUBLIC_SCARCITY_COUNT,PRODUCT,HIGH,8c7c89c8c635ad1911a4915a7727bd70bbb0aa5a4b91a4c5941de52900f63f8f,core_competitor_obs_20260820_045002
jalan|oakhill|2026-09-02|room:コーナー倶楽部トリプル|plan:【朝食無料サービス】~onsen&stay~森に包まれたリゾート空間で蔵王の名湯を満喫/ご夕食は温泉街へ|meal:meal_included|occ:2a0c1r|los:1|text:【朝食無料サービス】~onsen&stay~森に包まれたリゾート空間で蔵王の名湯を満喫/ご夕食は温泉街へ|2|0|1|1|core_competitor_obs_20260820_045002,92986b43c77148523b5fd8d93297ad66a75359e16b080516a3ad0e5eb36ccb52,oakhill,ONSEN & STAY OAKHILL,jalan,2026-09-02,2026-08-20T05:08:44+09:00,room:コーナー倶楽部トリプル|plan:【朝食無料サービス】~onsen&stay~森に包まれたリゾート空間で蔵王の名湯を満喫/ご夕食は温泉街へ|meal:meal_included|occ:2a0c1r|los:1,コーナー倶楽部トリプル,text:【朝食無料サービス】~onsen&stay~森に包まれたリゾート空間で蔵王の名湯を満喫/ご夕食は温泉街へ,【朝食無料サービス】~ONSEN&STAY~森に包まれたリゾート空間で蔵王の名湯を満喫/ご夕食は温泉街へ,2,0,1,1,JPY,30000,AVAILABLE,3,PUBLIC_SCARCITY_COUNT,PRODUCT,HIGH,ef6de67daf5f8a964f76cd24089f68709e5f340b21199ae49a8f2836043ed7c9,core_competitor_obs_20260820_045002
jalan|oakhill|2026-09-02|room:スタンダードツイン|plan:【朝食無料サービス】~onsen&stay~森に包まれたリゾート空間で蔵王の名湯を満喫/ご夕食は温泉街へ|meal:meal_included|occ:2a0c1r|los:1|text:【朝食無料サービス】~onsen&stay~森に包まれたリゾート空間で蔵王の名湯を満喫/ご夕食は温泉街へ|2|0|1|1|core_competitor_obs_20260820_045002,8391c872e56fd5bd3101940fa5c672da81fd5c356a031c1b1660b6a7b2ddce76,oakhill,ONSEN & STAY OAKHILL,jalan,2026-09-02,2026-08-20T05:08:44+09:00,room:スタンダードツイン|plan:【朝食無料サービス】~onsen&stay~森に包まれたリゾート空間で蔵王の名湯を満喫/ご夕食は温泉街へ|meal:meal_included|occ:2a0c1r|los:1,スタンダードツイン,text:【朝食無料サービス】~onsen&stay~森に包まれたリゾート空間で蔵王の名湯を満喫/ご夕食は温泉街へ,【朝食無料サービス】~ONSEN&STAY~森に包まれたリゾート空間で蔵王の名湯を満喫/ご夕食は温泉街へ,2,0,1,1,JPY,23000,AVAILABLE,2,PUBLIC_SCARCITY_COUNT,PRODUCT,HIGH,876809731a489a0b9975ea11f3980f5a865ebe67150954d1a25ae08b47805bec,core_competitor_obs_20260820_045002
jalan|oakhill|2026-09-02|room:倶楽部ルーム|plan:【朝食無料サービス】~onsen&stay~森に包まれたリゾート空間で蔵王の名湯を満喫/ご夕食は温泉街へ|meal:meal_included|occ:2a0c1r|los:1|text:【朝食無料サービス】~onsen&stay~森に包まれたリゾート空間で蔵王の名湯を満喫/ご夕食は温泉街へ|2|0|1|1|core_competitor_obs_20260820_045002,b21d3e944ef4125bd6af0e98c6ed3c48ade4e65fa96c1a0558da56d3053910cc,oakhill,ONSEN & STAY OAKHILL,jalan,2026-09-02,2026-08-20T05:08:44+09:00,room:倶楽部ルーム|plan:【朝食無料サービス】~onsen&stay~森に包まれたリゾート空間で蔵王の名湯を満喫/ご夕食は温泉街へ|meal:meal_included|occ:2a0c1r|los:1,倶楽部ルーム,text:【朝食無料サービス】~onsen&stay~森に包まれたリゾート空間で蔵王の名湯を満喫/ご夕食は温泉街へ,【朝食無料サービス】~ONSEN&STAY~森に包まれたリゾート空間で蔵王の名湯を満喫/ご夕食は温泉街へ,2,0,1,1,JPY,22000,AVAILABLE,,UNKNOWN,PRODUCT,MEDIUM,05c6e6f2b5f10a6896550ed4bd71e33f42781bcb43f177db8f027dad7b9bb3ad,core_competitor_obs_20260820_045002
jalan|oakhill|2026-09-02|room:スタンダード和室|plan:【朝食無料サービス】~onsen&stay~森に包まれたリゾート空間で蔵王の名湯を満喫/ご夕食は温泉街へ|meal:meal_included|occ:2a0c1r|los:1|text:【朝食無料サービス】~onsen&stay~森に包まれたリゾート空間で蔵王の名湯を満喫/ご夕食は温泉街へ|2|0|1|1|core_competitor_obs_20260820_045002,92d90fb6d13f81fbcc4a35cea5ac8345df32fa6f25a7fdb9d5acae31212d6ca9,oakhill,ONSEN & STAY OAKHILL,jalan,2026-09-02,2026-08-20T05:08:44+09:00,room:スタンダード和室|plan:【朝食無料サービス】~onsen&stay~森に包まれたリゾート空間で蔵王の名湯を満喫/ご夕食は温泉街へ|meal:meal_included|occ:2a0c1r|los:1,スタンダード和室,text:【朝食無料サービス】~onsen&stay~森に包まれたリゾート空間で蔵王の名湯を満喫/ご夕食は温泉街へ,【朝食無料サービス】~ONSEN&STAY~森に包まれたリゾート空間で蔵王の名湯を満喫/ご夕食は温泉街へ,2,0,1,1,JPY,20000,AVAILABLE,,UNKNOWN,PRODUCT,MEDIUM,8a09eca21e35a61573343a56a38291d3d0220d39350a74577618beb15082a42f,core_competitor_obs_20260820_045002
"jalan|oakhill|2026-09-02|room:デラックス和洋室|plan:【早割プラン★朝食無料】7日前までのご予約で1,100円off!森に包まれ蔵王の名湯を満喫/ご夕食は温泉街へ|meal:meal_included|occ:2a0c1r|los:1|text:【早割プラン★朝食無料】7日前までのご予約で1,100円off!森に包まれ蔵王の名湯を満喫/ご夕食は温泉街へ|2|0|1|1|core_competitor_obs_20260820_045002",31c4d9b9bc34ae8af2b98689342eaa10d18e9db245484d836dbb570c1c1e12c5,oakhill,ONSEN & STAY OAKHILL,jalan,2026-09-02,2026-08-20T05:08:44+09:00,"room:デラックス和洋室|plan:【早割プラン★朝食無料】7日前までのご予約で1,100円off!森に包まれ蔵王の名湯を満喫/ご夕食は温泉街へ|meal:meal_included|occ:2a0c1r|los:1",デラックス和洋室,"text:【早割プラン★朝食無料】7日前までのご予約で1,100円off!森に包まれ蔵王の名湯を満喫/ご夕食は温泉街へ","【早割プラン★朝食無料】7日前までのご予約で1,100円OFF!森に包まれ蔵王の名湯を満喫/ご夕食は温泉街へ",2,0,1,1,JPY,31800,AVAILABLE,3,PUBLIC_SCARCITY_COUNT,PRODUCT,HIGH,89d4194e503cd8742dfa88ffab46ce113963e5f15fb6eb1ad1b339233e652953,core_competitor_obs_20260820_045002
"jalan|oakhill|2026-09-02|room:コーナー倶楽部トリプル|plan:【早割プラン★朝食無料】7日前までのご予約で1,100円off!森に包まれ蔵王の名湯を満喫/ご夕食は温泉街へ|meal:meal_included|occ:2a0c1r|los:1|text:【早割プラン★朝食無料】7日前までのご予約で1,100円off!森に包まれ蔵王の名湯を満喫/ご夕食は温泉街へ|2|0|1|1|core_competitor_obs_20260820_045002",d61c401a1ad77873f559a00f61e3b18a5d54163b3d74e4bc79a8a1f6c74e9f5e,oakhill,ONSEN & STAY OAKHILL,jalan,2026-09-02,2026-08-20T05:08:44+09:00,"room:コーナー倶楽部トリプル|plan:【早割プラン★朝食無料】7日前までのご予約で1,100円off!森に包まれ蔵王の名湯を満喫/ご夕食は温泉街へ|meal:meal_included|occ:2a0c1r|los:1",コーナー倶楽部トリプル,"text:【早割プラン★朝食無料】7日前までのご予約で1,100円off!森に包まれ蔵王の名湯を満喫/ご夕食は温泉街へ","【早割プラン★朝食無料】7日前までのご予約で1,100円OFF!森に包まれ蔵王の名湯を満喫/ご夕食は温泉街へ",2,0,1,1,JPY,27800,AVAILABLE,3,PUBLIC_SCARCITY_COUNT,PRODUCT,HIGH,8e3cfe7fcdecfc8997f10415c8c87552841e3d4c13c0150689dea26645b4e54b,core_competitor_obs_20260820_045002
"jalan|oakhill|2026-09-02|room:スタンダードツイン|plan:【早割プラン★朝食無料】7日前までのご予約で1,100円off!森に包まれ蔵王の名湯を満喫/ご夕食は温泉街へ|meal:meal_included|occ:2a0c1r|los:1|text:【早割プラン★朝食無料】7日前までのご予約で1,100円off!森に包まれ蔵王の名湯を満喫/ご夕食は温泉街へ|2|0|1|1|core_competitor_obs_20260820_045002",9ad041ea5d5ea32954a09d091a7a69a9dde6cce20fc8cda4eda6ad42f26cdaa4,oakhill,ONSEN & STAY OAKHILL,jalan,2026-09-02,2026-08-20T05:08:44+09:00,"room:スタンダードツイン|plan:【早割プラン★朝食無料】7日前までのご予約で1,100円off!森に包まれ蔵王の名湯を満喫/ご夕食は温泉街へ|meal:meal_included|occ:2a0c1r|los:1",スタンダードツイン,"text:【早割プラン★朝食無料】7日前までのご予約で1,100円off!森に包まれ蔵王の名湯を満喫/ご夕食は温泉街へ","【早割プラン★朝食無料】7日前までのご予約で1,100円OFF!森に包まれ蔵王の名湯を満喫/ご夕食は温泉街へ",2,0,1,1,JPY,20800,AVAILABLE,2,PUBLIC_SCARCITY_COUNT,PRODUCT,HIGH,175ec2fa2589ba6ca921b6c5ec966423a53f5716773655d0200e70fe53fe2fb7,core_competitor_obs_20260820_045002
"jalan|oakhill|2026-09-02|room:倶楽部ルーム|plan:【早割プラン★朝食無料】7日前までのご予約で1,100円off!森に包まれ蔵王の名湯を満喫/ご夕食は温泉街へ|meal:meal_included|occ:2a0c1r|los:1|text:【早割プラン★朝食無料】7日前までのご予約で1,100円off!森に包まれ蔵王の名湯を満喫/ご夕食は温泉街へ|2|0|1|1|core_competitor_obs_20260820_045002",43ab529eba5dee6105dd91095faefca35edc066e79c0dfab55e64f0cca7e9a64,oakhill,ONSEN & STAY OAKHILL,jalan,2026-09-02,2026-08-20T05:08:44+09:00,"room:倶楽部ルーム|plan:【早割プラン★朝食無料】7日前までのご予約で1,100円off!森に包まれ蔵王の名湯を満喫/ご夕食は温泉街へ|meal:meal_included|occ:2a0c1r|los:1",倶楽部ルーム,"text:【早割プラン★朝食無料】7日前までのご予約で1,100円off!森に包まれ蔵王の名湯を満喫/ご夕食は温泉街へ","【早割プラン★朝食無料】7日前までのご予約で1,100円OFF!森に包まれ蔵王の名湯を満喫/ご夕食は温泉街へ",2,0,1,1,JPY,19800,AVAILABLE,,UNKNOWN,PRODUCT,MEDIUM,124a7144ca95931ff96b3134c24e9fad2616b8b0069c5fb416a06af439921639,core_competitor_obs_20260820_045002
"jalan|oakhill|2026-09-02|room:スタンダード和室|plan:【早割プラン★朝食無料】7日前までのご予約で1,100円off!森に包まれ蔵王の名湯を満喫/ご夕食は温泉街へ|meal:meal_included|occ:2a0c1r|los:1|text:【早割プラン★朝食無料】7日前までのご予約で1,100円off!森に包まれ蔵王の名湯を満喫/ご夕食は温泉街へ|2|0|1|1|core_competitor_obs_20260820_045002",50422262b908df06d95ac175826e62713a2f97cd6dbf9ee5166388af3f7d61aa,oakhill,ONSEN & STAY OAKHILL,jalan,2026-09-02,2026-08-20T05:08:44+09:00,"room:スタンダード和室|plan:【早割プラン★朝食無料】7日前までのご予約で1,100円off!森に包まれ蔵王の名湯を満喫/ご夕食は温泉街へ|meal:meal_included|occ:2a0c1r|los:1",スタンダード和室,"text:【早割プラン★朝食無料】7日前までのご予約で1,100円off!森に包まれ蔵王の名湯を満喫/ご夕食は温泉街へ","【早割プラン★朝食無料】7日前までのご予約で1,100円OFF!森に包まれ蔵王の名湯を満喫/ご夕食は温泉街へ",2,0,1,1,JPY,17800,AVAILABLE,,UNKNOWN,PRODUCT,MEDIUM,38d6a804acb6d7f3ac5fc4593c5d6e203e07c01cf772e9f3f064119c5c0ad83d,core_competitor_obs_20260820_045002
jalan|oakhill|2026-09-02|room:デラックス和洋室|plan:≪じゃらん限定ポイント10%≫【朝食無料サービス】森に包まれ蔵王の名湯を満喫/ご夕食は温泉街|meal:meal_included|occ:2a0c1r|los:1|text:≪じゃらん限定ポイント10%≫【朝食無料サービス】森に包まれ蔵王の名湯を満喫/ご夕食は温泉街|2|0|1|1|core_competitor_obs_20260820_045002,2a00e3118853ada1722a8f1129e63627ae692e5a94b9dd37c69643de4912a894,oakhill,ONSEN & STAY OAKHILL,jalan,2026-09-02,2026-08-20T05:08:44+09:00,room:デラックス和洋室|plan:≪じゃらん限定ポイント10%≫【朝食無料サービス】森に包まれ蔵王の名湯を満喫/ご夕食は温泉街|meal:meal_included|occ:2a0c1r|los:1,デラックス和洋室,text:≪じゃらん限定ポイント10%≫【朝食無料サービス】森に包まれ蔵王の名湯を満喫/ご夕食は温泉街,≪じゃらん限定ポイント10%≫【朝食無料サービス】森に包まれ蔵王の名湯を満喫/ご夕食は温泉街,2,0,1,1,JPY,35700,AVAILABLE,3,PUBLIC_SCARCITY_COUNT,PRODUCT,HIGH,0f04092b61b59abeaf4154707640a8fc9276ef11a432e83b20d17fc74bc06b2e,core_competitor_obs_20260820_045002
jalan|oakhill|2026-09-02|room:コーナー倶楽部トリプル|plan:≪じゃらん限定ポイント10%≫【朝食無料サービス】森に包まれ蔵王の名湯を満喫/ご夕食は温泉街|meal:meal_included|occ:2a0c1r|los:1|text:≪じゃらん限定ポイント10%≫【朝食無料サービス】森に包まれ蔵王の名湯を満喫/ご夕食は温泉街|2|0|1|1|core_competitor_obs_20260820_045002,14b640433f426861efb763a55412dd6b02b3cbfd7d6b3df1eba6373435745bdf,oakhill,ONSEN & STAY OAKHILL,jalan,2026-09-02,2026-08-20T05:08:44+09:00,room:コーナー倶楽部トリプル|plan:≪じゃらん限定ポイント10%≫【朝食無料サービス】森に包まれ蔵王の名湯を満喫/ご夕食は温泉街|meal:meal_included|occ:2a0c1r|los:1,コーナー倶楽部トリプル,text:≪じゃらん限定ポイント10%≫【朝食無料サービス】森に包まれ蔵王の名湯を満喫/ご夕食は温泉街,≪じゃらん限定ポイント10%≫【朝食無料サービス】森に包まれ蔵王の名湯を満喫/ご夕食は温泉街,2,0,1,1,JPY,31500,AVAILABLE,3,PUBLIC_SCARCITY_COUNT,PRODUCT,HIGH,ce4aed693189e6b6b8e27bf24c08b69bc9c4956bf30eca7503ee697c22e0aebd,core_competitor_obs_20260820_045002
jalan|oakhill|2026-09-02|room:スタンダードツイン|plan:≪じゃらん限定ポイント10%≫【朝食無料サービス】森に包まれ蔵王の名湯を満喫/ご夕食は温泉街|meal:meal_included|occ:2a0c1r|los:1|text:≪じゃらん限定ポイント10%≫【朝食無料サービス】森に包まれ蔵王の名湯を満喫/ご夕食は温泉街|2|0|1|1|core_competitor_obs_20260820_045002,3fbeee4b66a32dd014665ca9f9e745b03f5ac3eb6b3999bc170ef03c0550fa14,oakhill,ONSEN & STAY OAKHILL,jalan,2026-09-02,2026-08-20T05:08:44+09:00,room:スタンダードツイン|plan:≪じゃらん限定ポイント10%≫【朝食無料サービス】森に包まれ蔵王の名湯を満喫/ご夕食は温泉街|meal:meal_included|occ:2a0c1r|los:1,スタンダードツイン,text:≪じゃらん限定ポイント10%≫【朝食無料サービス】森に包まれ蔵王の名湯を満喫/ご夕食は温泉街,≪じゃらん限定ポイント10%≫【朝食無料サービス】森に包まれ蔵王の名湯を満喫/ご夕食は温泉街,2,0,1,1,JPY,24150,AVAILABLE,2,PUBLIC_SCARCITY_COUNT,PRODUCT,HIGH,875eb45fa2afbe6a3b750c7cc025351cb5f5b083a1551107043588ac1355e85f,core_competitor_obs_20260820_045002
jalan|oakhill|2026-09-02|room:倶楽部ルーム|plan:≪じゃらん限定ポイント10%≫【朝食無料サービス】森に包まれ蔵王の名湯を満喫/ご夕食は温泉街|meal:meal_included|occ:2a0c1r|los:1|text:≪じゃらん限定ポイント10%≫【朝食無料サービス】森に包まれ蔵王の名湯を満喫/ご夕食は温泉街|2|0|1|1|core_competitor_obs_20260820_045002,e4c1bc1cee3a934fab7d3dc6e112786251ae9d142aefdf31a5ec89b63d30d33b,oakhill,ONSEN & STAY OAKHILL,jalan,2026-09-02,2026-08-20T05:08:44+09:00,room:倶楽部ルーム|plan:≪じゃらん限定ポイント10%≫【朝食無料サービス】森に包まれ蔵王の名湯を満喫/ご夕食は温泉街|meal:meal_included|occ:2a0c1r|los:1,倶楽部ルーム,text:≪じゃらん限定ポイント10%≫【朝食無料サービス】森に包まれ蔵王の名湯を満喫/ご夕食は温泉街,≪じゃらん限定ポイント10%≫【朝食無料サービス】森に包まれ蔵王の名湯を満喫/ご夕食は温泉街,2,0,1,1,JPY,23100,AVAILABLE,,UNKNOWN,PRODUCT,MEDIUM,35d1a312f07d0e804e4a286b25e7c27cc4be2b7098bc70cb1b9d1ffdb97bfd79,core_competitor_obs_20260820_045002
jalan|oakhill|2026-09-02|room:スタンダード和室|plan:≪じゃらん限定ポイント10%≫【朝食無料サービス】森に包まれ蔵王の名湯を満喫/ご夕食は温泉街|meal:meal_included|occ:2a0c1r|los:1|text:≪じゃらん限定ポイント10%≫【朝食無料サービス】森に包まれ蔵王の名湯を満喫/ご夕食は温泉街|2|0|1|1|core_competitor_obs_20260820_045002,7a9457e1c953370b3d18b5e97dae4b6aee6fad795437aa1611af10447cd9732e,oakhill,ONSEN & STAY OAKHILL,jalan,2026-09-02,2026-08-20T05:08:44+09:00,room:スタンダード和室|plan:≪じゃらん限定ポイント10%≫【朝食無料サービス】森に包まれ蔵王の名湯を満喫/ご夕食は温泉街|meal:meal_included|occ:2a0c1r|los:1,スタンダード和室,text:≪じゃらん限定ポイント10%≫【朝食無料サービス】森に包まれ蔵王の名湯を満喫/ご夕食は温泉街,≪じゃらん限定ポイント10%≫【朝食無料サービス】森に包まれ蔵王の名湯を満喫/ご夕食は温泉街,2,0,1,1,JPY,21000,AVAILABLE,,UNKNOWN,PRODUCT,MEDIUM,41fe3d30d7bce60e021c34fb9ea2369ba9cad1d64522bb3deb626da4b3aef60d,core_competitor_obs_20260820_045002
jalan|oakhill|2026-09-02|room:デラックス和洋室|plan:【じゃらんのお得な10日間】10%off!朝食無料サービス!森に包まれたリゾート空間で蔵王の名湯を満喫|meal:meal_included|occ:2a0c1r|los:1|text:【じゃらんのお得な10日間】10%off!朝食無料サービス!森に包まれたリゾート空間で蔵王の名湯を満喫|2|0|1|1|core_competitor_obs_20260820_045002,5fa68cba485e59e3edb0bd7c549ec9bb0281d63e3db6f6d6225ef6e0a297c2c2,oakhill,ONSEN & STAY OAKHILL,jalan,2026-09-02,2026-08-20T05:08:44+09:00,room:デラックス和洋室|plan:【じゃらんのお得な10日間】10%off!朝食無料サービス!森に包まれたリゾート空間で蔵王の名湯を満喫|meal:meal_included|occ:2a0c1r|los:1,デラックス和洋室,text:【じゃらんのお得な10日間】10%off!朝食無料サービス!森に包まれたリゾート空間で蔵王の名湯を満喫,【じゃらんのお得な10日間】10%OFF!朝食無料サービス!森に包まれたリゾート空間で蔵王の名湯を満喫,2,0,1,1,JPY,30600,AVAILABLE,3,PUBLIC_SCARCITY_COUNT,PRODUCT,HIGH,d5c8daa3ab1e6a84e78bd08fcf7b8be24b2bf9f0e9de9f185af8c410094a8d81,core_competitor_obs_20260820_045002
jalan|oakhill|2026-09-02|room:コーナー倶楽部トリプル|plan:【じゃらんのお得な10日間】10%off!朝食無料サービス!森に包まれたリゾート空間で蔵王の名湯を満喫|meal:meal_included|occ:2a0c1r|los:1|text:【じゃらんのお得な10日間】10%off!朝食無料サービス!森に包まれたリゾート空間で蔵王の名湯を満喫|2|0|1|1|core_competitor_obs_20260820_045002,a7574a34dab6d37206490bbd2b0d5feb3dc34343f061186f43e19fd6dbd78117,oakhill,ONSEN & STAY OAKHILL,jalan,2026-09-02,2026-08-20T05:08:44+09:00,room:コーナー倶楽部トリプル|plan:【じゃらんのお得な10日間】10%off!朝食無料サービス!森に包まれたリゾート空間で蔵王の名湯を満喫|meal:meal_included|occ:2a0c1r|los:1,コーナー倶楽部トリプル,text:【じゃらんのお得な10日間】10%off!朝食無料サービス!森に包まれたリゾート空間で蔵王の名湯を満喫,【じゃらんのお得な10日間】10%OFF!朝食無料サービス!森に包まれたリゾート空間で蔵王の名湯を満喫,2,0,1,1,JPY,27000,AVAILABLE,3,PUBLIC_SCARCITY_COUNT,PRODUCT,HIGH,b4ce74aba54233679835ffcc51a28c07d7fb33fa813417a3b0ab046cf4ceb648,core_competitor_obs_20260820_045002
jalan|oakhill|2026-09-02|room:スタンダードツイン|plan:【じゃらんのお得な10日間】10%off!朝食無料サービス!森に包まれたリゾート空間で蔵王の名湯を満喫|meal:meal_included|occ:2a0c1r|los:1|text:【じゃらんのお得な10日間】10%off!朝食無料サービス!森に包まれたリゾート空間で蔵王の名湯を満喫|2|0|1|1|core_competitor_obs_20260820_045002,74495d9bdf9de98a12ca17147a59ef2957e7b606144cbf8d8f708cdfceb106fb,oakhill,ONSEN & STAY OAKHILL,jalan,2026-09-02,2026-08-20T05:08:44+09:00,room:スタンダードツイン|plan:【じゃらんのお得な10日間】10%off!朝食無料サービス!森に包まれたリゾート空間で蔵王の名湯を満喫|meal:meal_included|occ:2a0c1r|los:1,スタンダードツイン,text:【じゃらんのお得な10日間】10%off!朝食無料サービス!森に包まれたリゾート空間で蔵王の名湯を満喫,【じゃらんのお得な10日間】10%OFF!朝食無料サービス!森に包まれたリゾート空間で蔵王の名湯を満喫,2,0,1,1,JPY,20700,AVAILABLE,2,PUBLIC_SCARCITY_COUNT,PRODUCT,HIGH,7df1320f7e7fff729f24aa842caac9422154e8ec900bb5153ff0eb1a501e5a2c,core_competitor_obs_20260820_045002
jalan|oakhill|2026-09-02|room:倶楽部ルーム|plan:【じゃらんのお得な10日間】10%off!朝食無料サービス!森に包まれたリゾート空間で蔵王の名湯を満喫|meal:meal_included|occ:2a0c1r|los:1|text:【じゃらんのお得な10日間】10%off!朝食無料サービス!森に包まれたリゾート空間で蔵王の名湯を満喫|2|0|1|1|core_competitor_obs_20260820_045002,1c814df98b61891f99fd26e2c078e399fe604661a707361353d72fc5e6541866,oakhill,ONSEN & STAY OAKHILL,jalan,2026-09-02,2026-08-20T05:08:44+09:00,room:倶楽部ルーム|plan:【じゃらんのお得な10日間】10%off!朝食無料サービス!森に包まれたリゾート空間で蔵王の名湯を満喫|meal:meal_included|occ:2a0c1r|los:1,倶楽部ルーム,text:【じゃらんのお得な10日間】10%off!朝食無料サービス!森に包まれたリゾート空間で蔵王の名湯を満喫,【じゃらんのお得な10日間】10%OFF!朝食無料サービス!森に包まれたリゾート空間で蔵王の名湯を満喫,2,0,1,1,JPY,19800,AVAILABLE,,UNKNOWN,PRODUCT,MEDIUM,6f61a3bee23b9124c5ffc70804974917d8a39fb2d69c164164e20a8c4d80a922,core_competitor_obs_20260820_045002
jalan|oakhill|2026-09-02|room:スタンダード和室|plan:【じゃらんのお得な10日間】10%off!朝食無料サービス!森に包まれたリゾート空間で蔵王の名湯を満喫|meal:meal_included|occ:2a0c1r|los:1|text:【じゃらんのお得な10日間】10%off!朝食無料サービス!森に包まれたリゾート空間で蔵王の名湯を満喫|2|0|1|1|core_competitor_obs_20260820_045002,d3c8b95a8f6f43d80f186840ec6a84e19e17065b03205d2e23e5a4f3dfe51237,oakhill,ONSEN & STAY OAKHILL,jalan,2026-09-02,2026-08-20T05:08:44+09:00,room:スタンダード和室|plan:【じゃらんのお得な10日間】10%off!朝食無料サービス!森に包まれたリゾート空間で蔵王の名湯を満喫|meal:meal_included|occ:2a0c1r|los:1,スタンダード和室,text:【じゃらんのお得な10日間】10%off!朝食無料サービス!森に包まれたリゾート空間で蔵王の名湯を満喫,【じゃらんのお得な10日間】10%OFF!朝食無料サービス!森に包まれたリゾート空間で蔵王の名湯を満喫,2,0,1,1,JPY,18000,AVAILABLE,,UNKNOWN,PRODUCT,MEDIUM,93748728e4a391af40b6372381789899ae89533c9dfa1b8e9ac40efb67271168,core_competitor_obs_20260820_045002
jalan|oakhill|2026-09-02|room:デラックス和洋室|plan:【素泊まりプラン】~onsen&stay~森に包まれたリゾート空間で蔵王の名湯を満喫/ご夕食は温泉街へ|meal:confirmed_room_only|occ:2a0c1r|los:1|text:【素泊まりプラン】~onsen&stay~森に包まれたリゾート空間で蔵王の名湯を満喫/ご夕食は温泉街へ|2|0|1|1|core_competitor_obs_20260820_045002,e7c5d1b4a79935430e115f883654fc99b918fb1365bdc8a4f1de47e68ae54865,oakhill,ONSEN & STAY OAKHILL,jalan,2026-09-02,2026-08-20T05:08:44+09:00,room:デラックス和洋室|plan:【素泊まりプラン】~onsen&stay~森に包まれたリゾート空間で蔵王の名湯を満喫/ご夕食は温泉街へ|meal:confirmed_room_only|occ:2a0c1r|los:1,デラックス和洋室,text:【素泊まりプラン】~onsen&stay~森に包まれたリゾート空間で蔵王の名湯を満喫/ご夕食は温泉街へ,【素泊まりプラン】~ONSEN&STAY~森に包まれたリゾート空間で蔵王の名湯を満喫/ご夕食は温泉街へ,2,0,1,1,JPY,34000,AVAILABLE,3,PUBLIC_SCARCITY_COUNT,PRODUCT,HIGH,8c7c89c8c635ad1911a4915a7727bd70bbb0aa5a4b91a4c5941de52900f63f8f,core_competitor_obs_20260820_045002
jalan|oakhill|2026-09-02|room:コーナー倶楽部トリプル|plan:【素泊まりプラン】~onsen&stay~森に包まれたリゾート空間で蔵王の名湯を満喫/ご夕食は温泉街へ|meal:confirmed_room_only|occ:2a0c1r|los:1|text:【素泊まりプラン】~onsen&stay~森に包まれたリゾート空間で蔵王の名湯を満喫/ご夕食は温泉街へ|2|0|1|1|core_competitor_obs_20260820_045002,b12d0eee8317e9c36af481ca2b0af79664338c688bc9423945e7251e1a0a6794,oakhill,ONSEN & STAY OAKHILL,jalan,2026-09-02,2026-08-20T05:08:44+09:00,room:コーナー倶楽部トリプル|plan:【素泊まりプラン】~onsen&stay~森に包まれたリゾート空間で蔵王の名湯を満喫/ご夕食は温泉街へ|meal:confirmed_room_only|occ:2a0c1r|los:1,コーナー倶楽部トリプル,text:【素泊まりプラン】~onsen&stay~森に包まれたリゾート空間で蔵王の名湯を満喫/ご夕食は温泉街へ,【素泊まりプラン】~ONSEN&STAY~森に包まれたリゾート空間で蔵王の名湯を満喫/ご夕食は温泉街へ,2,0,1,1,JPY,30000,AVAILABLE,3,PUBLIC_SCARCITY_COUNT,PRODUCT,HIGH,ef6de67daf5f8a964f76cd24089f68709e5f340b21199ae49a8f2836043ed7c9,core_competitor_obs_20260820_045002
jalan|oakhill|2026-09-02|room:スタンダードツイン|plan:【素泊まりプラン】~onsen&stay~森に包まれたリゾート空間で蔵王の名湯を満喫/ご夕食は温泉街へ|meal:confirmed_room_only|occ:2a0c1r|los:1|text:【素泊まりプラン】~onsen&stay~森に包まれたリゾート空間で蔵王の名湯を満喫/ご夕食は温泉街へ|2|0|1|1|core_competitor_obs_20260820_045002,7bc777594df4e4badbca7c543278c7830f7301f01ce7f8eaf217737a7b176a13,oakhill,ONSEN & STAY OAKHILL,jalan,2026-09-02,2026-08-20T05:08:44+09:00,room:スタンダードツイン|plan:【素泊まりプラン】~onsen&stay~森に包まれたリゾート空間で蔵王の名湯を満喫/ご夕食は温泉街へ|meal:confirmed_room_only|occ:2a0c1r|los:1,スタンダードツイン,text:【素泊まりプラン】~onsen&stay~森に包まれたリゾート空間で蔵王の名湯を満喫/ご夕食は温泉街へ,【素泊まりプラン】~ONSEN&STAY~森に包まれたリゾート空間で蔵王の名湯を満喫/ご夕食は温泉街へ,2,0,1,1,JPY,23000,AVAILABLE,2,PUBLIC_SCARCITY_COUNT,PRODUCT,HIGH,876809731a489a0b9975ea11f3980f5a865ebe67150954d1a25ae08b47805bec,core_competitor_obs_20260820_045002
jalan|oakhill|2026-09-02|room:倶楽部ルーム|plan:【素泊まりプラン】~onsen&stay~森に包まれたリゾート空間で蔵王の名湯を満喫/ご夕食は温泉街へ|meal:confirmed_room_only|occ:2a0c1r|los:1|text:【素泊まりプラン】~onsen&stay~森に包まれたリゾート空間で蔵王の名湯を満喫/ご夕食は温泉街へ|2|0|1|1|core_competitor_obs_20260820_045002,4776e863208b9c99bd5eb5c2d6569445ed545700805ceb77d8423a964e113bca,oakhill,ONSEN & STAY OAKHILL,jalan,2026-09-02,2026-08-20T05:08:44+09:00,room:倶楽部ルーム|plan:【素泊まりプラン】~onsen&stay~森に包まれたリゾート空間で蔵王の名湯を満喫/ご夕食は温泉街へ|meal:confirmed_room_only|occ:2a0c1r|los:1,倶楽部ルーム,text:【素泊まりプラン】~onsen&stay~森に包まれたリゾート空間で蔵王の名湯を満喫/ご夕食は温泉街へ,【素泊まりプラン】~ONSEN&STAY~森に包まれたリゾート空間で蔵王の名湯を満喫/ご夕食は温泉街へ,2,0,1,1,JPY,22000,AVAILABLE,,UNKNOWN,PRODUCT,MEDIUM,05c6e6f2b5f10a6896550ed4bd71e33f42781bcb43f177db8f027dad7b9bb3ad,core_competitor_obs_20260820_045002
jalan|oakhill|2026-09-02|room:スタンダード和室|plan:【素泊まりプラン】~onsen&stay~森に包まれたリゾート空間で蔵王の名湯を満喫/ご夕食は温泉街へ|meal:confirmed_room_only|occ:2a0c1r|los:1|text:【素泊まりプラン】~onsen&stay~森に包まれたリゾート空間で蔵王の名湯を満喫/ご夕食は温泉街へ|2|0|1|1|core_competitor_obs_20260820_045002,01b93338a90b93e9458c948fe9614c0d9325464ccabebf9bc47d9bbf291dfc53,oakhill,ONSEN & STAY OAKHILL,jalan,2026-09-02,2026-08-20T05:08:44+09:00,room:スタンダード和室|plan:【素泊まりプラン】~onsen&stay~森に包まれたリゾート空間で蔵王の名湯を満喫/ご夕食は温泉街へ|meal:confirmed_room_only|occ:2a0c1r|los:1,スタンダード和室,text:【素泊まりプラン】~onsen&stay~森に包まれたリゾート空間で蔵王の名湯を満喫/ご夕食は温泉街へ,【素泊まりプラン】~ONSEN&STAY~森に包まれたリゾート空間で蔵王の名湯を満喫/ご夕食は温泉街へ,2,0,1,1,JPY,20000,AVAILABLE,,UNKNOWN,PRODUCT,MEDIUM,8a09eca21e35a61573343a56a38291d3d0220d39350a74577618beb15082a42f,core_competitor_obs_20260820_045002
jalan|oakhill|2026-09-03|room:デラックス和洋室|plan:【朝食無料サービス】~onsen&stay~森に包まれたリゾート空間で蔵王の名湯を満喫/ご夕食は温泉街へ|meal:meal_included|occ:2a0c1r|los:1|text:【朝食無料サービス】~onsen&stay~森に包まれたリゾート空間で蔵王の名湯を満喫/ご夕食は温泉街へ|2|0|1|1|core_competitor_obs_20260820_045002,eb44803cd42e0775c249b635b5438cefde68d4d659b841c22e9e92ec3e278370,oakhill,ONSEN & STAY OAKHILL,jalan,2026-09-03,2026-08-20T05:08:57+09:00,room:デラックス和洋室|plan:【朝食無料サービス】~onsen&stay~森に包まれたリゾート空間で蔵王の名湯を満喫/ご夕食は温泉街へ|meal:meal_included|occ:2a0c1r|los:1,デラックス和洋室,text:【朝食無料サービス】~onsen&stay~森に包まれたリゾート空間で蔵王の名湯を満喫/ご夕食は温泉街へ,【朝食無料サービス】~ONSEN&STAY~森に包まれたリゾート空間で蔵王の名湯を満喫/ご夕食は温泉街へ,2,0,1,1,JPY,34000,AVAILABLE,3,PUBLIC_SCARCITY_COUNT,PRODUCT,HIGH,8c7c89c8c635ad1911a4915a7727bd70bbb0aa5a4b91a4c5941de52900f63f8f,core_competitor_obs_20260820_045002
jalan|oakhill|2026-09-03|room:コーナー倶楽部トリプル|plan:【朝食無料サービス】~onsen&stay~森に包まれたリゾート空間で蔵王の名湯を満喫/ご夕食は温泉街へ|meal:meal_included|occ:2a0c1r|los:1|text:【朝食無料サービス】~onsen&stay~森に包まれたリゾート空間で蔵王の名湯を満喫/ご夕食は温泉街へ|2|0|1|1|core_competitor_obs_20260820_045002,6dada57897a68de69691d352b06c9ab1f86a2f349ef04e0d3c716e84937f671c,oakhill,ONSEN & STAY OAKHILL,jalan,2026-09-03,2026-08-20T05:08:57+09:00,room:コーナー倶楽部トリプル|plan:【朝食無料サービス】~onsen&stay~森に包まれたリゾート空間で蔵王の名湯を満喫/ご夕食は温泉街へ|meal:meal_included|occ:2a0c1r|los:1,コーナー倶楽部トリプル,text:【朝食無料サービス】~onsen&stay~森に包まれたリゾート空間で蔵王の名湯を満喫/ご夕食は温泉街へ,【朝食無料サービス】~ONSEN&STAY~森に包まれたリゾート空間で蔵王の名湯を満喫/ご夕食は温泉街へ,2,0,1,1,JPY,30000,AVAILABLE,3,PUBLIC_SCARCITY_COUNT,PRODUCT,HIGH,ef6de67daf5f8a964f76cd24089f68709e5f340b21199ae49a8f2836043ed7c9,core_competitor_obs_20260820_045002
jalan|oakhill|2026-09-03|room:スタンダードツイン|plan:【朝食無料サービス】~onsen&stay~森に包まれたリゾート空間で蔵王の名湯を満喫/ご夕食は温泉街へ|meal:meal_included|occ:2a0c1r|los:1|text:【朝食無料サービス】~onsen&stay~森に包まれたリゾート空間で蔵王の名湯を満喫/ご夕食は温泉街へ|2|0|1|1|core_competitor_obs_20260820_045002,b6795c356a9e1e3fc745a6f37b7712203b387fd29c814d1b5d9c677e6b4710d3,oakhill,ONSEN & STAY OAKHILL,jalan,2026-09-03,2026-08-20T05:08:57+09:00,room:スタンダードツイン|plan:【朝食無料サービス】~onsen&stay~森に包まれたリゾート空間で蔵王の名湯を満喫/ご夕食は温泉街へ|meal:meal_included|occ:2a0c1r|los:1,スタンダードツイン,text:【朝食無料サービス】~onsen&stay~森に包まれたリゾート空間で蔵王の名湯を満喫/ご夕食は温泉街へ,【朝食無料サービス】~ONSEN&STAY~森に包まれたリゾート空間で蔵王の名湯を満喫/ご夕食は温泉街へ,2,0,1,1,JPY,23000,AVAILABLE,2,PUBLIC_SCARCITY_COUNT,PRODUCT,HIGH,876809731a489a0b9975ea11f3980f5a865ebe67150954d1a25ae08b47805bec,core_competitor_obs_20260820_045002
jalan|oakhill|2026-09-03|room:倶楽部ルーム|plan:【朝食無料サービス】~onsen&stay~森に包まれたリゾート空間で蔵王の名湯を満喫/ご夕食は温泉街へ|meal:meal_included|occ:2a0c1r|los:1|text:【朝食無料サービス】~onsen&stay~森に包まれたリゾート空間で蔵王の名湯を満喫/ご夕食は温泉街へ|2|0|1|1|core_competitor_obs_20260820_045002,57885e9ca4ee5453575abd3645574496fd9683ab6329cb92e4c153621fe58881,oakhill,ONSEN & STAY OAKHILL,jalan,2026-09-03,2026-08-20T05:08:57+09:00,room:倶楽部ルーム|plan:【朝食無料サービス】~onsen&stay~森に包まれたリゾート空間で蔵王の名湯を満喫/ご夕食は温泉街へ|meal:meal_included|occ:2a0c1r|los:1,倶楽部ルーム,text:【朝食無料サービス】~onsen&stay~森に包まれたリゾート空間で蔵王の名湯を満喫/ご夕食は温泉街へ,【朝食無料サービス】~ONSEN&STAY~森に包まれたリゾート空間で蔵王の名湯を満喫/ご夕食は温泉街へ,2,0,1,1,JPY,22000,AVAILABLE,,UNKNOWN,PRODUCT,MEDIUM,05c6e6f2b5f10a6896550ed4bd71e33f42781bcb43f177db8f027dad7b9bb3ad,core_competitor_obs_20260820_045002
jalan|oakhill|2026-09-03|room:スタンダード和室|plan:【朝食無料サービス】~onsen&stay~森に包まれたリゾート空間で蔵王の名湯を満喫/ご夕食は温泉街へ|meal:meal_included|occ:2a0c1r|los:1|text:【朝食無料サービス】~onsen&stay~森に包まれたリゾート空間で蔵王の名湯を満喫/ご夕食は温泉街へ|2|0|1|1|core_competitor_obs_20260820_045002,fd59364f1931699b2489f5d31879a42c43bd7d97169665ab18dbfb4436a66739,oakhill,ONSEN & STAY OAKHILL,jalan,2026-09-03,2026-08-20T05:08:57+09:00,room:スタンダード和室|plan:【朝食無料サービス】~onsen&stay~森に包まれたリゾート空間で蔵王の名湯を満喫/ご夕食は温泉街へ|meal:meal_included|occ:2a0c1r|los:1,スタンダード和室,text:【朝食無料サービス】~onsen&stay~森に包まれたリゾート空間で蔵王の名湯を満喫/ご夕食は温泉街へ,【朝食無料サービス】~ONSEN&STAY~森に包まれたリゾート空間で蔵王の名湯を満喫/ご夕食は温泉街へ,2,0,1,1,JPY,20000,AVAILABLE,,UNKNOWN,PRODUCT,MEDIUM,8a09eca21e35a61573343a56a38291d3d0220d39350a74577618beb15082a42f,core_competitor_obs_20260820_045002
"jalan|oakhill|2026-09-03|room:デラックス和洋室|plan:【早割プラン★朝食無料】7日前までのご予約で1,100円off!森に包まれ蔵王の名湯を満喫/ご夕食は温泉街へ|meal:meal_included|occ:2a0c1r|los:1|text:【早割プラン★朝食無料】7日前までのご予約で1,100円off!森に包まれ蔵王の名湯を満喫/ご夕食は温泉街へ|2|0|1|1|core_competitor_obs_20260820_045002",e78d05872e0a37b2f97372c73fa8356009fa9986568b2a22fa12bf7f8802ef99,oakhill,ONSEN & STAY OAKHILL,jalan,2026-09-03,2026-08-20T05:08:57+09:00,"room:デラックス和洋室|plan:【早割プラン★朝食無料】7日前までのご予約で1,100円off!森に包まれ蔵王の名湯を満喫/ご夕食は温泉街へ|meal:meal_included|occ:2a0c1r|los:1",デラックス和洋室,"text:【早割プラン★朝食無料】7日前までのご予約で1,100円off!森に包まれ蔵王の名湯を満喫/ご夕食は温泉街へ","【早割プラン★朝食無料】7日前までのご予約で1,100円OFF!森に包まれ蔵王の名湯を満喫/ご夕食は温泉街へ",2,0,1,1,JPY,31800,AVAILABLE,3,PUBLIC_SCARCITY_COUNT,PRODUCT,HIGH,89d4194e503cd8742dfa88ffab46ce113963e5f15fb6eb1ad1b339233e652953,core_competitor_obs_20260820_045002
"jalan|oakhill|2026-09-03|room:コーナー倶楽部トリプル|plan:【早割プラン★朝食無料】7日前までのご予約で1,100円off!森に包まれ蔵王の名湯を満喫/ご夕食は温泉街へ|meal:meal_included|occ:2a0c1r|los:1|text:【早割プラン★朝食無料】7日前までのご予約で1,100円off!森に包まれ蔵王の名湯を満喫/ご夕食は温泉街へ|2|0|1|1|core_competitor_obs_20260820_045002",08053a34ea9bde154c5ab5c424044d96ab80dac02e8d895301c6052811ed827d,oakhill,ONSEN & STAY OAKHILL,jalan,2026-09-03,2026-08-20T05:08:57+09:00,"room:コーナー倶楽部トリプル|plan:【早割プラン★朝食無料】7日前までのご予約で1,100円off!森に包まれ蔵王の名湯を満喫/ご夕食は温泉街へ|meal:meal_included|occ:2a0c1r|los:1",コーナー倶楽部トリプル,"text:【早割プラン★朝食無料】7日前までのご予約で1,100円off!森に包まれ蔵王の名湯を満喫/ご夕食は温泉街へ","【早割プラン★朝食無料】7日前までのご予約で1,100円OFF!森に包まれ蔵王の名湯を満喫/ご夕食は温泉街へ",2,0,1,1,JPY,27800,AVAILABLE,3,PUBLIC_SCARCITY_COUNT,PRODUCT,HIGH,8e3cfe7fcdecfc8997f10415c8c87552841e3d4c13c0150689dea26645b4e54b,core_competitor_obs_20260820_045002
"jalan|oakhill|2026-09-03|room:スタンダードツイン|plan:【早割プラン★朝食無料】7日前までのご予約で1,100円off!森に包まれ蔵王の名湯を満喫/ご夕食は温泉街へ|meal:meal_included|occ:2a0c1r|los:1|text:【早割プラン★朝食無料】7日前までのご予約で1,100円off!森に包まれ蔵王の名湯を満喫/ご夕食は温泉街へ|2|0|1|1|core_competitor_obs_20260820_045002",a1e0ebf3b897876b33a49ebeb32a08f7399c01f1c3ea967270fd5072cc58c740,oakhill,ONSEN & STAY OAKHILL,jalan,2026-09-03,2026-08-20T05:08:57+09:00,"room:スタンダードツイン|plan:【早割プラン★朝食無料】7日前までのご予約で1,100円off!森に包まれ蔵王の名湯を満喫/ご夕食は温泉街へ|meal:meal_included|occ:2a0c1r|los:1",スタンダードツイン,"text:【早割プラン★朝食無料】7日前までのご予約で1,100円off!森に包まれ蔵王の名湯を満喫/ご夕食は温泉街へ","【早割プラン★朝食無料】7日前までのご予約で1,100円OFF!森に包まれ蔵王の名湯を満喫/ご夕食は温泉街へ",2,0,1,1,JPY,20800,AVAILABLE,2,PUBLIC_SCARCITY_COUNT,PRODUCT,HIGH,175ec2fa2589ba6ca921b6c5ec966423a53f5716773655d0200e70fe53fe2fb7,core_competitor_obs_20260820_045002
"jalan|oakhill|2026-09-03|room:倶楽部ルーム|plan:【早割プラン★朝食無料】7日前までのご予約で1,100円off!森に包まれ蔵王の名湯を満喫/ご夕食は温泉街へ|meal:meal_included|occ:2a0c1r|los:1|text:【早割プラン★朝食無料】7日前までのご予約で1,100円off!森に包まれ蔵王の名湯を満喫/ご夕食は温泉街へ|2|0|1|1|core_competitor_obs_20260820_045002",316930c205b775c8b35cce77374f5363367d757d98e7a4004a0c8236b8ea7a32,oakhill,ONSEN & STAY OAKHILL,jalan,2026-09-03,2026-08-20T05:08:57+09:00,"room:倶楽部ルーム|plan:【早割プラン★朝食無料】7日前までのご予約で1,100円off!森に包まれ蔵王の名湯を満喫/ご夕食は温泉街へ|meal:meal_included|occ:2a0c1r|los:1",倶楽部ルーム,"text:【早割プラン★朝食無料】7日前までのご予約で1,100円off!森に包まれ蔵王の名湯を満喫/ご夕食は温泉街へ","【早割プラン★朝食無料】7日前までのご予約で1,100円OFF!森に包まれ蔵王の名湯を満喫/ご夕食は温泉街へ",2,0,1,1,JPY,19800,AVAILABLE,,UNKNOWN,PRODUCT,MEDIUM,124a7144ca95931ff96b3134c24e9fad2616b8b0069c5fb416a06af439921639,core_competitor_obs_20260820_045002
"jalan|oakhill|2026-09-03|room:スタンダード和室|plan:【早割プラン★朝食無料】7日前までのご予約で1,100円off!森に包まれ蔵王の名湯を満喫/ご夕食は温泉街へ|meal:meal_included|occ:2a0c1r|los:1|text:【早割プラン★朝食無料】7日前までのご予約で1,100円off!森に包まれ蔵王の名湯を満喫/ご夕食は温泉街へ|2|0|1|1|core_competitor_obs_20260820_045002",1c9a1afb6b4d5d43fe010106506a7859d691ec6c8396a717b6055dd577521e44,oakhill,ONSEN & STAY OAKHILL,jalan,2026-09-03,2026-08-20T05:08:57+09:00,"room:スタンダード和室|plan:【早割プラン★朝食無料】7日前までのご予約で1,100円off!森に包まれ蔵王の名湯を満喫/ご夕食は温泉街へ|meal:meal_included|occ:2a0c1r|los:1",スタンダード和室,"text:【早割プラン★朝食無料】7日前までのご予約で1,100円off!森に包まれ蔵王の名湯を満喫/ご夕食は温泉街へ","【早割プラン★朝食無料】7日前までのご予約で1,100円OFF!森に包まれ蔵王の名湯を満喫/ご夕食は温泉街へ",2,0,1,1,JPY,17800,AVAILABLE,,UNKNOWN,PRODUCT,MEDIUM,38d6a804acb6d7f3ac5fc4593c5d6e203e07c01cf772e9f3f064119c5c0ad83d,core_competitor_obs_20260820_045002
jalan|oakhill|2026-09-03|room:デラックス和洋室|plan:≪じゃらん限定ポイント10%≫【朝食無料サービス】森に包まれ蔵王の名湯を満喫/ご夕食は温泉街|meal:meal_included|occ:2a0c1r|los:1|text:≪じゃらん限定ポイント10%≫【朝食無料サービス】森に包まれ蔵王の名湯を満喫/ご夕食は温泉街|2|0|1|1|core_competitor_obs_20260820_045002,0167112f19440a8144bb6293661d50288d067c6bded1e86009d5be0577a60edf,oakhill,ONSEN & STAY OAKHILL,jalan,2026-09-03,2026-08-20T05:08:57+09:00,room:デラックス和洋室|plan:≪じゃらん限定ポイント10%≫【朝食無料サービス】森に包まれ蔵王の名湯を満喫/ご夕食は温泉街|meal:meal_included|occ:2a0c1r|los:1,デラックス和洋室,text:≪じゃらん限定ポイント10%≫【朝食無料サービス】森に包まれ蔵王の名湯を満喫/ご夕食は温泉街,≪じゃらん限定ポイント10%≫【朝食無料サービス】森に包まれ蔵王の名湯を満喫/ご夕食は温泉街,2,0,1,1,JPY,35700,AVAILABLE,3,PUBLIC_SCARCITY_COUNT,PRODUCT,HIGH,0f04092b61b59abeaf4154707640a8fc9276ef11a432e83b20d17fc74bc06b2e,core_competitor_obs_20260820_045002
jalan|oakhill|2026-09-03|room:コーナー倶楽部トリプル|plan:≪じゃらん限定ポイント10%≫【朝食無料サービス】森に包まれ蔵王の名湯を満喫/ご夕食は温泉街|meal:meal_included|occ:2a0c1r|los:1|text:≪じゃらん限定ポイント10%≫【朝食無料サービス】森に包まれ蔵王の名湯を満喫/ご夕食は温泉街|2|0|1|1|core_competitor_obs_20260820_045002,f043f564e4f444e6f109a6aae1c8b4f67e7e85299c659f6a72ab68fe0915ee4b,oakhill,ONSEN & STAY OAKHILL,jalan,2026-09-03,2026-08-20T05:08:57+09:00,room:コーナー倶楽部トリプル|plan:≪じゃらん限定ポイント10%≫【朝食無料サービス】森に包まれ蔵王の名湯を満喫/ご夕食は温泉街|meal:meal_included|occ:2a0c1r|los:1,コーナー倶楽部トリプル,text:≪じゃらん限定ポイント10%≫【朝食無料サービス】森に包まれ蔵王の名湯を満喫/ご夕食は温泉街,≪じゃらん限定ポイント10%≫【朝食無料サービス】森に包まれ蔵王の名湯を満喫/ご夕食は温泉街,2,0,1,1,JPY,31500,AVAILABLE,3,PUBLIC_SCARCITY_COUNT,PRODUCT,HIGH,ce4aed693189e6b6b8e27bf24c08b69bc9c4956bf30eca7503ee697c22e0aebd,core_competitor_obs_20260820_045002
jalan|oakhill|2026-09-03|room:スタンダードツイン|plan:≪じゃらん限定ポイント10%≫【朝食無料サービス】森に包まれ蔵王の名湯を満喫/ご夕食は温泉街|meal:meal_included|occ:2a0c1r|los:1|text:≪じゃらん限定ポイント10%≫【朝食無料サービス】森に包まれ蔵王の名湯を満喫/ご夕食は温泉街|2|0|1|1|core_competitor_obs_20260820_045002,9856d99ef25528ebf82b7471c0937bd2d4b84bfbf608a20633ed9942e23d456d,oakhill,ONSEN & STAY OAKHILL,jalan,2026-09-03,2026-08-20T05:08:57+09:00,room:スタンダードツイン|plan:≪じゃらん限定ポイント10%≫【朝食無料サービス】森に包まれ蔵王の名湯を満喫/ご夕食は温泉街|meal:meal_included|occ:2a0c1r|los:1,スタンダードツイン,text:≪じゃらん限定ポイント10%≫【朝食無料サービス】森に包まれ蔵王の名湯を満喫/ご夕食は温泉街,≪じゃらん限定ポイント10%≫【朝食無料サービス】森に包まれ蔵王の名湯を満喫/ご夕食は温泉街,2,0,1,1,JPY,24150,AVAILABLE,2,PUBLIC_SCARCITY_COUNT,PRODUCT,HIGH,875eb45fa2afbe6a3b750c7cc025351cb5f5b083a1551107043588ac1355e85f,core_competitor_obs_20260820_045002
jalan|oakhill|2026-09-03|room:倶楽部ルーム|plan:≪じゃらん限定ポイント10%≫【朝食無料サービス】森に包まれ蔵王の名湯を満喫/ご夕食は温泉街|meal:meal_included|occ:2a0c1r|los:1|text:≪じゃらん限定ポイント10%≫【朝食無料サービス】森に包まれ蔵王の名湯を満喫/ご夕食は温泉街|2|0|1|1|core_competitor_obs_20260820_045002,a1731b6270f35ad4443e64b8cdb8f46716f0f155ee8694a517d2b08215d41bfd,oakhill,ONSEN & STAY OAKHILL,jalan,2026-09-03,2026-08-20T05:08:57+09:00,room:倶楽部ルーム|plan:≪じゃらん限定ポイント10%≫【朝食無料サービス】森に包まれ蔵王の名湯を満喫/ご夕食は温泉街|meal:meal_included|occ:2a0c1r|los:1,倶楽部ルーム,text:≪じゃらん限定ポイント10%≫【朝食無料サービス】森に包まれ蔵王の名湯を満喫/ご夕食は温泉街,≪じゃらん限定ポイント10%≫【朝食無料サービス】森に包まれ蔵王の名湯を満喫/ご夕食は温泉街,2,0,1,1,JPY,23100,AVAILABLE,,UNKNOWN,PRODUCT,MEDIUM,35d1a312f07d0e804e4a286b25e7c27cc4be2b7098bc70cb1b9d1ffdb97bfd79,core_competitor_obs_20260820_045002
jalan|oakhill|2026-09-03|room:スタンダード和室|plan:≪じゃらん限定ポイント10%≫【朝食無料サービス】森に包まれ蔵王の名湯を満喫/ご夕食は温泉街|meal:meal_included|occ:2a0c1r|los:1|text:≪じゃらん限定ポイント10%≫【朝食無料サービス】森に包まれ蔵王の名湯を満喫/ご夕食は温泉街|2|0|1|1|core_competitor_obs_20260820_045002,6207c46dabfa3e9f2a5525b8d6ca7675f6189a8d8a6df9b1a62f0d2135ef9938,oakhill,ONSEN & STAY OAKHILL,jalan,2026-09-03,2026-08-20T05:08:57+09:00,room:スタンダード和室|plan:≪じゃらん限定ポイント10%≫【朝食無料サービス】森に包まれ蔵王の名湯を満喫/ご夕食は温泉街|meal:meal_included|occ:2a0c1r|los:1,スタンダード和室,text:≪じゃらん限定ポイント10%≫【朝食無料サービス】森に包まれ蔵王の名湯を満喫/ご夕食は温泉街,≪じゃらん限定ポイント10%≫【朝食無料サービス】森に包まれ蔵王の名湯を満喫/ご夕食は温泉街,2,0,1,1,JPY,21000,AVAILABLE,,UNKNOWN,PRODUCT,MEDIUM,41fe3d30d7bce60e021c34fb9ea2369ba9cad1d64522bb3deb626da4b3aef60d,core_competitor_obs_20260820_045002
jalan|oakhill|2026-09-03|room:デラックス和洋室|plan:【じゃらんのお得な10日間】10%off!朝食無料サービス!森に包まれたリゾート空間で蔵王の名湯を満喫|meal:meal_included|occ:2a0c1r|los:1|text:【じゃらんのお得な10日間】10%off!朝食無料サービス!森に包まれたリゾート空間で蔵王の名湯を満喫|2|0|1|1|core_competitor_obs_20260820_045002,301a9bfe30480e032b904ebaa0b9e530c39e00a7969b54ca139aad491b00509c,oakhill,ONSEN & STAY OAKHILL,jalan,2026-09-03,2026-08-20T05:08:57+09:00,room:デラックス和洋室|plan:【じゃらんのお得な10日間】10%off!朝食無料サービス!森に包まれたリゾート空間で蔵王の名湯を満喫|meal:meal_included|occ:2a0c1r|los:1,デラックス和洋室,text:【じゃらんのお得な10日間】10%off!朝食無料サービス!森に包まれたリゾート空間で蔵王の名湯を満喫,【じゃらんのお得な10日間】10%OFF!朝食無料サービス!森に包まれたリゾート空間で蔵王の名湯を満喫,2,0,1,1,JPY,30600,AVAILABLE,3,PUBLIC_SCARCITY_COUNT,PRODUCT,HIGH,d5c8daa3ab1e6a84e78bd08fcf7b8be24b2bf9f0e9de9f185af8c410094a8d81,core_competitor_obs_20260820_045002
jalan|oakhill|2026-09-03|room:コーナー倶楽部トリプル|plan:【じゃらんのお得な10日間】10%off!朝食無料サービス!森に包まれたリゾート空間で蔵王の名湯を満喫|meal:meal_included|occ:2a0c1r|los:1|text:【じゃらんのお得な10日間】10%off!朝食無料サービス!森に包まれたリゾート空間で蔵王の名湯を満喫|2|0|1|1|core_competitor_obs_20260820_045002,de5d1f013c25cf09d2e52bf2e72d8db8827e9212d6aef0418203b84d874d3581,oakhill,ONSEN & STAY OAKHILL,jalan,2026-09-03,2026-08-20T05:08:57+09:00,room:コーナー倶楽部トリプル|plan:【じゃらんのお得な10日間】10%off!朝食無料サービス!森に包まれたリゾート空間で蔵王の名湯を満喫|meal:meal_included|occ:2a0c1r|los:1,コーナー倶楽部トリプル,text:【じゃらんのお得な10日間】10%off!朝食無料サービス!森に包まれたリゾート空間で蔵王の名湯を満喫,【じゃらんのお得な10日間】10%OFF!朝食無料サービス!森に包まれたリゾート空間で蔵王の名湯を満喫,2,0,1,1,JPY,27000,AVAILABLE,3,PUBLIC_SCARCITY_COUNT,PRODUCT,HIGH,b4ce74aba54233679835ffcc51a28c07d7fb33fa813417a3b0ab046cf4ceb648,core_competitor_obs_20260820_045002
jalan|oakhill|2026-09-03|room:スタンダードツイン|plan:【じゃらんのお得な10日間】10%off!朝食無料サービス!森に包まれたリゾート空間で蔵王の名湯を満喫|meal:meal_included|occ:2a0c1r|los:1|text:【じゃらんのお得な10日間】10%off!朝食無料サービス!森に包まれたリゾート空間で蔵王の名湯を満喫|2|0|1|1|core_competitor_obs_20260820_045002,299679d360aa8b71fc70a9f93951365088d34e4549f865383214559cd8dc556d,oakhill,ONSEN & STAY OAKHILL,jalan,2026-09-03,2026-08-20T05:08:57+09:00,room:スタンダードツイン|plan:【じゃらんのお得な10日間】10%off!朝食無料サービス!森に包まれたリゾート空間で蔵王の名湯を満喫|meal:meal_included|occ:2a0c1r|los:1,スタンダードツイン,text:【じゃらんのお得な10日間】10%off!朝食無料サービス!森に包まれたリゾート空間で蔵王の名湯を満喫,【じゃらんのお得な10日間】10%OFF!朝食無料サービス!森に包まれたリゾート空間で蔵王の名湯を満喫,2,0,1,1,JPY,20700,AVAILABLE,2,PUBLIC_SCARCITY_COUNT,PRODUCT,HIGH,7df1320f7e7fff729f24aa842caac9422154e8ec900bb5153ff0eb1a501e5a2c,core_competitor_obs_20260820_045002
jalan|oakhill|2026-09-03|room:倶楽部ルーム|plan:【じゃらんのお得な10日間】10%off!朝食無料サービス!森に包まれたリゾート空間で蔵王の名湯を満喫|meal:meal_included|occ:2a0c1r|los:1|text:【じゃらんのお得な10日間】10%off!朝食無料サービス!森に包まれたリゾート空間で蔵王の名湯を満喫|2|0|1|1|core_competitor_obs_20260820_045002,6590d4e5eb6d7b1172ea570b626b3a07127972df8c2da9a28cb04812d9344f39,oakhill,ONSEN & STAY OAKHILL,jalan,2026-09-03,2026-08-20T05:08:57+09:00,room:倶楽部ルーム|plan:【じゃらんのお得な10日間】10%off!朝食無料サービス!森に包まれたリゾート空間で蔵王の名湯を満喫|meal:meal_included|occ:2a0c1r|los:1,倶楽部ルーム,text:【じゃらんのお得な10日間】10%off!朝食無料サービス!森に包まれたリゾート空間で蔵王の名湯を満喫,【じゃらんのお得な10日間】10%OFF!朝食無料サービス!森に包まれたリゾート空間で蔵王の名湯を満喫,2,0,1,1,JPY,19800,AVAILABLE,,UNKNOWN,PRODUCT,MEDIUM,6f61a3bee23b9124c5ffc70804974917d8a39fb2d69c164164e20a8c4d80a922,core_competitor_obs_20260820_045002
jalan|oakhill|2026-09-03|room:スタンダード和室|plan:【じゃらんのお得な10日間】10%off!朝食無料サービス!森に包まれたリゾート空間で蔵王の名湯を満喫|meal:meal_included|occ:2a0c1r|los:1|text:【じゃらんのお得な10日間】10%off!朝食無料サービス!森に包まれたリゾート空間で蔵王の名湯を満喫|2|0|1|1|core_competitor_obs_20260820_045002,e4b1f2a290641bcd2acfbfb6296cd3b1861f9ec4ca7ef4ae67b19d1ac8f99484,oakhill,ONSEN & STAY OAKHILL,jalan,2026-09-03,2026-08-20T05:08:57+09:00,room:スタンダード和室|plan:【じゃらんのお得な10日間】10%off!朝食無料サービス!森に包まれたリゾート空間で蔵王の名湯を満喫|meal:meal_included|occ:2a0c1r|los:1,スタンダード和室,text:【じゃらんのお得な10日間】10%off!朝食無料サービス!森に包まれたリゾート空間で蔵王の名湯を満喫,【じゃらんのお得な10日間】10%OFF!朝食無料サービス!森に包まれたリゾート空間で蔵王の名湯を満喫,2,0,1,1,JPY,18000,AVAILABLE,,UNKNOWN,PRODUCT,MEDIUM,93748728e4a391af40b6372381789899ae89533c9dfa1b8e9ac40efb67271168,core_competitor_obs_20260820_045002
jalan|oakhill|2026-09-03|room:デラックス和洋室|plan:【素泊まりプラン】~onsen&stay~森に包まれたリゾート空間で蔵王の名湯を満喫/ご夕食は温泉街へ|meal:confirmed_room_only|occ:2a0c1r|los:1|text:【素泊まりプラン】~onsen&stay~森に包まれたリゾート空間で蔵王の名湯を満喫/ご夕食は温泉街へ|2|0|1|1|core_competitor_obs_20260820_045002,514462de8cea45d6515d60ad6d6ea30c483a54ba42f45299362510c140a5c354,oakhill,ONSEN & STAY OAKHILL,jalan,2026-09-03,2026-08-20T05:08:57+09:00,room:デラックス和洋室|plan:【素泊まりプラン】~onsen&stay~森に包まれたリゾート空間で蔵王の名湯を満喫/ご夕食は温泉街へ|meal:confirmed_room_only|occ:2a0c1r|los:1,デラックス和洋室,text:【素泊まりプラン】~onsen&stay~森に包まれたリゾート空間で蔵王の名湯を満喫/ご夕食は温泉街へ,【素泊まりプラン】~ONSEN&STAY~森に包まれたリゾート空間で蔵王の名湯を満喫/ご夕食は温泉街へ,2,0,1,1,JPY,34000,AVAILABLE,3,PUBLIC_SCARCITY_COUNT,PRODUCT,HIGH,8c7c89c8c635ad1911a4915a7727bd70bbb0aa5a4b91a4c5941de52900f63f8f,core_competitor_obs_20260820_045002
jalan|oakhill|2026-09-03|room:コーナー倶楽部トリプル|plan:【素泊まりプラン】~onsen&stay~森に包まれたリゾート空間で蔵王の名湯を満喫/ご夕食は温泉街へ|meal:confirmed_room_only|occ:2a0c1r|los:1|text:【素泊まりプラン】~onsen&stay~森に包まれたリゾート空間で蔵王の名湯を満喫/ご夕食は温泉街へ|2|0|1|1|core_competitor_obs_20260820_045002,28348ade5f28ec80a1e77dd9186693e32d270443cc2ea07f2762d276621b10c3,oakhill,ONSEN & STAY OAKHILL,jalan,2026-09-03,2026-08-20T05:08:57+09:00,room:コーナー倶楽部トリプル|plan:【素泊まりプラン】~onsen&stay~森に包まれたリゾート空間で蔵王の名湯を満喫/ご夕食は温泉街へ|meal:confirmed_room_only|occ:2a0c1r|los:1,コーナー倶楽部トリプル,text:【素泊まりプラン】~onsen&stay~森に包まれたリゾート空間で蔵王の名湯を満喫/ご夕食は温泉街へ,【素泊まりプラン】~ONSEN&STAY~森に包まれたリゾート空間で蔵王の名湯を満喫/ご夕食は温泉街へ,2,0,1,1,JPY,30000,AVAILABLE,3,PUBLIC_SCARCITY_COUNT,PRODUCT,HIGH,ef6de67daf5f8a964f76cd24089f68709e5f340b21199ae49a8f2836043ed7c9,core_competitor_obs_20260820_045002
jalan|oakhill|2026-09-03|room:スタンダードツイン|plan:【素泊まりプラン】~onsen&stay~森に包まれたリゾート空間で蔵王の名湯を満喫/ご夕食は温泉街へ|meal:confirmed_room_only|occ:2a0c1r|los:1|text:【素泊まりプラン】~onsen&stay~森に包まれたリゾート空間で蔵王の名湯を満喫/ご夕食は温泉街へ|2|0|1|1|core_competitor_obs_20260820_045002,4e591a5246dc327edb0c922e04d220bc3b74fdde0cf766e526b9d192f22a8138,oakhill,ONSEN & STAY OAKHILL,jalan,2026-09-03,2026-08-20T05:08:57+09:00,room:スタンダードツイン|plan:【素泊まりプラン】~onsen&stay~森に包まれたリゾート空間で蔵王の名湯を満喫/ご夕食は温泉街へ|meal:confirmed_room_only|occ:2a0c1r|los:1,スタンダードツイン,text:【素泊まりプラン】~onsen&stay~森に包まれたリゾート空間で蔵王の名湯を満喫/ご夕食は温泉街へ,【素泊まりプラン】~ONSEN&STAY~森に包まれたリゾート空間で蔵王の名湯を満喫/ご夕食は温泉街へ,2,0,1,1,JPY,23000,AVAILABLE,2,PUBLIC_SCARCITY_COUNT,PRODUCT,HIGH,876809731a489a0b9975ea11f3980f5a865ebe67150954d1a25ae08b47805bec,core_competitor_obs_20260820_045002
jalan|oakhill|2026-09-03|room:倶楽部ルーム|plan:【素泊まりプラン】~onsen&stay~森に包まれたリゾート空間で蔵王の名湯を満喫/ご夕食は温泉街へ|meal:confirmed_room_only|occ:2a0c1r|los:1|text:【素泊まりプラン】~onsen&stay~森に包まれたリゾート空間で蔵王の名湯を満喫/ご夕食は温泉街へ|2|0|1|1|core_competitor_obs_20260820_045002,f61eeae2902bb972026b7d2cf874e453eadce0d586204a88afb7e110dea99949,oakhill,ONSEN & STAY OAKHILL,jalan,2026-09-03,2026-08-20T05:08:57+09:00,room:倶楽部ルーム|plan:【素泊まりプラン】~onsen&stay~森に包まれたリゾート空間で蔵王の名湯を満喫/ご夕食は温泉街へ|meal:confirmed_room_only|occ:2a0c1r|los:1,倶楽部ルーム,text:【素泊まりプラン】~onsen&stay~森に包まれたリゾート空間で蔵王の名湯を満喫/ご夕食は温泉街へ,【素泊まりプラン】~ONSEN&STAY~森に包まれたリゾート空間で蔵王の名湯を満喫/ご夕食は温泉街へ,2,0,1,1,JPY,22000,AVAILABLE,,UNKNOWN,PRODUCT,MEDIUM,05c6e6f2b5f10a6896550ed4bd71e33f42781bcb43f177db8f027dad7b9bb3ad,core_competitor_obs_20260820_045002
jalan|oakhill|2026-09-03|room:スタンダード和室|plan:【素泊まりプラン】~onsen&stay~森に包まれたリゾート空間で蔵王の名湯を満喫/ご夕食は温泉街へ|meal:confirmed_room_only|occ:2a0c1r|los:1|text:【素泊まりプラン】~onsen&stay~森に包まれたリゾート空間で蔵王の名湯を満喫/ご夕食は温泉街へ|2|0|1|1|core_competitor_obs_20260820_045002,729b760dbf4dcc424b4d17cc271ba6568d558825d9c18ab278df6c1cc75ff7b3,oakhill,ONSEN & STAY OAKHILL,jalan,2026-09-03,2026-08-20T05:08:57+09:00,room:スタンダード和室|plan:【素泊まりプラン】~onsen&stay~森に包まれたリゾート空間で蔵王の名湯を満喫/ご夕食は温泉街へ|meal:confirmed_room_only|occ:2a0c1r|los:1,スタンダード和室,text:【素泊まりプラン】~onsen&stay~森に包まれたリゾート空間で蔵王の名湯を満喫/ご夕食は温泉街へ,【素泊まりプラン】~ONSEN&STAY~森に包まれたリゾート空間で蔵王の名湯を満喫/ご夕食は温泉街へ,2,0,1,1,JPY,20000,AVAILABLE,,UNKNOWN,PRODUCT,MEDIUM,8a09eca21e35a61573343a56a38291d3d0220d39350a74577618beb15082a42f,core_competitor_obs_20260820_045002
