source,canonical_property_name,checkin,previous_observed_at,latest_observed_at,observation_interval_hours,previous_availability_status,latest_availability_status,previous_price,latest_price,price_delta_abs,price_delta_pct,movement_type,movement_magnitude,meal_basis,room_basis,price_confidence,room_basis_confidence,row_weight,movement_score,last_available_price,is_own_property,notes
rakuten,名湯リゾート ルーセント,2026-05-31,,2026-06-01T20:58:30+09:00,,unknown,unavailable,,,,,not_comparable,none,unknown_meal_basis,unknown_room_basis,low,low,0,0,,false,inventory_dp_pressure_proxy
rakuten,蔵王国際ホテル,2026-05-31,,2026-06-01T20:58:30+09:00,,unknown,unavailable,,,,,not_comparable,none,unknown_meal_basis,unknown_room_basis,low,low,0,0,,false,inventory_dp_pressure_proxy
rakuten,名湯リゾート ルーセント,2026-06-01,,2026-06-01T20:58:30+09:00,,unknown,sold_out,,,,,not_comparable,none,unknown_meal_basis,unknown_room_basis,low,low,0,0,,false,inventory_dp_pressure_proxy
rakuten,蔵王国際ホテル,2026-06-01,,2026-06-01T20:58:30+09:00,,unknown,sold_out,,,,,not_comparable,none,unknown_meal_basis,unknown_room_basis,low,low,0,0,,false,inventory_dp_pressure_proxy
rakuten,名湯リゾート ルーセント,2026-06-02,,2026-06-01T20:58:30+09:00,,unknown,sold_out,,,,,not_comparable,none,unknown_meal_basis,unknown_room_basis,low,low,0,0,,false,inventory_dp_pressure_proxy
rakuten,蔵王国際ホテル,2026-06-02,,2026-06-01T20:58:30+09:00,,unknown,sold_out,,,,,not_comparable,none,unknown_meal_basis,unknown_room_basis,low,low,0,0,,false,inventory_dp_pressure_proxy
rakuten,名湯リゾート ルーセント,2026-06-03,,2026-06-01T20:58:30+09:00,,unknown,sold_out,,,,,not_comparable,none,unknown_meal_basis,unknown_room_basis,low,low,0,0,,false,inventory_dp_pressure_proxy
rakuten,蔵王国際ホテル,2026-06-03,,2026-06-01T20:58:30+09:00,,unknown,available,,,,,not_comparable,none,unknown_meal_basis,unknown_room_basis,low,low,0,0,,false,inventory_dp_pressure_proxy
rakuten,名湯リゾート ルーセント,2026-06-04,,2026-06-01T20:58:30+09:00,,unknown,available,,,,,not_comparable,none,unknown_meal_basis,unknown_room_basis,low,low,0,0,,false,inventory_dp_pressure_proxy
rakuten,蔵王国際ホテル,2026-06-04,,2026-06-01T20:58:30+09:00,,unknown,available,,,,,not_comparable,none,unknown_meal_basis,unknown_room_basis,low,low,0,0,,false,inventory_dp_pressure_proxy
rakuten,名湯リゾート ルーセント,2026-06-05,,2026-06-01T20:58:30+09:00,,unknown,sold_out,,,,,not_comparable,none,unknown_meal_basis,unknown_room_basis,low,low,0,0,,false,inventory_dp_pressure_proxy
rakuten,蔵王国際ホテル,2026-06-05,,2026-06-01T20:58:30+09:00,,unknown,available,,,,,not_comparable,none,unknown_meal_basis,unknown_room_basis,low,low,0,0,,false,inventory_dp_pressure_proxy
jalan,HAMMOND,2026-06-06,,2026-06-05T00:29:41+09:00,,unknown,sold_out,,,,,not_comparable,none,unknown_meal_basis,unknown_room_basis,low,low,0,0,,false,inventory_dp_pressure_proxy
jalan,JURIN,2026-06-06,,2026-06-05T00:29:41+09:00,,unknown,available,,,,,not_comparable,none,unknown_meal_basis,unknown_room_basis,low,low,0,0,,false,inventory_dp_pressure_proxy
jalan,ル・ベール蔵王,2026-06-06,,2026-06-05T00:29:41+09:00,,unknown,available,,,,,not_comparable,none,unknown_meal_basis,unknown_room_basis,low,low,0,0,,false,inventory_dp_pressure_proxy
jalan,吉田屋,2026-06-06,,2026-06-05T00:29:41+09:00,,unknown,sold_out,,,,,not_comparable,none,unknown_meal_basis,unknown_room_basis,low,low,0,0,,false,inventory_dp_pressure_proxy
rakuten,名湯リゾート ルーセント,2026-06-06,,2026-06-01T20:58:30+09:00,,unknown,sold_out,,,,,not_comparable,none,unknown_meal_basis,unknown_room_basis,low,low,0,0,,false,inventory_dp_pressure_proxy
rakuten,蔵王国際ホテル,2026-06-06,,2026-06-01T20:58:30+09:00,,unknown,sold_out,,,,,not_comparable,none,unknown_meal_basis,unknown_room_basis,low,low,0,0,,false,inventory_dp_pressure_proxy
booking,深山荘 高見屋,2026-06-07,,2026-06-04T16:16:23+09:00,,unknown,available,,57500,,,unknown,none,assumed_room_only,probable_two_person_standard_room,medium,medium,0.36,0,57500,false,inventory_dp_pressure_proxy
booking,蔵王四季のホテル,2026-06-07,,2026-06-04T16:16:23+09:00,,unknown,available,,26700,,,unknown,none,assumed_room_only,probable_two_person_standard_room,medium,medium,0.36,0,26700,false,inventory_dp_pressure_proxy
booking,蔵王国際ホテル,2026-06-07,,2026-06-04T16:16:23+09:00,,unknown,available,,33300,,,unknown,none,assumed_room_only,probable_two_person_standard_room,medium,medium,0.36,0,33300,false,inventory_dp_pressure_proxy
rakuten,名湯リゾート ルーセント,2026-06-07,,2026-06-01T20:58:30+09:00,,unknown,sold_out,,,,,not_comparable,none,unknown_meal_basis,unknown_room_basis,low,low,0,0,,false,inventory_dp_pressure_proxy
rakuten,蔵王国際ホテル,2026-06-07,,2026-06-01T20:58:30+09:00,,unknown,available,,,,,not_comparable,none,unknown_meal_basis,unknown_room_basis,low,low,0,0,,false,inventory_dp_pressure_proxy
rakuten,名湯リゾート ルーセント,2026-06-08,,2026-06-01T20:58:30+09:00,,unknown,sold_out,,,,,not_comparable,none,unknown_meal_basis,unknown_room_basis,low,low,0,0,,false,inventory_dp_pressure_proxy
rakuten,蔵王国際ホテル,2026-06-08,,2026-06-01T20:58:30+09:00,,unknown,sold_out,,,,,not_comparable,none,unknown_meal_basis,unknown_room_basis,low,low,0,0,,false,inventory_dp_pressure_proxy
rakuten,名湯リゾート ルーセント,2026-06-09,,2026-06-01T20:58:30+09:00,,unknown,sold_out,,,,,not_comparable,none,unknown_meal_basis,unknown_room_basis,low,low,0,0,,false,inventory_dp_pressure_proxy
rakuten,蔵王国際ホテル,2026-06-09,,2026-06-01T20:58:30+09:00,,unknown,sold_out,,,,,not_comparable,none,unknown_meal_basis,unknown_room_basis,low,low,0,0,,false,inventory_dp_pressure_proxy
rakuten,名湯リゾート ルーセント,2026-06-10,,2026-06-01T20:58:30+09:00,,unknown,available,,,,,not_comparable,none,unknown_meal_basis,unknown_room_basis,low,low,0,0,,false,inventory_dp_pressure_proxy
rakuten,蔵王国際ホテル,2026-06-10,,2026-06-01T20:58:30+09:00,,unknown,sold_out,,,,,not_comparable,none,unknown_meal_basis,unknown_room_basis,low,low,0,0,,false,inventory_dp_pressure_proxy
rakuten,名湯リゾート ルーセント,2026-06-11,,2026-06-01T20:58:30+09:00,,unknown,sold_out,,,,,not_comparable,none,unknown_meal_basis,unknown_room_basis,low,low,0,0,,false,inventory_dp_pressure_proxy
rakuten,蔵王国際ホテル,2026-06-11,,2026-06-01T20:58:30+09:00,,unknown,sold_out,,,,,not_comparable,none,unknown_meal_basis,unknown_room_basis,low,low,0,0,,false,inventory_dp_pressure_proxy
rakuten,名湯リゾート ルーセント,2026-06-12,,2026-06-01T20:58:30+09:00,,unknown,sold_out,,,,,not_comparable,none,unknown_meal_basis,unknown_room_basis,low,low,0,0,,false,inventory_dp_pressure_proxy
rakuten,蔵王国際ホテル,2026-06-12,,2026-06-01T20:58:30+09:00,,unknown,sold_out,,,,,not_comparable,none,unknown_meal_basis,unknown_room_basis,low,low,0,0,,false,inventory_dp_pressure_proxy
booking,深山荘 高見屋,2026-06-13,2026-06-11T09:00:06+09:00,2026-06-12T09:00:06+09:00,24,available,available,60000,60000,0,0,same_price_available,noise,assumed_room_only,probable_two_person_standard_room,medium,medium,0.36,0,60000,false,inventory_dp_pressure_proxy
booking,蔵王四季のホテル,2026-06-13,2026-06-11T09:00:06+09:00,2026-06-12T09:00:06+09:00,24,available,available,31680,40920,9240,0.2917,price_up_available,strong,assumed_room_only,probable_two_person_standard_room,medium,medium,0.36,0.36,40920,false,inventory_dp_pressure_proxy
booking,蔵王国際ホテル,2026-06-13,2026-06-11T09:00:06+09:00,2026-06-12T09:00:06+09:00,24,available,available,40920,40920,0,0,same_price_available,noise,assumed_room_only,probable_two_person_standard_room,medium,medium,0.36,0,40920,false,inventory_dp_pressure_proxy
jalan,HAMMOND,2026-06-13,2026-06-11T09:00:05+09:00,2026-06-12T09:00:06+09:00,24,sold_out,sold_out,,,,,not_comparable,none,unknown_meal_basis,unknown_room_basis,low,low,0,0,,false,inventory_dp_pressure_proxy
jalan,JURIN,2026-06-13,2026-06-11T09:00:05+09:00,2026-06-12T09:00:06+09:00,24,available,available,,,,,not_comparable,none,unknown_meal_basis,unknown_room_basis,low,low,0,0,,false,inventory_dp_pressure_proxy
jalan,ル・ベール蔵王,2026-06-13,2026-06-11T09:00:05+09:00,2026-06-12T09:00:06+09:00,24,available,available,,,,,not_comparable,none,unknown_meal_basis,unknown_room_basis,low,low,0,0,,false,inventory_dp_pressure_proxy
jalan,吉田屋,2026-06-13,2026-06-11T09:00:05+09:00,2026-06-12T09:00:06+09:00,24,sold_out,sold_out,,,,,not_comparable,none,unknown_meal_basis,unknown_room_basis,low,low,0,0,,false,inventory_dp_pressure_proxy
rakuten,名湯リゾート ルーセント,2026-06-13,,2026-06-01T20:58:30+09:00,,unknown,sold_out,,,,,not_comparable,none,unknown_meal_basis,unknown_room_basis,low,low,0,0,,false,inventory_dp_pressure_proxy
rakuten,蔵王国際ホテル,2026-06-13,,2026-06-01T20:58:30+09:00,,unknown,sold_out,,,,,not_comparable,none,unknown_meal_basis,unknown_room_basis,low,low,0,0,,false,inventory_dp_pressure_proxy
booking,深山荘 高見屋,2026-06-14,2026-06-04T14:24:35+09:00,2026-06-04T16:16:23+09:00,1.86,available,available,62607,72900,10293,0.1644,price_up_available,strong,assumed_room_only,probable_two_person_standard_room,medium,medium,0.36,0.36,72900,false,inventory_dp_pressure_proxy
booking,蔵王四季のホテル,2026-06-14,2026-06-04T14:24:35+09:00,2026-06-04T16:16:23+09:00,1.86,available,available,,,,,not_comparable,none,assumed_room_only,unknown_room_basis,low,low,0,0,,false,inventory_dp_pressure_proxy
booking,蔵王国際ホテル,2026-06-14,2026-06-04T14:24:35+09:00,2026-06-04T16:16:23+09:00,1.86,available,available,32157,33300,1143,0.0355,price_up_available,meaningful,assumed_room_only,probable_two_person_standard_room,medium,medium,0.36,0.36,33300,false,inventory_dp_pressure_proxy
rakuten,名湯リゾート ルーセント,2026-06-14,,2026-06-01T20:58:30+09:00,,unknown,sold_out,,,,,not_comparable,none,unknown_meal_basis,unknown_room_basis,low,low,0,0,,false,inventory_dp_pressure_proxy
rakuten,蔵王国際ホテル,2026-06-14,,2026-06-01T20:58:30+09:00,,unknown,available,,,,,not_comparable,none,unknown_meal_basis,unknown_room_basis,low,low,0,0,,false,inventory_dp_pressure_proxy
rakuten,名湯リゾート ルーセント,2026-06-15,,2026-06-01T20:58:30+09:00,,unknown,available,,,,,not_comparable,none,unknown_meal_basis,unknown_room_basis,low,low,0,0,,false,inventory_dp_pressure_proxy
rakuten,蔵王国際ホテル,2026-06-15,,2026-06-01T20:58:30+09:00,,unknown,available,,,,,not_comparable,none,unknown_meal_basis,unknown_room_basis,low,low,0,0,,false,inventory_dp_pressure_proxy
rakuten,名湯リゾート ルーセント,2026-06-16,,2026-06-01T20:58:30+09:00,,unknown,sold_out,,,,,not_comparable,none,unknown_meal_basis,unknown_room_basis,low,low,0,0,,false,inventory_dp_pressure_proxy
rakuten,蔵王国際ホテル,2026-06-16,,2026-06-01T20:58:30+09:00,,unknown,available,,,,,not_comparable,none,unknown_meal_basis,unknown_room_basis,low,low,0,0,,false,inventory_dp_pressure_proxy
booking,HAMMOND,2026-06-17,,2026-06-16T00:00:02+09:00,,unknown,available,,11262,,,unknown,none,assumed_room_only,probable_two_person_standard_room,medium,medium,0.36,0,11262,false,inventory_dp_pressure_proxy
booking,JURIN,2026-06-17,,2026-06-16T06:00:06+09:00,,unknown,available,,22520,,,unknown,none,assumed_room_only,probable_two_person_standard_room,medium,medium,0.36,0,22520,false,inventory_dp_pressure_proxy
booking,ＫＫＲ蔵王 白銀荘,2026-06-17,,2026-06-16T08:00:05+09:00,,unknown,available,,19700,,,unknown,none,assumed_room_only,probable_two_person_standard_room,medium,medium,0.36,0,19700,false,inventory_dp_pressure_proxy
booking,おおみや旅館,2026-06-17,,2026-06-16T20:00:06+09:00,,unknown,available,,35640,,,unknown,none,assumed_room_only,probable_two_person_standard_room,medium,medium,0.36,0,35640,false,inventory_dp_pressure_proxy
booking,ホテル松金屋アネックス,2026-06-17,,2026-06-16T16:00:06+09:00,,unknown,available,,36680,,,unknown,none,assumed_room_only,probable_two_person_standard_room,medium,medium,0.36,0,36680,false,inventory_dp_pressure_proxy
booking,ル・ベール蔵王,2026-06-17,,2026-06-16T10:00:06+09:00,,unknown,available,,25057,,,unknown,none,assumed_room_only,probable_two_person_standard_room,medium,medium,0.36,0,25057,false,inventory_dp_pressure_proxy
booking,ロッジまつぽっくり,2026-06-17,,2026-06-16T14:00:06+09:00,,unknown,available,,15000,,,unknown,none,assumed_room_only,probable_two_person_standard_room,medium,medium,0.36,0,15000,false,inventory_dp_pressure_proxy
booking,吉田屋,2026-06-17,,2026-06-16T02:00:06+09:00,,unknown,available,,18700,,,unknown,none,assumed_room_only,probable_two_person_standard_room,medium,medium,0.36,0,18700,false,inventory_dp_pressure_proxy
booking,名湯リゾート ルーセントタカミヤ,2026-06-17,,2026-06-16T12:00:05+09:00,,unknown,available,,27500,,,unknown,none,assumed_room_only,probable_two_person_standard_room,medium,medium,0.36,0,27500,false,inventory_dp_pressure_proxy
booking,名湯舎 創,2026-06-17,,2026-06-16T18:00:06+09:00,,unknown,available,,27500,,,unknown,none,assumed_room_only,probable_two_person_standard_room,medium,medium,0.36,0,27500,false,inventory_dp_pressure_proxy
rakuten,名湯リゾート ルーセント,2026-06-17,,2026-06-01T20:58:30+09:00,,unknown,sold_out,,,,,not_comparable,none,unknown_meal_basis,unknown_room_basis,low,low,0,0,,false,inventory_dp_pressure_proxy
rakuten,蔵王国際ホテル,2026-06-17,,2026-06-01T20:58:30+09:00,,unknown,available,,,,,not_comparable,none,unknown_meal_basis,unknown_room_basis,low,low,0,0,,false,inventory_dp_pressure_proxy
booking,JURIN,2026-06-18,2026-06-16T06:00:06+09:00,2026-06-17T06:00:06+09:00,24,available,available,61050,33000,-28050,-0.4595,price_down_available,strong,assumed_room_only,probable_two_person_standard_room,medium,medium,0.36,-0.36,33000,false,inventory_dp_pressure_proxy
booking,ＫＫＲ蔵王 白銀荘,2026-06-18,2026-06-16T08:00:05+09:00,2026-06-17T08:00:05+09:00,24,available,available,19700,19700,0,0,same_price_available,noise,assumed_room_only,probable_two_person_standard_room,medium,medium,0.36,0,19700,false,inventory_dp_pressure_proxy
booking,おおみや旅館,2026-06-18,2026-06-16T20:00:06+09:00,2026-06-17T20:00:06+09:00,24,available,available,26400,22440,-3960,-0.15,price_down_available,strong,assumed_room_only,probable_two_person_standard_room,medium,medium,0.36,-0.36,22440,false,inventory_dp_pressure_proxy
booking,ホテル松金屋アネックス,2026-06-18,2026-06-16T16:00:06+09:00,2026-06-17T16:00:05+09:00,24,available,available,36680,36680,0,0,same_price_available,noise,assumed_room_only,probable_two_person_standard_room,medium,medium,0.36,0,36680,false,inventory_dp_pressure_proxy
booking,ル・ベール蔵王,2026-06-18,2026-06-16T10:00:06+09:00,2026-06-17T10:00:05+09:00,24,available,available,24567,24783,216,0.0088,noise,noise,assumed_room_only,probable_two_person_standard_room,medium,medium,0.36,0,24783,false,inventory_dp_pressure_proxy
booking,ロッジまつぽっくり,2026-06-18,2026-06-16T14:00:06+09:00,2026-06-17T14:00:05+09:00,24,available,available,15000,15000,0,0,same_price_available,noise,assumed_room_only,probable_two_person_standard_room,medium,medium,0.36,0,15000,false,inventory_dp_pressure_proxy
booking,吉田屋,2026-06-18,2026-06-16T22:00:06+09:00,2026-06-17T22:00:06+09:00,24,available,available,18700,26400,7700,0.4118,price_up_available,strong,assumed_room_only,probable_two_person_standard_room,medium,medium,0.36,0.36,26400,false,inventory_dp_pressure_proxy
booking,名湯リゾート ルーセントタカミヤ,2026-06-18,2026-06-16T12:00:05+09:00,2026-06-17T12:00:06+09:00,24,available,available,14807,27500,12693,0.8572,price_up_available,strong,assumed_room_only,probable_two_person_standard_room,medium,medium,0.36,0.36,27500,false,inventory_dp_pressure_proxy
booking,名湯舎 創,2026-06-18,2026-06-16T18:00:06+09:00,2026-06-17T18:00:06+09:00,24,available,available,27500,27500,0,0,same_price_available,noise,assumed_room_only,probable_two_person_standard_room,medium,medium,0.36,0,27500,false,inventory_dp_pressure_proxy
rakuten,名湯リゾート ルーセント,2026-06-18,,2026-06-01T20:58:30+09:00,,unknown,available,,,,,not_comparable,none,unknown_meal_basis,unknown_room_basis,low,low,0,0,,false,inventory_dp_pressure_proxy
rakuten,蔵王国際ホテル,2026-06-18,,2026-06-01T20:58:30+09:00,,unknown,sold_out,,,,,not_comparable,none,unknown_meal_basis,unknown_room_basis,low,low,0,0,,false,inventory_dp_pressure_proxy
booking,HAMMOND,2026-06-19,2026-06-14T00:47:47+09:00,2026-06-17T02:00:06+09:00,73.21,available,available,11139,12814,1675,0.1504,price_up_available,strong,assumed_room_only,probable_two_person_standard_room,medium,medium,0.36,0.36,12814,false,inventory_dp_pressure_proxy
booking,JURIN,2026-06-19,2026-06-16T10:00:06+09:00,2026-06-17T10:00:05+09:00,24,available,available,22508,22526,18,0.0008,noise,noise,assumed_room_only,probable_two_person_standard_room,medium,medium,0.36,0,22526,false,inventory_dp_pressure_proxy
booking,ＫＫＲ蔵王 白銀荘,2026-06-19,2026-06-16T12:00:05+09:00,2026-06-17T12:00:06+09:00,24,available,available,19700,19700,0,0,same_price_available,noise,assumed_room_only,probable_two_person_standard_room,medium,medium,0.36,0,19700,false,inventory_dp_pressure_proxy
booking,ONSEN & STAY OAKHILL,2026-06-19,,2026-06-16T20:00:06+09:00,,unknown,available,,19800,,,unknown,none,assumed_room_only,probable_two_person_standard_room,medium,medium,0.36,0,19800,false,inventory_dp_pressure_proxy
booking,ホテル松金屋アネックス,2026-06-19,2026-06-16T18:00:06+09:00,2026-06-17T18:00:06+09:00,24,available,available,99703,33800,-65903,-0.661,price_down_available,strong,assumed_room_only,probable_two_person_standard_room,medium,medium,0.36,-0.36,33800,false,inventory_dp_pressure_proxy
booking,ル・ベール蔵王,2026-06-19,2026-06-16T14:00:06+09:00,2026-06-17T14:00:05+09:00,24,available,available,25512,34000,8488,0.3327,price_up_available,strong,assumed_room_only,probable_two_person_standard_room,medium,medium,0.36,0.36,34000,false,inventory_dp_pressure_proxy
booking,ロッジまつぽっくり,2026-06-19,2026-06-16T00:00:02+09:00,2026-06-17T16:00:05+09:00,40,available,available,15000,15000,0,0,same_price_available,noise,assumed_room_only,probable_two_person_standard_room,medium,medium,0.36,0,15000,false,inventory_dp_pressure_proxy
booking,吉田屋,2026-06-19,2026-06-16T08:00:05+09:00,2026-06-17T08:00:05+09:00,24,available,available,18700,18700,0,0,same_price_available,noise,assumed_room_only,probable_two_person_standard_room,medium,medium,0.36,0,18700,false,inventory_dp_pressure_proxy
booking,名湯リゾート ルーセントタカミヤ,2026-06-19,2026-06-16T22:00:06+09:00,2026-06-17T22:00:06+09:00,24,available,available,17353,20492,3139,0.1809,price_up_available,strong,assumed_room_only,probable_two_person_standard_room,medium,medium,0.36,0.36,20492,false,inventory_dp_pressure_proxy
booking,名湯舎 創,2026-06-19,2026-06-16T16:00:06+09:00,2026-06-17T20:00:06+09:00,28,available,available,19800,15400,-4400,-0.2222,price_down_available,strong,assumed_room_only,probable_two_person_standard_room,medium,medium,0.36,-0.36,15400,false,inventory_dp_pressure_proxy
jalan,たかみや瑠璃倶楽,2026-06-19,2026-06-14T10:00:06+09:00,2026-06-15T16:00:05+09:00,30,sold_out,sold_out,,,,,not_comparable,none,unknown_meal_basis,unknown_room_basis,low,low,0,0,,false,inventory_dp_pressure_proxy
jalan,ペンション木いちご,2026-06-19,,2026-06-14T18:00:06+09:00,,unknown,available,,,,,not_comparable,none,unknown_meal_basis,unknown_room_basis,low,low,0,0,,false,inventory_dp_pressure_proxy
jalan,ル・ベール蔵王,2026-06-19,,2026-06-14T22:00:06+09:00,,unknown,available,,,,,not_comparable,none,unknown_meal_basis,unknown_room_basis,low,low,0,0,,false,inventory_dp_pressure_proxy
jalan,吉田屋,2026-06-19,,2026-06-14T20:00:06+09:00,,unknown,available,,,,,not_comparable,none,unknown_meal_basis,unknown_room_basis,low,low,0,0,,false,inventory_dp_pressure_proxy
jalan,深山荘 高見屋,2026-06-19,2026-06-14T12:00:06+09:00,2026-06-15T18:00:05+09:00,30,available,available,,,,,not_comparable,none,unknown_meal_basis,unknown_room_basis,low,low,0,0,,false,inventory_dp_pressure_proxy
jalan,蔵王四季のホテル,2026-06-19,2026-06-14T14:00:06+09:00,2026-06-15T20:00:05+09:00,30,sold_out,sold_out,,,,,not_comparable,none,unknown_meal_basis,unknown_room_basis,low,low,0,0,,false,inventory_dp_pressure_proxy
jalan,蔵王国際ホテル,2026-06-19,2026-06-14T08:00:06+09:00,2026-06-15T14:00:05+09:00,30,available,available,,,,,not_comparable,none,unknown_meal_basis,unknown_room_basis,low,low,0,0,,false,inventory_dp_pressure_proxy
rakuten,名湯リゾート ルーセント,2026-06-19,,2026-06-01T20:58:30+09:00,,unknown,sold_out,,,,,not_comparable,none,unknown_meal_basis,unknown_room_basis,low,low,0,0,,false,inventory_dp_pressure_proxy
rakuten,蔵王国際ホテル,2026-06-19,,2026-06-01T20:58:30+09:00,,unknown,available,,,,,not_comparable,none,unknown_meal_basis,unknown_room_basis,low,low,0,0,,false,inventory_dp_pressure_proxy
booking,HAMMOND,2026-06-20,2026-06-14T00:51:18+09:00,2026-06-15T02:00:06+09:00,25.15,available,available,12814,12814,0,0,same_price_available,noise,assumed_room_only,probable_two_person_standard_room,medium,medium,0.36,0,12814,false,inventory_dp_pressure_proxy
booking,JURIN,2026-06-20,2026-06-16T10:00:06+09:00,2026-06-17T10:00:05+09:00,24,available,available,51480,,0,0,same_price_available,noise,assumed_room_only,probable_two_person_standard_room,medium,medium,0.36,0,51480,false,inventory_dp_pressure_proxy
booking,ＫＫＲ蔵王 白銀荘,2026-06-20,2026-06-16T12:00:05+09:00,2026-06-17T12:00:06+09:00,24,available,available,9025,,0,0,same_price_available,noise,assumed_room_only,probable_two_person_standard_room,medium,medium,0.36,0,9025,false,inventory_dp_pressure_proxy
booking,ONSEN & STAY OAKHILL,2026-06-20,2026-06-16T20:00:06+09:00,2026-06-19T22:00:05+09:00,74,available,available,28600,,,,unknown,none,assumed_room_only,probable_two_person_standard_room,medium,medium,0.36,0,28600,false,inventory_dp_pressure_proxy
booking,おおみや旅館,2026-06-20,,2026-06-19T20:00:05+09:00,,unknown,available,,27720,,,unknown,none,assumed_room_only,confirmed_two_person_standard_room,high,high,1,0,27720,false,inventory_dp_pressure_proxy
booking,ホテル松金屋アネックス,2026-06-20,2026-06-17T18:00:06+09:00,2026-06-20T13:27:38+09:00,67.46,available,available,94094,20000,-74094,-0.7874,price_down_available,strong,assumed_room_only,probable_two_person_standard_room,medium,medium,0.36,-0.36,20000,false,inventory_dp_pressure_proxy
booking,ル・ベール蔵王,2026-06-20,2026-06-17T14:00:05+09:00,2026-06-19T10:00:05+09:00,44,available,available,36000,26071,-9929,-0.2758,price_down_available,strong,assumed_room_only,confirmed_two_person_standard_room,high,high,1,-1,26071,false,inventory_dp_pressure_proxy
booking,ロッジまつぽっくり,2026-06-20,2026-06-16T00:00:02+09:00,2026-06-17T16:00:05+09:00,40,available,available,15000,,0,0,same_price_available,noise,assumed_room_only,probable_two_person_standard_room,medium,medium,0.36,0,15000,false,inventory_dp_pressure_proxy
booking,吉田屋,2026-06-20,2026-06-16T08:00:05+09:00,2026-06-17T08:00:05+09:00,24,available,available,20000,,0,0,same_price_available,noise,assumed_room_only,probable_two_person_standard_room,medium,medium,0.36,0,20000,false,inventory_dp_pressure_proxy
booking,名湯リゾート ルーセントタカミヤ,2026-06-20,2026-06-17T22:00:06+09:00,2026-06-20T13:28:34+09:00,63.47,available,available,47740,36000,-11740,-0.2459,price_down_available,strong,assumed_room_only,probable_two_person_standard_room,medium,medium,0.36,-0.36,36000,false,inventory_dp_pressure_proxy
booking,名湯舎 創,2026-06-20,2026-06-17T20:00:06+09:00,2026-06-20T13:27:38+09:00,65.46,available,available,28600,20000,-8600,-0.3007,price_down_available,strong,assumed_room_only,probable_two_person_standard_room,medium,medium,0.36,-0.36,20000,false,inventory_dp_pressure_proxy
booking,深山荘 高見屋,2026-06-20,2026-06-12T09:00:06+09:00,2026-06-13T09:00:06+09:00,24,available,available,70144,68414,-1730,-0.0247,price_down_available,meaningful,assumed_room_only,probable_two_person_standard_room,medium,medium,0.36,-0.36,68414,false,inventory_dp_pressure_proxy
booking,蔵王四季のホテル,2026-06-20,2026-06-12T09:00:06+09:00,2026-06-13T09:00:06+09:00,24,available,available,42765,42770,5,0.0001,noise,noise,assumed_room_only,probable_two_person_standard_room,medium,medium,0.36,0,42770,false,inventory_dp_pressure_proxy
booking,蔵王国際ホテル,2026-06-20,2026-06-12T09:00:06+09:00,2026-06-13T09:00:06+09:00,24,available,available,31680,34800,3120,0.0985,price_up_available,strong,assumed_room_only,probable_two_person_standard_room,medium,medium,0.36,0.36,34800,false,inventory_dp_pressure_proxy
jalan,HAMMOND,2026-06-20,2026-06-12T09:00:06+09:00,2026-06-13T09:00:05+09:00,24,sold_out,sold_out,,,,,not_comparable,none,unknown_meal_basis,unknown_room_basis,low,low,0,0,,false,inventory_dp_pressure_proxy
jalan,JURIN,2026-06-20,2026-06-12T09:00:06+09:00,2026-06-13T09:00:05+09:00,24,sold_out,sold_out,,,,,not_comparable,none,unknown_meal_basis,unknown_room_basis,low,low,0,0,,false,inventory_dp_pressure_proxy
jalan,たかみや瑠璃倶楽,2026-06-20,2026-06-14T12:00:06+09:00,2026-06-15T18:00:05+09:00,30,available,available,,,,,not_comparable,none,unknown_meal_basis,unknown_room_basis,low,low,0,0,,false,inventory_dp_pressure_proxy
jalan,ペンション木いちご,2026-06-20,,2026-06-14T20:00:06+09:00,,unknown,available,,,,,not_comparable,none,unknown_meal_basis,unknown_room_basis,low,low,0,0,,false,inventory_dp_pressure_proxy
jalan,ル・ベール蔵王,2026-06-20,2026-06-13T09:00:05+09:00,2026-06-15T00:00:02+09:00,39,available,available,,,,,not_comparable,none,unknown_meal_basis,unknown_room_basis,low,low,0,0,,false,inventory_dp_pressure_proxy
jalan,吉田屋,2026-06-20,2026-06-13T09:00:05+09:00,2026-06-14T22:00:06+09:00,37,sold_out,sold_out,,,,,not_comparable,none,unknown_meal_basis,unknown_room_basis,low,low,0,0,,false,inventory_dp_pressure_proxy
jalan,深山荘 高見屋,2026-06-20,2026-06-14T14:00:06+09:00,2026-06-15T20:00:05+09:00,30,sold_out,sold_out,,,,,not_comparable,none,unknown_meal_basis,unknown_room_basis,low,low,0,0,,false,inventory_dp_pressure_proxy
jalan,蔵王四季のホテル,2026-06-20,,2026-06-14T16:00:05+09:00,,unknown,available,,,,,not_comparable,none,unknown_meal_basis,unknown_room_basis,low,low,0,0,,false,inventory_dp_pressure_proxy
jalan,蔵王国際ホテル,2026-06-20,2026-06-14T10:00:06+09:00,2026-06-15T16:00:05+09:00,30,sold_out,sold_out,,,,,not_comparable,none,unknown_meal_basis,unknown_room_basis,low,low,0,0,,false,inventory_dp_pressure_proxy
rakuten,名湯リゾート ルーセント,2026-06-20,,2026-06-01T20:58:30+09:00,,unknown,sold_out,,,,,not_comparable,none,unknown_meal_basis,unknown_room_basis,low,low,0,0,,false,inventory_dp_pressure_proxy
rakuten,蔵王国際ホテル,2026-06-20,,2026-06-01T20:58:30+09:00,,unknown,sold_out,,,,,not_comparable,none,unknown_meal_basis,unknown_room_basis,low,low,0,0,,false,inventory_dp_pressure_proxy
booking,HAMMOND,2026-06-21,2026-06-14T01:51:59+09:00,2026-06-16T06:00:06+09:00,52.14,available,available,10559,11262,703,0.0666,price_up_available,strong,assumed_room_only,probable_two_person_standard_room,medium,medium,0.36,0.36,11262,false,inventory_dp_pressure_proxy
booking,JURIN,2026-06-21,2026-06-19T08:00:06+09:00,2026-06-20T08:00:06+09:00,24,available,available,22491,22562,71,0.0032,noise,noise,assumed_room_only,confirmed_two_person_standard_room,high,high,1,0,22562,false,inventory_dp_pressure_proxy
booking,ＫＫＲ蔵王 白銀荘,2026-06-21,2026-06-16T14:00:06+09:00,2026-06-17T14:00:05+09:00,24,available,available,19700,,0,0,same_price_available,noise,assumed_room_only,probable_two_person_standard_room,medium,medium,0.36,0,19700,false,inventory_dp_pressure_proxy
booking,ONSEN & STAY OAKHILL,2026-06-21,2026-06-17T20:00:06+09:00,2026-06-20T02:00:05+09:00,54,available,available,19800,25300,5500,0.2778,price_up_available,strong,assumed_room_only,confirmed_two_person_standard_room,high,high,1,1,25300,false,inventory_dp_pressure_proxy
booking,おおみや旅館,2026-06-21,2026-06-19T22:00:05+09:00,2026-06-20T22:00:06+09:00,24,available,available,18089,35640,17551,0.9703,price_up_available,strong,assumed_room_only,probable_two_person_standard_room,medium,medium,0.36,0.36,35640,false,inventory_dp_pressure_proxy
booking,ホテル松金屋アネックス,2026-06-21,2026-06-17T06:00:06+09:00,2026-06-20T18:00:05+09:00,84,available,available,99703,20900,-78803,-0.7904,price_down_available,strong,assumed_room_only,probable_two_person_standard_room,medium,medium,0.36,-0.36,20900,false,inventory_dp_pressure_proxy
booking,ル・ベール蔵王,2026-06-21,2026-06-19T12:00:06+09:00,2026-06-20T12:00:05+09:00,24,available,available,25019,25889,870,0.0348,price_up_available,meaningful,assumed_room_only,confirmed_two_person_standard_room,high,high,1,1,25889,false,inventory_dp_pressure_proxy
booking,ロッジまつぽっくり,2026-06-21,2026-06-16T22:00:06+09:00,2026-06-17T22:00:06+09:00,24,available,available,15000,,0,0,same_price_available,noise,assumed_room_only,probable_two_person_standard_room,medium,medium,0.36,0,15000,false,inventory_dp_pressure_proxy
booking,吉田屋,2026-06-21,2026-06-16T10:00:06+09:00,2026-06-17T10:00:05+09:00,24,available,available,18700,,0,0,same_price_available,noise,assumed_room_only,probable_two_person_standard_room,medium,medium,0.36,0,18700,false,inventory_dp_pressure_proxy
booking,名湯リゾート ルーセントタカミヤ,2026-06-21,2026-06-19T14:00:05+09:00,2026-06-20T14:00:06+09:00,24,available,available,33000,25023,-7977,-0.2417,price_down_available,strong,assumed_room_only,confirmed_two_person_standard_room,high,high,1,-1,25023,false,inventory_dp_pressure_proxy
booking,名湯舎 創,2026-06-21,2026-06-16T20:00:06+09:00,2026-06-20T20:00:06+09:00,96,available,available,14245,15400,1155,0.0811,price_up_available,strong,assumed_room_only,probable_two_person_standard_room,medium,medium,0.36,0.36,15400,false,inventory_dp_pressure_proxy
booking,深山荘 高見屋,2026-06-21,,2026-06-04T14:24:35+09:00,,unknown,available,,57500,,,unknown,none,assumed_room_only,probable_two_person_standard_room,medium,medium,0.36,0,57500,false,inventory_dp_pressure_proxy
booking,蔵王四季のホテル,2026-06-21,2026-06-04T14:24:35+09:00,2026-06-04T16:16:23+09:00,1.86,available,available,24404,27140,2736,0.1121,price_up_available,strong,assumed_room_only,probable_two_person_standard_room,medium,medium,0.36,0.36,27140,false,inventory_dp_pressure_proxy
booking,蔵王国際ホテル,2026-06-21,2026-06-04T14:24:35+09:00,2026-06-04T16:16:23+09:00,1.86,available,available,31511,33300,1789,0.0568,price_up_available,strong,assumed_room_only,probable_two_person_standard_room,medium,medium,0.36,0.36,33300,false,inventory_dp_pressure_proxy
jalan,たかみや瑠璃倶楽,2026-06-21,2026-06-14T14:00:06+09:00,2026-06-15T18:00:05+09:00,28,available,available,,,,,not_comparable,none,unknown_meal_basis,unknown_room_basis,low,low,0,0,,false,inventory_dp_pressure_proxy
jalan,ペンション木いちご,2026-06-21,,2026-06-14T22:00:06+09:00,,unknown,available,,,,,not_comparable,none,unknown_meal_basis,unknown_room_basis,low,low,0,0,,false,inventory_dp_pressure_proxy
jalan,吉田屋,2026-06-21,,2026-06-15T00:00:02+09:00,,unknown,available,,,,,not_comparable,none,unknown_meal_basis,unknown_room_basis,low,low,0,0,,false,inventory_dp_pressure_proxy
jalan,深山荘 高見屋,2026-06-21,2026-06-14T16:00:05+09:00,2026-06-15T20:00:05+09:00,28,available,available,,,,,not_comparable,none,unknown_meal_basis,unknown_room_basis,low,low,0,0,,false,inventory_dp_pressure_proxy
jalan,蔵王四季のホテル,2026-06-21,,2026-06-14T18:00:06+09:00,,unknown,available,,,,,not_comparable,none,unknown_meal_basis,unknown_room_basis,low,low,0,0,,false,inventory_dp_pressure_proxy
jalan,蔵王国際ホテル,2026-06-21,2026-06-14T12:00:06+09:00,2026-06-15T16:00:05+09:00,28,available,available,,,,,not_comparable,none,unknown_meal_basis,unknown_room_basis,low,low,0,0,,false,inventory_dp_pressure_proxy
rakuten,名湯リゾート ルーセント,2026-06-21,,2026-06-01T20:58:30+09:00,,unknown,sold_out,,,,,not_comparable,none,unknown_meal_basis,unknown_room_basis,low,low,0,0,,false,inventory_dp_pressure_proxy
rakuten,蔵王国際ホテル,2026-06-21,,2026-06-01T20:58:30+09:00,,unknown,sold_out,,,,,not_comparable,none,unknown_meal_basis,unknown_room_basis,low,low,0,0,,false,inventory_dp_pressure_proxy
booking,JURIN,2026-06-22,2026-06-16T02:00:06+09:00,2026-06-17T08:00:05+09:00,30,available,available,22523,,18177,0.807,price_up_available,strong,assumed_room_only,probable_two_person_standard_room,medium,medium,0.36,0.36,40700,false,inventory_dp_pressure_proxy
booking,ＫＫＲ蔵王 白銀荘,2026-06-22,2026-06-20T10:00:05+09:00,2026-06-21T10:00:06+09:00,24,available,available,23700,23700,0,0,same_price_available,noise,assumed_room_only,confirmed_two_person_standard_room,high,high,1,0,23700,false,inventory_dp_pressure_proxy
booking,ONSEN & STAY OAKHILL,2026-06-22,2026-06-16T18:00:06+09:00,2026-06-21T02:00:06+09:00,104,available,available,19800,,,,unknown,none,assumed_room_only,probable_two_person_standard_room,medium,medium,0.36,0,19800,false,inventory_dp_pressure_proxy
booking,おおみや旅館,2026-06-22,2026-06-20T22:00:06+09:00,2026-06-21T22:00:06+09:00,24,available,available,26400,22440,-3960,-0.15,price_down_available,strong,assumed_room_only,probable_two_person_standard_room,medium,medium,0.36,-0.36,22440,false,inventory_dp_pressure_proxy
booking,ホテル松金屋アネックス,2026-06-22,2026-06-20T18:00:05+09:00,2026-06-21T18:00:06+09:00,24,available,available,37180,37180,0,0,same_price_available,noise,assumed_room_only,confirmed_two_person_standard_room,high,high,1,0,37180,false,inventory_dp_pressure_proxy
booking,ル・ベール蔵王,2026-06-22,2026-06-20T12:00:05+09:00,2026-06-21T12:00:05+09:00,24,available,available,24654,24725,71,0.0029,noise,noise,assumed_room_only,confirmed_two_person_standard_room,high,high,1,0,24725,false,inventory_dp_pressure_proxy
booking,ロッジまつぽっくり,2026-06-22,2026-06-16T12:00:05+09:00,2026-06-17T18:00:06+09:00,30,available,available,15000,,0,0,same_price_available,noise,assumed_room_only,probable_two_person_standard_room,medium,medium,0.36,0,15000,false,inventory_dp_pressure_proxy
booking,吉田屋,2026-06-22,2026-06-17T22:00:06+09:00,2026-06-21T06:00:06+09:00,80,available,available,18000,18000,0,0,same_price_available,noise,assumed_room_only,probable_two_person_standard_room,medium,medium,0.36,0,18000,false,inventory_dp_pressure_proxy
booking,名湯リゾート ルーセントタカミヤ,2026-06-22,2026-06-20T14:00:06+09:00,2026-06-21T14:00:06+09:00,24,available,available,31900,31900,0,0,same_price_available,noise,assumed_room_only,confirmed_two_person_standard_room,high,high,1,0,31900,false,inventory_dp_pressure_proxy
booking,名湯舎 創,2026-06-22,2026-06-20T20:00:06+09:00,2026-06-21T20:00:05+09:00,24,available,available,13537,42900,29363,2.1691,price_up_available,strong,assumed_room_only,confirmed_two_person_standard_room,high,high,1,1,42900,false,inventory_dp_pressure_proxy
rakuten,名湯リゾート ルーセント,2026-06-22,,2026-06-01T20:58:30+09:00,,unknown,available,,,,,not_comparable,none,unknown_meal_basis,unknown_room_basis,low,low,0,0,,false,inventory_dp_pressure_proxy
rakuten,蔵王国際ホテル,2026-06-22,,2026-06-01T20:58:30+09:00,,unknown,sold_out,,,,,not_comparable,none,unknown_meal_basis,unknown_room_basis,low,low,0,0,,false,inventory_dp_pressure_proxy
booking,HAMMOND,2026-06-23,,2026-06-14T01:51:59+09:00,,unknown,available,,10559,,,unknown,none,assumed_room_only,probable_two_person_standard_room,medium,medium,0.36,0,10559,false,inventory_dp_pressure_proxy
booking,JURIN,2026-06-23,2026-06-21T10:00:06+09:00,2026-06-22T10:00:05+09:00,24,available,available,36239,36239,0,0,same_price_available,noise,assumed_room_only,confirmed_two_person_standard_room,high,high,1,0,36239,false,inventory_dp_pressure_proxy
booking,ＫＫＲ蔵王 白銀荘,2026-06-23,2026-06-21T12:00:05+09:00,2026-06-22T12:00:05+09:00,24,available,available,19700,19700,0,0,same_price_available,noise,assumed_room_only,probable_two_person_standard_room,medium,medium,0.36,0,19700,false,inventory_dp_pressure_proxy
booking,ONSEN & STAY OAKHILL,2026-06-23,2026-06-20T06:00:06+09:00,2026-06-22T02:00:05+09:00,44,available,available,,25300,,,unknown,none,assumed_room_only,confirmed_two_person_standard_room,high,high,1,0,25300,false,inventory_dp_pressure_proxy
booking,おおみや旅館,2026-06-23,2026-06-21T06:00:06+09:00,2026-06-22T06:00:06+09:00,24,available,available,18135,26400,8265,0.4557,price_up_available,strong,assumed_room_only,confirmed_two_person_standard_room,high,high,1,1,26400,false,inventory_dp_pressure_proxy
booking,ホテル松金屋アネックス,2026-06-23,2026-06-21T20:00:05+09:00,2026-06-22T20:00:06+09:00,24,available,available,20900,65000,44100,2.11,price_up_available,strong,assumed_room_only,probable_two_person_standard_room,medium,medium,0.36,0.36,65000,false,inventory_dp_pressure_proxy
booking,ル・ベール蔵王,2026-06-23,2026-06-21T14:00:06+09:00,2026-06-22T14:00:06+09:00,24,available,available,34000,24851,-9149,-0.2691,price_down_available,strong,assumed_room_only,confirmed_two_person_standard_room,high,high,1,-1,24851,false,inventory_dp_pressure_proxy
booking,ロッジまつぽっくり,2026-06-23,2026-06-16T16:00:06+09:00,2026-06-17T18:00:06+09:00,26,available,available,15000,,0,0,same_price_available,noise,assumed_room_only,probable_two_person_standard_room,medium,medium,0.36,0,15000,false,inventory_dp_pressure_proxy
booking,吉田屋,2026-06-23,2026-06-21T08:00:06+09:00,2026-06-22T08:00:06+09:00,24,available,available,18700,18700,0,0,same_price_available,noise,assumed_room_only,probable_two_person_standard_room,medium,medium,0.36,0,18700,false,inventory_dp_pressure_proxy
booking,名湯リゾート ルーセントタカミヤ,2026-06-23,2026-06-21T16:00:00+09:00,2026-06-22T16:00:05+09:00,24,available,available,20598,28600,8002,0.3885,price_up_available,strong,assumed_room_only,confirmed_two_person_standard_room,high,high,1,1,28600,false,inventory_dp_pressure_proxy
booking,名湯舎 創,2026-06-23,2026-06-21T22:00:06+09:00,2026-06-22T22:00:06+09:00,24,available,available,13537,27500,13963,1.0315,price_up_available,strong,assumed_room_only,confirmed_two_person_standard_room,high,high,1,1,27500,false,inventory_dp_pressure_proxy
jalan,たかみや瑠璃倶楽,2026-06-23,,2026-06-14T12:00:06+09:00,,unknown,available,,,,,not_comparable,none,unknown_meal_basis,unknown_room_basis,low,low,0,0,,false,inventory_dp_pressure_proxy
jalan,ペンション木いちご,2026-06-23,,2026-06-14T20:00:06+09:00,,unknown,available,,,,,not_comparable,none,unknown_meal_basis,unknown_room_basis,low,low,0,0,,false,inventory_dp_pressure_proxy
jalan,吉田屋,2026-06-23,,2026-06-14T22:00:06+09:00,,unknown,available,,,,,not_comparable,none,unknown_meal_basis,unknown_room_basis,low,low,0,0,,false,inventory_dp_pressure_proxy
jalan,深山荘 高見屋,2026-06-23,,2026-06-14T14:00:06+09:00,,unknown,available,,,,,not_comparable,none,unknown_meal_basis,unknown_room_basis,low,low,0,0,,false,inventory_dp_pressure_proxy
jalan,蔵王四季のホテル,2026-06-23,,2026-06-14T16:00:05+09:00,,unknown,available,,,,,not_comparable,none,unknown_meal_basis,unknown_room_basis,low,low,0,0,,false,inventory_dp_pressure_proxy
jalan,蔵王国際ホテル,2026-06-23,,2026-06-14T10:00:06+09:00,,unknown,available,,,,,not_comparable,none,unknown_meal_basis,unknown_room_basis,low,low,0,0,,false,inventory_dp_pressure_proxy
rakuten,名湯リゾート ルーセント,2026-06-23,,2026-06-01T20:58:30+09:00,,unknown,available,,,,,not_comparable,none,unknown_meal_basis,unknown_room_basis,low,low,0,0,,false,inventory_dp_pressure_proxy
rakuten,蔵王国際ホテル,2026-06-23,,2026-06-01T20:58:30+09:00,,unknown,available,,,,,not_comparable,none,unknown_meal_basis,unknown_room_basis,low,low,0,0,,false,inventory_dp_pressure_proxy
booking,HAMMOND,2026-06-24,2026-06-21T04:00:05+09:00,2026-06-23T00:00:01+09:00,44,available,available,11103,15400,4297,0.387,price_up_available,strong,assumed_room_only,confirmed_two_person_standard_room,high,high,1,1,15400,false,inventory_dp_pressure_proxy
booking,JURIN,2026-06-24,2026-06-16T14:00:06+09:00,2026-06-17T16:00:05+09:00,26,available,available,40700,,-17663,-0.434,price_down_available,strong,assumed_room_only,probable_two_person_standard_room,medium,medium,0.36,-0.36,23037,false,inventory_dp_pressure_proxy
booking,ＫＫＲ蔵王 白銀荘,2026-06-24,2026-06-22T12:00:05+09:00,2026-06-23T12:00:06+09:00,24,available,available,19700,19700,0,0,same_price_available,noise,assumed_room_only,probable_two_person_standard_room,medium,medium,0.36,0,19700,false,inventory_dp_pressure_proxy
booking,ONSEN & STAY OAKHILL,2026-06-24,2026-06-22T02:00:05+09:00,2026-06-23T04:00:06+09:00,26,available,available,25300,25300,0,0,same_price_available,noise,assumed_room_only,confirmed_two_person_standard_room,high,high,1,0,25300,false,inventory_dp_pressure_proxy
booking,おおみや旅館,2026-06-24,2026-06-22T08:00:06+09:00,2026-06-23T08:00:06+09:00,24,available,available,,,,,unknown,none,assumed_room_only,probable_two_person_standard_room,medium,medium,0.36,0,22440,false,inventory_dp_pressure_proxy
booking,ペンションぷうたろう,2026-06-24,2026-06-16T20:00:06+09:00,2026-06-22T04:00:06+09:00,128,available,available,20900,20900,0,0,same_price_available,noise,assumed_room_only,probable_two_person_standard_room,medium,medium,0.36,0,20900,false,inventory_dp_pressure_proxy
booking,ホテル松金屋アネックス,2026-06-24,2026-06-22T20:00:06+09:00,2026-06-23T20:00:05+09:00,24,available,available,20900,18000,-2900,-0.1388,price_down_available,strong,assumed_room_only,probable_two_person_standard_room,medium,medium,0.36,-0.36,18000,false,inventory_dp_pressure_proxy
booking,ル・ベール蔵王,2026-06-24,2026-06-22T14:00:06+09:00,2026-06-23T14:00:05+09:00,24,available,available,24609,24707,98,0.004,noise,noise,assumed_room_only,confirmed_two_person_standard_room,high,high,1,0,24707,false,inventory_dp_pressure_proxy
booking,ロッジまつぽっくり,2026-06-24,2026-06-16T22:00:06+09:00,2026-06-17T22:00:06+09:00,24,available,available,15000,,0,0,same_price_available,noise,assumed_room_only,probable_two_person_standard_room,medium,medium,0.36,0,15000,false,inventory_dp_pressure_proxy
booking,吉田屋,2026-06-24,2026-06-22T00:00:04+09:00,2026-06-23T02:00:06+09:00,26,available,available,18700,17000,-1700,-0.0909,price_down_available,strong,assumed_room_only,probable_two_person_standard_room,medium,medium,0.36,-0.36,17000,false,inventory_dp_pressure_proxy
booking,名湯リゾート ルーセントタカミヤ,2026-06-24,2026-06-22T16:00:05+09:00,2026-06-23T16:00:06+09:00,24,available,available,13492,15722,2230,0.1653,price_up_available,strong,assumed_room_only,confirmed_two_person_standard_room,high,high,1,1,15722,false,inventory_dp_pressure_proxy
booking,名湯舎 創,2026-06-24,2026-06-22T22:00:06+09:00,2026-06-23T22:00:05+09:00,24,available,available,13487,13523,36,0.0027,noise,noise,assumed_room_only,confirmed_two_person_standard_room,high,high,1,0,13523,false,inventory_dp_pressure_proxy
jalan,たかみや瑠璃倶楽,2026-06-24,,2026-06-15T20:00:05+09:00,,unknown,available,,,,,not_comparable,none,unknown_meal_basis,unknown_room_basis,low,low,0,0,,false,inventory_dp_pressure_proxy
jalan,深山荘 高見屋,2026-06-24,,2026-06-15T18:00:05+09:00,,unknown,available,,,,,not_comparable,none,unknown_meal_basis,unknown_room_basis,low,low,0,0,,false,inventory_dp_pressure_proxy
jalan,蔵王国際ホテル,2026-06-24,,2026-06-15T14:00:05+09:00,,unknown,available,,,,,not_comparable,none,unknown_meal_basis,unknown_room_basis,low,low,0,0,,false,inventory_dp_pressure_proxy
rakuten,名湯リゾート ルーセント,2026-06-24,,2026-06-01T20:58:30+09:00,,unknown,available,,,,,not_comparable,none,unknown_meal_basis,unknown_room_basis,low,low,0,0,,false,inventory_dp_pressure_proxy
rakuten,蔵王国際ホテル,2026-06-24,,2026-06-01T20:58:30+09:00,,unknown,available,,,,,not_comparable,none,unknown_meal_basis,unknown_room_basis,low,low,0,0,,false,inventory_dp_pressure_proxy
booking,HAMMOND,2026-06-25,2026-06-22T02:00:05+09:00,2026-06-24T00:00:06+09:00,46,available,available,15400,15400,0,0,same_price_available,noise,assumed_room_only,confirmed_two_person_standard_room,high,high,1,0,15400,false,inventory_dp_pressure_proxy
booking,JURIN,2026-06-25,2026-06-16T22:00:06+09:00,2026-06-17T22:00:06+09:00,24,available,available,19925,,50,0.0025,noise,noise,assumed_room_only,probable_two_person_standard_room,medium,medium,0.36,0,19975,false,inventory_dp_pressure_proxy
booking,ＫＫＲ蔵王 白銀荘,2026-06-25,2026-06-23T14:00:05+09:00,2026-06-24T14:00:06+09:00,24,available,available,39400,39400,0,0,same_price_available,noise,assumed_room_only,probable_two_person_standard_room,medium,medium,0.36,0,39400,false,inventory_dp_pressure_proxy
booking,ONSEN & STAY OAKHILL,2026-06-25,2026-06-23T00:00:01+09:00,2026-06-24T02:00:06+09:00,26,available,available,,,,,unknown,none,assumed_room_only,probable_two_person_standard_room,medium,medium,0.36,0,22000,false,inventory_dp_pressure_proxy
booking,おおみや旅館,2026-06-25,2026-06-23T20:00:05+09:00,2026-06-24T20:00:06+09:00,24,available,available,26400,22440,-3960,-0.15,price_down_available,strong,assumed_room_only,probable_two_person_standard_room,medium,medium,0.36,-0.36,22440,false,inventory_dp_pressure_proxy
booking,ペンションぷうたろう,2026-06-25,,2026-06-23T02:00:06+09:00,,unknown,available,,20900,,,unknown,none,assumed_room_only,probable_two_person_standard_room,medium,medium,0.36,0,20900,false,inventory_dp_pressure_proxy
booking,ホテル松金屋アネックス,2026-06-25,2026-06-23T22:00:05+09:00,2026-06-24T22:00:06+09:00,24,available,available,20900,34000,13100,0.6268,price_up_available,strong,assumed_room_only,probable_two_person_standard_room,medium,medium,0.36,0.36,34000,false,inventory_dp_pressure_proxy
booking,ル・ベール蔵王,2026-06-25,2026-06-23T16:00:06+09:00,2026-06-24T16:00:05+09:00,24,available,available,25049,24804,-245,-0.0098,noise,noise,assumed_room_only,confirmed_two_person_standard_room,high,high,1,0,24804,false,inventory_dp_pressure_proxy
booking,ロッジまつぽっくり,2026-06-25,2026-06-16T16:00:06+09:00,2026-06-17T20:00:06+09:00,28,available,available,15000,,0,0,same_price_available,noise,assumed_room_only,probable_two_person_standard_room,medium,medium,0.36,0,15000,false,inventory_dp_pressure_proxy
booking,吉田屋,2026-06-25,2026-06-23T04:00:06+09:00,2026-06-24T04:00:01+09:00,24,available,available,18700,18700,0,0,same_price_available,noise,assumed_room_only,probable_two_person_standard_room,medium,medium,0.36,0,18700,false,inventory_dp_pressure_proxy
booking,名湯リゾート ルーセントタカミヤ,2026-06-25,2026-06-23T18:00:05+09:00,2026-06-24T18:00:06+09:00,24,available,available,14814,27500,12686,0.8564,price_up_available,strong,assumed_room_only,confirmed_two_person_standard_room,high,high,1,1,27500,false,inventory_dp_pressure_proxy
booking,名湯舎 創,2026-06-25,2026-06-23T08:00:06+09:00,2026-06-24T08:00:05+09:00,24,available,available,13507,17091,3584,0.2653,price_up_available,strong,assumed_room_only,confirmed_two_person_standard_room,high,high,1,1,17091,false,inventory_dp_pressure_proxy
rakuten,名湯リゾート ルーセント,2026-06-25,,2026-06-01T20:58:30+09:00,,unknown,sold_out,,,,,not_comparable,none,unknown_meal_basis,unknown_room_basis,low,low,0,0,,false,inventory_dp_pressure_proxy
rakuten,蔵王国際ホテル,2026-06-25,,2026-06-01T20:58:30+09:00,,unknown,sold_out,,,,,not_comparable,none,unknown_meal_basis,unknown_room_basis,low,low,0,0,,false,inventory_dp_pressure_proxy
booking,HAMMOND,2026-06-26,2026-06-16T14:00:06+09:00,2026-06-23T02:00:06+09:00,156,available,available,10342,15400,5058,0.4891,price_up_available,strong,assumed_room_only,probable_two_person_standard_room,medium,medium,0.36,0.36,15400,false,inventory_dp_pressure_proxy
booking,JURIN,2026-06-26,2026-06-16T16:00:06+09:00,2026-06-17T16:00:05+09:00,24,available,available,23432,,17268,0.7369,price_up_available,strong,assumed_room_only,probable_two_person_standard_room,medium,medium,0.36,0.36,40700,false,inventory_dp_pressure_proxy
booking,ＫＫＲ蔵王 白銀荘,2026-06-26,2026-06-24T10:00:06+09:00,2026-06-25T10:00:06+09:00,24,available,available,23700,23700,0,0,same_price_available,noise,assumed_room_only,confirmed_two_person_standard_room,high,high,1,0,23700,false,inventory_dp_pressure_proxy
booking,ONSEN & STAY OAKHILL,2026-06-26,2026-06-24T00:00:06+09:00,2026-06-25T02:00:06+09:00,26,available,available,,,,,not_comparable,none,assumed_room_only,excluded_single_room,low,low,0,0,,false,inventory_dp_pressure_proxy
booking,おおみや旅館,2026-06-26,2026-06-24T22:00:06+09:00,2026-06-25T22:00:05+09:00,24,available,available,17778,16015,-1763,-0.0992,price_down_available,strong,assumed_room_only,confirmed_two_person_standard_room,high,high,1,-1,16015,false,inventory_dp_pressure_proxy
booking,ペンションぷうたろう,2026-06-26,2026-06-19T22:00:05+09:00,2026-06-24T02:00:06+09:00,100,available,available,,20900,,,unknown,none,assumed_room_only,probable_two_person_standard_room,medium,medium,0.36,0,20900,false,inventory_dp_pressure_proxy
booking,ホテル松金屋アネックス,2026-06-26,2026-06-24T14:00:06+09:00,2026-06-25T14:00:06+09:00,24,available,available,20900,20900,0,0,same_price_available,noise,assumed_room_only,probable_two_person_standard_room,medium,medium,0.36,0,20900,false,inventory_dp_pressure_proxy
booking,ル・ベール蔵王,2026-06-26,2026-06-24T16:00:05+09:00,2026-06-25T16:00:06+09:00,24,available,available,24224,24229,5,0.0002,noise,noise,assumed_room_only,confirmed_two_person_standard_room,high,high,1,0,24229,false,inventory_dp_pressure_proxy
booking,ロッジまつぽっくり,2026-06-26,2026-06-16T08:00:05+09:00,2026-06-17T12:00:06+09:00,28,available,available,15000,,0,0,same_price_available,noise,assumed_room_only,probable_two_person_standard_room,medium,medium,0.36,0,15000,false,inventory_dp_pressure_proxy
booking,吉田屋,2026-06-26,2026-06-24T06:00:06+09:00,2026-06-25T06:00:06+09:00,24,available,available,18700,18700,0,0,same_price_available,noise,assumed_room_only,probable_two_person_standard_room,medium,medium,0.36,0,18700,false,inventory_dp_pressure_proxy
booking,名湯リゾート ルーセントタカミヤ,2026-06-26,2026-06-24T18:00:06+09:00,2026-06-25T18:00:06+09:00,24,available,available,20795,33000,12205,0.5869,price_up_available,strong,assumed_room_only,confirmed_two_person_standard_room,high,high,1,1,33000,false,inventory_dp_pressure_proxy
booking,名湯舎 創,2026-06-26,2026-06-24T12:00:06+09:00,2026-06-25T12:00:05+09:00,24,available,available,31900,31900,0,0,same_price_available,noise,assumed_room_only,confirmed_two_person_standard_room,high,high,1,0,31900,false,inventory_dp_pressure_proxy
jalan,たかみや瑠璃倶楽,2026-06-26,2026-06-14T08:00:06+09:00,2026-06-15T20:00:05+09:00,36,available,available,,,,,not_comparable,none,unknown_meal_basis,unknown_room_basis,low,low,0,0,,false,inventory_dp_pressure_proxy
jalan,ペンション木いちご,2026-06-26,,2026-06-14T22:00:06+09:00,,unknown,available,,,,,not_comparable,none,unknown_meal_basis,unknown_room_basis,low,low,0,0,,false,inventory_dp_pressure_proxy
jalan,吉田屋,2026-06-26,,2026-06-14T20:00:06+09:00,,unknown,available,,,,,not_comparable,none,unknown_meal_basis,unknown_room_basis,low,low,0,0,,false,inventory_dp_pressure_proxy
jalan,深山荘 高見屋,2026-06-26,,2026-06-14T10:00:06+09:00,,unknown,available,,,,,not_comparable,none,unknown_meal_basis,unknown_room_basis,low,low,0,0,,false,inventory_dp_pressure_proxy
jalan,蔵王四季のホテル,2026-06-26,,2026-06-14T12:00:06+09:00,,unknown,available,,,,,not_comparable,none,unknown_meal_basis,unknown_room_basis,low,low,0,0,,false,inventory_dp_pressure_proxy
jalan,蔵王国際ホテル,2026-06-26,2026-06-14T01:16:12+09:00,2026-06-15T18:00:05+09:00,40.73,available,available,,,,,not_comparable,none,unknown_meal_basis,unknown_room_basis,low,low,0,0,,false,inventory_dp_pressure_proxy
rakuten,名湯リゾート ルーセント,2026-06-26,,2026-06-01T20:58:30+09:00,,unknown,sold_out,,,,,not_comparable,none,unknown_meal_basis,unknown_room_basis,low,low,0,0,,false,inventory_dp_pressure_proxy
rakuten,蔵王国際ホテル,2026-06-26,,2026-06-01T20:58:30+09:00,,unknown,available,,,,,not_comparable,none,unknown_meal_basis,unknown_room_basis,low,low,0,0,,false,inventory_dp_pressure_proxy
booking,HAMMOND,2026-06-27,2026-06-16T14:00:06+09:00,2026-06-21T08:00:06+09:00,114,available,available,16879,24200,7321,0.4337,price_up_available,strong,assumed_room_only,probable_two_person_standard_room,medium,medium,0.36,0.36,24200,false,inventory_dp_pressure_proxy
booking,JURIN,2026-06-27,2026-06-25T06:00:06+09:00,2026-06-26T06:00:06+09:00,24,available,available,49500,49500,0,0,same_price_available,noise,assumed_room_only,confirmed_two_person_standard_room,high,high,1,0,49500,false,inventory_dp_pressure_proxy
booking,ＫＫＲ蔵王 白銀荘,2026-06-27,2026-06-25T08:00:06+09:00,2026-06-26T08:00:06+09:00,24,available,available,9025,26400,17375,1.9252,price_up_available,strong,assumed_room_only,probable_two_person_standard_room,medium,medium,0.36,0.36,26400,false,inventory_dp_pressure_proxy
booking,ONSEN & STAY OAKHILL,2026-06-27,2026-06-23T08:00:06+09:00,2026-06-26T02:00:05+09:00,66,available,available,,35200,,,unknown,none,assumed_room_only,confirmed_two_person_standard_room,high,high,1,0,35200,false,inventory_dp_pressure_proxy
booking,おおみや旅館,2026-06-27,2026-06-23T18:00:05+09:00,2026-06-24T18:00:06+09:00,24,available,available,27720,,-2661,-0.096,price_down_available,strong,assumed_room_only,confirmed_two_person_standard_room,high,high,1,-1,25059,false,inventory_dp_pressure_proxy
booking,ペンションぷうたろう,2026-06-27,2026-06-20T16:00:01+09:00,2026-06-22T08:00:06+09:00,40,available,available,20900,20900,0,0,same_price_available,noise,assumed_room_only,probable_two_person_standard_room,medium,medium,0.36,0,20900,false,inventory_dp_pressure_proxy
booking,ペンション木いちご,2026-06-27,,2026-06-20T18:00:05+09:00,,unknown,available,,16600,,,unknown,none,assumed_room_only,confirmed_two_person_standard_room,high,high,1,0,16600,false,inventory_dp_pressure_proxy
booking,ホテル松金屋アネックス,2026-06-27,2026-06-16T22:00:06+09:00,2026-06-17T22:00:06+09:00,24,available,available,99703,,-5609,-0.0563,price_down_available,strong,assumed_room_only,probable_two_person_standard_room,medium,medium,0.36,-0.36,94094,false,inventory_dp_pressure_proxy
booking,ル・ベール蔵王,2026-06-27,2026-06-25T12:00:05+09:00,2026-06-26T12:00:00+09:00,24,available,available,26201,36000,9799,0.374,price_up_available,strong,assumed_room_only,confirmed_two_person_standard_room,high,high,1,1,36000,false,inventory_dp_pressure_proxy
booking,ロッジまつぽっくり,2026-06-27,2026-06-25T22:00:05+09:00,2026-06-26T22:00:05+09:00,24,available,available,,,,,unknown,none,assumed_room_only,probable_two_person_standard_room,medium,medium,0.36,0,15000,false,inventory_dp_pressure_proxy
booking,吉田屋,2026-06-27,2026-06-25T04:00:01+09:00,2026-06-26T04:00:06+09:00,24,available,available,30800,30800,0,0,same_price_available,noise,assumed_room_only,probable_two_person_standard_room,medium,medium,0.36,0,30800,false,inventory_dp_pressure_proxy
booking,名湯リゾート ルーセントタカミヤ,2026-06-27,2026-06-25T20:00:05+09:00,2026-06-26T20:00:06+09:00,24,available,available,96800,96800,0,0,same_price_available,noise,assumed_room_only,probable_two_person_standard_room,medium,medium,0.36,0,96800,false,inventory_dp_pressure_proxy
booking,名湯舎 創,2026-06-27,2026-06-25T16:00:06+09:00,2026-06-26T16:00:06+09:00,24,available,available,28600,28600,0,0,same_price_available,noise,assumed_room_only,probable_two_person_standard_room,medium,medium,0.36,0,28600,false,inventory_dp_pressure_proxy
booking,深山荘 高見屋,2026-06-27,,2026-06-13T09:00:06+09:00,,unknown,available,,45012,,,unknown,none,assumed_room_only,probable_two_person_standard_room,medium,medium,0.36,0,45012,false,inventory_dp_pressure_proxy
booking,蔵王四季のホテル,2026-06-27,,2026-06-13T09:00:06+09:00,,unknown,available,,36960,,,unknown,none,assumed_room_only,probable_two_person_standard_room,medium,medium,0.36,0,36960,false,inventory_dp_pressure_proxy
booking,蔵王国際ホテル,2026-06-27,,2026-06-13T09:00:06+09:00,,unknown,available,,38280,,,unknown,none,assumed_room_only,probable_two_person_standard_room,medium,medium,0.36,0,38280,false,inventory_dp_pressure_proxy
jalan,HAMMOND,2026-06-27,,2026-06-13T09:00:05+09:00,,unknown,available,,,,,not_comparable,none,unknown_meal_basis,unknown_room_basis,low,low,0,0,,false,inventory_dp_pressure_proxy
jalan,JURIN,2026-06-27,,2026-06-13T09:00:05+09:00,,unknown,available,,,,,not_comparable,none,unknown_meal_basis,unknown_room_basis,low,low,0,0,,false,inventory_dp_pressure_proxy
jalan,たかみや瑠璃倶楽,2026-06-27,,2026-06-14T14:00:06+09:00,,unknown,available,,,,,not_comparable,none,unknown_meal_basis,unknown_room_basis,low,low,0,0,,false,inventory_dp_pressure_proxy
jalan,ペンション木いちご,2026-06-27,,2026-06-15T00:00:02+09:00,,unknown,available,,,,,not_comparable,none,unknown_meal_basis,unknown_room_basis,low,low,0,0,,false,inventory_dp_pressure_proxy
jalan,ル・ベール蔵王,2026-06-27,,2026-06-13T09:00:05+09:00,,unknown,available,,,,,not_comparable,none,unknown_meal_basis,unknown_room_basis,low,low,0,0,,false,inventory_dp_pressure_proxy
jalan,吉田屋,2026-06-27,,2026-06-13T09:00:05+09:00,,unknown,available,,,,,not_comparable,none,unknown_meal_basis,unknown_room_basis,low,low,0,0,,false,inventory_dp_pressure_proxy
jalan,深山荘 高見屋,2026-06-27,,2026-06-14T12:00:06+09:00,,unknown,available,,,,,not_comparable,none,unknown_meal_basis,unknown_room_basis,low,low,0,0,,false,inventory_dp_pressure_proxy
jalan,蔵王四季のホテル,2026-06-27,2026-06-14T18:00:06+09:00,2026-06-15T20:00:05+09:00,26,available,available,,,,,not_comparable,none,unknown_meal_basis,unknown_room_basis,low,low,0,0,,false,inventory_dp_pressure_proxy
jalan,蔵王国際ホテル,2026-06-27,2026-06-14T06:00:06+09:00,2026-06-15T18:00:05+09:00,36,available,available,,,,,not_comparable,none,unknown_meal_basis,unknown_room_basis,low,low,0,0,,false,inventory_dp_pressure_proxy
rakuten,名湯リゾート ルーセント,2026-06-27,,2026-06-01T20:58:30+09:00,,unknown,sold_out,,,,,not_comparable,none,unknown_meal_basis,unknown_room_basis,low,low,0,0,,false,inventory_dp_pressure_proxy
rakuten,蔵王国際ホテル,2026-06-27,,2026-06-01T20:58:30+09:00,,unknown,sold_out,,,,,not_comparable,none,unknown_meal_basis,unknown_room_basis,low,low,0,0,,false,inventory_dp_pressure_proxy
booking,HAMMOND,2026-06-28,2026-06-23T04:00:06+09:00,2026-06-24T04:00:01+09:00,24,available,available,10487,14245,3758,0.3583,price_up_available,strong,assumed_room_only,confirmed_two_person_standard_room,high,high,1,1,14245,false,inventory_dp_pressure_proxy
booking,JURIN,2026-06-28,2026-06-20T02:00:05+09:00,2026-06-21T02:00:06+09:00,24,available,available,29834,,10866,0.3642,price_up_available,strong,assumed_room_only,confirmed_two_person_standard_room,high,high,1,1,40700,false,inventory_dp_pressure_proxy
booking,ＫＫＲ蔵王 白銀荘,2026-06-28,2026-06-26T06:00:06+09:00,2026-06-27T06:00:06+09:00,24,available,available,19700,19700,0,0,same_price_available,noise,assumed_room_only,probable_two_person_standard_room,medium,medium,0.36,0,19700,false,inventory_dp_pressure_proxy
booking,ONSEN & STAY OAKHILL,2026-06-28,2026-06-25T08:00:06+09:00,2026-06-27T02:00:05+09:00,42,available,available,,,,,not_comparable,none,assumed_room_only,excluded_single_room,low,low,0,0,,false,inventory_dp_pressure_proxy
booking,おおみや旅館,2026-06-28,2026-06-24T06:00:06+09:00,2026-06-26T08:00:06+09:00,50,available,available,17751,,3116,0.1755,price_up_available,strong,assumed_room_only,confirmed_two_person_standard_room,high,high,1,1,20867,false,inventory_dp_pressure_proxy
booking,ペンションぷうたろう,2026-06-28,,2026-06-16T18:00:06+09:00,,unknown,available,,20900,,,unknown,none,assumed_room_only,probable_two_person_standard_room,medium,medium,0.36,0,20900,false,inventory_dp_pressure_proxy
booking,ペンション木いちご,2026-06-28,,2026-06-16T20:00:06+09:00,,unknown,available,,14600,,,unknown,none,assumed_room_only,probable_two_person_standard_room,medium,medium,0.36,0,14600,false,inventory_dp_pressure_proxy
booking,ホテル松金屋アネックス,2026-06-28,2026-06-26T22:00:05+09:00,2026-06-27T22:00:05+09:00,24,available,available,37180,37180,0,0,same_price_available,noise,assumed_room_only,confirmed_two_person_standard_room,high,high,1,0,37180,false,inventory_dp_pressure_proxy
booking,ル・ベール蔵王,2026-06-28,2026-06-26T18:00:06+09:00,2026-06-27T18:00:01+09:00,24,available,available,24225,34000,9775,0.4035,price_up_available,strong,assumed_room_only,confirmed_two_person_standard_room,high,high,1,1,34000,false,inventory_dp_pressure_proxy
booking,ロッジまつぽっくり,2026-06-28,2026-06-16T08:00:05+09:00,2026-06-17T08:00:05+09:00,24,available,available,15000,,0,0,same_price_available,noise,assumed_room_only,probable_two_person_standard_room,medium,medium,0.36,0,15000,false,inventory_dp_pressure_proxy
booking,吉田屋,2026-06-28,2026-06-26T10:00:06+09:00,2026-06-27T10:00:05+09:00,24,available,available,18700,26400,7700,0.4118,price_up_available,strong,assumed_room_only,probable_two_person_standard_room,medium,medium,0.36,0.36,26400,false,inventory_dp_pressure_proxy
booking,名湯リゾート ルーセントタカミヤ,2026-06-28,2026-06-26T14:00:05+09:00,2026-06-27T14:00:06+09:00,24,available,available,23000,23000,0,0,same_price_available,noise,assumed_room_only,probable_two_person_standard_room,medium,medium,0.36,0,23000,false,inventory_dp_pressure_proxy
booking,名湯舎 創,2026-06-28,2026-06-22T16:00:05+09:00,2026-06-27T16:00:06+09:00,120,available,available,31900,47300,15400,0.4828,price_up_available,strong,assumed_room_only,confirmed_two_person_standard_room,high,high,1,1,47300,false,inventory_dp_pressure_proxy
booking,深山荘 高見屋,2026-06-28,,2026-06-04T16:16:23+09:00,,unknown,available,,,,,not_comparable,none,assumed_room_only,unknown_room_basis,low,low,0,0,,false,inventory_dp_pressure_proxy
booking,蔵王四季のホテル,2026-06-28,,2026-06-04T16:16:23+09:00,,unknown,available,,34840,,,unknown,none,assumed_room_only,probable_two_person_standard_room,medium,medium,0.36,0,34840,false,inventory_dp_pressure_proxy
booking,蔵王国際ホテル,2026-06-28,,2026-06-04T16:16:23+09:00,,unknown,available,,35940,,,unknown,none,assumed_room_only,probable_two_person_standard_room,medium,medium,0.36,0,35940,false,inventory_dp_pressure_proxy
jalan,たかみや瑠璃倶楽,2026-06-28,,2026-06-14T16:00:05+09:00,,unknown,available,,,,,not_comparable,none,unknown_meal_basis,unknown_room_basis,low,low,0,0,,false,inventory_dp_pressure_proxy
jalan,ペンション木いちご,2026-06-28,,2026-06-15T00:00:02+09:00,,unknown,available,,,,,not_comparable,none,unknown_meal_basis,unknown_room_basis,low,low,0,0,,false,inventory_dp_pressure_proxy
jalan,深山荘 高見屋,2026-06-28,,2026-06-14T18:00:06+09:00,,unknown,available,,,,,not_comparable,none,unknown_meal_basis,unknown_room_basis,low,low,0,0,,false,inventory_dp_pressure_proxy
jalan,蔵王四季のホテル,2026-06-28,,2026-06-14T20:00:06+09:00,,unknown,sold_out,,,,,not_comparable,none,unknown_meal_basis,unknown_room_basis,low,low,0,0,,false,inventory_dp_pressure_proxy
jalan,蔵王国際ホテル,2026-06-28,2026-06-14T14:00:06+09:00,2026-06-15T20:00:05+09:00,30,sold_out,sold_out,,,,,not_comparable,none,unknown_meal_basis,unknown_room_basis,low,low,0,0,,false,inventory_dp_pressure_proxy
rakuten,名湯リゾート ルーセント,2026-06-28,,2026-06-01T20:58:30+09:00,,unknown,sold_out,,,,,not_comparable,none,unknown_meal_basis,unknown_room_basis,low,low,0,0,,false,inventory_dp_pressure_proxy
rakuten,蔵王国際ホテル,2026-06-28,,2026-06-01T20:58:30+09:00,,unknown,available,,,,,not_comparable,none,unknown_meal_basis,unknown_room_basis,low,low,0,0,,false,inventory_dp_pressure_proxy
booking,HAMMOND,2026-06-29,2026-06-21T10:00:06+09:00,2026-06-22T10:00:05+09:00,24,available,available,21864,12814,-9050,-0.4139,price_down_available,strong,assumed_room_only,probable_two_person_standard_room,medium,medium,0.36,-0.36,12814,false,inventory_dp_pressure_proxy
booking,JURIN,2026-06-29,2026-06-27T10:00:05+09:00,2026-06-28T10:00:05+09:00,24,available,available,,,,,unknown,none,assumed_room_only,probable_two_person_standard_room,medium,medium,0.36,0,36300,false,inventory_dp_pressure_proxy
booking,ＫＫＲ蔵王 白銀荘,2026-06-29,2026-06-27T04:00:06+09:00,2026-06-28T04:00:06+09:00,24,available,available,19700,19700,0,0,same_price_available,noise,assumed_room_only,probable_two_person_standard_room,medium,medium,0.36,0,19700,false,inventory_dp_pressure_proxy
booking,ONSEN & STAY OAKHILL,2026-06-29,2026-06-23T14:00:05+09:00,2026-06-28T02:00:05+09:00,108,available,available,,25300,,,unknown,none,assumed_room_only,confirmed_two_person_standard_room,high,high,1,0,25300,false,inventory_dp_pressure_proxy
booking,おおみや旅館,2026-06-29,2026-06-27T06:00:06+09:00,2026-06-28T06:00:05+09:00,24,available,available,26400,26400,0,0,same_price_available,noise,assumed_room_only,confirmed_two_person_standard_room,high,high,1,0,26400,false,inventory_dp_pressure_proxy
booking,ペンションぷうたろう,2026-06-29,2026-06-19T22:00:05+09:00,2026-06-23T10:00:06+09:00,84,available,available,,20900,,,unknown,none,assumed_room_only,probable_two_person_standard_room,medium,medium,0.36,0,20900,false,inventory_dp_pressure_proxy
booking,ペンション木いちご,2026-06-29,,2026-06-16T20:00:06+09:00,,unknown,available,,14600,,,unknown,none,assumed_room_only,probable_two_person_standard_room,medium,medium,0.36,0,14600,false,inventory_dp_pressure_proxy
booking,ホテル松金屋アネックス,2026-06-29,2026-06-27T18:00:01+09:00,2026-06-28T18:00:05+09:00,24,available,available,33800,33800,0,0,same_price_available,noise,assumed_room_only,probable_two_person_standard_room,medium,medium,0.36,0,33800,false,inventory_dp_pressure_proxy
booking,ル・ベール蔵王,2026-06-29,2026-06-27T14:00:06+09:00,2026-06-28T14:00:06+09:00,24,available,available,25024,25087,63,0.0025,noise,noise,assumed_room_only,confirmed_two_person_standard_room,high,high,1,0,25087,false,inventory_dp_pressure_proxy
booking,ロッジまつぽっくり,2026-06-29,2026-06-27T22:00:05+09:00,2026-06-28T22:00:05+09:00,24,available,available,,,,,unknown,none,assumed_room_only,probable_two_person_standard_room,medium,medium,0.36,0,15000,false,inventory_dp_pressure_proxy
booking,吉田屋,2026-06-29,2026-06-27T12:00:06+09:00,2026-06-28T12:00:05+09:00,24,available,available,18700,26400,7700,0.4118,price_up_available,strong,assumed_room_only,probable_two_person_standard_room,medium,medium,0.36,0.36,26400,false,inventory_dp_pressure_proxy
booking,名湯リゾート ルーセントタカミヤ,2026-06-29,2026-06-27T16:00:06+09:00,2026-06-28T16:00:06+09:00,24,available,available,13523,25300,11777,0.8709,price_up_available,strong,assumed_room_only,confirmed_two_person_standard_room,high,high,1,1,25300,false,inventory_dp_pressure_proxy
booking,名湯舎 創,2026-06-29,2026-06-26T20:00:06+09:00,2026-06-27T20:00:06+09:00,24,available,available,25300,,0,0,same_price_available,noise,assumed_room_only,probable_two_person_standard_room,medium,medium,0.36,0,25300,false,inventory_dp_pressure_proxy
rakuten,名湯リゾート ルーセント,2026-06-29,,2026-06-01T20:58:30+09:00,,unknown,available,,,,,not_comparable,none,unknown_meal_basis,unknown_room_basis,low,low,0,0,,false,inventory_dp_pressure_proxy
rakuten,蔵王国際ホテル,2026-06-29,,2026-06-01T20:58:30+09:00,,unknown,available,,,,,not_comparable,none,unknown_meal_basis,unknown_room_basis,low,low,0,0,,false,inventory_dp_pressure_proxy
booking,HAMMOND,2026-06-30,,2026-06-28T02:00:05+09:00,,unknown,available,,14245,,,unknown,none,assumed_room_only,confirmed_two_person_standard_room,high,high,1,0,14245,false,inventory_dp_pressure_proxy
booking,JURIN,2026-06-30,2026-06-16T00:00:02+09:00,2026-06-17T02:00:06+09:00,26,available,available,19950,,1975,0.099,price_up_available,strong,assumed_room_only,probable_two_person_standard_room,medium,medium,0.36,0.36,21925,false,inventory_dp_pressure_proxy
booking,ＫＫＲ蔵王 白銀荘,2026-06-30,2026-06-28T06:00:05+09:00,2026-06-29T06:00:06+09:00,24,available,available,19700,19700,0,0,same_price_available,noise,assumed_room_only,probable_two_person_standard_room,medium,medium,0.36,0,19700,false,inventory_dp_pressure_proxy
booking,ONSEN & STAY OAKHILL,2026-06-30,2026-06-25T04:00:01+09:00,2026-06-29T00:00:06+09:00,92,available,available,,25300,,,unknown,none,assumed_room_only,confirmed_two_person_standard_room,high,high,1,0,25300,false,inventory_dp_pressure_proxy
booking,おおみや旅館,2026-06-30,2026-06-28T08:00:06+09:00,2026-06-29T08:00:05+09:00,24,available,available,26400,26400,0,0,same_price_available,noise,assumed_room_only,confirmed_two_person_standard_room,high,high,1,0,26400,false,inventory_dp_pressure_proxy
booking,ペンションぷうたろう,2026-06-30,2026-06-24T04:00:01+09:00,2026-06-29T02:00:06+09:00,118,available,available,20900,17100,-3800,-0.1818,price_down_available,strong,assumed_room_only,probable_two_person_standard_room,medium,medium,0.36,-0.36,17100,false,inventory_dp_pressure_proxy
booking,ホテル松金屋アネックス,2026-06-30,2026-06-28T20:00:05+09:00,2026-06-29T20:00:06+09:00,24,available,available,37180,37180,0,0,same_price_available,noise,assumed_room_only,confirmed_two_person_standard_room,high,high,1,0,37180,false,inventory_dp_pressure_proxy
booking,ル・ベール蔵王,2026-06-30,2026-06-28T04:00:06+09:00,2026-06-29T04:00:05+09:00,24,available,available,24456,24726,270,0.011,noise,noise,assumed_room_only,confirmed_two_person_standard_room,high,high,1,0,24726,false,inventory_dp_pressure_proxy
booking,ロッジスガノ,2026-06-30,,2026-06-16T20:00:06+09:00,,unknown,available,,16240,,,unknown,none,assumed_room_only,probable_two_person_standard_room,medium,medium,0.36,0,16240,false,inventory_dp_pressure_proxy
booking,ロッジまつぽっくり,2026-06-30,2026-06-16T10:00:06+09:00,2026-06-17T10:00:05+09:00,24,available,available,15000,,0,0,same_price_available,noise,assumed_room_only,probable_two_person_standard_room,medium,medium,0.36,0,15000,false,inventory_dp_pressure_proxy
booking,吉田屋,2026-06-30,2026-06-28T14:00:06+09:00,2026-06-29T14:00:05+09:00,24,available,available,18700,26400,7700,0.4118,price_up_available,strong,assumed_room_only,probable_two_person_standard_room,medium,medium,0.36,0.36,26400,false,inventory_dp_pressure_proxy
booking,名湯リゾート ルーセントタカミヤ,2026-06-30,2026-06-28T10:00:05+09:00,2026-06-29T10:00:05+09:00,24,available,available,25300,13519,-11781,-0.4657,price_down_available,strong,assumed_room_only,confirmed_two_person_standard_room,high,high,1,-1,13519,false,inventory_dp_pressure_proxy
booking,名湯舎 創,2026-06-30,2026-06-28T22:00:05+09:00,2026-06-29T22:00:06+09:00,24,available,available,25300,15546,-9754,-0.3855,price_down_available,strong,assumed_room_only,confirmed_two_person_standard_room,high,high,1,-1,15546,false,inventory_dp_pressure_proxy
rakuten,名湯リゾート ルーセント,2026-06-30,,2026-06-01T20:58:30+09:00,,unknown,available,,,,,not_comparable,none,unknown_meal_basis,unknown_room_basis,low,low,0,0,,false,inventory_dp_pressure_proxy
rakuten,蔵王国際ホテル,2026-06-30,,2026-06-01T20:58:30+09:00,,unknown,available,,,,,not_comparable,none,unknown_meal_basis,unknown_room_basis,low,low,0,0,,false,inventory_dp_pressure_proxy
booking,HAMMOND,2026-07-01,2026-06-23T06:00:05+09:00,2026-06-26T08:00:06+09:00,74,available,available,15400,14245,-1155,-0.075,price_down_available,strong,assumed_room_only,confirmed_two_person_standard_room,high,high,1,-1,14245,false,inventory_dp_pressure_proxy
booking,JURIN,2026-07-01,2026-06-17T06:00:06+09:00,2026-06-30T18:00:06+09:00,324,available,available,19918,36300,16382,0.8225,price_up_available,strong,assumed_room_only,confirmed_two_person_standard_room,high,high,1,1,36300,false,inventory_dp_pressure_proxy
booking,ＫＫＲ蔵王 白銀荘,2026-07-01,2026-06-29T04:00:05+09:00,2026-06-30T04:00:06+09:00,24,available,available,19700,19700,0,0,same_price_available,noise,assumed_room_only,probable_two_person_standard_room,medium,medium,0.36,0,19700,false,inventory_dp_pressure_proxy
booking,ONSEN & STAY OAKHILL,2026-07-01,2026-06-28T08:00:06+09:00,2026-06-30T02:00:06+09:00,42,available,available,,25300,,,unknown,none,assumed_room_only,confirmed_two_person_standard_room,high,high,1,0,25300,false,inventory_dp_pressure_proxy
booking,おおみや旅館,2026-07-01,2026-06-29T10:00:05+09:00,2026-06-30T10:00:06+09:00,24,available,available,26400,22440,-3960,-0.15,price_down_available,strong,assumed_room_only,probable_two_person_standard_room,medium,medium,0.36,-0.36,22440,false,inventory_dp_pressure_proxy
booking,ペンションぷうたろう,2026-07-01,2026-06-23T20:00:05+09:00,2026-06-27T08:00:06+09:00,84,available,available,20900,20900,0,0,same_price_available,noise,assumed_room_only,probable_two_person_standard_room,medium,medium,0.36,0,20900,false,inventory_dp_pressure_proxy
booking,ホテル松金屋アネックス,2026-07-01,2026-06-29T20:00:06+09:00,2026-06-30T20:00:06+09:00,24,available,available,17100,34000,16900,0.9883,price_up_available,strong,assumed_room_only,probable_two_person_standard_room,medium,medium,0.36,0.36,34000,false,inventory_dp_pressure_proxy
booking,ル・ベール蔵王,2026-07-01,2026-06-29T06:00:06+09:00,2026-06-30T06:00:05+09:00,24,available,available,24868,25701,833,0.0335,price_up_available,meaningful,assumed_room_only,confirmed_two_person_standard_room,high,high,1,1,25701,false,inventory_dp_pressure_proxy
booking,ロッジスガノ,2026-07-01,2026-06-16T20:00:06+09:00,2026-06-20T13:27:38+09:00,89.46,available,available,16240,16240,0,0,same_price_available,noise,assumed_room_only,probable_two_person_standard_room,medium,medium,0.36,0,16240,false,inventory_dp_pressure_proxy
booking,ロッジまつぽっくり,2026-07-01,2026-06-16T10:00:06+09:00,2026-06-17T10:00:05+09:00,24,available,available,15000,,0,0,same_price_available,noise,assumed_room_only,probable_two_person_standard_room,medium,medium,0.36,0,15000,false,inventory_dp_pressure_proxy
booking,吉田屋,2026-07-01,2026-06-29T16:00:05+09:00,2026-06-30T16:00:02+09:00,24,available,available,18700,26400,7700,0.4118,price_up_available,strong,assumed_room_only,probable_two_person_standard_room,medium,medium,0.36,0.36,26400,false,inventory_dp_pressure_proxy
booking,名湯リゾート ルーセントタカミヤ,2026-07-01,2026-06-29T08:00:05+09:00,2026-06-30T08:00:06+09:00,24,available,available,25300,13515,-11785,-0.4658,price_down_available,strong,assumed_room_only,confirmed_two_person_standard_room,high,high,1,-1,13515,false,inventory_dp_pressure_proxy
booking,名湯舎 創,2026-07-01,2026-06-29T22:00:06+09:00,2026-06-30T22:00:05+09:00,24,available,available,25300,25300,0,0,same_price_available,noise,assumed_room_only,confirmed_two_person_standard_room,high,high,1,0,25300,false,inventory_dp_pressure_proxy
rakuten,名湯リゾート ルーセント,2026-07-01,,2026-06-01T20:58:30+09:00,,unknown,available,,,,,not_comparable,none,unknown_meal_basis,unknown_room_basis,low,low,0,0,,false,inventory_dp_pressure_proxy
rakuten,蔵王国際ホテル,2026-07-01,,2026-06-01T20:58:30+09:00,,unknown,available,,,,,not_comparable,none,unknown_meal_basis,unknown_room_basis,low,low,0,0,,false,inventory_dp_pressure_proxy
booking,HAMMOND,2026-07-02,2026-06-20T22:00:06+09:00,2026-06-27T06:00:06+09:00,152,available,available,15400,14245,-1155,-0.075,price_down_available,strong,assumed_room_only,confirmed_two_person_standard_room,high,high,1,-1,14245,false,inventory_dp_pressure_proxy
booking,JURIN,2026-07-02,2026-06-16T12:00:05+09:00,2026-06-17T12:00:06+09:00,24,available,available,22173,,18527,0.8356,price_up_available,strong,assumed_room_only,probable_two_person_standard_room,medium,medium,0.36,0.36,40700,false,inventory_dp_pressure_proxy
booking,ＫＫＲ蔵王 白銀荘,2026-07-02,2026-06-30T14:00:05+09:00,2026-07-01T14:00:05+09:00,24,available,available,19700,19700,0,0,same_price_available,noise,assumed_room_only,probable_two_person_standard_room,medium,medium,0.36,0,19700,false,inventory_dp_pressure_proxy
booking,ONSEN & STAY OAKHILL,2026-07-02,2026-06-28T04:00:06+09:00,2026-07-01T02:00:02+09:00,70,available,available,,,,,unknown,none,assumed_room_only,probable_two_person_standard_room,medium,medium,0.36,0,19800,false,inventory_dp_pressure_proxy
booking,おおみや旅館,2026-07-02,2026-06-30T22:00:05+09:00,2026-07-01T22:00:06+09:00,24,available,available,17554,22440,4886,0.2783,price_up_available,strong,assumed_room_only,probable_two_person_standard_room,medium,medium,0.36,0.36,22440,false,inventory_dp_pressure_proxy
booking,たかみや瑠璃倶楽,2026-07-02,,2026-06-16T20:00:06+09:00,,unknown,available,,14891,,,unknown,none,assumed_room_only,probable_two_person_standard_room,medium,medium,0.36,0,14891,false,inventory_dp_pressure_proxy
booking,ペンションぷうたろう,2026-07-02,2026-06-24T06:00:06+09:00,2026-06-28T06:00:05+09:00,96,available,available,20900,20900,0,0,same_price_available,noise,assumed_room_only,probable_two_person_standard_room,medium,medium,0.36,0,20900,false,inventory_dp_pressure_proxy
booking,ペンション木いちご,2026-07-02,2026-06-19T20:00:05+09:00,2026-06-21T22:00:06+09:00,50,available,available,14600,14600,0,0,same_price_available,noise,assumed_room_only,confirmed_two_person_standard_room,high,high,1,0,14600,false,inventory_dp_pressure_proxy
booking,ホテル松金屋アネックス,2026-07-02,2026-06-30T12:00:05+09:00,2026-07-01T12:00:06+09:00,24,available,available,17100,17100,0,0,same_price_available,noise,assumed_room_only,probable_two_person_standard_room,medium,medium,0.36,0,17100,false,inventory_dp_pressure_proxy
booking,ル・ベール蔵王,2026-07-02,2026-06-30T06:00:05+09:00,2026-07-01T06:00:06+09:00,24,available,available,24726,34000,9274,0.3751,price_up_available,strong,assumed_room_only,confirmed_two_person_standard_room,high,high,1,1,34000,false,inventory_dp_pressure_proxy
booking,ロッジまつぽっくり,2026-07-02,2026-06-16T02:00:06+09:00,2026-06-17T06:00:06+09:00,28,available,available,15000,,0,0,same_price_available,noise,assumed_room_only,probable_two_person_standard_room,medium,medium,0.36,0,15000,false,inventory_dp_pressure_proxy
booking,吉田屋,2026-07-02,2026-06-30T18:00:06+09:00,2026-07-01T18:00:06+09:00,24,available,available,18700,26400,7700,0.4118,price_up_available,strong,assumed_room_only,probable_two_person_standard_room,medium,medium,0.36,0.36,26400,false,inventory_dp_pressure_proxy
booking,名湯リゾート ルーセントタカミヤ,2026-07-02,2026-06-30T08:00:06+09:00,2026-07-01T08:00:05+09:00,24,available,available,13515,13509,-6,-0.0004,noise,noise,assumed_room_only,confirmed_two_person_standard_room,high,high,1,0,13509,false,inventory_dp_pressure_proxy
booking,名湯舎 創,2026-07-02,2026-06-30T04:00:06+09:00,2026-07-01T04:00:06+09:00,24,available,available,25300,25300,0,0,same_price_available,noise,assumed_room_only,probable_two_person_standard_room,medium,medium,0.36,0,25300,false,inventory_dp_pressure_proxy
rakuten,名湯リゾート ルーセント,2026-07-02,,2026-06-01T20:58:30+09:00,,unknown,available,,,,,not_comparable,none,unknown_meal_basis,unknown_room_basis,low,low,0,0,,false,inventory_dp_pressure_proxy
rakuten,蔵王国際ホテル,2026-07-02,,2026-06-01T20:58:30+09:00,,unknown,sold_out,,,,,not_comparable,none,unknown_meal_basis,unknown_room_basis,low,low,0,0,,false,inventory_dp_pressure_proxy
booking,HAMMOND,2026-07-03,2026-06-23T08:00:06+09:00,2026-07-01T02:00:02+09:00,186,available,available,15400,11199,-4201,-0.2728,price_down_available,strong,assumed_room_only,confirmed_two_person_standard_room,high,high,1,-1,11199,false,inventory_dp_pressure_proxy
booking,JURIN,2026-07-03,2026-06-21T20:00:05+09:00,2026-06-24T22:00:06+09:00,74,available,available,40700,,0,0,same_price_available,noise,assumed_room_only,confirmed_two_person_standard_room,high,high,1,0,40700,false,inventory_dp_pressure_proxy
booking,ＫＫＲ蔵王 白銀荘,2026-07-03,2026-07-01T06:00:06+09:00,2026-07-02T06:00:06+09:00,24,available,available,23700,23700,0,0,same_price_available,noise,assumed_room_only,confirmed_two_person_standard_room,high,high,1,0,23700,false,inventory_dp_pressure_proxy
booking,ONSEN & STAY OAKHILL,2026-07-03,2026-06-26T14:00:05+09:00,2026-07-02T00:00:06+09:00,130,available,available,,,,,unknown,none,assumed_room_only,probable_two_person_standard_room,medium,medium,0.36,0,24200,false,inventory_dp_pressure_proxy
booking,おおみや旅館,2026-07-03,2026-07-01T14:00:05+09:00,2026-07-02T14:00:07+09:00,24,available,available,18141,16424,-1717,-0.0946,price_down_available,strong,assumed_room_only,confirmed_two_person_standard_room,high,high,1,-1,16424,false,inventory_dp_pressure_proxy
booking,ペンションぷうたろう,2026-07-03,2026-06-24T08:00:05+09:00,2026-07-02T02:00:06+09:00,186,available,available,20900,16364,-4536,-0.217,price_down_available,strong,assumed_room_only,probable_two_person_standard_room,medium,medium,0.36,-0.36,16364,false,inventory_dp_pressure_proxy
booking,ペンション木いちご,2026-07-03,,2026-06-19T22:00:05+09:00,,unknown,available,,14600,,,unknown,none,assumed_room_only,confirmed_two_person_standard_room,high,high,1,0,14600,false,inventory_dp_pressure_proxy
booking,ホテル松金屋アネックス,2026-07-03,2026-07-01T16:00:05+09:00,2026-07-02T16:00:06+09:00,24,available,available,17000,17000,0,0,same_price_available,noise,assumed_room_only,probable_two_person_standard_room,medium,medium,0.36,0,17000,false,inventory_dp_pressure_proxy
booking,ル・ベール蔵王,2026-07-03,2026-07-01T08:00:05+09:00,2026-07-02T08:00:02+09:00,24,available,available,25227,34000,8773,0.3478,price_up_available,strong,assumed_room_only,confirmed_two_person_standard_room,high,high,1,1,34000,false,inventory_dp_pressure_proxy
booking,ロッジまつぽっくり,2026-07-03,2026-06-16T02:00:06+09:00,2026-06-17T02:00:06+09:00,24,available,available,15000,,0,0,same_price_available,noise,assumed_room_only,probable_two_person_standard_room,medium,medium,0.36,0,15000,false,inventory_dp_pressure_proxy
booking,吉田屋,2026-07-03,2026-07-01T20:00:06+09:00,2026-07-02T20:00:05+09:00,24,available,available,18700,26400,7700,0.4118,price_up_available,strong,assumed_room_only,probable_two_person_standard_room,medium,medium,0.36,0.36,26400,false,inventory_dp_pressure_proxy
booking,名湯リゾート ルーセントタカミヤ,2026-07-03,2026-07-01T04:00:06+09:00,2026-07-02T04:00:06+09:00,24,available,available,27500,14814,-12686,-0.4613,price_down_available,strong,assumed_room_only,confirmed_two_person_standard_room,high,high,1,-1,14814,false,inventory_dp_pressure_proxy
booking,名湯舎 創,2026-07-03,2026-07-01T12:00:06+09:00,2026-07-02T12:00:06+09:00,24,available,unavailable,25300,,,,unknown,none,assumed_room_only,probable_two_person_standard_room,medium,medium,0.36,0,25300,false,inventory_dp_pressure_proxy
rakuten,名湯リゾート ルーセント,2026-07-03,,2026-06-01T20:58:30+09:00,,unknown,available,,,,,not_comparable,none,unknown_meal_basis,unknown_room_basis,low,low,0,0,,false,inventory_dp_pressure_proxy
rakuten,蔵王国際ホテル,2026-07-03,,2026-06-01T20:58:30+09:00,,unknown,available,,,,,not_comparable,none,unknown_meal_basis,unknown_room_basis,low,low,0,0,,false,inventory_dp_pressure_proxy
booking,HAMMOND,2026-07-04,2026-06-15T12:00:05+09:00,2026-06-26T12:00:00+09:00,264,available,available,16202,24200,7998,0.4936,price_up_available,strong,assumed_room_only,probable_two_person_standard_room,medium,medium,0.36,0.36,24200,false,inventory_dp_pressure_proxy
booking,JURIN,2026-07-04,2026-07-02T22:00:06+09:00,2026-07-03T22:00:06+09:00,24,available,available,22000,15000,-7000,-0.3182,price_down_available,strong,assumed_room_only,probable_two_person_standard_room,medium,medium,0.36,-0.36,15000,false,inventory_dp_pressure_proxy
booking,ＫＫＲ蔵王 白銀荘,2026-07-04,2026-07-02T10:00:05+09:00,2026-07-03T10:00:06+09:00,24,available,available,23700,23700,0,0,same_price_available,noise,assumed_room_only,probable_two_person_standard_room,medium,medium,0.36,0,23700,false,inventory_dp_pressure_proxy
booking,ONSEN & STAY OAKHILL,2026-07-04,2026-06-16T00:00:02+09:00,2026-06-17T18:00:06+09:00,42,available,available,22550,,0,0,same_price_available,noise,assumed_room_only,probable_two_person_standard_room,medium,medium,0.36,0,22550,false,inventory_dp_pressure_proxy
booking,おおみや旅館,2026-07-04,2026-07-02T08:00:02+09:00,2026-07-03T08:00:05+09:00,24,available,available,22636,23195,559,0.0247,noise,noise,assumed_room_only,confirmed_two_person_standard_room,high,high,1,0,23195,false,inventory_dp_pressure_proxy
booking,たかみや瑠璃倶楽,2026-07-04,,2026-06-20T18:00:05+09:00,,unknown,available,,34100,,,unknown,none,assumed_room_only,confirmed_two_person_standard_room,high,high,1,0,34100,false,inventory_dp_pressure_proxy
booking,ペンションぷうたろう,2026-07-04,2026-06-24T10:00:06+09:00,2026-06-27T12:00:06+09:00,74,available,available,20900,20900,0,0,same_price_available,noise,assumed_room_only,probable_two_person_standard_room,medium,medium,0.36,0,20900,false,inventory_dp_pressure_proxy
booking,ペンション木いちご,2026-07-04,2026-06-19T22:00:05+09:00,2026-06-20T22:00:06+09:00,24,available,available,16600,16600,0,0,same_price_available,noise,assumed_room_only,confirmed_two_person_standard_room,high,high,1,0,16600,false,inventory_dp_pressure_proxy
booking,ホテル松金屋アネックス,2026-07-04,2026-07-02T14:00:07+09:00,2026-07-03T14:00:06+09:00,24,available,available,37180,37180,0,0,same_price_available,noise,assumed_room_only,confirmed_two_person_standard_room,high,high,1,0,37180,false,inventory_dp_pressure_proxy
booking,ル・ベール蔵王,2026-07-04,2026-07-02T12:00:06+09:00,2026-07-03T12:00:01+09:00,24,available,available,29728,41000,11272,0.3792,price_up_available,strong,assumed_room_only,confirmed_two_person_standard_room,high,high,1,1,41000,false,inventory_dp_pressure_proxy
booking,ロッジスガノ,2026-07-04,,2026-06-20T16:00:01+09:00,,unknown,available,,,,,not_comparable,none,assumed_room_only,excluded_family_or_suite_room,low,low,0,0,,false,inventory_dp_pressure_proxy
booking,ロッジまつぽっくり,2026-07-04,2026-06-16T06:00:06+09:00,2026-06-17T06:00:06+09:00,24,available,available,15000,,0,0,same_price_available,noise,assumed_room_only,probable_two_person_standard_room,medium,medium,0.36,0,15000,false,inventory_dp_pressure_proxy
booking,吉田屋,2026-07-04,2026-07-02T18:00:06+09:00,2026-07-03T18:00:06+09:00,24,available,available,26400,26400,0,0,same_price_available,noise,assumed_room_only,probable_two_person_standard_room,medium,medium,0.36,0,26400,false,inventory_dp_pressure_proxy
booking,名湯リゾート ルーセントタカミヤ,2026-07-04,2026-07-02T04:00:06+09:00,2026-07-03T04:00:08+09:00,24,available,available,29890,29896,6,0.0002,noise,noise,assumed_room_only,confirmed_two_person_standard_room,high,high,1,0,29896,false,inventory_dp_pressure_proxy
booking,名湯舎 創,2026-07-04,2026-07-02T16:00:06+09:00,2026-07-03T16:00:06+09:00,24,available,available,18647,18638,-9,-0.0005,noise,noise,assumed_room_only,confirmed_two_person_standard_room,high,high,1,0,18638,false,inventory_dp_pressure_proxy
booking,深山荘 高見屋,2026-07-04,,2026-06-20T20:00:06+09:00,,unknown,available,,44713,,,unknown,none,assumed_room_only,confirmed_two_person_standard_room,high,high,1,0,44713,false,inventory_dp_pressure_proxy
booking,蔵王温泉 高砂屋旅館,2026-07-04,,2026-06-21T10:00:06+09:00,,unknown,available,,,,,not_comparable,none,assumed_room_only,excluded_family_or_suite_room,low,low,0,0,,false,inventory_dp_pressure_proxy
jalan,たかみや瑠璃倶楽,2026-07-04,2026-06-14T00:51:18+09:00,2026-06-15T14:00:05+09:00,37.15,available,available,,,,,not_comparable,none,unknown_meal_basis,unknown_room_basis,low,low,0,0,,false,inventory_dp_pressure_proxy
jalan,深山荘 高見屋,2026-07-04,,2026-06-14T01:16:12+09:00,,unknown,available,,,,,not_comparable,none,unknown_meal_basis,unknown_room_basis,low,low,0,0,,false,inventory_dp_pressure_proxy
jalan,蔵王国際ホテル,2026-07-04,2026-06-14T00:47:47+09:00,2026-06-15T02:00:06+09:00,25.21,available,available,,,,,not_comparable,none,unknown_meal_basis,unknown_room_basis,low,low,0,0,,false,inventory_dp_pressure_proxy
rakuten,名湯リゾート ルーセント,2026-07-04,,2026-06-01T20:58:30+09:00,,unknown,sold_out,,,,,not_comparable,none,unknown_meal_basis,unknown_room_basis,low,low,0,0,,false,inventory_dp_pressure_proxy
rakuten,蔵王国際ホテル,2026-07-04,,2026-06-01T20:58:30+09:00,,unknown,sold_out,,,,,not_comparable,none,unknown_meal_basis,unknown_room_basis,low,low,0,0,,false,inventory_dp_pressure_proxy
booking,HAMMOND,2026-07-05,2026-06-29T10:00:05+09:00,2026-07-03T02:00:06+09:00,88,available,available,14245,14245,0,0,same_price_available,noise,assumed_room_only,confirmed_two_person_standard_room,high,high,1,0,14245,false,inventory_dp_pressure_proxy
booking,JURIN,2026-07-05,2026-06-26T02:00:05+09:00,2026-07-04T08:00:06+09:00,198,available,available,40700,66000,25300,0.6216,price_up_available,strong,assumed_room_only,confirmed_two_person_standard_room,high,high,1,1,66000,false,inventory_dp_pressure_proxy
booking,ＫＫＲ蔵王 白銀荘,2026-07-05,2026-07-03T12:00:01+09:00,2026-07-04T12:00:06+09:00,24,available,available,25700,25700,0,0,same_price_available,noise,assumed_room_only,confirmed_two_person_standard_room,high,high,1,0,25700,false,inventory_dp_pressure_proxy
booking,ONSEN & STAY OAKHILL,2026-07-05,2026-06-17T16:00:05+09:00,2026-07-04T00:00:05+09:00,392,available,available,19800,25300,5500,0.2778,price_up_available,strong,assumed_room_only,confirmed_two_person_standard_room,high,high,1,1,25300,false,inventory_dp_pressure_proxy
booking,おおみや旅館,2026-07-05,2026-07-03T04:00:08+09:00,2026-07-04T04:00:06+09:00,24,available,available,16203,16375,172,0.0106,noise,noise,assumed_room_only,confirmed_two_person_standard_room,high,high,1,0,16375,false,inventory_dp_pressure_proxy
booking,ペンションぷうたろう,2026-07-05,2026-06-30T10:00:06+09:00,2026-07-04T02:00:05+09:00,88,available,available,18050,19000,950,0.0526,price_up_available,strong,assumed_room_only,probable_two_person_standard_room,medium,medium,0.36,0.36,19000,false,inventory_dp_pressure_proxy
booking,ペンション木いちご,2026-07-05,2026-06-19T20:00:05+09:00,2026-06-21T12:00:05+09:00,40,available,available,14600,14600,0,0,same_price_available,noise,assumed_room_only,confirmed_two_person_standard_room,high,high,1,0,14600,false,inventory_dp_pressure_proxy
booking,ホテル松金屋アネックス,2026-07-05,2026-07-03T16:00:06+09:00,2026-07-04T16:00:06+09:00,24,available,available,18050,18050,0,0,same_price_available,noise,assumed_room_only,probable_two_person_standard_room,medium,medium,0.36,0,18050,false,inventory_dp_pressure_proxy
booking,ル・ベール蔵王,2026-07-05,2026-07-03T14:00:06+09:00,2026-07-04T14:00:05+09:00,24,available,available,34000,25141,-8859,-0.2606,price_down_available,strong,assumed_room_only,confirmed_two_person_standard_room,high,high,1,-1,25141,false,inventory_dp_pressure_proxy
booking,ロッジスガノ,2026-07-05,2026-06-16T14:00:06+09:00,2026-06-19T22:00:05+09:00,80,available,available,15000,,,,unknown,none,assumed_room_only,probable_two_person_standard_room,medium,medium,0.36,0,15000,false,inventory_dp_pressure_proxy
booking,ロッジまつぽっくり,2026-07-05,2026-06-16T06:00:06+09:00,2026-06-17T12:00:06+09:00,30,available,available,15000,,0,0,same_price_available,noise,assumed_room_only,probable_two_person_standard_room,medium,medium,0.36,0,15000,false,inventory_dp_pressure_proxy
booking,吉田屋,2026-07-05,2026-07-03T06:00:06+09:00,2026-07-04T06:00:06+09:00,24,available,available,17000,17000,0,0,same_price_available,noise,assumed_room_only,probable_two_person_standard_room,medium,medium,0.36,0,17000,false,inventory_dp_pressure_proxy
booking,名湯リゾート ルーセントタカミヤ,2026-07-05,2026-07-03T20:00:06+09:00,2026-07-04T20:00:05+09:00,24,available,available,31900,31900,0,0,same_price_available,noise,assumed_room_only,probable_two_person_standard_room,medium,medium,0.36,0,31900,false,inventory_dp_pressure_proxy
booking,名湯舎 創,2026-07-05,2026-07-02T18:00:06+09:00,2026-07-04T18:00:06+09:00,48,available,available,27500,16972,-10528,-0.3828,price_down_available,strong,assumed_room_only,confirmed_two_person_standard_room,high,high,1,-1,16972,false,inventory_dp_pressure_proxy
rakuten,名湯リゾート ルーセント,2026-07-05,,2026-06-01T20:58:30+09:00,,unknown,sold_out,,,,,not_comparable,none,unknown_meal_basis,unknown_room_basis,low,low,0,0,,false,inventory_dp_pressure_proxy
rakuten,蔵王国際ホテル,2026-07-05,,2026-06-01T20:58:30+09:00,,unknown,available,,,,,not_comparable,none,unknown_meal_basis,unknown_room_basis,low,low,0,0,,false,inventory_dp_pressure_proxy
booking,HAMMOND,2026-07-06,2026-06-22T22:00:06+09:00,2026-07-05T00:00:01+09:00,290,available,available,15400,14245,-1155,-0.075,price_down_available,strong,assumed_room_only,confirmed_two_person_standard_room,high,high,1,-1,14245,false,inventory_dp_pressure_proxy
booking,JURIN,2026-07-06,2026-07-03T14:00:06+09:00,2026-07-05T14:00:06+09:00,48,available,available,36300,36300,0,0,same_price_available,noise,assumed_room_only,confirmed_two_person_standard_room,high,high,1,0,36300,false,inventory_dp_pressure_proxy
booking,ＫＫＲ蔵王 白銀荘,2026-07-06,2026-07-04T16:00:06+09:00,2026-07-05T16:00:05+09:00,24,available,available,19700,19700,0,0,same_price_available,noise,assumed_room_only,probable_two_person_standard_room,medium,medium,0.36,0,19700,false,inventory_dp_pressure_proxy
booking,ONSEN & STAY OAKHILL,2026-07-06,2026-07-03T06:00:06+09:00,2026-07-05T02:00:06+09:00,44,available,available,14245,14245,0,0,same_price_available,noise,assumed_room_only,probable_two_person_standard_room,medium,medium,0.36,0,14245,false,inventory_dp_pressure_proxy
booking,おおみや旅館,2026-07-06,2026-07-03T10:00:06+09:00,2026-07-05T10:00:06+09:00,48,available,available,33000,33000,0,0,same_price_available,noise,assumed_room_only,probable_two_person_standard_room,medium,medium,0.36,0,33000,false,inventory_dp_pressure_proxy
booking,ペンションぷうたろう,2026-07-06,2026-06-23T22:00:05+09:00,2026-06-24T22:00:06+09:00,24,available,available,20900,20900,0,0,same_price_available,noise,assumed_room_only,probable_two_person_standard_room,medium,medium,0.36,0,20900,false,inventory_dp_pressure_proxy
booking,ペンション木いちご,2026-07-06,2026-06-16T12:00:05+09:00,2026-06-20T22:00:06+09:00,106,available,available,14600,14600,0,0,same_price_available,noise,assumed_room_only,confirmed_two_person_standard_room,high,high,1,0,14600,false,inventory_dp_pressure_proxy
booking,ホテル松金屋アネックス,2026-07-06,2026-07-04T22:00:06+09:00,2026-07-05T22:00:06+09:00,24,available,available,37180,37180,0,0,same_price_available,noise,assumed_room_only,confirmed_two_person_standard_room,high,high,1,0,37180,false,inventory_dp_pressure_proxy
booking,ル・ベール蔵王,2026-07-06,2026-07-04T08:00:06+09:00,2026-07-05T08:00:03+09:00,24,available,available,34000,24720,-9280,-0.2729,price_down_available,strong,assumed_room_only,confirmed_two_person_standard_room,high,high,1,-1,24720,false,inventory_dp_pressure_proxy
booking,ロッジスガノ,2026-07-06,,2026-06-19T22:00:05+09:00,,unknown,available,,,,,not_comparable,none,assumed_room_only,excluded_family_or_suite_room,low,low,0,0,,false,inventory_dp_pressure_proxy
booking,ロッジまつぽっくり,2026-07-06,2026-07-04T12:00:06+09:00,2026-07-05T12:00:05+09:00,24,available,available,,,,,unknown,none,assumed_room_only,probable_two_person_standard_room,medium,medium,0.36,0,15000,false,inventory_dp_pressure_proxy
booking,吉田屋,2026-07-06,2026-07-04T06:00:06+09:00,2026-07-05T06:00:05+09:00,24,available,available,18700,18700,0,0,same_price_available,noise,assumed_room_only,probable_two_person_standard_room,medium,medium,0.36,0,18700,false,inventory_dp_pressure_proxy
booking,名湯リゾート ルーセントタカミヤ,2026-07-06,2026-07-04T18:00:06+09:00,2026-07-05T18:00:06+09:00,24,available,available,13509,15733,2224,0.1646,price_up_available,strong,assumed_room_only,confirmed_two_person_standard_room,high,high,1,1,15733,false,inventory_dp_pressure_proxy
booking,名湯舎 創,2026-07-06,2026-07-04T20:00:05+09:00,2026-07-05T20:00:06+09:00,24,available,available,12222,12222,0,0,same_price_available,noise,assumed_room_only,confirmed_two_person_standard_room,high,high,1,0,12222,false,inventory_dp_pressure_proxy
rakuten,名湯リゾート ルーセント,2026-07-06,,2026-06-01T20:58:30+09:00,,unknown,available,,,,,not_comparable,none,unknown_meal_basis,unknown_room_basis,low,low,0,0,,false,inventory_dp_pressure_proxy
rakuten,蔵王国際ホテル,2026-07-06,,2026-06-01T20:58:30+09:00,,unknown,available,,,,,not_comparable,none,unknown_meal_basis,unknown_room_basis,low,low,0,0,,false,inventory_dp_pressure_proxy
booking,HAMMOND,2026-07-07,2026-07-05T16:45:07+09:00,2026-07-06T13:35:05+09:00,20.83,available,available,,11019,,,unknown,none,assumed_room_only,confirmed_two_person_standard_room,high,high,1,0,11019,false,inventory_dp_pressure_proxy
booking,JURIN,2026-07-07,2026-07-05T18:00:06+09:00,2026-07-06T18:00:07+09:00,24,available,available,36300,28314,-7986,-0.22,price_down_available,strong,assumed_room_only,confirmed_two_person_standard_room,high,high,1,-1,28314,false,inventory_dp_pressure_proxy
booking,ＫＫＲ蔵王 白銀荘,2026-07-07,2026-07-05T14:00:06+09:00,2026-07-06T14:00:06+09:00,24,available,available,19700,19700,0,0,same_price_available,noise,assumed_room_only,probable_two_person_standard_room,medium,medium,0.36,0,19700,false,inventory_dp_pressure_proxy
booking,ONSEN & STAY OAKHILL,2026-07-07,2026-07-05T04:00:06+09:00,2026-07-06T04:00:05+09:00,24,available,sold_out,19727,,5482,0.3848,sold_out_after_price_up,strong,assumed_room_only,probable_two_person_standard_room,medium,medium,0.36,0.54,19727,false,inventory_dp_pressure_proxy
booking,おおみや旅館,2026-07-07,2026-07-05T02:00:06+09:00,2026-07-06T02:00:06+09:00,24,available,sold_out,33000,,0,0,sold_out_after_same_price,noise,assumed_room_only,probable_two_person_standard_room,medium,medium,0.36,0.36,33000,false,inventory_dp_pressure_proxy
booking,たかみや瑠璃倶楽,2026-07-07,,2026-06-19T22:00:05+09:00,,unknown,available,,,,,not_comparable,none,assumed_room_only,excluded_family_or_suite_room,low,low,0,0,,false,inventory_dp_pressure_proxy
booking,ペンションぷうたろう,2026-07-07,2026-06-24T14:00:06+09:00,2026-07-06T00:00:05+09:00,274,available,available,22000,18050,-3950,-0.1795,price_down_available,strong,assumed_room_only,probable_two_person_standard_room,medium,medium,0.36,-0.36,18050,false,inventory_dp_pressure_proxy
booking,ペンション木いちご,2026-07-07,2026-06-21T06:00:06+09:00,2026-06-23T04:00:06+09:00,46,available,available,14600,14600,0,0,same_price_available,noise,assumed_room_only,confirmed_two_person_standard_room,high,high,1,0,14600,false,inventory_dp_pressure_proxy
booking,ホテル松金屋アネックス,2026-07-07,2026-07-05T12:00:05+09:00,2026-07-06T12:00:06+09:00,24,available,sold_out,18050,,0,0,sold_out_after_same_price,noise,assumed_room_only,probable_two_person_standard_room,medium,medium,0.36,0.36,18050,false,inventory_dp_pressure_proxy
booking,ル・ベール蔵王,2026-07-07,2026-07-05T16:00:05+09:00,2026-07-06T16:00:06+09:00,24,available,available,24828,25020,192,0.0077,noise,noise,assumed_room_only,confirmed_two_person_standard_room,high,high,1,0,25020,false,inventory_dp_pressure_proxy
booking,ロッジまつぽっくり,2026-07-07,2026-07-05T08:00:03+09:00,2026-07-06T08:00:06+09:00,24,available,available,,,,,unknown,none,assumed_room_only,probable_two_person_standard_room,medium,medium,0.36,0,15000,false,inventory_dp_pressure_proxy
booking,吉田屋,2026-07-07,2026-07-05T10:00:06+09:00,2026-07-06T10:00:06+09:00,24,available,available,18700,20592,1892,0.1012,price_up_available,strong,assumed_room_only,probable_two_person_standard_room,medium,medium,0.36,0.36,20592,false,inventory_dp_pressure_proxy
booking,名湯リゾート ルーセントタカミヤ,2026-07-07,2026-07-05T20:00:06+09:00,2026-07-06T20:00:05+09:00,24,available,available,13509,23166,9657,0.7149,price_up_available,strong,assumed_room_only,probable_two_person_standard_room,medium,medium,0.36,0.36,23166,false,inventory_dp_pressure_proxy
booking,名湯舎 創,2026-07-07,2026-07-05T22:00:06+09:00,2026-07-06T22:00:06+09:00,24,available,available,23100,19734,-3366,-0.1457,price_down_available,strong,assumed_room_only,confirmed_two_person_standard_room,high,high,1,-1,19734,false,inventory_dp_pressure_proxy
rakuten,名湯リゾート ルーセント,2026-07-07,,2026-06-01T20:58:30+09:00,,unknown,available,,,,,not_comparable,none,unknown_meal_basis,unknown_room_basis,low,low,0,0,,false,inventory_dp_pressure_proxy
rakuten,蔵王国際ホテル,2026-07-07,,2026-06-01T20:58:30+09:00,,unknown,available,,,,,not_comparable,none,unknown_meal_basis,unknown_room_basis,low,low,0,0,,false,inventory_dp_pressure_proxy
booking,HAMMOND,2026-07-08,2026-07-06T13:35:05+09:00,2026-07-07T13:35:04+09:00,24,available,available,11019,11019,0,0,same_price_available,noise,assumed_room_only,confirmed_two_person_standard_room,high,high,1,0,11019,false,inventory_dp_pressure_proxy
booking,JURIN,2026-07-08,2026-06-29T04:00:05+09:00,2026-07-06T08:00:06+09:00,172,available,available,36300,,-7986,-0.22,price_down_available,strong,assumed_room_only,confirmed_two_person_standard_room,high,high,1,-1,28314,false,inventory_dp_pressure_proxy
booking,ＫＫＲ蔵王 白銀荘,2026-07-08,2026-07-05T12:00:05+09:00,2026-07-07T12:00:06+09:00,48,available,sold_out,7220,,0,0,sold_out_after_same_price,noise,assumed_room_only,probable_two_person_standard_room,medium,medium,0.36,0.36,7220,false,inventory_dp_pressure_proxy
booking,ONSEN & STAY OAKHILL,2026-07-08,2026-07-05T06:00:05+09:00,2026-07-07T06:00:01+09:00,48,available,sold_out,14245,,-5482,-0.2779,sold_out_after_price_down,strong,assumed_room_only,probable_two_person_standard_room,medium,medium,0.36,0.18,14245,false,inventory_dp_pressure_proxy
booking,おおみや旅館,2026-07-08,2026-07-05T22:00:06+09:00,2026-07-07T22:00:06+09:00,48,available,sold_out,35640,,0,0,sold_out_after_same_price,noise,assumed_room_only,probable_two_person_standard_room,medium,medium,0.36,0.36,35640,false,inventory_dp_pressure_proxy
booking,たかみや瑠璃倶楽,2026-07-08,,2026-06-16T16:00:06+09:00,,unknown,available,,15292,,,unknown,none,assumed_room_only,probable_two_person_standard_room,medium,medium,0.36,0,15292,false,inventory_dp_pressure_proxy
booking,ペンションぷうたろう,2026-07-08,2026-07-06T20:00:05+09:00,2026-07-07T20:00:07+09:00,24,available,sold_out,18050,,0,0,sold_out_after_same_price,noise,assumed_room_only,probable_two_person_standard_room,medium,medium,0.36,0.36,18050,false,inventory_dp_pressure_proxy
booking,ペンション木いちご,2026-07-08,2026-07-06T02:00:06+09:00,2026-07-07T02:00:06+09:00,24,available,available,14600,14600,0,0,same_price_available,noise,assumed_room_only,confirmed_two_person_standard_room,high,high,1,0,14600,false,inventory_dp_pressure_proxy
booking,ホテル松金屋アネックス,2026-07-08,2026-07-05T10:00:06+09:00,2026-07-07T10:00:05+09:00,48,available,sold_out,18050,,-15750,-0.466,sold_out_after_price_down,strong,assumed_room_only,probable_two_person_standard_room,medium,medium,0.36,0.18,18050,false,inventory_dp_pressure_proxy
booking,ル・ベール蔵王,2026-07-08,2026-07-06T16:00:06+09:00,2026-07-07T16:00:05+09:00,24,available,available,24702,24813,111,0.0045,noise,noise,assumed_room_only,confirmed_two_person_standard_room,high,high,1,0,24813,false,inventory_dp_pressure_proxy
booking,ロッジスガノ,2026-07-08,2026-06-16T14:00:06+09:00,2026-06-17T16:00:05+09:00,26,available,available,16240,16240,0,0,same_price_available,noise,assumed_room_only,probable_two_person_standard_room,medium,medium,0.36,0,16240,false,inventory_dp_pressure_proxy
booking,ロッジまつぽっくり,2026-07-08,2026-07-06T04:00:05+09:00,2026-07-07T04:00:06+09:00,24,available,available,,,,,unknown,none,assumed_room_only,probable_two_person_standard_room,medium,medium,0.36,0,15000,false,inventory_dp_pressure_proxy
booking,吉田屋,2026-07-08,2026-07-06T00:00:05+09:00,2026-07-07T00:00:01+09:00,24,available,sold_out,17000,,-17000,-0.5,sold_out_after_price_down,strong,assumed_room_only,probable_two_person_standard_room,medium,medium,0.36,0.18,17000,false,inventory_dp_pressure_proxy
booking,名湯リゾート ルーセントタカミヤ,2026-07-08,2026-07-06T18:00:07+09:00,2026-07-07T18:00:06+09:00,24,available,available,19734,19734,0,0,same_price_available,noise,assumed_room_only,confirmed_two_person_standard_room,high,high,1,0,19734,false,inventory_dp_pressure_proxy
booking,名湯舎 創,2026-07-08,2026-07-06T14:00:06+09:00,2026-07-07T14:00:06+09:00,24,available,available,19734,19734,0,0,same_price_available,noise,assumed_room_only,confirmed_two_person_standard_room,high,high,1,0,19734,false,inventory_dp_pressure_proxy
rakuten,名湯リゾート ルーセント,2026-07-08,,2026-06-01T20:58:30+09:00,,unknown,available,,,,,not_comparable,none,unknown_meal_basis,unknown_room_basis,low,low,0,0,,false,inventory_dp_pressure_proxy
rakuten,蔵王国際ホテル,2026-07-08,,2026-06-01T20:58:30+09:00,,unknown,sold_out,,,,,not_comparable,none,unknown_meal_basis,unknown_room_basis,low,low,0,0,,false,inventory_dp_pressure_proxy
booking,HAMMOND,2026-07-09,2026-07-07T13:35:04+09:00,2026-07-08T13:35:06+09:00,24,available,available,11019,11019,0,0,same_price_available,noise,assumed_room_only,confirmed_two_person_standard_room,high,high,1,0,11019,false,inventory_dp_pressure_proxy
booking,JURIN,2026-07-09,2026-07-07T00:00:01+09:00,2026-07-08T00:00:04+09:00,24,available,available,28314,28314,0,0,same_price_available,noise,assumed_room_only,confirmed_two_person_standard_room,high,high,1,0,28314,false,inventory_dp_pressure_proxy
booking,ＫＫＲ蔵王 白銀荘,2026-07-09,2026-07-05T16:00:05+09:00,2026-07-08T16:00:06+09:00,72,available,sold_out,7220,,0,0,sold_out_after_same_price,noise,assumed_room_only,probable_two_person_standard_room,medium,medium,0.36,0.36,7220,false,inventory_dp_pressure_proxy
booking,ONSEN & STAY OAKHILL,2026-07-09,2026-06-15T22:00:05+09:00,2026-06-16T22:00:06+09:00,24,available,available,37400,,0,0,same_price_available,noise,assumed_room_only,probable_two_person_standard_room,medium,medium,0.36,0,37400,false,inventory_dp_pressure_proxy
booking,おおみや旅館,2026-07-09,2026-07-05T08:00:03+09:00,2026-07-08T08:00:01+09:00,72,available,sold_out,33000,,0,0,sold_out_after_same_price,noise,assumed_room_only,probable_two_person_standard_room,medium,medium,0.36,0.36,33000,false,inventory_dp_pressure_proxy
booking,たかみや瑠璃倶楽,2026-07-09,2026-06-16T14:00:06+09:00,2026-06-17T16:00:05+09:00,26,available,available,22245,22258,13,0.0006,noise,noise,assumed_room_only,probable_two_person_standard_room,medium,medium,0.36,0,22258,false,inventory_dp_pressure_proxy
booking,ペンションぷうたろう,2026-07-09,2026-07-07T02:00:06+09:00,2026-07-08T02:00:05+09:00,24,available,available,18050,18050,0,0,same_price_available,noise,assumed_room_only,probable_two_person_standard_room,medium,medium,0.36,0,18050,false,inventory_dp_pressure_proxy
booking,ペンション木いちご,2026-07-09,2026-07-07T04:00:06+09:00,2026-07-08T04:00:06+09:00,24,available,available,14600,14600,0,0,same_price_available,noise,assumed_room_only,confirmed_two_person_standard_room,high,high,1,0,14600,false,inventory_dp_pressure_proxy
booking,ホテル松金屋アネックス,2026-07-09,2026-07-05T14:00:06+09:00,2026-07-08T14:00:05+09:00,72,available,available,37180,29744,-7436,-0.2,price_down_available,strong,assumed_room_only,confirmed_two_person_standard_room,high,high,1,-1,29744,false,inventory_dp_pressure_proxy
booking,ル・ベール蔵王,2026-07-09,2026-07-07T20:00:07+09:00,2026-07-08T20:00:02+09:00,24,available,available,25330,25241,-89,-0.0035,noise,noise,assumed_room_only,confirmed_two_person_standard_room,high,high,1,0,25241,false,inventory_dp_pressure_proxy
booking,ロッジスガノ,2026-07-09,2026-06-16T10:00:06+09:00,2026-06-17T14:00:05+09:00,28,available,available,15000,16240,1240,0.0827,price_up_available,strong,assumed_room_only,probable_two_person_standard_room,medium,medium,0.36,0.36,16240,false,inventory_dp_pressure_proxy
booking,ロッジまつぽっくり,2026-07-09,2026-07-07T12:00:06+09:00,2026-07-08T12:00:06+09:00,24,available,available,,,,,not_comparable,none,assumed_room_only,excluded_family_or_suite_room,low,low,0,0,,false,inventory_dp_pressure_proxy
booking,吉田屋,2026-07-09,2026-07-06T06:00:05+09:00,2026-07-07T06:00:01+09:00,24,available,available,18700,,0,0,same_price_available,noise,assumed_room_only,probable_two_person_standard_room,medium,medium,0.36,0,18700,false,inventory_dp_pressure_proxy
booking,名湯リゾート ルーセントタカミヤ,2026-07-09,2026-07-07T10:00:05+09:00,2026-07-08T10:00:05+09:00,24,available,available,19734,19734,0,0,same_price_available,noise,assumed_room_only,confirmed_two_person_standard_room,high,high,1,0,19734,false,inventory_dp_pressure_proxy
booking,名湯舎 創,2026-07-09,2026-07-07T18:00:06+09:00,2026-07-08T18:00:06+09:00,24,available,available,19734,19734,0,0,same_price_available,noise,assumed_room_only,confirmed_two_person_standard_room,high,high,1,0,19734,false,inventory_dp_pressure_proxy
booking,深山荘 高見屋,2026-07-09,,2026-06-16T16:00:06+09:00,,unknown,available,,34060,,,unknown,none,assumed_room_only,probable_two_person_standard_room,medium,medium,0.36,0,34060,false,inventory_dp_pressure_proxy
rakuten,名湯リゾート ルーセント,2026-07-09,,2026-06-01T20:58:30+09:00,,unknown,available,,,,,not_comparable,none,unknown_meal_basis,unknown_room_basis,low,low,0,0,,false,inventory_dp_pressure_proxy
rakuten,蔵王国際ホテル,2026-07-09,,2026-06-01T20:58:30+09:00,,unknown,available,,,,,not_comparable,none,unknown_meal_basis,unknown_room_basis,low,low,0,0,,false,inventory_dp_pressure_proxy
booking,HAMMOND,2026-07-10,2026-07-08T13:35:06+09:00,2026-07-09T13:35:06+09:00,24,available,available,11019,12964,1945,0.1765,price_up_available,strong,assumed_room_only,confirmed_two_person_standard_room,high,high,1,1,12964,false,inventory_dp_pressure_proxy
booking,JURIN,2026-07-10,2026-07-06T14:00:06+09:00,2026-07-09T14:00:05+09:00,72,available,available,31746,31746,0,0,same_price_available,noise,assumed_room_only,confirmed_two_person_standard_room,high,high,1,0,31746,false,inventory_dp_pressure_proxy
booking,ＫＫＲ蔵王 白銀荘,2026-07-10,2026-07-08T20:00:02+09:00,2026-07-09T20:00:06+09:00,24,available,available,23700,21976,-1724,-0.0727,price_down_available,strong,assumed_room_only,confirmed_two_person_standard_room,high,high,1,-1,21976,false,inventory_dp_pressure_proxy
booking,ONSEN & STAY OAKHILL,2026-07-10,2026-07-08T04:00:06+09:00,2026-07-09T04:00:06+09:00,24,available,available,19573,23027,3454,0.1765,price_up_available,strong,assumed_room_only,confirmed_two_person_standard_room,high,high,1,1,23027,false,inventory_dp_pressure_proxy
booking,おおみや旅館,2026-07-10,2026-07-08T16:00:06+09:00,2026-07-09T16:00:06+09:00,24,available,available,26400,22440,-3960,-0.15,price_down_available,strong,assumed_room_only,probable_two_person_standard_room,medium,medium,0.36,-0.36,22440,false,inventory_dp_pressure_proxy
booking,たかみや瑠璃倶楽,2026-07-10,2026-06-16T14:00:06+09:00,2026-06-17T16:00:05+09:00,26,available,available,14891,29700,14809,0.9945,price_up_available,strong,assumed_room_only,probable_two_person_standard_room,medium,medium,0.36,0.36,29700,false,inventory_dp_pressure_proxy
booking,ペンションぷうたろう,2026-07-10,2026-07-08T06:00:06+09:00,2026-07-09T06:00:06+09:00,24,available,available,18050,18050,0,0,same_price_available,noise,assumed_room_only,probable_two_person_standard_room,medium,medium,0.36,0,18050,false,inventory_dp_pressure_proxy
booking,ペンション木いちご,2026-07-10,2026-06-25T06:00:06+09:00,2026-06-26T14:00:05+09:00,32,available,available,14600,14600,0,0,same_price_available,noise,assumed_room_only,confirmed_two_person_standard_room,high,high,1,0,14600,false,inventory_dp_pressure_proxy
booking,ホテル松金屋アネックス,2026-07-10,2026-07-08T18:00:06+09:00,2026-07-09T18:00:06+09:00,24,available,available,,,,,unknown,none,assumed_room_only,probable_two_person_standard_room,medium,medium,0.36,0,99703,false,inventory_dp_pressure_proxy
booking,ル・ベール蔵王,2026-07-10,2026-07-08T22:00:06+09:00,2026-07-09T22:00:06+09:00,24,available,available,34000,24722,-9278,-0.2729,price_down_available,strong,assumed_room_only,confirmed_two_person_standard_room,high,high,1,-1,24722,false,inventory_dp_pressure_proxy
booking,ロッジスガノ,2026-07-10,2026-06-21T08:00:06+09:00,2026-06-23T04:00:06+09:00,44,available,available,16240,16240,0,0,same_price_available,noise,assumed_room_only,probable_two_person_standard_room,medium,medium,0.36,0,16240,false,inventory_dp_pressure_proxy
booking,ロッジまつぽっくり,2026-07-10,2026-07-08T00:00:04+09:00,2026-07-09T00:00:01+09:00,24,available,available,,,,,not_comparable,none,assumed_room_only,excluded_family_or_suite_room,low,low,0,0,,false,inventory_dp_pressure_proxy
booking,吉田屋,2026-07-10,2026-07-08T12:00:06+09:00,2026-07-09T12:00:06+09:00,24,available,available,18700,20592,1892,0.1012,price_up_available,strong,assumed_room_only,probable_two_person_standard_room,medium,medium,0.36,0.36,20592,false,inventory_dp_pressure_proxy
booking,名湯リゾート ルーセントタカミヤ,2026-07-10,2026-07-08T08:00:01+09:00,2026-07-09T08:00:06+09:00,24,available,available,28600,20612,-7988,-0.2793,price_down_available,strong,assumed_room_only,confirmed_two_person_standard_room,high,high,1,-1,20612,false,inventory_dp_pressure_proxy
booking,名湯舎 創,2026-07-10,2026-07-08T10:00:05+09:00,2026-07-09T10:00:06+09:00,24,available,available,18018,19734,1716,0.0952,price_up_available,strong,assumed_room_only,confirmed_two_person_standard_room,high,high,1,1,19734,false,inventory_dp_pressure_proxy
booking,深山荘 高見屋,2026-07-10,2026-06-16T16:00:06+09:00,2026-06-17T18:00:06+09:00,26,available,available,79200,79200,0,0,same_price_available,noise,assumed_room_only,probable_two_person_standard_room,medium,medium,0.36,0,79200,false,inventory_dp_pressure_proxy
booking,蔵王温泉 高砂屋旅館,2026-07-10,,2026-06-17T08:00:05+09:00,,unknown,available,,17000,,,unknown,none,assumed_room_only,probable_two_person_standard_room,medium,medium,0.36,0,17000,false,inventory_dp_pressure_proxy
rakuten,名湯リゾート ルーセント,2026-07-10,,2026-06-01T20:58:30+09:00,,unknown,sold_out,,,,,not_comparable,none,unknown_meal_basis,unknown_room_basis,low,low,0,0,,false,inventory_dp_pressure_proxy
rakuten,蔵王国際ホテル,2026-07-10,,2026-06-01T20:58:30+09:00,,unknown,sold_out,,,,,not_comparable,none,unknown_meal_basis,unknown_room_basis,low,low,0,0,,false,inventory_dp_pressure_proxy
booking,HAMMOND,2026-07-11,2026-07-09T13:35:06+09:00,2026-07-10T13:35:06+09:00,24,unknown,unknown,,,,,unknown,none,assumed_room_only,confirmed_two_person_standard_room,high,high,1,0,24086,false,inventory_dp_pressure_proxy
booking,JURIN,2026-07-11,2026-07-09T16:00:06+09:00,2026-07-10T16:00:06+09:00,24,available,available,40192,40223,31,0.0008,noise,noise,assumed_room_only,confirmed_two_person_standard_room,high,high,1,0,40223,false,inventory_dp_pressure_proxy
booking,ＫＫＲ蔵王 白銀荘,2026-07-11,2026-07-09T20:00:06+09:00,2026-07-10T20:00:05+09:00,24,available,available,21976,23700,1724,0.0784,price_up_available,strong,assumed_room_only,probable_two_person_standard_room,medium,medium,0.36,0.36,23700,false,inventory_dp_pressure_proxy
booking,ONSEN & STAY OAKHILL,2026-07-11,2026-06-16T02:00:06+09:00,2026-06-17T06:00:06+09:00,28,available,available,22550,,0,0,same_price_available,noise,assumed_room_only,probable_two_person_standard_room,medium,medium,0.36,0,22550,false,inventory_dp_pressure_proxy
booking,おおみや旅館,2026-07-11,2026-07-01T04:00:06+09:00,2026-07-10T10:00:01+09:00,222,available,sold_out,25080,,-10560,-0.2963,sold_out_after_price_down,strong,assumed_room_only,confirmed_two_person_standard_room,high,high,1,0.5,25080,false,inventory_dp_pressure_proxy
booking,たかみや瑠璃倶楽,2026-07-11,2026-06-16T10:00:06+09:00,2026-06-17T14:00:05+09:00,28,available,available,21808,,25492,1.1689,price_up_available,strong,assumed_room_only,probable_two_person_standard_room,medium,medium,0.36,0.36,47300,false,inventory_dp_pressure_proxy
booking,ペンションぷうたろう,2026-07-11,2026-07-09T06:00:06+09:00,2026-07-10T06:00:06+09:00,24,available,available,17100,17100,0,0,same_price_available,noise,assumed_room_only,probable_two_person_standard_room,medium,medium,0.36,0,17100,false,inventory_dp_pressure_proxy
booking,ペンション木いちご,2026-07-11,2026-06-25T22:00:05+09:00,2026-06-30T04:00:06+09:00,102,available,available,16600,16600,0,0,same_price_available,noise,assumed_room_only,confirmed_two_person_standard_room,high,high,1,0,16600,false,inventory_dp_pressure_proxy
booking,ホテル松金屋アネックス,2026-07-11,2026-07-05T04:00:06+09:00,2026-07-10T04:00:05+09:00,120,available,sold_out,18050,,0,0,sold_out_after_same_price,noise,assumed_room_only,probable_two_person_standard_room,medium,medium,0.36,0.36,18050,false,inventory_dp_pressure_proxy
booking,ル・ベール蔵王,2026-07-11,2026-07-09T00:00:01+09:00,2026-07-10T00:00:01+09:00,24,available,available,30437,30497,60,0.002,noise,noise,assumed_room_only,confirmed_two_person_standard_room,high,high,1,0,30497,false,inventory_dp_pressure_proxy
booking,ロッジスガノ,2026-07-11,2026-06-17T16:00:05+09:00,2026-06-20T13:27:38+09:00,69.46,available,available,18560,18560,0,0,same_price_available,noise,assumed_room_only,probable_two_person_standard_room,medium,medium,0.36,0,18560,false,inventory_dp_pressure_proxy
booking,ロッジまつぽっくり,2026-07-11,2026-07-09T22:00:06+09:00,2026-07-10T22:00:06+09:00,24,available,available,,,,,unknown,none,assumed_room_only,probable_two_person_standard_room,medium,medium,0.36,0,15000,false,inventory_dp_pressure_proxy
booking,吉田屋,2026-07-11,2026-07-05T18:00:06+09:00,2026-07-10T18:00:06+09:00,120,available,sold_out,41000,,0,0,sold_out_after_same_price,noise,assumed_room_only,probable_two_person_standard_room,medium,medium,0.36,0.36,41000,false,inventory_dp_pressure_proxy
booking,名湯リゾート ルーセントタカミヤ,2026-07-11,2026-07-09T14:00:05+09:00,2026-07-10T14:00:06+09:00,24,available,available,37400,28877,-8523,-0.2279,price_down_available,strong,assumed_room_only,confirmed_two_person_standard_room,high,high,1,-1,28877,false,inventory_dp_pressure_proxy
booking,名湯舎 創,2026-07-11,2026-07-08T08:00:01+09:00,2026-07-10T08:00:00+09:00,48,available,sold_out,28314,,-7986,-0.22,sold_out_after_price_down,strong,assumed_room_only,confirmed_two_person_standard_room,high,high,1,0.5,28314,false,inventory_dp_pressure_proxy
booking,深山荘 高見屋,2026-07-11,2026-06-17T18:00:06+09:00,2026-06-20T16:00:01+09:00,70,available,available,51432,45421,-6011,-0.1169,price_down_available,strong,assumed_room_only,confirmed_two_person_standard_room,high,high,1,-1,45421,false,inventory_dp_pressure_proxy
booking,蔵王温泉 高砂屋旅館,2026-07-11,2026-06-17T22:00:06+09:00,2026-06-20T13:26:42+09:00,63.44,available,available,26400,26400,0,0,same_price_available,noise,assumed_room_only,probable_two_person_standard_room,medium,medium,0.36,0,26400,false,inventory_dp_pressure_proxy
jalan,たかみや瑠璃倶楽,2026-07-11,2026-06-14T00:51:18+09:00,2026-06-15T10:00:06+09:00,33.15,available,available,,,,,not_comparable,none,unknown_meal_basis,unknown_room_basis,low,low,0,0,,false,inventory_dp_pressure_proxy
jalan,深山荘 高見屋,2026-07-11,,2026-06-14T01:16:12+09:00,,unknown,available,,,,,not_comparable,none,unknown_meal_basis,unknown_room_basis,low,low,0,0,,false,inventory_dp_pressure_proxy
jalan,蔵王国際ホテル,2026-07-11,2026-06-15T08:00:06+09:00,2026-06-21T04:00:05+09:00,140,available,available,,,,,not_comparable,none,confirmed_room_only,unknown_room_basis,low,low,0,0,,false,inventory_dp_pressure_proxy
rakuten,名湯リゾート ルーセント,2026-07-11,,2026-06-01T20:58:30+09:00,,unknown,available,,,,,not_comparable,none,unknown_meal_basis,unknown_room_basis,low,low,0,0,,false,inventory_dp_pressure_proxy
rakuten,蔵王国際ホテル,2026-07-11,,2026-06-01T20:58:30+09:00,,unknown,sold_out,,,,,not_comparable,none,unknown_meal_basis,unknown_room_basis,low,low,0,0,,false,inventory_dp_pressure_proxy
booking,HAMMOND,2026-07-12,2026-07-10T13:35:06+09:00,2026-07-11T13:35:06+09:00,24,available,available,12964,14014,1050,0.081,price_up_available,strong,assumed_room_only,confirmed_two_person_standard_room,high,high,1,1,14014,false,inventory_dp_pressure_proxy
booking,JURIN,2026-07-12,2026-07-10T12:00:07+09:00,2026-07-11T12:00:00+09:00,24,available,available,31746,31746,0,0,same_price_available,noise,assumed_room_only,confirmed_two_person_standard_room,high,high,1,0,31746,false,inventory_dp_pressure_proxy
booking,ＫＫＲ蔵王 白銀荘,2026-07-12,2026-07-10T00:00:01+09:00,2026-07-11T00:00:01+09:00,24,available,available,39400,39400,0,0,same_price_available,noise,assumed_room_only,probable_two_person_standard_room,medium,medium,0.36,0,39400,false,inventory_dp_pressure_proxy
booking,ONSEN & STAY OAKHILL,2026-07-12,2026-07-09T14:00:05+09:00,2026-07-10T14:00:06+09:00,24,available,available,25300,,-2273,-0.0898,price_down_available,strong,assumed_room_only,confirmed_two_person_standard_room,high,high,1,-1,23027,false,inventory_dp_pressure_proxy
booking,おおみや旅館,2026-07-12,2026-07-10T18:00:06+09:00,2026-07-11T18:00:05+09:00,24,available,available,26400,22440,-3960,-0.15,price_down_available,strong,assumed_room_only,probable_two_person_standard_room,medium,medium,0.36,-0.36,22440,false,inventory_dp_pressure_proxy
booking,たかみや瑠璃倶楽,2026-07-12,2026-06-16T10:00:06+09:00,2026-06-17T12:00:06+09:00,26,available,available,14891,,14809,0.9945,price_up_available,strong,assumed_room_only,probable_two_person_standard_room,medium,medium,0.36,0.36,29700,false,inventory_dp_pressure_proxy
booking,ペンションぷうたろう,2026-07-12,2026-07-10T08:00:00+09:00,2026-07-11T08:00:06+09:00,24,available,available,18050,18050,0,0,same_price_available,noise,assumed_room_only,probable_two_person_standard_room,medium,medium,0.36,0,18050,false,inventory_dp_pressure_proxy
booking,ペンション木いちご,2026-07-12,2026-06-25T18:00:06+09:00,2026-06-27T00:00:01+09:00,30,available,available,14600,14600,0,0,same_price_available,noise,assumed_room_only,confirmed_two_person_standard_room,high,high,1,0,14600,false,inventory_dp_pressure_proxy
booking,ホテル松金屋アネックス,2026-07-12,2026-07-09T22:00:06+09:00,2026-07-11T22:00:06+09:00,48,available,available,29744,29744,0,0,same_price_available,noise,assumed_room_only,confirmed_two_person_standard_room,high,high,1,0,29744,false,inventory_dp_pressure_proxy
booking,ル・ベール蔵王,2026-07-12,2026-07-10T02:00:06+09:00,2026-07-11T02:00:05+09:00,24,available,available,24856,24813,-43,-0.0017,noise,noise,assumed_room_only,confirmed_two_person_standard_room,high,high,1,0,24813,false,inventory_dp_pressure_proxy
booking,ロッジスガノ,2026-07-12,2026-06-21T14:00:06+09:00,2026-06-23T14:00:05+09:00,48,available,available,18560,18560,0,0,same_price_available,noise,assumed_room_only,probable_two_person_standard_room,medium,medium,0.36,0,18560,false,inventory_dp_pressure_proxy
booking,ロッジまつぽっくり,2026-07-12,2026-07-10T20:00:05+09:00,2026-07-11T20:00:06+09:00,24,available,available,,,,,unknown,none,assumed_room_only,probable_two_person_standard_room,medium,medium,0.36,0,15000,false,inventory_dp_pressure_proxy
booking,吉田屋,2026-07-12,2026-07-10T10:00:01+09:00,2026-07-11T10:00:06+09:00,24,available,available,18700,20592,1892,0.1012,price_up_available,strong,assumed_room_only,probable_two_person_standard_room,medium,medium,0.36,0.36,20592,false,inventory_dp_pressure_proxy
booking,名湯リゾート ルーセントタカミヤ,2026-07-12,2026-07-10T16:00:06+09:00,2026-07-11T16:00:06+09:00,24,available,available,21450,21450,0,0,same_price_available,noise,assumed_room_only,confirmed_two_person_standard_room,high,high,1,0,21450,false,inventory_dp_pressure_proxy
booking,名湯舎 創,2026-07-12,2026-07-10T06:00:06+09:00,2026-07-11T06:00:06+09:00,24,available,available,19734,19734,0,0,same_price_available,noise,assumed_room_only,probable_two_person_standard_room,medium,medium,0.36,0,19734,false,inventory_dp_pressure_proxy
booking,深山荘 高見屋,2026-07-12,2026-06-17T14:00:05+09:00,2026-06-19T18:00:06+09:00,52,available,available,72600,33467,-39133,-0.539,price_down_available,strong,assumed_room_only,confirmed_two_person_standard_room,high,high,1,-1,33467,false,inventory_dp_pressure_proxy
booking,蔵王温泉 高砂屋旅館,2026-07-12,2026-06-16T16:00:06+09:00,2026-06-17T18:00:06+09:00,26,available,available,17000,17000,0,0,same_price_available,noise,assumed_room_only,probable_two_person_standard_room,medium,medium,0.36,0,17000,false,inventory_dp_pressure_proxy
rakuten,名湯リゾート ルーセント,2026-07-12,,2026-06-01T20:58:30+09:00,,unknown,sold_out,,,,,not_comparable,none,unknown_meal_basis,unknown_room_basis,low,low,0,0,,false,inventory_dp_pressure_proxy
rakuten,蔵王国際ホテル,2026-07-12,,2026-06-01T20:58:30+09:00,,unknown,available,,,,,not_comparable,none,unknown_meal_basis,unknown_room_basis,low,low,0,0,,false,inventory_dp_pressure_proxy
booking,HAMMOND,2026-07-13,2026-07-11T13:35:06+09:00,2026-07-12T13:35:00+09:00,24,available,available,12964,11373,-1591,-0.1227,price_down_available,strong,assumed_room_only,confirmed_two_person_standard_room,high,high,1,-1,11373,false,inventory_dp_pressure_proxy
booking,JURIN,2026-07-13,2026-07-10T12:00:07+09:00,2026-07-11T12:00:00+09:00,24,available,available,28314,,0,0,same_price_available,noise,assumed_room_only,confirmed_two_person_standard_room,high,high,1,0,28314,false,inventory_dp_pressure_proxy
booking,ＫＫＲ蔵王 白銀荘,2026-07-13,2026-07-11T22:00:06+09:00,2026-07-12T22:00:06+09:00,24,available,available,23700,23700,0,0,same_price_available,noise,assumed_room_only,confirmed_two_person_standard_room,high,high,1,0,23700,false,inventory_dp_pressure_proxy
booking,ONSEN & STAY OAKHILL,2026-07-13,2026-07-10T14:00:06+09:00,2026-07-11T14:00:06+09:00,24,available,available,23027,,0,0,same_price_available,noise,assumed_room_only,confirmed_two_person_standard_room,high,high,1,0,23027,false,inventory_dp_pressure_proxy
booking,おおみや旅館,2026-07-13,2026-07-11T04:00:06+09:00,2026-07-12T04:00:06+09:00,24,available,available,16403,26400,9997,0.6095,price_up_available,strong,assumed_room_only,confirmed_two_person_standard_room,high,high,1,1,26400,false,inventory_dp_pressure_proxy
booking,たかみや瑠璃倶楽,2026-07-13,2026-06-17T10:00:05+09:00,2026-06-19T12:00:06+09:00,50,available,available,29700,,0,0,same_price_available,noise,assumed_room_only,confirmed_two_person_standard_room,high,high,1,0,29700,false,inventory_dp_pressure_proxy
booking,ペンションぷうたろう,2026-07-13,2026-07-11T16:00:06+09:00,2026-07-12T16:00:06+09:00,24,available,available,18050,18050,0,0,same_price_available,noise,assumed_room_only,probable_two_person_standard_room,medium,medium,0.36,0,18050,false,inventory_dp_pressure_proxy
booking,ペンション木いちご,2026-07-13,2026-06-27T16:00:06+09:00,2026-07-12T23:49:00+09:00,367.81,available,available,14600,14600,0,0,same_price_available,noise,assumed_room_only,confirmed_two_person_standard_room,high,high,1,0,14600,false,inventory_dp_pressure_proxy
booking,ホテル松金屋アネックス,2026-07-13,2026-07-05T10:00:06+09:00,2026-07-12T10:00:06+09:00,168,available,sold_out,18050,,-15750,-0.466,sold_out_after_price_down,strong,assumed_room_only,probable_two_person_standard_room,medium,medium,0.36,0.18,18050,false,inventory_dp_pressure_proxy
booking,ル・ベール蔵王,2026-07-13,2026-07-11T00:00:01+09:00,2026-07-12T00:00:06+09:00,24,available,available,34000,25052,-8948,-0.2632,price_down_available,strong,assumed_room_only,confirmed_two_person_standard_room,high,high,1,-1,25052,false,inventory_dp_pressure_proxy
booking,ロッジスガノ,2026-07-13,2026-06-20T18:00:05+09:00,2026-06-22T00:00:04+09:00,30,available,available,16240,,0,0,same_price_available,noise,assumed_room_only,probable_two_person_standard_room,medium,medium,0.36,0,16240,false,inventory_dp_pressure_proxy
booking,ロッジまつぽっくり,2026-07-13,2026-07-11T18:00:05+09:00,2026-07-12T18:00:06+09:00,24,available,available,,,,,not_comparable,none,assumed_room_only,excluded_family_or_suite_room,low,low,0,0,,false,inventory_dp_pressure_proxy
booking,吉田屋,2026-07-13,2026-07-05T08:00:03+09:00,2026-07-12T08:00:06+09:00,168,available,sold_out,17000,,0,0,sold_out_after_same_price,noise,assumed_room_only,probable_two_person_standard_room,medium,medium,0.36,0.36,17000,false,inventory_dp_pressure_proxy
booking,名湯リゾート ルーセントタカミヤ,2026-07-13,2026-07-11T02:00:05+09:00,2026-07-12T02:00:05+09:00,24,available,available,21450,21450,0,0,same_price_available,noise,assumed_room_only,confirmed_two_person_standard_room,high,high,1,0,21450,false,inventory_dp_pressure_proxy
booking,名湯舎 創,2026-07-13,2026-07-11T20:00:06+09:00,2026-07-12T20:00:06+09:00,24,available,available,12237,19734,7497,0.6127,price_up_available,strong,assumed_room_only,confirmed_two_person_standard_room,high,high,1,1,19734,false,inventory_dp_pressure_proxy
booking,深山荘 高見屋,2026-07-13,2026-06-17T14:00:05+09:00,2026-06-19T16:00:05+09:00,50,available,available,72600,33995,-38605,-0.5317,price_down_available,strong,assumed_room_only,confirmed_two_person_standard_room,high,high,1,-1,33995,false,inventory_dp_pressure_proxy
booking,蔵王温泉 高砂屋旅館,2026-07-13,2026-06-17T18:00:06+09:00,2026-07-13T00:10:00+09:00,606.16,available,unknown,17000,,,,unknown,none,assumed_room_only,probable_two_person_standard_room,medium,medium,0.36,0,17000,false,inventory_dp_pressure_proxy
rakuten,名湯リゾート ルーセント,2026-07-13,,2026-06-01T20:58:30+09:00,,unknown,sold_out,,,,,not_comparable,none,unknown_meal_basis,unknown_room_basis,low,low,0,0,,false,inventory_dp_pressure_proxy
rakuten,蔵王国際ホテル,2026-07-13,,2026-06-01T20:58:30+09:00,,unknown,sold_out,,,,,not_comparable,none,unknown_meal_basis,unknown_room_basis,low,low,0,0,,false,inventory_dp_pressure_proxy
booking,HAMMOND,2026-07-14,2026-07-12T00:00:06+09:00,2026-07-13T00:00:02+09:00,24,available,available,11074,11070,-4,-0.0004,noise,noise,assumed_room_only,confirmed_two_person_standard_room,high,high,1,0,11070,false,inventory_dp_pressure_proxy
booking,JURIN,2026-07-14,2026-07-11T20:00:06+09:00,2026-07-12T20:00:06+09:00,24,available,available,28314,28314,0,0,same_price_available,noise,assumed_room_only,confirmed_two_person_standard_room,high,high,1,0,28314,false,inventory_dp_pressure_proxy
booking,ＫＫＲ蔵王 白銀荘,2026-07-14,2026-07-11T02:00:05+09:00,2026-07-12T02:00:05+09:00,24,available,available,19700,19700,0,0,same_price_available,noise,assumed_room_only,probable_two_person_standard_room,medium,medium,0.36,0,19700,false,inventory_dp_pressure_proxy
booking,ONSEN & STAY OAKHILL,2026-07-14,2026-07-12T10:00:06+09:00,2026-07-13T01:04:54+09:00,15.08,available,available,16841,18738,1897,0.1126,price_up_available,strong,assumed_room_only,confirmed_two_person_standard_room,high,high,1,1,18738,false,inventory_dp_pressure_proxy
booking,おおみや旅館,2026-07-14,2026-07-05T06:00:05+09:00,2026-07-12T08:00:06+09:00,170,available,available,57200,18077,-39123,-0.684,price_down_available,strong,assumed_room_only,confirmed_two_person_standard_room,high,high,1,-1,18077,false,inventory_dp_pressure_proxy
booking,たかみや瑠璃倶楽,2026-07-14,2026-06-17T08:00:05+09:00,2026-07-13T06:00:06+09:00,622,available,available,14916,23166,8250,0.5531,price_up_available,strong,assumed_room_only,confirmed_two_person_standard_room,high,high,1,1,23166,false,inventory_dp_pressure_proxy
booking,ペンションぷうたろう,2026-07-14,2026-07-04T18:00:06+09:00,2026-07-12T23:49:00+09:00,197.81,available,available,18050,18050,0,0,same_price_available,noise,assumed_room_only,probable_two_person_standard_room,medium,medium,0.36,0,18050,false,inventory_dp_pressure_proxy
booking,ペンション木いちご,2026-07-14,2026-06-30T00:00:01+09:00,2026-07-01T22:00:06+09:00,46,available,available,14600,,0,0,same_price_available,noise,assumed_room_only,confirmed_two_person_standard_room,high,high,1,0,14600,false,inventory_dp_pressure_proxy
booking,ホテル松金屋アネックス,2026-07-14,2026-07-05T18:00:06+09:00,2026-07-12T18:00:06+09:00,168,available,sold_out,19000,,950,0.0526,sold_out_after_price_up,strong,assumed_room_only,probable_two_person_standard_room,medium,medium,0.36,0.54,19000,false,inventory_dp_pressure_proxy
booking,ル・ベール蔵王,2026-07-14,2026-07-11T04:00:06+09:00,2026-07-12T04:00:06+09:00,24,available,available,24468,34000,9532,0.3896,price_up_available,strong,assumed_room_only,confirmed_two_person_standard_room,high,high,1,1,34000,false,inventory_dp_pressure_proxy
booking,ロッジスガノ,2026-07-14,2026-06-20T18:00:05+09:00,2026-06-22T00:00:04+09:00,30,available,available,16240,,0,0,same_price_available,noise,assumed_room_only,probable_two_person_standard_room,medium,medium,0.36,0,16240,false,inventory_dp_pressure_proxy
booking,ロッジまつぽっくり,2026-07-14,2026-07-11T06:00:06+09:00,2026-07-12T06:00:06+09:00,24,available,available,,,,,not_comparable,none,assumed_room_only,excluded_family_or_suite_room,low,low,0,0,,false,inventory_dp_pressure_proxy
booking,吉田屋,2026-07-14,2026-07-11T14:00:06+09:00,2026-07-12T14:00:01+09:00,24,available,available,18700,,0,0,same_price_available,noise,assumed_room_only,probable_two_person_standard_room,medium,medium,0.36,0,18700,false,inventory_dp_pressure_proxy
booking,名湯リゾート ルーセントタカミヤ,2026-07-14,2026-07-11T16:00:06+09:00,2026-07-12T16:00:06+09:00,24,available,available,19734,19734,0,0,same_price_available,noise,assumed_room_only,confirmed_two_person_standard_room,high,high,1,0,19734,false,inventory_dp_pressure_proxy
booking,名湯舎 創,2026-07-14,2026-07-11T22:00:06+09:00,2026-07-12T22:00:06+09:00,24,available,available,19734,19734,0,0,same_price_available,noise,assumed_room_only,probable_two_person_standard_room,medium,medium,0.36,0,19734,false,inventory_dp_pressure_proxy
booking,松尾ハウス,2026-07-14,,2026-07-13T12:00:06+09:00,,unknown,available,,11000,,,unknown,none,assumed_room_only,confirmed_two_person_standard_room,high,high,1,0,11000,false,inventory_dp_pressure_proxy
booking,深山荘 高見屋,2026-07-14,2026-06-19T16:00:05+09:00,2026-07-13T08:00:06+09:00,568,available,available,33467,57200,23733,0.7091,price_up_available,strong,assumed_room_only,confirmed_two_person_standard_room,high,high,1,1,57200,false,inventory_dp_pressure_proxy
booking,源泉湯宿 蔵王プラザホテル,2026-07-14,,2026-07-13T16:00:01+09:00,,unknown,sold_out,,,,,not_comparable,none,assumed_room_only,unknown_room_basis,low,low,0,0,,false,inventory_dp_pressure_proxy
booking,蔵王・和歌（うた）の宿 わかまつや,2026-07-14,,2026-07-13T10:00:06+09:00,,unknown,sold_out,,,,,not_comparable,none,assumed_room_only,unknown_room_basis,low,low,0,0,,false,inventory_dp_pressure_proxy
booking,蔵王四季のホテル,2026-07-14,,2026-07-13T18:00:00+09:00,,unknown,sold_out,,,,,not_comparable,none,assumed_room_only,unknown_room_basis,low,low,0,0,,false,inventory_dp_pressure_proxy
booking,蔵王国際ホテル,2026-07-14,,2026-07-13T14:00:07+09:00,,unknown,sold_out,,,,,not_comparable,none,assumed_room_only,unknown_room_basis,low,low,0,0,,false,inventory_dp_pressure_proxy
booking,蔵王温泉 高砂屋旅館,2026-07-14,2026-06-17T16:00:05+09:00,2026-07-13T00:10:00+09:00,608.17,available,unknown,18700,,,,unknown,none,assumed_room_only,probable_two_person_standard_room,medium,medium,0.36,0,18700,false,inventory_dp_pressure_proxy
jalan,源泉湯宿 蔵王プラザホテル,2026-07-14,,2026-07-13T20:00:01+09:00,,unknown,available,,,,,not_comparable,none,confirmed_room_only,excluded_large_room,low,low,0,0,,false,inventory_dp_pressure_proxy
jalan,蔵王アストリアホテル,2026-07-14,,2026-07-13T22:00:01+09:00,,unknown,sold_out,,,,,not_comparable,none,unknown_meal_basis,unknown_room_basis,low,low,0,0,,false,inventory_dp_pressure_proxy
jalan,蔵王国際ホテル,2026-07-14,,2026-06-16T18:00:06+09:00,,unknown,sold_out,,,,,not_comparable,none,unknown_meal_basis,unknown_room_basis,low,low,0,0,,false,inventory_dp_pressure_proxy
rakuten,名湯リゾート ルーセント,2026-07-14,,2026-06-01T20:58:30+09:00,,unknown,available,,,,,not_comparable,none,unknown_meal_basis,unknown_room_basis,low,low,0,0,,false,inventory_dp_pressure_proxy
rakuten,蔵王国際ホテル,2026-07-14,,2026-06-01T20:58:30+09:00,,unknown,sold_out,,,,,not_comparable,none,unknown_meal_basis,unknown_room_basis,low,low,0,0,,false,inventory_dp_pressure_proxy
booking,HAMMOND,2026-07-15,2026-07-13T00:00:02+09:00,2026-07-14T13:35:06+09:00,37.58,available,available,11373,11132,-241,-0.0212,noise,noise,assumed_room_only,confirmed_two_person_standard_room,high,high,1,0,11132,false,inventory_dp_pressure_proxy
booking,JURIN,2026-07-15,2026-07-09T16:00:06+09:00,2026-07-10T16:00:06+09:00,24,available,available,28314,,0,0,same_price_available,noise,assumed_room_only,confirmed_two_person_standard_room,high,high,1,0,28314,false,inventory_dp_pressure_proxy
booking,ＫＫＲ蔵王 白銀荘,2026-07-15,2026-07-05T02:00:06+09:00,2026-07-12T02:00:05+09:00,168,available,sold_out,7220,,0,0,sold_out_after_same_price,noise,assumed_room_only,probable_two_person_standard_room,medium,medium,0.36,0.36,7220,false,inventory_dp_pressure_proxy
booking,ONSEN & STAY OAKHILL,2026-07-15,2026-07-13T01:04:54+09:00,2026-07-14T06:00:06+09:00,28.92,available,available,16827,25300,8473,0.5035,price_up_available,strong,assumed_room_only,confirmed_two_person_standard_room,high,high,1,1,25300,false,inventory_dp_pressure_proxy
booking,おおみや旅館,2026-07-15,2026-07-12T10:00:06+09:00,2026-07-14T04:00:06+09:00,42,available,available,22440,22440,0,0,same_price_available,noise,assumed_room_only,confirmed_two_person_standard_room,high,high,1,0,22440,false,inventory_dp_pressure_proxy
booking,たかみや瑠璃倶楽,2026-07-15,2026-06-17T08:00:05+09:00,2026-07-14T14:00:06+09:00,654,available,available,14833,23166,8333,0.5618,price_up_available,strong,assumed_room_only,confirmed_two_person_standard_room,high,high,1,1,23166,false,inventory_dp_pressure_proxy
booking,ペンションぷうたろう,2026-07-15,2026-07-12T23:49:00+09:00,2026-07-14T08:00:06+09:00,32.19,available,available,18050,18050,0,0,same_price_available,noise,assumed_room_only,probable_two_person_standard_room,medium,medium,0.36,0,18050,false,inventory_dp_pressure_proxy
booking,ペンション木いちご,2026-07-15,2026-06-29T00:00:06+09:00,2026-06-30T14:00:05+09:00,38,available,available,14600,,0,0,same_price_available,noise,assumed_room_only,confirmed_two_person_standard_room,high,high,1,0,14600,false,inventory_dp_pressure_proxy
booking,ホテル松金屋アネックス,2026-07-15,2026-07-12T12:00:00+09:00,2026-07-14T00:00:06+09:00,36,unknown,unknown,,,,,unknown,none,assumed_room_only,confirmed_two_person_standard_room,high,high,1,0,29744,false,inventory_dp_pressure_proxy
booking,ル・ベール蔵王,2026-07-15,2026-07-11T04:00:06+09:00,2026-07-12T04:00:06+09:00,24,available,available,25285,34000,8715,0.3447,price_up_available,strong,assumed_room_only,confirmed_two_person_standard_room,high,high,1,1,34000,false,inventory_dp_pressure_proxy
booking,ロッジスガノ,2026-07-15,2026-06-17T22:00:06+09:00,2026-06-29T08:00:05+09:00,274,available,available,16240,,0,0,same_price_available,noise,assumed_room_only,probable_two_person_standard_room,medium,medium,0.36,0,16240,false,inventory_dp_pressure_proxy
booking,ロッジまつぽっくり,2026-07-15,2026-07-11T06:00:06+09:00,2026-07-12T06:00:06+09:00,24,available,available,,,,,not_comparable,none,assumed_room_only,excluded_family_or_suite_room,low,low,0,0,,false,inventory_dp_pressure_proxy
booking,吉田屋,2026-07-15,2026-07-13T01:04:54+09:00,2026-07-14T13:35:06+09:00,36.5,available,available,18700,20592,1892,0.1012,price_up_available,strong,assumed_room_only,probable_two_person_standard_room,medium,medium,0.36,0.36,20592,false,inventory_dp_pressure_proxy
booking,名湯リゾート ルーセントタカミヤ,2026-07-15,2026-07-11T20:00:06+09:00,2026-07-12T20:00:06+09:00,24,available,available,19734,19734,0,0,same_price_available,noise,assumed_room_only,confirmed_two_person_standard_room,high,high,1,0,19734,false,inventory_dp_pressure_proxy
booking,名湯舎 創,2026-07-15,2026-07-12T18:00:06+09:00,2026-07-14T02:00:06+09:00,32,available,available,19734,19734,0,0,same_price_available,noise,assumed_room_only,probable_two_person_standard_room,medium,medium,0.36,0,19734,false,inventory_dp_pressure_proxy
booking,松尾ハウス,2026-07-15,2026-07-13T14:00:07+09:00,2026-07-14T22:00:01+09:00,32,available,sold_out,11000,,,,newly_sold_out,none,assumed_room_only,confirmed_two_person_standard_room,high,high,1,0.8,11000,false,inventory_dp_pressure_proxy
booking,深山荘 高見屋,2026-07-15,2026-06-21T18:00:06+09:00,2026-07-14T16:00:06+09:00,550,available,available,34070,72600,38530,1.1309,price_up_available,strong,assumed_room_only,confirmed_two_person_standard_room,high,high,1,1,72600,false,inventory_dp_pressure_proxy
booking,源泉湯宿 蔵王プラザホテル,2026-07-15,,2026-07-13T18:00:00+09:00,,unknown,available,,20900,,,unknown,none,assumed_room_only,confirmed_two_person_standard_room,high,high,1,0,20900,false,inventory_dp_pressure_proxy
booking,蔵王・和歌（うた）の宿 わかまつや,2026-07-15,2026-07-13T12:00:06+09:00,2026-07-14T20:00:08+09:00,32,sold_out,sold_out,,,,,not_comparable,none,assumed_room_only,unknown_room_basis,low,low,0,0,,false,inventory_dp_pressure_proxy
booking,蔵王四季のホテル,2026-07-15,,2026-07-13T20:00:01+09:00,,unknown,sold_out,,,,,not_comparable,none,assumed_room_only,unknown_room_basis,low,low,0,0,,false,inventory_dp_pressure_proxy
booking,蔵王国際ホテル,2026-07-15,,2026-07-13T16:00:01+09:00,,unknown,sold_out,,,,,not_comparable,none,assumed_room_only,unknown_room_basis,low,low,0,0,,false,inventory_dp_pressure_proxy
booking,蔵王温泉 高砂屋旅館,2026-07-15,2026-07-13T02:00:06+09:00,2026-07-14T18:00:06+09:00,40,available,available,17000,17000,0,0,same_price_available,noise,assumed_room_only,confirmed_two_person_standard_room,high,high,1,0,17000,false,inventory_dp_pressure_proxy
jalan,蔵王国際ホテル,2026-07-15,,2026-06-16T16:00:06+09:00,,unknown,available,,,,,not_comparable,none,unknown_meal_basis,unknown_room_basis,low,low,0,0,,false,inventory_dp_pressure_proxy
rakuten,名湯リゾート ルーセント,2026-07-15,,2026-06-01T20:58:30+09:00,,unknown,available,,,,,not_comparable,none,unknown_meal_basis,unknown_room_basis,low,low,0,0,,false,inventory_dp_pressure_proxy
rakuten,蔵王国際ホテル,2026-07-15,,2026-06-01T20:58:30+09:00,,unknown,sold_out,,,,,not_comparable,none,unknown_meal_basis,unknown_room_basis,low,low,0,0,,false,inventory_dp_pressure_proxy
booking,HAMMOND,2026-07-16,2026-07-14T08:00:06+09:00,2026-07-15T13:35:05+09:00,29.58,available,available,11182,11190,8,0.0007,noise,noise,assumed_room_only,confirmed_two_person_standard_room,high,high,1,0,11190,false,inventory_dp_pressure_proxy
booking,JURIN,2026-07-16,2026-07-11T04:00:06+09:00,2026-07-12T04:00:06+09:00,24,available,available,31746,,0,0,same_price_available,noise,assumed_room_only,confirmed_two_person_standard_room,high,high,1,0,31746,false,inventory_dp_pressure_proxy
booking,ＫＫＲ蔵王 白銀荘,2026-07-16,2026-07-05T04:00:06+09:00,2026-07-14T14:00:06+09:00,226,available,sold_out,7220,,-10689,-0.5969,sold_out_after_price_down,strong,assumed_room_only,probable_two_person_standard_room,medium,medium,0.36,0.18,7220,false,inventory_dp_pressure_proxy
booking,ONSEN & STAY OAKHILL,2026-07-16,2026-07-13T01:04:54+09:00,2026-07-14T13:35:06+09:00,36.5,available,available,19011,,-2021,-0.1063,price_down_available,strong,assumed_room_only,confirmed_two_person_standard_room,high,high,1,-1,16990,false,inventory_dp_pressure_proxy
booking,おおみや旅館,2026-07-16,2026-07-12T18:00:06+09:00,2026-07-15T02:00:06+09:00,56,available,available,22440,26400,3960,0.1765,price_up_available,strong,assumed_room_only,confirmed_two_person_standard_room,high,high,1,1,26400,false,inventory_dp_pressure_proxy
booking,たかみや瑠璃倶楽,2026-07-16,2026-06-16T08:00:05+09:00,2026-06-17T12:00:06+09:00,28,available,available,29700,,0,0,same_price_available,noise,assumed_room_only,probable_two_person_standard_room,medium,medium,0.36,0,29700,false,inventory_dp_pressure_proxy
booking,ペンションぷうたろう,2026-07-16,2026-07-13T00:00:02+09:00,2026-07-15T04:00:06+09:00,52,available,available,18050,18050,0,0,same_price_available,noise,assumed_room_only,probable_two_person_standard_room,medium,medium,0.36,0,18050,false,inventory_dp_pressure_proxy
booking,ペンション木いちご,2026-07-16,2026-07-11T14:00:06+09:00,2026-07-12T14:00:01+09:00,24,available,available,14600,,0,0,same_price_available,noise,assumed_room_only,confirmed_two_person_standard_room,high,high,1,0,14600,false,inventory_dp_pressure_proxy
booking,ホテル松金屋アネックス,2026-07-16,2026-07-05T08:00:03+09:00,2026-07-13T12:00:06+09:00,196,available,sold_out,18050,,0,0,sold_out_after_same_price,noise,assumed_room_only,probable_two_person_standard_room,medium,medium,0.36,0.36,18050,false,inventory_dp_pressure_proxy
booking,ル・ベール蔵王,2026-07-16,2026-07-12T10:00:06+09:00,2026-07-14T16:00:06+09:00,54,available,available,24733,25726,993,0.0401,price_up_available,meaningful,assumed_room_only,confirmed_two_person_standard_room,high,high,1,1,25726,false,inventory_dp_pressure_proxy
booking,ロッジスガノ,2026-07-16,2026-06-24T12:00:06+09:00,2026-07-01T00:00:01+09:00,156,available,available,16240,,0,0,same_price_available,noise,assumed_room_only,probable_two_person_standard_room,medium,medium,0.36,0,16240,false,inventory_dp_pressure_proxy
booking,ロッジまつぽっくり,2026-07-16,2026-07-13T08:00:06+09:00,2026-07-14T20:00:08+09:00,36,available,available,,,,,unknown,none,assumed_room_only,probable_two_person_standard_room,medium,medium,0.36,0,15000,false,inventory_dp_pressure_proxy
booking,吉田屋,2026-07-16,2026-07-14T12:00:06+09:00,2026-07-15T13:35:05+09:00,25.58,available,available,18700,20592,1892,0.1012,price_up_available,strong,assumed_room_only,probable_two_person_standard_room,medium,medium,0.36,0.36,20592,false,inventory_dp_pressure_proxy
booking,名湯リゾート ルーセントタカミヤ,2026-07-16,2026-07-12T22:00:06+09:00,2026-07-14T18:00:06+09:00,44,available,available,23166,23166,0,0,same_price_available,noise,assumed_room_only,probable_two_person_standard_room,medium,medium,0.36,0,23166,false,inventory_dp_pressure_proxy
booking,名湯舎 創,2026-07-16,2026-07-12T16:00:06+09:00,2026-07-15T00:00:05+09:00,56,available,available,19734,19734,0,0,same_price_available,noise,assumed_room_only,probable_two_person_standard_room,medium,medium,0.36,0,19734,false,inventory_dp_pressure_proxy
booking,松尾ハウス,2026-07-16,2026-07-13T16:00:01+09:00,2026-07-15T20:00:06+09:00,52,available,sold_out,11000,,,,newly_sold_out,none,assumed_room_only,confirmed_two_person_standard_room,high,high,1,0.8,11000,false,inventory_dp_pressure_proxy
booking,深山荘 高見屋,2026-07-16,2026-07-13T10:00:06+09:00,2026-07-15T14:00:06+09:00,52,available,available,33953,35631,1678,0.0494,price_up_available,meaningful,assumed_room_only,confirmed_two_person_standard_room,high,high,1,1,35631,false,inventory_dp_pressure_proxy
booking,源泉湯宿 蔵王プラザホテル,2026-07-16,,2026-07-13T20:00:01+09:00,,unknown,available,,20900,,,unknown,none,assumed_room_only,confirmed_two_person_standard_room,high,high,1,0,20900,false,inventory_dp_pressure_proxy
booking,蔵王・和歌（うた）の宿 わかまつや,2026-07-16,2026-07-13T14:00:07+09:00,2026-07-15T18:00:06+09:00,52,sold_out,sold_out,,,,,not_comparable,none,assumed_room_only,unknown_room_basis,low,low,0,0,,false,inventory_dp_pressure_proxy
booking,蔵王四季のホテル,2026-07-16,,2026-07-13T22:00:01+09:00,,unknown,sold_out,,,,,not_comparable,none,assumed_room_only,unknown_room_basis,low,low,0,0,,false,inventory_dp_pressure_proxy
booking,蔵王国際ホテル,2026-07-16,2026-07-13T18:00:00+09:00,2026-07-15T22:00:05+09:00,52,sold_out,sold_out,,,,,not_comparable,none,assumed_room_only,unknown_room_basis,low,low,0,0,,false,inventory_dp_pressure_proxy
booking,蔵王温泉 高砂屋旅館,2026-07-16,2026-07-13T02:00:06+09:00,2026-07-15T16:00:06+09:00,62,available,available,19200,17000,-2200,-0.1146,price_down_available,strong,assumed_room_only,confirmed_two_person_standard_room,high,high,1,-1,17000,false,inventory_dp_pressure_proxy
jalan,蔵王国際ホテル,2026-07-16,,2026-06-16T16:00:06+09:00,,unknown,sold_out,,,,,not_comparable,none,unknown_meal_basis,unknown_room_basis,low,low,0,0,,false,inventory_dp_pressure_proxy
rakuten,名湯リゾート ルーセント,2026-07-16,,2026-06-01T20:58:30+09:00,,unknown,sold_out,,,,,not_comparable,none,unknown_meal_basis,unknown_room_basis,low,low,0,0,,false,inventory_dp_pressure_proxy
rakuten,蔵王国際ホテル,2026-07-16,,2026-06-01T20:58:30+09:00,,unknown,sold_out,,,,,not_comparable,none,unknown_meal_basis,unknown_room_basis,low,low,0,0,,false,inventory_dp_pressure_proxy
booking,HAMMOND,2026-07-17,2026-07-15T10:00:05+09:00,2026-07-16T13:35:06+09:00,27.58,available,available,11137,12964,1827,0.164,price_up_available,strong,assumed_room_only,confirmed_two_person_standard_room,high,high,1,1,12964,false,inventory_dp_pressure_proxy
booking,JURIN,2026-07-17,2026-07-12T06:00:06+09:00,2026-07-14T08:00:06+09:00,50,available,available,31746,,0,0,same_price_available,noise,assumed_room_only,confirmed_two_person_standard_room,high,high,1,0,31746,false,inventory_dp_pressure_proxy
booking,ＫＫＲ蔵王 白銀荘,2026-07-17,2026-07-14T16:00:06+09:00,2026-07-15T16:00:06+09:00,24,available,available,25700,25700,0,0,same_price_available,noise,assumed_room_only,confirmed_two_person_standard_room,high,high,1,0,25700,false,inventory_dp_pressure_proxy
booking,ONSEN & STAY OAKHILL,2026-07-17,2026-07-15T00:00:05+09:00,2026-07-16T02:00:01+09:00,26,available,available,25300,23027,-2273,-0.0898,price_down_available,strong,assumed_room_only,confirmed_two_person_standard_room,high,high,1,-1,23027,false,inventory_dp_pressure_proxy
booking,おおみや旅館,2026-07-17,2026-07-12T22:00:06+09:00,2026-07-16T00:00:01+09:00,74,available,available,22440,26400,3960,0.1765,price_up_available,strong,assumed_room_only,confirmed_two_person_standard_room,high,high,1,1,26400,false,inventory_dp_pressure_proxy
booking,たかみや瑠璃倶楽,2026-07-17,2026-07-15T02:00:06+09:00,2026-07-16T10:00:01+09:00,32,available,available,17171,23166,5995,0.3491,price_up_available,strong,assumed_room_only,confirmed_two_person_standard_room,high,high,1,1,23166,false,inventory_dp_pressure_proxy
booking,ペンションぷうたろう,2026-07-17,2026-07-15T04:00:06+09:00,2026-07-16T04:00:01+09:00,24,available,available,18050,18050,0,0,same_price_available,noise,assumed_room_only,probable_two_person_standard_room,medium,medium,0.36,0,18050,false,inventory_dp_pressure_proxy
booking,ペンション木いちご,2026-07-17,2026-07-11T16:00:06+09:00,2026-07-12T16:00:06+09:00,24,available,available,14600,,0,0,same_price_available,noise,assumed_room_only,confirmed_two_person_standard_room,high,high,1,0,14600,false,inventory_dp_pressure_proxy
booking,ホテル松金屋アネックス,2026-07-17,2026-07-14T14:00:06+09:00,2026-07-15T14:00:06+09:00,24,unknown,unknown,,,,,unknown,none,assumed_room_only,confirmed_two_person_standard_room,high,high,1,0,29744,false,inventory_dp_pressure_proxy
booking,ル・ベール蔵王,2026-07-17,2026-07-14T18:00:06+09:00,2026-07-15T18:00:06+09:00,24,available,available,38000,28503,-9497,-0.2499,price_down_available,strong,assumed_room_only,confirmed_two_person_standard_room,high,high,1,-1,28503,false,inventory_dp_pressure_proxy
booking,ロッジスガノ,2026-07-17,2026-06-27T10:00:05+09:00,2026-07-02T00:00:06+09:00,110,available,available,16240,,0,0,same_price_available,noise,assumed_room_only,probable_two_person_standard_room,medium,medium,0.36,0,16240,false,inventory_dp_pressure_proxy
booking,ロッジまつぽっくり,2026-07-17,2026-07-12T14:00:01+09:00,2026-07-14T06:00:06+09:00,40,available,available,,,,,not_comparable,none,assumed_room_only,excluded_family_or_suite_room,low,low,0,0,,false,inventory_dp_pressure_proxy
booking,吉田屋,2026-07-17,2026-07-15T13:35:05+09:00,2026-07-16T13:35:06+09:00,24,available,available,18700,20592,1892,0.1012,price_up_available,strong,assumed_room_only,probable_two_person_standard_room,medium,medium,0.36,0.36,20592,false,inventory_dp_pressure_proxy
booking,名湯リゾート ルーセントタカミヤ,2026-07-17,2026-07-14T20:00:08+09:00,2026-07-15T20:00:06+09:00,24,available,available,28600,17457,-11143,-0.3896,price_down_available,strong,assumed_room_only,confirmed_two_person_standard_room,high,high,1,-1,17457,false,inventory_dp_pressure_proxy
booking,名湯舎 創,2026-07-17,2026-07-06T00:00:05+09:00,2026-07-13T00:00:02+09:00,168,available,available,15353,,129,0.0084,noise,noise,assumed_room_only,confirmed_two_person_standard_room,high,high,1,0,15482,false,inventory_dp_pressure_proxy
booking,松尾ハウス,2026-07-17,2026-07-13T18:00:00+09:00,2026-07-16T18:00:06+09:00,72,available,sold_out,11500,,,,newly_sold_out,none,assumed_room_only,confirmed_two_person_standard_room,high,high,1,0.8,11500,false,inventory_dp_pressure_proxy
booking,深山荘 高見屋,2026-07-17,2026-06-22T10:00:05+09:00,2026-07-16T12:00:06+09:00,578,available,available,36914,37524,610,0.0165,noise,noise,assumed_room_only,confirmed_two_person_standard_room,high,high,1,0,37524,false,inventory_dp_pressure_proxy
booking,源泉湯宿 蔵王プラザホテル,2026-07-17,2026-07-13T22:00:01+09:00,2026-07-16T22:00:04+09:00,72,sold_out,sold_out,,,,,not_comparable,none,assumed_room_only,unknown_room_basis,low,low,0,0,,false,inventory_dp_pressure_proxy
booking,蔵王・和歌（うた）の宿 わかまつや,2026-07-17,2026-07-13T14:00:07+09:00,2026-07-16T16:00:06+09:00,74,available,available,25725,23727,-1998,-0.0777,price_down_available,strong,assumed_room_only,confirmed_two_person_standard_room,high,high,1,-1,23727,false,inventory_dp_pressure_proxy
booking,蔵王四季のホテル,2026-07-17,,2026-07-14T04:00:06+09:00,,unknown,available,,,,,not_comparable,none,assumed_room_only,excluded_large_room,low,low,0,0,,false,inventory_dp_pressure_proxy
booking,蔵王国際ホテル,2026-07-17,2026-07-13T20:00:01+09:00,2026-07-16T20:00:06+09:00,72,available,available,33000,35640,2640,0.08,price_up_available,strong,assumed_room_only,confirmed_two_person_standard_room,high,high,1,1,35640,false,inventory_dp_pressure_proxy
booking,蔵王温泉 高砂屋旅館,2026-07-17,2026-07-13T04:00:06+09:00,2026-07-16T14:00:05+09:00,82,available,available,19200,17000,-2200,-0.1146,price_down_available,strong,assumed_room_only,confirmed_two_person_standard_room,high,high,1,-1,17000,false,inventory_dp_pressure_proxy
jalan,蔵王国際ホテル,2026-07-17,,2026-06-21T04:00:05+09:00,,unknown,available,,,,,not_comparable,none,confirmed_room_only,unknown_room_basis,low,low,0,0,,false,inventory_dp_pressure_proxy
rakuten,名湯リゾート ルーセント,2026-07-17,,2026-06-01T20:58:30+09:00,,unknown,sold_out,,,,,not_comparable,none,unknown_meal_basis,unknown_room_basis,low,low,0,0,,false,inventory_dp_pressure_proxy
rakuten,蔵王国際ホテル,2026-07-17,,2026-06-01T20:58:30+09:00,,unknown,available,,,,,not_comparable,none,unknown_meal_basis,unknown_room_basis,low,low,0,0,,false,inventory_dp_pressure_proxy
booking,HAMMOND,2026-07-18,2026-07-15T12:00:07+09:00,2026-07-17T13:35:06+09:00,49.58,available,available,35773,37014,1241,0.0347,price_up_available,meaningful,assumed_room_only,confirmed_two_person_standard_room,high,high,1,1,37014,false,inventory_dp_pressure_proxy
booking,JURIN,2026-07-18,2026-07-11T04:00:06+09:00,2026-07-12T04:00:06+09:00,24,available,available,42042,,0,0,same_price_available,noise,assumed_room_only,confirmed_two_person_standard_room,high,high,1,0,42042,false,inventory_dp_pressure_proxy
booking,ＫＫＲ蔵王 白銀荘,2026-07-18,2026-07-15T18:00:06+09:00,2026-07-16T18:00:06+09:00,24,available,available,55400,55400,0,0,same_price_available,noise,assumed_room_only,probable_two_person_standard_room,medium,medium,0.36,0,55400,false,inventory_dp_pressure_proxy
booking,ONSEN & STAY OAKHILL,2026-07-18,2026-07-16T13:35:06+09:00,2026-07-17T14:35:11+09:00,25,available,unknown,,,,,unknown,none,assumed_room_only,probable_two_person_standard_room,medium,medium,0.36,0,36300,false,inventory_dp_pressure_proxy
booking,おおみや旅館,2026-07-18,2026-07-12T16:00:06+09:00,2026-07-15T04:00:06+09:00,60,available,available,42240,42240,0,0,same_price_available,noise,assumed_room_only,confirmed_two_person_standard_room,high,high,1,0,42240,false,inventory_dp_pressure_proxy
booking,たかみや瑠璃倶楽,2026-07-18,2026-07-13T12:00:06+09:00,2026-07-17T06:00:06+09:00,90,available,sold_out,31746,,-1040,-0.0317,sold_out_after_price_down,meaningful,assumed_room_only,confirmed_two_person_standard_room,high,high,1,0.5,31746,false,inventory_dp_pressure_proxy
booking,ペンションぷうたろう,2026-07-18,2026-07-15T06:00:06+09:00,2026-07-17T00:00:06+09:00,42,available,available,17100,17100,0,0,same_price_available,noise,assumed_room_only,probable_two_person_standard_room,medium,medium,0.36,0,17100,false,inventory_dp_pressure_proxy
booking,ペンション木いちご,2026-07-18,2026-06-30T20:00:06+09:00,2026-07-03T12:00:01+09:00,64,available,available,16600,,0,0,same_price_available,noise,assumed_room_only,confirmed_two_person_standard_room,high,high,1,0,16600,false,inventory_dp_pressure_proxy
booking,ホテル松金屋アネックス,2026-07-18,2026-07-15T02:00:06+09:00,2026-07-16T16:00:06+09:00,38,unknown,unknown,,,,,unknown,none,assumed_room_only,confirmed_two_person_standard_room,high,high,1,0,45760,false,inventory_dp_pressure_proxy
booking,ル・ベール蔵王,2026-07-18,2026-07-15T20:00:06+09:00,2026-07-16T20:00:06+09:00,24,available,available,31049,31018,-31,-0.001,noise,noise,assumed_room_only,confirmed_two_person_standard_room,high,high,1,0,31018,false,inventory_dp_pressure_proxy
booking,ロッジスガノ,2026-07-18,2026-07-13T08:00:06+09:00,2026-07-17T04:00:06+09:00,92,available,available,18560,18560,0,0,same_price_available,noise,assumed_room_only,probable_two_person_standard_room,medium,medium,0.36,0,18560,false,inventory_dp_pressure_proxy
booking,ロッジまつぽっくり,2026-07-18,2026-07-15T14:00:06+09:00,2026-07-16T14:00:05+09:00,24,available,available,,,,,unknown,none,assumed_room_only,probable_two_person_standard_room,medium,medium,0.36,0,15000,false,inventory_dp_pressure_proxy
booking,吉田屋,2026-07-18,2026-07-16T13:35:06+09:00,2026-07-17T13:35:06+09:00,24,unknown,unknown,,,,,unknown,none,assumed_room_only,probable_two_person_standard_room,medium,medium,0.36,0,30888,false,inventory_dp_pressure_proxy
booking,名湯リゾート ルーセントタカミヤ,2026-07-18,2026-07-06T00:00:05+09:00,2026-07-15T22:00:05+09:00,238,available,sold_out,23000,,-30900,-0.5733,sold_out_after_price_down,strong,assumed_room_only,probable_two_person_standard_room,medium,medium,0.36,0.18,23000,false,inventory_dp_pressure_proxy
booking,名湯舎 創,2026-07-18,2026-07-05T12:00:05+09:00,2026-07-15T00:00:05+09:00,228,available,available,47300,,-3542,-0.0749,price_down_available,strong,assumed_room_only,confirmed_two_person_standard_room,high,high,1,-1,43758,false,inventory_dp_pressure_proxy
booking,松尾ハウス,2026-07-18,2026-07-16T10:00:01+09:00,2026-07-17T14:00:06+09:00,28,sold_out,sold_out,,,,,not_comparable,none,assumed_room_only,unknown_room_basis,low,low,0,0,,false,inventory_dp_pressure_proxy
booking,深山荘 高見屋,2026-07-18,2026-06-26T22:00:05+09:00,2026-07-17T08:00:06+09:00,490,available,sold_out,57112,,514,0.0091,sold_out_after_same_price,noise,assumed_room_only,confirmed_two_person_standard_room,high,high,1,1,57112,false,inventory_dp_pressure_proxy
booking,源泉湯宿 蔵王プラザホテル,2026-07-18,2026-07-14T00:00:06+09:00,2026-07-17T16:00:05+09:00,88,available,sold_out,41800,,,,newly_sold_out,none,assumed_room_only,probable_two_person_standard_room,medium,medium,0.36,0.288,41800,false,inventory_dp_pressure_proxy
booking,蔵王・和歌（うた）の宿 わかまつや,2026-07-18,2026-07-13T16:00:01+09:00,2026-07-17T12:00:06+09:00,92,available,sold_out,39031,,,,newly_sold_out,none,assumed_room_only,confirmed_two_person_standard_room,high,high,1,0.8,39031,false,inventory_dp_pressure_proxy
booking,蔵王四季のホテル,2026-07-18,2026-06-04T16:16:23+09:00,2026-07-17T18:00:06+09:00,1033.73,available,sold_out,56620,,3032,0.0566,sold_out_after_price_up,strong,assumed_room_only,probable_two_person_standard_room,medium,medium,0.36,0.54,56620,false,inventory_dp_pressure_proxy
booking,蔵王国際ホテル,2026-07-18,2026-07-13T22:00:01+09:00,2026-07-16T22:00:04+09:00,72,available,sold_out,47740,,-3380,-0.0661,sold_out_after_price_down,strong,assumed_room_only,confirmed_two_person_standard_room,high,high,1,0.5,47740,false,inventory_dp_pressure_proxy
booking,蔵王温泉 高砂屋旅館,2026-07-18,2026-06-17T10:00:05+09:00,2026-07-17T10:00:06+09:00,720,available,available,25800,25800,0,0,same_price_available,noise,assumed_room_only,confirmed_two_person_standard_room,high,high,1,0,25800,false,inventory_dp_pressure_proxy
jalan,HAMMOND,2026-07-18,,2026-06-05T00:29:41+09:00,,unknown,available,,,,,not_comparable,none,unknown_meal_basis,unknown_room_basis,low,low,0,0,,false,inventory_dp_pressure_proxy
jalan,JURIN,2026-07-18,,2026-06-05T00:29:41+09:00,,unknown,unavailable,,,,,not_comparable,none,unknown_meal_basis,unknown_room_basis,low,low,0,0,,false,inventory_dp_pressure_proxy
jalan,ＫＫＲ蔵王 白銀荘,2026-07-18,,2026-07-17T20:00:06+09:00,,unknown,sold_out,,,,,not_comparable,none,unknown_meal_basis,unknown_room_basis,low,low,0,0,,false,inventory_dp_pressure_proxy
jalan,market_aggregate,2026-07-18,,2026-06-01T23:07:31+09:00,,unknown,available,,,,,not_comparable,none,unknown_meal_basis,unknown_room_basis,low,low,0,0,,false,inventory_dp_pressure_proxy
jalan,たかみや瑠璃倶楽,2026-07-18,2026-06-15T06:00:03+09:00,2026-06-20T18:00:05+09:00,132,available,available,,,,,not_comparable,none,unknown_meal_basis,unknown_room_basis,low,low,0,0,,false,inventory_dp_pressure_proxy
jalan,ペンションぷうたろう,2026-07-18,,2026-07-17T22:00:05+09:00,,unknown,sold_out,,,,,not_comparable,none,unknown_meal_basis,unknown_room_basis,low,low,0,0,,false,inventory_dp_pressure_proxy
jalan,ル・ベール蔵王,2026-07-18,,2026-06-05T00:29:41+09:00,,unknown,available,,,,,not_comparable,none,unknown_meal_basis,unknown_room_basis,low,low,0,0,,false,inventory_dp_pressure_proxy
jalan,吉田屋,2026-07-18,,2026-06-05T00:29:41+09:00,,unknown,available,,,,,not_comparable,none,unknown_meal_basis,unknown_room_basis,low,low,0,0,,false,inventory_dp_pressure_proxy
jalan,深山荘 高見屋,2026-07-18,,2026-06-20T20:00:06+09:00,,unknown,available,,,,,not_comparable,none,unknown_meal_basis,unknown_room_basis,low,low,0,0,,false,inventory_dp_pressure_proxy
jalan,蔵王四季のホテル,2026-07-18,,2026-06-21T06:00:06+09:00,,unknown,available,,,,,not_comparable,none,unknown_meal_basis,unknown_room_basis,low,low,0,0,,false,inventory_dp_pressure_proxy
jalan,蔵王国際ホテル,2026-07-18,2026-06-16T18:00:06+09:00,2026-06-20T14:00:06+09:00,92,available,available,,,,,not_comparable,none,confirmed_room_only,excluded_family_or_suite_room,low,low,0,0,,false,inventory_dp_pressure_proxy
rakuten,名湯リゾート ルーセント,2026-07-18,,2026-06-01T20:58:30+09:00,,unknown,sold_out,,,,,not_comparable,none,unknown_meal_basis,unknown_room_basis,low,low,0,0,,false,inventory_dp_pressure_proxy
rakuten,蔵王国際ホテル,2026-07-18,,2026-06-01T20:58:30+09:00,,unknown,sold_out,,,,,not_comparable,none,unknown_meal_basis,unknown_room_basis,low,low,0,0,,false,inventory_dp_pressure_proxy
booking,HAMMOND,2026-07-19,2026-07-17T12:00:06+09:00,2026-07-18T13:35:06+09:00,25.58,available,available,18664,18664,0,0,same_price_available,noise,assumed_room_only,confirmed_two_person_standard_room,high,high,1,0,18664,false,inventory_dp_pressure_proxy
booking,JURIN,2026-07-19,2026-07-15T18:00:06+09:00,2026-07-16T18:00:06+09:00,24,available,available,38610,38610,0,0,same_price_available,noise,assumed_room_only,confirmed_two_person_standard_room,high,high,1,0,38610,false,inventory_dp_pressure_proxy
booking,ＫＫＲ蔵王 白銀荘,2026-07-19,2026-07-16T22:00:04+09:00,2026-07-17T22:00:05+09:00,24,available,available,27700,27700,0,0,same_price_available,noise,assumed_room_only,probable_two_person_standard_room,medium,medium,0.36,0,27700,false,inventory_dp_pressure_proxy
booking,ONSEN & STAY OAKHILL,2026-07-19,2026-07-16T13:35:06+09:00,2026-07-17T13:35:06+09:00,24,available,available,23027,,0,0,same_price_available,noise,assumed_room_only,confirmed_two_person_standard_room,high,high,1,0,23027,false,inventory_dp_pressure_proxy
booking,おおみや旅館,2026-07-19,2026-07-15T04:00:06+09:00,2026-07-16T08:00:01+09:00,28,available,available,38280,38280,0,0,same_price_available,noise,assumed_room_only,probable_two_person_standard_room,medium,medium,0.36,0,38280,false,inventory_dp_pressure_proxy
booking,たかみや瑠璃倶楽,2026-07-19,2026-07-15T02:00:06+09:00,2026-07-17T08:00:06+09:00,54,available,available,25335,31746,6411,0.253,price_up_available,strong,assumed_room_only,confirmed_two_person_standard_room,high,high,1,1,31746,false,inventory_dp_pressure_proxy
booking,ペンションぷうたろう,2026-07-19,2026-07-16T00:00:01+09:00,2026-07-17T02:00:06+09:00,26,available,available,15200,15200,0,0,same_price_available,noise,assumed_room_only,probable_two_person_standard_room,medium,medium,0.36,0,15200,false,inventory_dp_pressure_proxy
booking,ペンション木いちご,2026-07-19,2026-07-11T02:00:05+09:00,2026-07-12T02:00:05+09:00,24,available,available,16600,,0,0,same_price_available,noise,assumed_room_only,confirmed_two_person_standard_room,high,high,1,0,16600,false,inventory_dp_pressure_proxy
booking,ホテル松金屋アネックス,2026-07-19,2026-07-15T06:00:06+09:00,2026-07-16T06:00:01+09:00,24,unknown,unknown,,,,,unknown,none,assumed_room_only,confirmed_two_person_standard_room,high,high,1,0,36608,false,inventory_dp_pressure_proxy
booking,ル・ベール蔵王,2026-07-19,2026-07-12T18:00:06+09:00,2026-07-15T20:00:06+09:00,74,available,available,30370,30367,-3,-0.0001,noise,noise,assumed_room_only,confirmed_two_person_standard_room,high,high,1,0,30367,false,inventory_dp_pressure_proxy
booking,ロッジスガノ,2026-07-19,2026-07-13T10:00:06+09:00,2026-07-15T14:00:06+09:00,52,available,available,17000,,0,0,same_price_available,noise,assumed_room_only,confirmed_two_person_standard_room,high,high,1,0,17000,false,inventory_dp_pressure_proxy
booking,ロッジまつぽっくり,2026-07-19,2026-07-16T02:00:01+09:00,2026-07-17T14:00:06+09:00,36,available,available,,,,,not_comparable,none,assumed_room_only,excluded_family_or_suite_room,low,low,0,0,,false,inventory_dp_pressure_proxy
booking,吉田屋,2026-07-19,2026-07-17T13:35:06+09:00,2026-07-18T13:35:06+09:00,24,available,unknown,24024,,,,unknown,none,assumed_room_only,probable_two_person_standard_room,medium,medium,0.36,0,24024,false,inventory_dp_pressure_proxy
booking,名湯リゾート ルーセントタカミヤ,2026-07-19,2026-07-14T12:00:06+09:00,2026-07-16T20:00:06+09:00,56,available,available,40700,34072,-6628,-0.1629,price_down_available,strong,assumed_room_only,confirmed_two_person_standard_room,high,high,1,-1,34072,false,inventory_dp_pressure_proxy
booking,名湯舎 創,2026-07-19,2026-07-06T00:00:05+09:00,2026-07-16T04:00:01+09:00,244,available,sold_out,25465,,0,0,sold_out_after_same_price,noise,assumed_room_only,probable_two_person_standard_room,medium,medium,0.36,0.36,25465,false,inventory_dp_pressure_proxy
booking,松尾ハウス,2026-07-19,2026-07-13T22:00:01+09:00,2026-07-17T16:00:05+09:00,90,available,available,11500,11500,0,0,same_price_available,noise,assumed_room_only,confirmed_two_person_standard_room,high,high,1,0,11500,false,inventory_dp_pressure_proxy
booking,深山荘 高見屋,2026-07-19,2026-06-25T00:00:06+09:00,2026-07-18T06:00:05+09:00,558,available,sold_out,110000,,38192,0.5319,sold_out_after_price_up,strong,assumed_room_only,confirmed_two_person_standard_room,high,high,1,1.5,110000,false,inventory_dp_pressure_proxy
booking,源泉湯宿 蔵王プラザホテル,2026-07-19,2026-07-17T18:00:06+09:00,2026-07-18T18:00:06+09:00,24,available,sold_out,39600,,0,0,sold_out_after_same_price,noise,assumed_room_only,probable_two_person_standard_room,medium,medium,0.36,0.36,39600,false,inventory_dp_pressure_proxy
booking,蔵王・和歌（うた）の宿 わかまつや,2026-07-19,2026-07-17T06:00:06+09:00,2026-07-18T10:00:05+09:00,28,sold_out,sold_out,,,,,not_comparable,none,assumed_room_only,unknown_room_basis,low,low,0,0,,false,inventory_dp_pressure_proxy
booking,蔵王四季のホテル,2026-07-19,2026-07-17T20:00:06+09:00,2026-07-18T20:00:06+09:00,24,available,sold_out,35887,,,,newly_sold_out,none,assumed_room_only,confirmed_two_person_standard_room,high,high,1,0.8,35887,false,inventory_dp_pressure_proxy
booking,蔵王国際ホテル,2026-07-19,2026-07-17T10:00:06+09:00,2026-07-18T12:00:01+09:00,26,available,available,35640,38280,2640,0.0741,price_up_available,strong,assumed_room_only,confirmed_two_person_standard_room,high,high,1,1,38280,false,inventory_dp_pressure_proxy
booking,蔵王温泉 高砂屋旅館,2026-07-19,2026-06-23T18:00:05+09:00,2026-07-13T08:00:06+09:00,470,available,available,25800,,2200,0.0853,price_up_available,strong,assumed_room_only,confirmed_two_person_standard_room,high,high,1,1,28000,false,inventory_dp_pressure_proxy
jalan,market_aggregate,2026-07-19,,2026-06-01T23:07:31+09:00,,unknown,unavailable,,,,,not_comparable,none,unknown_meal_basis,unknown_room_basis,low,low,0,0,,false,inventory_dp_pressure_proxy
jalan,ONSEN & STAY OAKHILL,2026-07-19,,2026-07-18T14:00:06+09:00,,unknown,available,,,,,not_comparable,none,unknown_meal_basis,unknown_room_basis,low,low,0,0,,false,inventory_dp_pressure_proxy
jalan,たかみや瑠璃倶楽,2026-07-19,2026-06-20T14:00:06+09:00,2026-06-22T10:00:05+09:00,44,available,available,,,,,not_comparable,none,unknown_meal_basis,unknown_room_basis,low,low,0,0,,false,inventory_dp_pressure_proxy
jalan,名湯舎 創,2026-07-19,,2026-07-18T22:00:06+09:00,,unknown,available,,,,,not_comparable,none,confirmed_room_only,excluded_large_room,low,low,0,0,,false,inventory_dp_pressure_proxy
jalan,深山荘 高見屋,2026-07-19,2026-06-20T22:00:06+09:00,2026-06-22T14:00:06+09:00,40,available,available,,,,,not_comparable,none,unknown_meal_basis,unknown_room_basis,low,low,0,0,,false,inventory_dp_pressure_proxy
jalan,蔵王四季のホテル,2026-07-19,2026-06-21T08:00:06+09:00,2026-06-22T16:00:05+09:00,32,available,available,,,,,not_comparable,none,unknown_meal_basis,unknown_room_basis,low,low,0,0,,false,inventory_dp_pressure_proxy
jalan,蔵王国際ホテル,2026-07-19,2026-06-20T20:00:06+09:00,2026-06-21T22:00:06+09:00,26,available,available,,,,,not_comparable,none,confirmed_room_only,excluded_family_or_suite_room,low,low,0,0,,false,inventory_dp_pressure_proxy
rakuten,名湯リゾート ルーセント,2026-07-19,,2026-06-01T20:58:30+09:00,,unknown,available,,,,,not_comparable,none,unknown_meal_basis,unknown_room_basis,low,low,0,0,,false,inventory_dp_pressure_proxy
rakuten,蔵王国際ホテル,2026-07-19,,2026-06-01T20:58:30+09:00,,unknown,sold_out,,,,,not_comparable,none,unknown_meal_basis,unknown_room_basis,low,low,0,0,,false,inventory_dp_pressure_proxy
booking,HAMMOND,2026-07-20,2026-07-18T12:00:01+09:00,2026-07-19T13:35:06+09:00,25.58,available,available,14245,12964,-1281,-0.0899,price_down_available,strong,assumed_room_only,confirmed_two_person_standard_room,high,high,1,-1,12964,false,inventory_dp_pressure_proxy
booking,JURIN,2026-07-20,2026-07-18T18:00:06+09:00,2026-07-19T22:00:05+09:00,28,available,available,28314,28314,0,0,same_price_available,noise,assumed_room_only,confirmed_two_person_standard_room,high,high,1,0,28314,false,inventory_dp_pressure_proxy
booking,ＫＫＲ蔵王 白銀荘,2026-07-20,2026-07-15T14:00:06+09:00,2026-07-16T16:00:06+09:00,26,available,available,23700,23700,0,0,same_price_available,noise,assumed_room_only,confirmed_two_person_standard_room,high,high,1,0,23700,false,inventory_dp_pressure_proxy
booking,ONSEN & STAY OAKHILL,2026-07-20,2026-07-18T13:35:06+09:00,2026-07-19T13:35:06+09:00,24,unknown,unknown,,,,,unknown,none,assumed_room_only,probable_two_person_standard_room,medium,medium,0.36,0,14245,false,inventory_dp_pressure_proxy
booking,おおみや旅館,2026-07-20,2026-07-15T10:00:05+09:00,2026-07-16T14:00:05+09:00,28,available,available,22440,22440,0,0,same_price_available,noise,assumed_room_only,confirmed_two_person_standard_room,high,high,1,0,22440,false,inventory_dp_pressure_proxy
booking,たかみや瑠璃倶楽,2026-07-20,2026-07-18T02:00:06+09:00,2026-07-19T04:00:02+09:00,26,available,available,17835,23166,5331,0.2989,price_up_available,strong,assumed_room_only,confirmed_two_person_standard_room,high,high,1,1,23166,false,inventory_dp_pressure_proxy
booking,ペンションぷうたろう,2026-07-20,2026-07-16T20:00:06+09:00,2026-07-18T00:00:01+09:00,28,available,available,18050,18050,0,0,same_price_available,noise,assumed_room_only,probable_two_person_standard_room,medium,medium,0.36,0,18050,false,inventory_dp_pressure_proxy
booking,ペンション木いちご,2026-07-20,2026-07-05T18:00:06+09:00,2026-07-12T02:00:05+09:00,152,available,available,14600,,0,0,same_price_available,noise,assumed_room_only,confirmed_two_person_standard_room,high,high,1,0,14600,false,inventory_dp_pressure_proxy
booking,ホテル松金屋アネックス,2026-07-20,2026-07-05T02:00:06+09:00,2026-07-16T08:00:01+09:00,270,available,sold_out,18050,,-950,-0.05,sold_out_after_price_down,strong,assumed_room_only,probable_two_person_standard_room,medium,medium,0.36,0.18,18050,false,inventory_dp_pressure_proxy
booking,ル・ベール蔵王,2026-07-20,2026-07-17T06:00:06+09:00,2026-07-18T06:00:05+09:00,24,available,available,28151,28169,18,0.0006,noise,noise,assumed_room_only,confirmed_two_person_standard_room,high,high,1,0,28169,false,inventory_dp_pressure_proxy
booking,ロッジスガノ,2026-07-20,2026-06-24T18:00:06+09:00,2026-07-19T02:00:06+09:00,584,available,available,15000,16800,1800,0.12,price_up_available,strong,assumed_room_only,probable_two_person_standard_room,medium,medium,0.36,0.36,16800,false,inventory_dp_pressure_proxy
booking,ロッジまつぽっくり,2026-07-20,2026-07-16T04:00:01+09:00,2026-07-18T14:00:06+09:00,58,available,available,,,,,not_comparable,none,assumed_room_only,excluded_family_or_suite_room,low,low,0,0,,false,inventory_dp_pressure_proxy
booking,吉田屋,2026-07-20,2026-07-18T13:35:06+09:00,2026-07-19T13:35:06+09:00,24,available,available,18700,20592,1892,0.1012,price_up_available,strong,assumed_room_only,probable_two_person_standard_room,medium,medium,0.36,0.36,20592,false,inventory_dp_pressure_proxy
booking,名湯リゾート ルーセントタカミヤ,2026-07-20,2026-07-17T08:00:06+09:00,2026-07-18T10:00:05+09:00,26,available,available,19734,21450,1716,0.087,price_up_available,strong,assumed_room_only,confirmed_two_person_standard_room,high,high,1,1,21450,false,inventory_dp_pressure_proxy
booking,名湯舎 創,2026-07-20,2026-07-15T06:00:06+09:00,2026-07-16T06:00:01+09:00,24,available,available,19734,20182,448,0.0227,noise,noise,assumed_room_only,confirmed_two_person_standard_room,high,high,1,0,20182,false,inventory_dp_pressure_proxy
booking,松尾ハウス,2026-07-20,2026-07-18T04:00:05+09:00,2026-07-19T10:00:06+09:00,30,available,available,11000,11000,0,0,same_price_available,noise,assumed_room_only,confirmed_two_person_standard_room,high,high,1,0,11000,false,inventory_dp_pressure_proxy
booking,深山荘 高見屋,2026-07-20,2026-07-17T02:00:06+09:00,2026-07-18T08:00:06+09:00,30,available,available,79200,79200,0,0,same_price_available,noise,assumed_room_only,confirmed_two_person_standard_room,high,high,1,0,79200,false,inventory_dp_pressure_proxy
booking,源泉湯宿 蔵王プラザホテル,2026-07-20,2026-07-17T20:00:06+09:00,2026-07-18T20:00:06+09:00,24,available,available,20900,20900,0,0,same_price_available,noise,assumed_room_only,confirmed_two_person_standard_room,high,high,1,0,20900,false,inventory_dp_pressure_proxy
booking,蔵王・和歌（うた）の宿 わかまつや,2026-07-20,2026-07-17T14:00:06+09:00,2026-07-19T08:00:06+09:00,42,available,available,26575,28653,2078,0.0782,price_up_available,strong,assumed_room_only,confirmed_two_person_standard_room,high,high,1,1,28653,false,inventory_dp_pressure_proxy
booking,蔵王四季のホテル,2026-07-20,2026-07-17T22:00:05+09:00,2026-07-18T22:00:06+09:00,24,available,available,,,,,not_comparable,none,assumed_room_only,excluded_large_room,low,low,0,0,,false,inventory_dp_pressure_proxy
booking,蔵王国際ホテル,2026-07-20,2026-07-18T16:00:06+09:00,2026-07-19T16:00:00+09:00,24,available,available,33000,35640,2640,0.08,price_up_available,strong,assumed_room_only,confirmed_two_person_standard_room,high,high,1,1,35640,false,inventory_dp_pressure_proxy
booking,蔵王温泉 高砂屋旅館,2026-07-20,2026-06-25T12:00:05+09:00,2026-07-13T10:00:06+09:00,430,available,available,17000,,2200,0.1294,price_up_available,strong,assumed_room_only,confirmed_two_person_standard_room,high,high,1,1,19200,false,inventory_dp_pressure_proxy
jalan,market_aggregate,2026-07-20,,2026-06-01T23:07:31+09:00,,unknown,unavailable,,,,,not_comparable,none,unknown_meal_basis,unknown_room_basis,low,low,0,0,,false,inventory_dp_pressure_proxy
jalan,ONSEN & STAY OAKHILL,2026-07-20,,2026-07-19T12:00:03+09:00,,unknown,sold_out,,,,,not_comparable,none,unknown_meal_basis,unknown_room_basis,low,low,0,0,,false,inventory_dp_pressure_proxy
jalan,たかみや瑠璃倶楽,2026-07-20,2026-06-22T18:00:06+09:00,2026-06-24T08:00:05+09:00,38,available,available,,,,,not_comparable,none,unknown_meal_basis,unknown_room_basis,low,low,0,0,,false,inventory_dp_pressure_proxy
jalan,名湯舎 創,2026-07-20,,2026-07-19T20:00:05+09:00,,unknown,available,,,,,not_comparable,none,confirmed_room_only,excluded_large_room,low,low,0,0,,false,inventory_dp_pressure_proxy
jalan,深山荘 高見屋,2026-07-20,2026-06-22T20:00:06+09:00,2026-06-24T10:00:06+09:00,38,available,available,,,,,not_comparable,none,unknown_meal_basis,unknown_room_basis,low,low,0,0,,false,inventory_dp_pressure_proxy
jalan,蔵王四季のホテル,2026-07-20,2026-06-16T20:00:06+09:00,2026-06-21T18:00:06+09:00,118,available,available,,,,,not_comparable,none,unknown_meal_basis,unknown_room_basis,low,low,0,0,,false,inventory_dp_pressure_proxy
jalan,蔵王国際ホテル,2026-07-20,2026-06-22T14:00:06+09:00,2026-06-24T04:00:01+09:00,38,available,available,,,,,not_comparable,none,confirmed_room_only,unknown_room_basis,low,low,0,0,,false,inventory_dp_pressure_proxy
jalan,蔵王温泉 高砂屋旅館,2026-07-20,,2026-07-19T14:00:06+09:00,,unknown,available,,,,,not_comparable,none,unknown_meal_basis,unknown_room_basis,low,low,0,0,,false,inventory_dp_pressure_proxy
rakuten,名湯リゾート ルーセント,2026-07-20,,2026-06-01T20:58:30+09:00,,unknown,available,,,,,not_comparable,none,unknown_meal_basis,unknown_room_basis,low,low,0,0,,false,inventory_dp_pressure_proxy
rakuten,蔵王国際ホテル,2026-07-20,,2026-06-01T20:58:30+09:00,,unknown,available,,,,,not_comparable,none,unknown_meal_basis,unknown_room_basis,low,low,0,0,,false,inventory_dp_pressure_proxy
booking,HAMMOND,2026-07-21,2026-07-19T13:35:06+09:00,2026-07-20T13:35:06+09:00,24,available,available,12964,14245,1281,0.0988,price_up_available,strong,assumed_room_only,confirmed_two_person_standard_room,high,high,1,1,14245,false,inventory_dp_pressure_proxy
booking,JURIN,2026-07-21,2026-07-05T06:00:05+09:00,2026-07-20T20:00:06+09:00,374,available,sold_out,20900,,-24100,-0.5356,sold_out_after_price_down,strong,assumed_room_only,probable_two_person_standard_room,medium,medium,0.36,0.18,20900,false,inventory_dp_pressure_proxy
booking,ＫＫＲ蔵王 白銀荘,2026-07-21,2026-07-19T16:00:00+09:00,2026-07-20T22:00:06+09:00,30,available,available,19700,19700,0,0,same_price_available,noise,assumed_room_only,probable_two_person_standard_room,medium,medium,0.36,0,19700,false,inventory_dp_pressure_proxy
booking,ONSEN & STAY OAKHILL,2026-07-21,2026-07-19T13:35:06+09:00,2026-07-20T13:35:06+09:00,24,unknown,unknown,,,,,unknown,none,assumed_room_only,probable_two_person_standard_room,medium,medium,0.36,0,14245,false,inventory_dp_pressure_proxy
booking,おおみや旅館,2026-07-21,2026-07-15T12:00:07+09:00,2026-07-17T02:00:06+09:00,38,available,available,22440,22440,0,0,same_price_available,noise,assumed_room_only,confirmed_two_person_standard_room,high,high,1,0,22440,false,inventory_dp_pressure_proxy
booking,たかみや瑠璃倶楽,2026-07-21,2026-07-18T04:00:05+09:00,2026-07-20T02:00:06+09:00,46,available,available,23166,16802,-6364,-0.2747,price_down_available,strong,assumed_room_only,confirmed_two_person_standard_room,high,high,1,-1,16802,false,inventory_dp_pressure_proxy
booking,ペンションぷうたろう,2026-07-21,2026-07-16T02:00:01+09:00,2026-07-17T20:00:06+09:00,42,available,available,18050,18050,0,0,same_price_available,noise,assumed_room_only,probable_two_person_standard_room,medium,medium,0.36,0,18050,false,inventory_dp_pressure_proxy
booking,ペンション木いちご,2026-07-21,2026-07-04T04:00:06+09:00,2026-07-05T22:00:06+09:00,42,available,available,14600,,0,0,same_price_available,noise,assumed_room_only,confirmed_two_person_standard_room,high,high,1,0,14600,false,inventory_dp_pressure_proxy
booking,ホテル松金屋アネックス,2026-07-21,2026-07-05T20:00:06+09:00,2026-07-19T04:00:02+09:00,320,available,sold_out,18050,,0,0,sold_out_after_same_price,noise,assumed_room_only,probable_two_person_standard_room,medium,medium,0.36,0.36,18050,false,inventory_dp_pressure_proxy
booking,ル・ベール蔵王,2026-07-21,2026-07-18T20:00:06+09:00,2026-07-19T20:00:05+09:00,24,available,available,27550,26280,-1270,-0.0461,price_down_available,meaningful,assumed_room_only,confirmed_two_person_standard_room,high,high,1,-1,26280,false,inventory_dp_pressure_proxy
booking,ロッジスガノ,2026-07-21,2026-07-13T14:00:07+09:00,2026-07-17T06:00:06+09:00,88,sold_out,available,,16240,,,newly_available,none,assumed_room_only,confirmed_two_person_standard_room,high,high,1,-0.5,16240,false,inventory_dp_pressure_proxy
booking,ロッジまつぽっくり,2026-07-21,2026-07-12T20:00:06+09:00,2026-07-16T10:00:01+09:00,86,available,available,,,,,not_comparable,none,assumed_room_only,excluded_family_or_suite_room,low,low,0,0,,false,inventory_dp_pressure_proxy
booking,吉田屋,2026-07-21,2026-07-19T13:35:06+09:00,2026-07-20T13:35:06+09:00,24,available,available,18700,20592,1892,0.1012,price_up_available,strong,assumed_room_only,probable_two_person_standard_room,medium,medium,0.36,0.36,20592,false,inventory_dp_pressure_proxy
booking,名湯リゾート ルーセントタカミヤ,2026-07-21,2026-07-17T12:00:06+09:00,2026-07-18T22:00:06+09:00,34,available,available,21450,21450,0,0,same_price_available,noise,assumed_room_only,confirmed_two_person_standard_room,high,high,1,0,21450,false,inventory_dp_pressure_proxy
booking,名湯舎 創,2026-07-21,2026-07-16T16:00:06+09:00,2026-07-19T06:00:06+09:00,62,available,available,21450,21450,0,0,same_price_available,noise,assumed_room_only,probable_two_person_standard_room,medium,medium,0.36,0,21450,false,inventory_dp_pressure_proxy
booking,松尾ハウス,2026-07-21,2026-07-18T06:00:05+09:00,2026-07-19T12:00:03+09:00,30,available,available,11000,11000,0,0,same_price_available,noise,assumed_room_only,confirmed_two_person_standard_room,high,high,1,0,11000,false,inventory_dp_pressure_proxy
booking,深山荘 高見屋,2026-07-21,2026-07-19T00:00:02+09:00,2026-07-20T04:00:06+09:00,28,available,available,36764,37541,777,0.0211,noise,noise,assumed_room_only,confirmed_two_person_standard_room,high,high,1,0,37541,false,inventory_dp_pressure_proxy
booking,源泉湯宿 蔵王プラザホテル,2026-07-21,2026-07-19T02:00:06+09:00,2026-07-20T08:00:06+09:00,30,available,sold_out,20900,,-8800,-0.2963,sold_out_after_price_down,strong,assumed_room_only,confirmed_two_person_standard_room,high,high,1,0.5,20900,false,inventory_dp_pressure_proxy
booking,蔵王・和歌（うた）の宿 わかまつや,2026-07-21,2026-07-18T02:00:06+09:00,2026-07-19T10:00:06+09:00,32,sold_out,sold_out,,,,,not_comparable,none,assumed_room_only,unknown_room_basis,low,low,0,0,,false,inventory_dp_pressure_proxy
booking,蔵王四季のホテル,2026-07-21,2026-07-19T14:00:06+09:00,2026-07-20T14:00:06+09:00,24,available,available,,,,,not_comparable,none,assumed_room_only,excluded_family_or_suite_room,low,low,0,0,,false,inventory_dp_pressure_proxy
booking,蔵王国際ホテル,2026-07-21,2026-07-18T18:00:06+09:00,2026-07-20T06:00:06+09:00,36,available,available,28086,28093,7,0.0002,noise,noise,assumed_room_only,confirmed_two_person_standard_room,high,high,1,0,28093,false,inventory_dp_pressure_proxy
booking,蔵王温泉 高砂屋旅館,2026-07-21,2026-06-23T22:00:05+09:00,2026-07-19T08:00:06+09:00,610,available,sold_out,18700,,0,0,sold_out_after_same_price,noise,assumed_room_only,probable_two_person_standard_room,medium,medium,0.36,0.36,18700,false,inventory_dp_pressure_proxy
jalan,たかみや瑠璃倶楽,2026-07-21,2026-06-22T20:00:06+09:00,2026-06-24T08:00:05+09:00,36,available,available,,,,,not_comparable,none,unknown_meal_basis,unknown_room_basis,low,low,0,0,,false,inventory_dp_pressure_proxy
jalan,ペンションぷうたろう,2026-07-21,,2026-07-20T16:00:06+09:00,,unknown,available,,17600,,,unknown,none,confirmed_room_only,confirmed_two_person_standard_room,high,high,1,0,17600,false,inventory_dp_pressure_proxy
jalan,名湯舎 創,2026-07-21,,2026-07-20T18:00:06+09:00,,unknown,available,,,,,not_comparable,none,confirmed_room_only,excluded_large_room,low,low,0,0,,false,inventory_dp_pressure_proxy
jalan,深山荘 高見屋,2026-07-21,2026-06-22T22:00:06+09:00,2026-06-24T18:00:06+09:00,44,available,available,,,,,not_comparable,none,unknown_meal_basis,unknown_room_basis,low,low,0,0,,false,inventory_dp_pressure_proxy
jalan,蔵王四季のホテル,2026-07-21,2026-06-21T22:00:06+09:00,2026-06-23T04:00:06+09:00,30,available,available,,,,,not_comparable,none,unknown_meal_basis,unknown_room_basis,low,low,0,0,,false,inventory_dp_pressure_proxy
jalan,蔵王国際ホテル,2026-07-21,2026-06-22T18:00:06+09:00,2026-06-24T06:00:06+09:00,36,sold_out,sold_out,,,,,not_comparable,none,unknown_meal_basis,unknown_room_basis,low,low,0,0,,false,inventory_dp_pressure_proxy
jalan,蔵王温泉 高砂屋旅館,2026-07-21,,2026-07-20T12:00:05+09:00,,unknown,unavailable,,,,,not_comparable,none,unknown_meal_basis,unknown_room_basis,low,low,0,0,,false,inventory_dp_pressure_proxy
rakuten,名湯リゾート ルーセント,2026-07-21,,2026-06-01T20:58:30+09:00,,unknown,sold_out,,,,,not_comparable,none,unknown_meal_basis,unknown_room_basis,low,low,0,0,,false,inventory_dp_pressure_proxy
rakuten,蔵王国際ホテル,2026-07-21,,2026-06-01T20:58:30+09:00,,unknown,sold_out,,,,,not_comparable,none,unknown_meal_basis,unknown_room_basis,low,low,0,0,,false,inventory_dp_pressure_proxy
booking,HAMMOND,2026-07-22,2026-07-20T13:35:06+09:00,2026-07-21T13:35:05+09:00,24,available,available,14245,13110,-1135,-0.0797,price_down_available,strong,assumed_room_only,confirmed_two_person_standard_room,high,high,1,-1,13110,false,inventory_dp_pressure_proxy
booking,JURIN,2026-07-22,2026-07-20T22:00:06+09:00,2026-07-21T22:00:06+09:00,24,available,available,32670,25483,-7187,-0.22,price_down_available,strong,assumed_room_only,confirmed_two_person_standard_room,high,high,1,-1,25483,false,inventory_dp_pressure_proxy
booking,ＫＫＲ蔵王 白銀荘,2026-07-22,2026-07-05T08:00:03+09:00,2026-07-21T18:00:06+09:00,394,available,sold_out,9025,,0,0,sold_out_after_same_price,noise,assumed_room_only,probable_two_person_standard_room,medium,medium,0.36,0.36,9025,false,inventory_dp_pressure_proxy
booking,ONSEN & STAY OAKHILL,2026-07-22,2026-07-20T13:35:06+09:00,2026-07-21T13:35:05+09:00,24,unknown,unknown,,,,,unknown,none,assumed_room_only,probable_two_person_standard_room,medium,medium,0.36,0,14245,false,inventory_dp_pressure_proxy
booking,おおみや旅館,2026-07-22,2026-07-15T12:00:07+09:00,2026-07-17T06:00:06+09:00,42,available,available,22440,22440,0,0,same_price_available,noise,assumed_room_only,confirmed_two_person_standard_room,high,high,1,0,22440,false,inventory_dp_pressure_proxy
booking,たかみや瑠璃倶楽,2026-07-22,2026-07-18T06:00:05+09:00,2026-07-21T00:00:01+09:00,66,available,available,17460,20849,3389,0.1941,price_up_available,strong,assumed_room_only,confirmed_two_person_standard_room,high,high,1,1,20849,false,inventory_dp_pressure_proxy
booking,ペンションぷうたろう,2026-07-22,2026-07-17T12:00:06+09:00,2026-07-18T14:00:06+09:00,26,available,available,18050,18050,0,0,same_price_available,noise,assumed_room_only,probable_two_person_standard_room,medium,medium,0.36,0,18050,false,inventory_dp_pressure_proxy
booking,ペンション木いちご,2026-07-22,2026-07-05T00:00:01+09:00,2026-07-08T08:00:01+09:00,80,available,available,14600,,0,0,same_price_available,noise,assumed_room_only,confirmed_two_person_standard_room,high,high,1,0,14600,false,inventory_dp_pressure_proxy
booking,ホテル松金屋アネックス,2026-07-22,2026-07-19T08:00:06+09:00,2026-07-20T12:00:05+09:00,28,unknown,unknown,,,,,unknown,none,assumed_room_only,confirmed_two_person_standard_room,high,high,1,0,29744,false,inventory_dp_pressure_proxy
booking,ル・ベール蔵王,2026-07-22,2026-07-18T20:00:06+09:00,2026-07-21T20:00:06+09:00,72,available,available,26876,27030,154,0.0057,noise,noise,assumed_room_only,confirmed_two_person_standard_room,high,high,1,0,27030,false,inventory_dp_pressure_proxy
booking,ロッジスガノ,2026-07-22,2026-07-03T20:00:06+09:00,2026-07-14T04:00:06+09:00,248,available,sold_out,15000,,,,newly_sold_out,none,assumed_room_only,probable_two_person_standard_room,medium,medium,0.36,0.288,15000,false,inventory_dp_pressure_proxy
booking,ロッジまつぽっくり,2026-07-22,2026-07-19T06:00:06+09:00,2026-07-20T06:00:06+09:00,24,available,available,,,,,not_comparable,none,assumed_room_only,excluded_family_or_suite_room,low,low,0,0,,false,inventory_dp_pressure_proxy
booking,吉田屋,2026-07-22,2026-07-20T13:35:06+09:00,2026-07-21T13:35:05+09:00,24,available,available,18700,20592,1892,0.1012,price_up_available,strong,assumed_room_only,probable_two_person_standard_room,medium,medium,0.36,0.36,20592,false,inventory_dp_pressure_proxy
booking,名湯リゾート ルーセントタカミヤ,2026-07-22,2026-07-19T14:00:06+09:00,2026-07-20T14:00:06+09:00,24,available,available,21450,21450,0,0,same_price_available,noise,assumed_room_only,confirmed_two_person_standard_room,high,high,1,0,21450,false,inventory_dp_pressure_proxy
booking,名湯舎 創,2026-07-22,2026-07-13T04:00:06+09:00,2026-07-16T18:00:06+09:00,86,available,available,18018,21450,3432,0.1905,price_up_available,strong,assumed_room_only,confirmed_two_person_standard_room,high,high,1,1,21450,false,inventory_dp_pressure_proxy
booking,松尾ハウス,2026-07-22,2026-07-20T02:00:06+09:00,2026-07-21T08:00:06+09:00,30,available,available,11000,10200,-800,-0.0727,price_down_available,strong,assumed_room_only,confirmed_two_person_standard_room,high,high,1,-1,10200,false,inventory_dp_pressure_proxy
booking,深山荘 高見屋,2026-07-22,2026-07-18T18:00:06+09:00,2026-07-21T02:00:06+09:00,56,available,available,39067,51480,12413,0.3177,price_up_available,strong,assumed_room_only,confirmed_two_person_standard_room,high,high,1,1,51480,false,inventory_dp_pressure_proxy
booking,源泉湯宿 蔵王プラザホテル,2026-07-22,2026-07-20T10:00:01+09:00,2026-07-21T14:00:05+09:00,28,available,sold_out,20900,,-8800,-0.2963,sold_out_after_price_down,strong,assumed_room_only,confirmed_two_person_standard_room,high,high,1,0.5,20900,false,inventory_dp_pressure_proxy
booking,蔵王・和歌（うた）の宿 わかまつや,2026-07-22,2026-07-20T00:00:06+09:00,2026-07-21T06:00:06+09:00,30,sold_out,sold_out,,,,,not_comparable,none,assumed_room_only,unknown_room_basis,low,low,0,0,,false,inventory_dp_pressure_proxy
booking,蔵王四季のホテル,2026-07-22,2026-07-20T16:00:06+09:00,2026-07-21T16:00:06+09:00,24,available,available,,,,,not_comparable,none,assumed_room_only,excluded_large_room,low,low,0,0,,false,inventory_dp_pressure_proxy
booking,蔵王国際ホテル,2026-07-22,2026-07-14T06:00:06+09:00,2026-07-17T20:00:06+09:00,86,available,available,35640,,-2640,-0.0741,price_down_available,strong,assumed_room_only,confirmed_two_person_standard_room,high,high,1,-1,33000,false,inventory_dp_pressure_proxy
booking,蔵王温泉 高砂屋旅館,2026-07-22,2026-07-17T22:00:05+09:00,2026-07-18T22:00:06+09:00,24,available,available,19200,,0,0,same_price_available,noise,assumed_room_only,confirmed_two_person_standard_room,high,high,1,0,19200,false,inventory_dp_pressure_proxy
jalan,たかみや瑠璃倶楽,2026-07-22,2026-06-23T22:00:05+09:00,2026-06-25T02:00:06+09:00,28,available,available,,,,,not_comparable,none,confirmed_room_only,excluded_family_or_suite_room,low,low,0,0,,false,inventory_dp_pressure_proxy
jalan,深山荘 高見屋,2026-07-22,2026-06-24T04:00:01+09:00,2026-06-25T16:00:06+09:00,36,available,available,,,,,not_comparable,none,unknown_meal_basis,unknown_room_basis,low,low,0,0,,false,inventory_dp_pressure_proxy
jalan,蔵王四季のホテル,2026-07-22,,2026-06-24T16:00:05+09:00,,unknown,available,,,,,not_comparable,none,unknown_meal_basis,unknown_room_basis,low,low,0,0,,false,inventory_dp_pressure_proxy
jalan,蔵王国際ホテル,2026-07-22,2026-06-25T00:00:06+09:00,2026-06-26T02:00:05+09:00,26,available,available,,,,,not_comparable,none,confirmed_room_only,excluded_family_or_suite_room,low,low,0,0,,false,inventory_dp_pressure_proxy
rakuten,名湯リゾート ルーセント,2026-07-22,,2026-06-01T20:58:30+09:00,,unknown,available,,,,,not_comparable,none,unknown_meal_basis,unknown_room_basis,low,low,0,0,,false,inventory_dp_pressure_proxy
rakuten,蔵王国際ホテル,2026-07-22,,2026-06-01T20:58:30+09:00,,unknown,sold_out,,,,,not_comparable,none,unknown_meal_basis,unknown_room_basis,low,low,0,0,,false,inventory_dp_pressure_proxy
booking,HAMMOND,2026-07-23,2026-07-21T13:35:05+09:00,2026-07-22T13:35:06+09:00,24,available,available,12859,11667,-1192,-0.0927,price_down_available,strong,assumed_room_only,confirmed_two_person_standard_room,high,high,1,-1,11667,false,inventory_dp_pressure_proxy
booking,JURIN,2026-07-23,2026-07-15T08:00:07+09:00,2026-07-18T20:00:06+09:00,84,available,available,31746,,0,0,same_price_available,noise,assumed_room_only,confirmed_two_person_standard_room,high,high,1,0,31746,false,inventory_dp_pressure_proxy
booking,ＫＫＲ蔵王 白銀荘,2026-07-23,2026-07-06T00:00:05+09:00,2026-07-22T20:00:06+09:00,404,available,sold_out,17909,,0,0,sold_out_after_same_price,noise,assumed_room_only,probable_two_person_standard_room,medium,medium,0.36,0.36,17909,false,inventory_dp_pressure_proxy
booking,ONSEN & STAY OAKHILL,2026-07-23,2026-07-21T13:35:05+09:00,2026-07-22T13:35:06+09:00,24,unknown,unknown,,,,,unknown,none,assumed_room_only,probable_two_person_standard_room,medium,medium,0.36,0,14245,false,inventory_dp_pressure_proxy
booking,おおみや旅館,2026-07-23,2026-07-15T14:00:06+09:00,2026-07-21T06:00:06+09:00,136,available,available,22440,26400,3960,0.1765,price_up_available,strong,assumed_room_only,confirmed_two_person_standard_room,high,high,1,1,26400,false,inventory_dp_pressure_proxy
booking,たかみや瑠璃倶楽,2026-07-23,2026-07-18T08:00:06+09:00,2026-07-21T22:00:06+09:00,86,available,available,23166,20849,-2317,-0.1,price_down_available,strong,assumed_room_only,confirmed_two_person_standard_room,high,high,1,-1,20849,false,inventory_dp_pressure_proxy
booking,ペンションぷうたろう,2026-07-23,2026-07-17T14:00:06+09:00,2026-07-21T08:00:06+09:00,90,available,sold_out,18050,,0,0,sold_out_after_same_price,noise,assumed_room_only,probable_two_person_standard_room,medium,medium,0.36,0.36,18050,false,inventory_dp_pressure_proxy
booking,ペンション木いちご,2026-07-23,2026-07-03T22:00:06+09:00,2026-07-05T14:00:06+09:00,40,available,available,14600,,0,0,same_price_available,noise,assumed_room_only,confirmed_two_person_standard_room,high,high,1,0,14600,false,inventory_dp_pressure_proxy
booking,ホテル松金屋アネックス,2026-07-23,2026-07-19T12:00:03+09:00,2026-07-21T12:00:06+09:00,48,unknown,unknown,,,,,unknown,none,assumed_room_only,confirmed_two_person_standard_room,high,high,1,0,29744,false,inventory_dp_pressure_proxy
booking,ル・ベール蔵王,2026-07-23,2026-07-21T02:00:06+09:00,2026-07-22T18:00:06+09:00,40,available,available,27510,27669,159,0.0058,noise,noise,assumed_room_only,confirmed_two_person_standard_room,high,high,1,0,27669,false,inventory_dp_pressure_proxy
booking,ロッジスガノ,2026-07-23,2026-07-13T16:00:01+09:00,2026-07-17T08:00:06+09:00,88,sold_out,available,,16240,,,newly_available,none,assumed_room_only,confirmed_two_person_standard_room,high,high,1,-0.5,16240,false,inventory_dp_pressure_proxy
booking,ロッジまつぽっくり,2026-07-23,2026-07-20T14:00:06+09:00,2026-07-21T16:00:06+09:00,26,available,available,,,,,not_comparable,none,assumed_room_only,excluded_family_or_suite_room,low,low,0,0,,false,inventory_dp_pressure_proxy
booking,吉田屋,2026-07-23,2026-07-21T13:35:05+09:00,2026-07-22T13:35:06+09:00,24,available,available,18700,20592,1892,0.1012,price_up_available,strong,assumed_room_only,probable_two_person_standard_room,medium,medium,0.36,0.36,20592,false,inventory_dp_pressure_proxy
booking,名湯リゾート ルーセントタカミヤ,2026-07-23,2026-07-21T14:00:05+09:00,2026-07-22T22:00:06+09:00,32,available,available,21450,19305,-2145,-0.1,price_down_available,strong,assumed_room_only,confirmed_two_person_standard_room,high,high,1,-1,19305,false,inventory_dp_pressure_proxy
booking,名湯舎 創,2026-07-23,2026-07-20T04:00:06+09:00,2026-07-21T04:00:06+09:00,24,available,available,21450,19305,-2145,-0.1,price_down_available,strong,assumed_room_only,probable_two_person_standard_room,medium,medium,0.36,-0.36,19305,false,inventory_dp_pressure_proxy
booking,松尾ハウス,2026-07-23,2026-07-21T00:00:01+09:00,2026-07-22T06:00:06+09:00,30,available,available,11000,11000,0,0,same_price_available,noise,assumed_room_only,confirmed_two_person_standard_room,high,high,1,0,11000,false,inventory_dp_pressure_proxy
booking,深山荘 高見屋,2026-07-23,2026-07-17T18:00:06+09:00,2026-07-19T02:00:06+09:00,32,available,available,37544,38317,773,0.0206,noise,noise,assumed_room_only,confirmed_two_person_standard_room,high,high,1,0,38317,false,inventory_dp_pressure_proxy
booking,源泉湯宿 蔵王プラザホテル,2026-07-23,2026-07-20T12:00:05+09:00,2026-07-22T10:00:06+09:00,46,sold_out,sold_out,,,,,not_comparable,none,assumed_room_only,unknown_room_basis,low,low,0,0,,false,inventory_dp_pressure_proxy
booking,蔵王・和歌（うた）の宿 わかまつや,2026-07-23,2026-07-19T14:00:06+09:00,2026-07-22T04:00:07+09:00,62,sold_out,sold_out,,,,,not_comparable,none,assumed_room_only,unknown_room_basis,low,low,0,0,,false,inventory_dp_pressure_proxy
booking,蔵王四季のホテル,2026-07-23,2026-07-20T18:00:06+09:00,2026-07-22T12:00:06+09:00,42,available,available,,,,,not_comparable,none,assumed_room_only,excluded_family_or_suite_room,low,low,0,0,,false,inventory_dp_pressure_proxy
booking,蔵王国際ホテル,2026-07-23,2026-07-20T10:00:01+09:00,2026-07-22T08:00:03+09:00,46,available,available,25996,25967,-29,-0.0011,noise,noise,assumed_room_only,confirmed_two_person_standard_room,high,high,1,0,25967,false,inventory_dp_pressure_proxy
booking,蔵王温泉 高砂屋旅館,2026-07-23,2026-07-18T02:00:06+09:00,2026-07-20T00:00:06+09:00,46,available,available,19200,,0,0,same_price_available,noise,assumed_room_only,confirmed_two_person_standard_room,high,high,1,0,19200,false,inventory_dp_pressure_proxy
jalan,たかみや瑠璃倶楽,2026-07-23,2026-06-26T08:00:06+09:00,2026-06-27T10:00:05+09:00,26,available,available,,,,,not_comparable,none,meal_included,unknown_room_basis,low,low,0,0,,false,inventory_dp_pressure_proxy
jalan,名湯舎 創,2026-07-23,,2026-07-22T14:00:06+09:00,,unknown,available,,,,,not_comparable,none,confirmed_room_only,unknown_room_basis,low,low,0,0,,false,inventory_dp_pressure_proxy
jalan,深山荘 高見屋,2026-07-23,2026-06-25T08:00:06+09:00,2026-06-26T10:00:06+09:00,26,available,available,,,,,not_comparable,none,unknown_meal_basis,unknown_room_basis,low,low,0,0,,false,inventory_dp_pressure_proxy
jalan,蔵王四季のホテル,2026-07-23,2026-06-24T06:00:06+09:00,2026-06-25T20:00:05+09:00,38,available,available,,,,,not_comparable,none,unknown_meal_basis,unknown_room_basis,low,low,0,0,,false,inventory_dp_pressure_proxy
jalan,蔵王国際ホテル,2026-07-23,2026-06-26T00:00:01+09:00,2026-06-27T08:00:06+09:00,32,available,available,,,,,not_comparable,none,confirmed_room_only,excluded_single_room,low,low,0,0,,false,inventory_dp_pressure_proxy
rakuten,名湯リゾート ルーセント,2026-07-23,,2026-06-01T20:58:30+09:00,,unknown,available,,,,,not_comparable,none,unknown_meal_basis,unknown_room_basis,low,low,0,0,,false,inventory_dp_pressure_proxy
rakuten,蔵王国際ホテル,2026-07-23,,2026-06-01T20:58:30+09:00,,unknown,available,,,,,not_comparable,none,unknown_meal_basis,unknown_room_basis,low,low,0,0,,false,inventory_dp_pressure_proxy
booking,HAMMOND,2026-07-24,2026-07-22T13:35:06+09:00,2026-07-23T13:35:06+09:00,24,available,available,11667,11667,0,0,same_price_available,noise,assumed_room_only,confirmed_two_person_standard_room,high,high,1,0,11667,false,inventory_dp_pressure_proxy
booking,JURIN,2026-07-24,2026-07-21T18:00:06+09:00,2026-07-22T18:00:06+09:00,24,available,available,28571,,0,0,same_price_available,noise,assumed_room_only,confirmed_two_person_standard_room,high,high,1,0,28571,false,inventory_dp_pressure_proxy
booking,ＫＫＲ蔵王 白銀荘,2026-07-24,2026-07-22T16:00:06+09:00,2026-07-23T16:00:03+09:00,24,available,available,39400,39400,0,0,same_price_available,noise,assumed_room_only,probable_two_person_standard_room,medium,medium,0.36,0,39400,false,inventory_dp_pressure_proxy
booking,ONSEN & STAY OAKHILL,2026-07-24,2026-07-22T13:35:06+09:00,2026-07-23T13:35:06+09:00,24,unknown,unknown,,,,,unknown,none,assumed_room_only,probable_two_person_standard_room,medium,medium,0.36,0,14245,false,inventory_dp_pressure_proxy
booking,おおみや旅館,2026-07-24,2026-07-21T08:00:06+09:00,2026-07-22T08:00:03+09:00,24,available,available,20808,26400,5592,0.2687,price_up_available,strong,assumed_room_only,confirmed_two_person_standard_room,high,high,1,1,26400,false,inventory_dp_pressure_proxy
booking,たかみや瑠璃倶楽,2026-07-24,2026-07-21T14:00:05+09:00,2026-07-22T20:00:06+09:00,30,available,available,20849,23166,2317,0.1111,price_up_available,strong,assumed_room_only,confirmed_two_person_standard_room,high,high,1,1,23166,false,inventory_dp_pressure_proxy
booking,ペンションぷうたろう,2026-07-24,2026-07-17T22:00:05+09:00,2026-07-21T10:00:07+09:00,84,available,sold_out,18050,,0,0,sold_out_after_same_price,noise,assumed_room_only,probable_two_person_standard_room,medium,medium,0.36,0.36,18050,false,inventory_dp_pressure_proxy
booking,ペンション木いちご,2026-07-24,2026-07-03T10:00:06+09:00,2026-07-05T08:00:03+09:00,46,available,available,14600,,0,0,same_price_available,noise,assumed_room_only,confirmed_two_person_standard_room,high,high,1,0,14600,false,inventory_dp_pressure_proxy
booking,ホテル松金屋アネックス,2026-07-24,2026-07-16T18:00:06+09:00,2026-07-21T04:00:06+09:00,106,available,available,42900,30888,-12012,-0.28,price_down_available,strong,assumed_room_only,probable_two_person_standard_room,medium,medium,0.36,-0.36,30888,false,inventory_dp_pressure_proxy
booking,ル・ベール蔵王,2026-07-24,2026-07-22T02:00:06+09:00,2026-07-23T14:00:05+09:00,36,available,available,26520,27314,794,0.0299,noise,noise,assumed_room_only,confirmed_two_person_standard_room,high,high,1,0,27314,false,inventory_dp_pressure_proxy
booking,ロッジスガノ,2026-07-24,2026-07-13T16:00:01+09:00,2026-07-17T10:00:06+09:00,90,sold_out,available,,16240,,,newly_available,none,assumed_room_only,confirmed_two_person_standard_room,high,high,1,-0.5,16240,false,inventory_dp_pressure_proxy
booking,ロッジまつぽっくり,2026-07-24,2026-07-20T18:00:06+09:00,2026-07-23T22:00:03+09:00,76,available,available,,,,,not_comparable,none,assumed_room_only,excluded_family_or_suite_room,low,low,0,0,,false,inventory_dp_pressure_proxy
booking,吉田屋,2026-07-24,2026-07-22T13:35:06+09:00,2026-07-23T13:35:06+09:00,24,available,available,16830,20592,3762,0.2235,price_up_available,strong,assumed_room_only,probable_two_person_standard_room,medium,medium,0.36,0.36,20592,false,inventory_dp_pressure_proxy
booking,名湯リゾート ルーセントタカミヤ,2026-07-24,2026-07-21T02:00:06+09:00,2026-07-23T20:00:06+09:00,66,available,available,25740,17902,-7838,-0.3045,price_down_available,strong,assumed_room_only,confirmed_two_person_standard_room,high,high,1,-1,17902,false,inventory_dp_pressure_proxy
booking,名湯舎 創,2026-07-24,2026-07-15T10:00:05+09:00,2026-07-22T06:00:06+09:00,164,available,sold_out,17165,,3657,0.2707,sold_out_after_price_up,strong,assumed_room_only,confirmed_two_person_standard_room,high,high,1,1.5,17165,false,inventory_dp_pressure_proxy
booking,松尾ハウス,2026-07-24,2026-07-21T20:00:06+09:00,2026-07-23T02:00:06+09:00,30,sold_out,sold_out,,,,,not_comparable,none,assumed_room_only,unknown_room_basis,low,low,0,0,,false,inventory_dp_pressure_proxy
booking,深山荘 高見屋,2026-07-24,2026-06-30T02:00:06+09:00,2026-07-17T20:00:06+09:00,426,available,available,41315,,-2517,-0.0609,price_down_available,strong,assumed_room_only,confirmed_two_person_standard_room,high,high,1,-1,38798,false,inventory_dp_pressure_proxy
booking,源泉湯宿 蔵王プラザホテル,2026-07-24,2026-07-20T14:00:06+09:00,2026-07-22T12:00:06+09:00,46,available,available,29700,20900,-8800,-0.2963,price_down_available,strong,assumed_room_only,confirmed_two_person_standard_room,high,high,1,-1,20900,false,inventory_dp_pressure_proxy
booking,蔵王・和歌（うた）の宿 わかまつや,2026-07-24,2026-07-20T04:00:06+09:00,2026-07-23T00:00:03+09:00,68,available,available,26574,23730,-2844,-0.107,price_down_available,strong,assumed_room_only,confirmed_two_person_standard_room,high,high,1,-1,23730,false,inventory_dp_pressure_proxy
booking,蔵王四季のホテル,2026-07-24,2026-07-21T00:00:01+09:00,2026-07-22T14:00:06+09:00,38,available,available,,,,,unknown,none,assumed_room_only,confirmed_two_person_standard_room,high,high,1,0,24063,false,inventory_dp_pressure_proxy
booking,蔵王国際ホテル,2026-07-24,2026-07-20T12:00:05+09:00,2026-07-22T10:00:06+09:00,46,available,available,33000,33000,0,0,same_price_available,noise,assumed_room_only,confirmed_two_person_standard_room,high,high,1,0,33000,false,inventory_dp_pressure_proxy
booking,蔵王温泉 高砂屋旅館,2026-07-24,2026-07-18T04:00:05+09:00,2026-07-20T02:00:06+09:00,46,available,available,19200,,0,0,same_price_available,noise,assumed_room_only,confirmed_two_person_standard_room,high,high,1,0,19200,false,inventory_dp_pressure_proxy
jalan,ＫＫＲ蔵王 白銀荘,2026-07-24,,2026-07-23T08:00:07+09:00,,unknown,available,,,,,not_comparable,none,unknown_meal_basis,unknown_room_basis,low,low,0,0,,false,inventory_dp_pressure_proxy
jalan,ONSEN & STAY OAKHILL,2026-07-24,,2026-07-23T04:00:05+09:00,,unknown,sold_out,,,,,not_comparable,none,unknown_meal_basis,unknown_room_basis,low,low,0,0,,false,inventory_dp_pressure_proxy
jalan,たかみや瑠璃倶楽,2026-07-24,2026-06-26T22:00:05+09:00,2026-06-28T02:00:05+09:00,28,available,available,,,,,not_comparable,none,meal_included,unknown_room_basis,low,low,0,0,,false,inventory_dp_pressure_proxy
jalan,ペンションぷうたろう,2026-07-24,,2026-07-23T10:00:03+09:00,,unknown,sold_out,,,,,not_comparable,none,unknown_meal_basis,unknown_room_basis,low,low,0,0,,false,inventory_dp_pressure_proxy
jalan,吉田屋,2026-07-24,,2026-06-23T10:00:06+09:00,,unknown,available,,,,,not_comparable,none,confirmed_room_only,unknown_room_basis,low,low,0,0,,false,inventory_dp_pressure_proxy
jalan,名湯舎 創,2026-07-24,,2026-07-23T12:00:06+09:00,,unknown,available,,,,,not_comparable,none,confirmed_room_only,excluded_large_room,low,low,0,0,,false,inventory_dp_pressure_proxy
jalan,深山荘 高見屋,2026-07-24,2026-06-25T20:00:05+09:00,2026-06-27T02:00:05+09:00,30,available,available,,,,,not_comparable,none,unknown_meal_basis,unknown_room_basis,low,low,0,0,,false,inventory_dp_pressure_proxy
jalan,蔵王四季のホテル,2026-07-24,2026-06-24T22:00:06+09:00,2026-06-25T22:00:05+09:00,24,available,available,,,,,not_comparable,none,unknown_meal_basis,unknown_room_basis,low,low,0,0,,false,inventory_dp_pressure_proxy
jalan,蔵王国際ホテル,2026-07-24,2026-06-26T18:00:06+09:00,2026-06-28T00:00:07+09:00,30,available,available,,,,,not_comparable,none,confirmed_room_only,unknown_room_basis,low,low,0,0,,false,inventory_dp_pressure_proxy
jalan,蔵王温泉 高砂屋旅館,2026-07-24,,2026-07-23T06:00:06+09:00,,unknown,available,,,,,not_comparable,none,unknown_meal_basis,unknown_room_basis,low,low,0,0,,false,inventory_dp_pressure_proxy
rakuten,名湯リゾート ルーセント,2026-07-24,,2026-06-01T20:58:30+09:00,,unknown,sold_out,,,,,not_comparable,none,unknown_meal_basis,unknown_room_basis,low,low,0,0,,false,inventory_dp_pressure_proxy
rakuten,蔵王国際ホテル,2026-07-24,,2026-06-01T20:58:30+09:00,,unknown,sold_out,,,,,not_comparable,none,unknown_meal_basis,unknown_room_basis,low,low,0,0,,false,inventory_dp_pressure_proxy
booking,HAMMOND,2026-07-25,2026-07-23T13:35:06+09:00,2026-07-24T13:35:02+09:00,24,available,available,19812,21780,1968,0.0993,price_up_available,strong,assumed_room_only,confirmed_two_person_standard_room,high,high,1,1,21780,false,inventory_dp_pressure_proxy
booking,JURIN,2026-07-25,2026-07-23T14:00:05+09:00,2026-07-24T14:00:05+09:00,24,available,available,25483,25483,0,0,same_price_available,noise,assumed_room_only,confirmed_two_person_standard_room,high,high,1,0,25483,false,inventory_dp_pressure_proxy
booking,ＫＫＲ蔵王 白銀荘,2026-07-25,2026-07-22T22:00:06+09:00,2026-07-23T22:00:03+09:00,24,available,available,27700,27700,0,0,same_price_available,noise,assumed_room_only,confirmed_two_person_standard_room,high,high,1,0,27700,false,inventory_dp_pressure_proxy
booking,ONSEN & STAY OAKHILL,2026-07-25,2026-07-23T13:35:06+09:00,2026-07-24T13:35:02+09:00,24,available,available,23027,17820,-5207,-0.2261,price_down_available,strong,assumed_room_only,confirmed_two_person_standard_room,high,high,1,-1,17820,false,inventory_dp_pressure_proxy
booking,おおみや旅館,2026-07-25,2026-07-21T10:00:07+09:00,2026-07-22T14:00:06+09:00,28,available,available,25080,29040,3960,0.1579,price_up_available,strong,assumed_room_only,confirmed_two_person_standard_room,high,high,1,1,29040,false,inventory_dp_pressure_proxy
booking,たかみや瑠璃倶楽,2026-07-25,2026-07-18T12:00:01+09:00,2026-07-23T16:00:03+09:00,124,available,sold_out,26598,,0,0,sold_out_after_same_price,noise,assumed_room_only,confirmed_two_person_standard_room,high,high,1,1,26598,false,inventory_dp_pressure_proxy
booking,ペンションぷうたろう,2026-07-25,2026-07-17T16:00:05+09:00,2026-07-21T14:00:05+09:00,94,available,available,18050,16245,-1805,-0.1,price_down_available,strong,assumed_room_only,probable_two_person_standard_room,medium,medium,0.36,-0.36,16245,false,inventory_dp_pressure_proxy
booking,ペンション木いちご,2026-07-25,2026-07-06T10:00:06+09:00,2026-07-07T22:00:06+09:00,36,available,available,16600,,0,0,same_price_available,noise,assumed_room_only,confirmed_two_person_standard_room,high,high,1,0,16600,false,inventory_dp_pressure_proxy
booking,ホテル松金屋アネックス,2026-07-25,2026-07-23T18:00:06+09:00,2026-07-24T20:00:06+09:00,26,unknown,unknown,,,,,unknown,none,assumed_room_only,confirmed_two_person_standard_room,high,high,1,0,29744,false,inventory_dp_pressure_proxy
booking,ル・ベール蔵王,2026-07-25,2026-07-23T08:00:07+09:00,2026-07-24T12:00:06+09:00,28,available,available,35000,26274,-8726,-0.2493,price_down_available,strong,assumed_room_only,confirmed_two_person_standard_room,high,high,1,-1,26274,false,inventory_dp_pressure_proxy
booking,ロッジスガノ,2026-07-25,2026-07-13T02:00:06+09:00,2026-07-17T10:00:06+09:00,104,sold_out,available,,33600,,,newly_available,none,assumed_room_only,confirmed_two_person_standard_room,high,high,1,-0.5,33600,false,inventory_dp_pressure_proxy
booking,ロッジまつぽっくり,2026-07-25,2026-07-23T12:00:06+09:00,2026-07-24T18:00:06+09:00,30,available,available,,,,,not_comparable,none,assumed_room_only,excluded_family_or_suite_room,low,low,0,0,,false,inventory_dp_pressure_proxy
booking,吉田屋,2026-07-25,2026-07-23T13:35:06+09:00,2026-07-24T13:35:02+09:00,24,available,available,21622,25740,4118,0.1905,price_up_available,strong,assumed_room_only,probable_two_person_standard_room,medium,medium,0.36,0.36,25740,false,inventory_dp_pressure_proxy
booking,名湯リゾート ルーセントタカミヤ,2026-07-25,2026-07-23T10:00:03+09:00,2026-07-24T16:00:06+09:00,30,available,available,29700,29700,0,0,same_price_available,noise,assumed_room_only,confirmed_two_person_standard_room,high,high,1,0,29700,false,inventory_dp_pressure_proxy
booking,名湯舎 創,2026-07-25,2026-06-30T02:00:06+09:00,2026-07-24T22:00:06+09:00,596,available,sold_out,19497,,,,newly_sold_out,none,assumed_room_only,confirmed_two_person_standard_room,high,high,1,0.8,19497,false,inventory_dp_pressure_proxy
booking,松尾ハウス,2026-07-25,2026-07-21T22:00:06+09:00,2026-07-23T04:00:05+09:00,30,available,available,11500,11500,0,0,same_price_available,noise,assumed_room_only,confirmed_two_person_standard_room,high,high,1,0,11500,false,inventory_dp_pressure_proxy
booking,深山荘 高見屋,2026-07-25,2026-06-28T08:00:06+09:00,2026-06-29T10:00:05+09:00,26,available,available,110000,,-52474,-0.477,price_down_available,strong,assumed_room_only,confirmed_two_person_standard_room,high,high,1,-1,57526,false,inventory_dp_pressure_proxy
booking,源泉湯宿 蔵王プラザホテル,2026-07-25,2026-07-22T20:00:06+09:00,2026-07-24T02:00:06+09:00,30,available,sold_out,23100,,-9900,-0.3,sold_out_after_price_down,strong,assumed_room_only,confirmed_two_person_standard_room,high,high,1,0.5,23100,false,inventory_dp_pressure_proxy
booking,蔵王・和歌（うた）の宿 わかまつや,2026-07-25,2026-07-20T06:00:06+09:00,2026-07-23T02:00:06+09:00,68,sold_out,sold_out,,,,,not_comparable,none,assumed_room_only,unknown_room_basis,low,low,0,0,,false,inventory_dp_pressure_proxy
booking,蔵王四季のホテル,2026-07-25,2026-07-23T06:00:06+09:00,2026-07-24T06:00:06+09:00,24,available,available,,,,,not_comparable,none,assumed_room_only,excluded_family_or_suite_room,low,low,0,0,,false,inventory_dp_pressure_proxy
booking,蔵王国際ホテル,2026-07-25,2026-07-22T16:00:06+09:00,2026-07-24T00:00:02+09:00,32,available,available,27579,36960,9381,0.3402,price_up_available,strong,assumed_room_only,probable_two_person_standard_room,medium,medium,0.36,0.36,36960,false,inventory_dp_pressure_proxy
booking,蔵王温泉 高砂屋旅館,2026-07-25,2026-07-01T04:00:06+09:00,2026-07-20T04:00:06+09:00,456,available,available,20000,,2200,0.11,price_up_available,strong,assumed_room_only,confirmed_two_person_standard_room,high,high,1,1,22200,false,inventory_dp_pressure_proxy
jalan,たかみや瑠璃倶楽,2026-07-25,2026-06-27T12:00:06+09:00,2026-06-28T16:00:06+09:00,28,available,available,,,,,not_comparable,none,meal_included,unknown_room_basis,low,low,0,0,,false,inventory_dp_pressure_proxy
jalan,ペンションぷうたろう,2026-07-25,,2026-07-24T08:00:06+09:00,,unknown,available,,17600,,,unknown,none,confirmed_room_only,confirmed_two_person_standard_room,high,high,1,0,17600,false,inventory_dp_pressure_proxy
jalan,名湯舎 創,2026-07-25,,2026-07-24T10:00:06+09:00,,unknown,available,,,,,not_comparable,none,confirmed_room_only,excluded_single_room,low,low,0,0,,false,inventory_dp_pressure_proxy
jalan,深山荘 高見屋,2026-07-25,2026-06-28T02:00:05+09:00,2026-06-29T04:00:05+09:00,26,available,unavailable,,,,,not_comparable,none,unknown_meal_basis,unknown_room_basis,low,low,0,0,,false,inventory_dp_pressure_proxy
jalan,蔵王四季のホテル,2026-07-25,2026-06-25T08:00:06+09:00,2026-06-26T10:00:06+09:00,26,available,available,,,,,not_comparable,none,confirmed_room_only,excluded_family_or_suite_room,low,low,0,0,,false,inventory_dp_pressure_proxy
jalan,蔵王国際ホテル,2026-07-25,2026-06-28T12:00:05+09:00,2026-06-29T16:00:05+09:00,28,available,available,,,,,not_comparable,none,confirmed_room_only,unknown_room_basis,low,low,0,0,,false,inventory_dp_pressure_proxy
jalan,蔵王温泉 高砂屋旅館,2026-07-25,,2026-07-24T04:00:05+09:00,,unknown,available,,,,,not_comparable,none,unknown_meal_basis,unknown_room_basis,low,low,0,0,,false,inventory_dp_pressure_proxy
rakuten,名湯リゾート ルーセント,2026-07-25,,2026-06-01T20:58:30+09:00,,unknown,available,,,,,not_comparable,none,unknown_meal_basis,unknown_room_basis,low,low,0,0,,false,inventory_dp_pressure_proxy
rakuten,蔵王国際ホテル,2026-07-25,,2026-06-01T20:58:30+09:00,,unknown,sold_out,,,,,not_comparable,none,unknown_meal_basis,unknown_room_basis,low,low,0,0,,false,inventory_dp_pressure_proxy
booking,HAMMOND,2026-07-26,2026-07-24T13:35:02+09:00,2026-07-25T13:35:05+09:00,24,available,available,12821,14097,1276,0.0995,price_up_available,strong,assumed_room_only,confirmed_two_person_standard_room,high,high,1,1,14097,false,inventory_dp_pressure_proxy
booking,JURIN,2026-07-26,2026-07-24T12:00:06+09:00,2026-07-25T12:00:06+09:00,24,available,available,25483,25483,0,0,same_price_available,noise,assumed_room_only,confirmed_two_person_standard_room,high,high,1,0,25483,false,inventory_dp_pressure_proxy
booking,ＫＫＲ蔵王 白銀荘,2026-07-26,2026-07-24T14:00:05+09:00,2026-07-25T14:00:06+09:00,24,available,available,23700,23700,0,0,same_price_available,noise,assumed_room_only,probable_two_person_standard_room,medium,medium,0.36,0,23700,false,inventory_dp_pressure_proxy
booking,ONSEN & STAY OAKHILL,2026-07-26,2026-07-24T13:35:02+09:00,2026-07-25T13:35:05+09:00,24,available,available,17820,16225,-1595,-0.0895,price_down_available,strong,assumed_room_only,confirmed_two_person_standard_room,high,high,1,-1,16225,false,inventory_dp_pressure_proxy
booking,おおみや旅館,2026-07-26,2026-07-21T16:00:06+09:00,2026-07-24T06:00:06+09:00,62,available,available,22440,22440,0,0,same_price_available,noise,assumed_room_only,confirmed_two_person_standard_room,high,high,1,0,22440,false,inventory_dp_pressure_proxy
booking,たかみや瑠璃倶楽,2026-07-26,2026-07-22T02:00:06+09:00,2026-07-23T18:00:06+09:00,40,available,available,24882,22394,-2488,-0.1,price_down_available,strong,assumed_room_only,confirmed_two_person_standard_room,high,high,1,-1,22394,false,inventory_dp_pressure_proxy
booking,ペンションぷうたろう,2026-07-26,2026-07-16T14:00:05+09:00,2026-07-17T18:00:06+09:00,28,available,available,18050,18050,0,0,same_price_available,noise,assumed_room_only,probable_two_person_standard_room,medium,medium,0.36,0,18050,false,inventory_dp_pressure_proxy
booking,ペンション木いちご,2026-07-26,2026-07-05T14:00:06+09:00,2026-07-09T08:00:06+09:00,90,available,available,14600,,0,0,same_price_available,noise,assumed_room_only,confirmed_two_person_standard_room,high,high,1,0,14600,false,inventory_dp_pressure_proxy
booking,ホテル松金屋アネックス,2026-07-26,2026-07-24T16:00:06+09:00,2026-07-25T16:00:06+09:00,24,unknown,unknown,,,,,unknown,none,assumed_room_only,confirmed_two_person_standard_room,high,high,1,0,29744,false,inventory_dp_pressure_proxy
booking,ル・ベール蔵王,2026-07-26,2026-07-24T10:00:06+09:00,2026-07-25T10:00:06+09:00,24,available,available,36000,26553,-9447,-0.2624,price_down_available,strong,assumed_room_only,confirmed_two_person_standard_room,high,high,1,-1,26553,false,inventory_dp_pressure_proxy
booking,ロッジスガノ,2026-07-26,2026-07-13T18:00:00+09:00,2026-07-17T12:00:06+09:00,90,sold_out,available,,33600,,,newly_available,none,assumed_room_only,confirmed_two_person_standard_room,high,high,1,-0.5,33600,false,inventory_dp_pressure_proxy
booking,ロッジまつぽっくり,2026-07-26,2026-07-24T20:00:06+09:00,2026-07-25T20:00:06+09:00,24,available,available,,,,,not_comparable,none,assumed_room_only,excluded_family_or_suite_room,low,low,0,0,,false,inventory_dp_pressure_proxy
booking,吉田屋,2026-07-26,2026-07-24T13:35:02+09:00,2026-07-25T13:35:05+09:00,24,available,available,16830,20592,3762,0.2235,price_up_available,strong,assumed_room_only,probable_two_person_standard_room,medium,medium,0.36,0.36,20592,false,inventory_dp_pressure_proxy
booking,名湯リゾート ルーセントタカミヤ,2026-07-26,2026-07-24T18:00:06+09:00,2026-07-25T18:00:06+09:00,24,available,available,21450,21450,0,0,same_price_available,noise,assumed_room_only,confirmed_two_person_standard_room,high,high,1,0,21450,false,inventory_dp_pressure_proxy
booking,名湯舎 創,2026-07-26,2026-07-24T22:00:06+09:00,2026-07-25T22:00:06+09:00,24,available,available,22394,22394,0,0,same_price_available,noise,assumed_room_only,confirmed_two_person_standard_room,high,high,1,0,22394,false,inventory_dp_pressure_proxy
booking,松尾ハウス,2026-07-26,2026-07-24T00:00:02+09:00,2026-07-25T00:00:02+09:00,24,available,available,11000,11000,0,0,same_price_available,noise,assumed_room_only,confirmed_two_person_standard_room,high,high,1,0,11000,false,inventory_dp_pressure_proxy
booking,深山荘 高見屋,2026-07-26,2026-07-02T12:00:06+09:00,2026-07-14T02:00:06+09:00,278,available,available,36715,,1973,0.0537,price_up_available,strong,assumed_room_only,confirmed_two_person_standard_room,high,high,1,1,38688,false,inventory_dp_pressure_proxy
booking,源泉湯宿 蔵王プラザホテル,2026-07-26,2026-07-24T04:00:05+09:00,2026-07-25T04:00:06+09:00,24,available,sold_out,20900,,-8800,-0.2963,sold_out_after_price_down,strong,assumed_room_only,confirmed_two_person_standard_room,high,high,1,0.5,20900,false,inventory_dp_pressure_proxy
booking,蔵王・和歌（うた）の宿 わかまつや,2026-07-26,2026-07-20T08:00:06+09:00,2026-07-23T22:00:03+09:00,86,available,available,28398,75240,46842,1.6495,price_up_available,strong,assumed_room_only,confirmed_two_person_standard_room,high,high,1,1,75240,false,inventory_dp_pressure_proxy
booking,蔵王四季のホテル,2026-07-26,2026-07-23T08:00:07+09:00,2026-07-25T08:00:05+09:00,48,available,available,38500,26820,-11680,-0.3034,price_down_available,strong,assumed_room_only,confirmed_two_person_standard_room,high,high,1,-1,26820,false,inventory_dp_pressure_proxy
booking,蔵王国際ホテル,2026-07-26,2026-07-24T02:00:06+09:00,2026-07-25T02:00:06+09:00,24,available,available,33000,26200,-6800,-0.2061,price_down_available,strong,assumed_room_only,confirmed_two_person_standard_room,high,high,1,-1,26200,false,inventory_dp_pressure_proxy
booking,蔵王温泉 高砂屋旅館,2026-07-26,2026-07-01T02:00:02+09:00,2026-07-20T06:00:06+09:00,460,available,available,18000,,2200,0.1222,price_up_available,strong,assumed_room_only,confirmed_two_person_standard_room,high,high,1,1,20200,false,inventory_dp_pressure_proxy
jalan,たかみや瑠璃倶楽,2026-07-26,2026-06-28T22:00:05+09:00,2026-06-29T22:00:06+09:00,24,available,available,,,,,not_comparable,none,unknown_meal_basis,unknown_room_basis,low,low,0,0,,false,inventory_dp_pressure_proxy
jalan,ペンションぷうたろう,2026-07-26,,2026-07-25T06:00:06+09:00,,unknown,available,,17600,,,unknown,none,confirmed_room_only,confirmed_two_person_standard_room,high,high,1,0,17600,false,inventory_dp_pressure_proxy
jalan,深山荘 高見屋,2026-07-26,2026-06-27T22:00:05+09:00,2026-06-30T02:00:06+09:00,52,available,available,,,,,not_comparable,none,confirmed_room_only,excluded_family_or_suite_room,low,low,0,0,,false,inventory_dp_pressure_proxy
jalan,蔵王四季のホテル,2026-07-26,2026-06-26T22:00:05+09:00,2026-06-28T06:00:05+09:00,32,sold_out,sold_out,,,,,not_comparable,none,unknown_meal_basis,unknown_room_basis,low,low,0,0,,false,inventory_dp_pressure_proxy
jalan,蔵王国際ホテル,2026-07-26,2026-06-28T20:00:05+09:00,2026-06-29T20:00:06+09:00,24,available,available,,,,,not_comparable,none,confirmed_room_only,unknown_room_basis,low,low,0,0,,false,inventory_dp_pressure_proxy
rakuten,名湯リゾート ルーセント,2026-07-26,,2026-06-01T20:58:30+09:00,,unknown,sold_out,,,,,not_comparable,none,unknown_meal_basis,unknown_room_basis,low,low,0,0,,false,inventory_dp_pressure_proxy
rakuten,蔵王国際ホテル,2026-07-26,,2026-06-01T20:58:30+09:00,,unknown,sold_out,,,,,not_comparable,none,unknown_meal_basis,unknown_room_basis,low,low,0,0,,false,inventory_dp_pressure_proxy
booking,HAMMOND,2026-07-27,2026-07-25T13:35:05+09:00,2026-07-26T13:35:06+09:00,24,available,available,14097,15494,1397,0.0991,price_up_available,strong,assumed_room_only,confirmed_two_person_standard_room,high,high,1,1,15494,false,inventory_dp_pressure_proxy
booking,JURIN,2026-07-27,2026-07-24T08:00:06+09:00,2026-07-25T10:00:06+09:00,26,available,available,25483,,0,0,same_price_available,noise,assumed_room_only,confirmed_two_person_standard_room,high,high,1,0,25483,false,inventory_dp_pressure_proxy
booking,ＫＫＲ蔵王 白銀荘,2026-07-27,2026-07-24T18:00:06+09:00,2026-07-25T18:00:06+09:00,24,available,available,23700,23700,0,0,same_price_available,noise,assumed_room_only,probable_two_person_standard_room,medium,medium,0.36,0,23700,false,inventory_dp_pressure_proxy
booking,ONSEN & STAY OAKHILL,2026-07-27,2026-07-25T13:35:05+09:00,2026-07-26T13:35:06+09:00,24,available,available,23027,23858,831,0.0361,price_up_available,meaningful,assumed_room_only,confirmed_two_person_standard_room,high,high,1,1,23858,false,inventory_dp_pressure_proxy
booking,おおみや旅館,2026-07-27,2026-07-25T08:00:05+09:00,2026-07-26T08:00:03+09:00,24,available,available,26400,26400,0,0,same_price_available,noise,assumed_room_only,confirmed_two_person_standard_room,high,high,1,0,26400,false,inventory_dp_pressure_proxy
booking,たかみや瑠璃倶楽,2026-07-27,2026-07-18T14:00:06+09:00,2026-07-23T22:00:03+09:00,128,available,available,24882,22394,-2488,-0.1,price_down_available,strong,assumed_room_only,confirmed_two_person_standard_room,high,high,1,-1,22394,false,inventory_dp_pressure_proxy
booking,ペンションぷうたろう,2026-07-27,2026-07-25T00:00:02+09:00,2026-07-26T18:00:04+09:00,42,available,available,16245,16245,0,0,same_price_available,noise,assumed_room_only,probable_two_person_standard_room,medium,medium,0.36,0,16245,false,inventory_dp_pressure_proxy
booking,ペンション木いちご,2026-07-27,2026-07-04T00:00:05+09:00,2026-07-06T18:00:07+09:00,66,available,available,14600,,0,0,same_price_available,noise,assumed_room_only,confirmed_two_person_standard_room,high,high,1,0,14600,false,inventory_dp_pressure_proxy
booking,ホテル松金屋アネックス,2026-07-27,2026-07-25T12:00:06+09:00,2026-07-26T12:00:06+09:00,24,unknown,unknown,,,,,unknown,none,assumed_room_only,confirmed_two_person_standard_room,high,high,1,0,29744,false,inventory_dp_pressure_proxy
booking,ル・ベール蔵王,2026-07-27,2026-07-25T16:00:06+09:00,2026-07-26T16:00:05+09:00,24,available,available,26905,27449,544,0.0202,noise,noise,assumed_room_only,confirmed_two_person_standard_room,high,high,1,0,27449,false,inventory_dp_pressure_proxy
booking,ロッジスガノ,2026-07-27,2026-07-04T08:00:06+09:00,2026-07-24T14:35:12+09:00,486.58,available,available,15000,24640,9640,0.6427,price_up_available,strong,assumed_room_only,confirmed_two_person_standard_room,high,high,1,1,24640,false,inventory_dp_pressure_proxy
booking,ロッジまつぽっくり,2026-07-27,2026-07-25T22:00:06+09:00,2026-07-26T22:00:06+09:00,24,available,available,,,,,not_comparable,none,assumed_room_only,excluded_family_or_suite_room,low,low,0,0,,false,inventory_dp_pressure_proxy
booking,吉田屋,2026-07-27,2026-07-25T13:35:05+09:00,2026-07-26T13:35:06+09:00,24,available,available,16830,20592,3762,0.2235,price_up_available,strong,assumed_room_only,confirmed_two_person_standard_room,high,high,1,1,20592,false,inventory_dp_pressure_proxy
booking,名湯リゾート ルーセントタカミヤ,2026-07-27,2026-07-04T12:00:06+09:00,2026-07-26T20:00:06+09:00,536,available,available,33000,27720,-5280,-0.16,price_down_available,strong,assumed_room_only,confirmed_two_person_standard_room,high,high,1,-1,27720,false,inventory_dp_pressure_proxy
booking,名湯舎 創,2026-07-27,2026-07-25T14:00:06+09:00,2026-07-26T14:00:06+09:00,24,available,available,22394,24882,2488,0.1111,price_up_available,strong,assumed_room_only,probable_two_person_standard_room,medium,medium,0.36,0.36,24882,false,inventory_dp_pressure_proxy
booking,松尾ハウス,2026-07-27,2026-07-22T18:00:06+09:00,2026-07-24T02:00:06+09:00,32,available,available,11000,11000,0,0,same_price_available,noise,assumed_room_only,confirmed_two_person_standard_room,high,high,1,0,11000,false,inventory_dp_pressure_proxy
booking,深山荘 高見屋,2026-07-27,2026-07-04T20:00:05+09:00,2026-07-18T02:00:06+09:00,318,available,available,36954,,590,0.016,noise,noise,assumed_room_only,confirmed_two_person_standard_room,high,high,1,0,37544,false,inventory_dp_pressure_proxy
booking,源泉湯宿 蔵王プラザホテル,2026-07-27,2026-07-24T06:00:06+09:00,2026-07-25T06:00:06+09:00,24,available,available,29700,20900,-8800,-0.2963,price_down_available,strong,assumed_room_only,confirmed_two_person_standard_room,high,high,1,-1,20900,false,inventory_dp_pressure_proxy
booking,蔵王・和歌（うた）の宿 わかまつや,2026-07-27,2026-07-20T12:00:05+09:00,2026-07-24T00:00:02+09:00,84,available,available,23730,26337,2607,0.1099,price_up_available,strong,assumed_room_only,confirmed_two_person_standard_room,high,high,1,1,26337,false,inventory_dp_pressure_proxy
booking,蔵王四季のホテル,2026-07-27,2026-07-24T10:00:06+09:00,2026-07-26T00:00:01+09:00,38,available,available,28898,26433,-2465,-0.0853,price_down_available,strong,assumed_room_only,confirmed_two_person_standard_room,high,high,1,-1,26433,false,inventory_dp_pressure_proxy
booking,蔵王国際ホテル,2026-07-27,2026-07-24T04:00:05+09:00,2026-07-25T04:00:06+09:00,24,available,available,26022,33000,6978,0.2682,price_up_available,strong,assumed_room_only,confirmed_two_person_standard_room,high,high,1,1,33000,false,inventory_dp_pressure_proxy
booking,蔵王温泉 高砂屋旅館,2026-07-27,2026-06-30T14:00:05+09:00,2026-07-01T16:00:05+09:00,26,available,available,18000,,0,0,same_price_available,noise,assumed_room_only,confirmed_two_person_standard_room,high,high,1,0,18000,false,inventory_dp_pressure_proxy
jalan,ＫＫＲ蔵王 白銀荘,2026-07-27,,2026-07-26T02:00:06+09:00,,unknown,available,,,,,not_comparable,none,unknown_meal_basis,unknown_room_basis,low,low,0,0,,false,inventory_dp_pressure_proxy
jalan,たかみや瑠璃倶楽,2026-07-27,2026-06-28T20:00:05+09:00,2026-06-29T22:00:06+09:00,26,available,available,,,,,not_comparable,none,unknown_meal_basis,unknown_room_basis,low,low,0,0,,false,inventory_dp_pressure_proxy
jalan,ペンションぷうたろう,2026-07-27,,2026-07-26T04:00:06+09:00,,unknown,available,,17600,,,unknown,none,confirmed_room_only,confirmed_two_person_standard_room,high,high,1,0,17600,false,inventory_dp_pressure_proxy
jalan,名湯舎 創,2026-07-27,,2026-07-26T06:00:05+09:00,,unknown,available,,,,,not_comparable,none,confirmed_room_only,excluded_large_room,low,low,0,0,,false,inventory_dp_pressure_proxy
jalan,深山荘 高見屋,2026-07-27,2026-06-28T22:00:05+09:00,2026-06-30T02:00:06+09:00,28,available,available,,,,,not_comparable,none,unknown_meal_basis,unknown_room_basis,low,low,0,0,,false,inventory_dp_pressure_proxy
jalan,蔵王四季のホテル,2026-07-27,,2026-06-27T22:00:05+09:00,,unknown,available,,,,,not_comparable,none,confirmed_room_only,excluded_family_or_suite_room,low,low,0,0,,false,inventory_dp_pressure_proxy
jalan,蔵王国際ホテル,2026-07-27,2026-06-28T16:00:06+09:00,2026-06-29T20:00:06+09:00,28,available,available,,,,,not_comparable,none,confirmed_room_only,unknown_room_basis,low,low,0,0,,false,inventory_dp_pressure_proxy
rakuten,名湯リゾート ルーセント,2026-07-27,,2026-06-01T20:58:30+09:00,,unknown,available,,,,,not_comparable,none,unknown_meal_basis,unknown_room_basis,low,low,0,0,,false,inventory_dp_pressure_proxy
rakuten,蔵王国際ホテル,2026-07-27,,2026-06-01T20:58:30+09:00,,unknown,available,,,,,not_comparable,none,unknown_meal_basis,unknown_room_basis,low,low,0,0,,false,inventory_dp_pressure_proxy
booking,HAMMOND,2026-07-28,2026-07-26T13:35:06+09:00,2026-07-27T13:35:05+09:00,24,available,available,15494,15494,0,0,same_price_available,noise,assumed_room_only,confirmed_two_person_standard_room,high,high,1,0,15494,false,inventory_dp_pressure_proxy
booking,JURIN,2026-07-28,2026-07-26T12:00:06+09:00,2026-07-27T12:00:06+09:00,24,available,available,25483,25483,0,0,same_price_available,noise,assumed_room_only,confirmed_two_person_standard_room,high,high,1,0,25483,false,inventory_dp_pressure_proxy
booking,ＫＫＲ蔵王 白銀荘,2026-07-28,2026-07-26T10:00:06+09:00,2026-07-27T10:00:02+09:00,24,available,available,21976,23700,1724,0.0784,price_up_available,strong,assumed_room_only,probable_two_person_standard_room,medium,medium,0.36,0.36,23700,false,inventory_dp_pressure_proxy
booking,ONSEN & STAY OAKHILL,2026-07-28,2026-07-26T13:35:06+09:00,2026-07-27T13:35:05+09:00,24,available,available,17820,17820,0,0,same_price_available,noise,assumed_room_only,confirmed_two_person_standard_room,high,high,1,0,17820,false,inventory_dp_pressure_proxy
booking,おおみや旅館,2026-07-28,2026-07-25T04:00:06+09:00,2026-07-27T06:00:06+09:00,50,available,available,22440,18184,-4256,-0.1897,price_down_available,strong,assumed_room_only,confirmed_two_person_standard_room,high,high,1,-1,18184,false,inventory_dp_pressure_proxy
booking,たかみや瑠璃倶楽,2026-07-28,2026-07-18T16:00:06+09:00,2026-07-26T04:00:06+09:00,180,available,available,24882,24882,0,0,same_price_available,noise,assumed_room_only,confirmed_two_person_standard_room,high,high,1,0,24882,false,inventory_dp_pressure_proxy
booking,ペンションぷうたろう,2026-07-28,2026-07-18T00:00:01+09:00,2026-07-25T08:00:05+09:00,176,available,available,18050,18050,0,0,same_price_available,noise,assumed_room_only,probable_two_person_standard_room,medium,medium,0.36,0,18050,false,inventory_dp_pressure_proxy
booking,ペンション木いちご,2026-07-28,2026-07-11T08:00:06+09:00,2026-07-13T22:00:01+09:00,62,available,available,14600,,0,0,same_price_available,noise,assumed_room_only,confirmed_two_person_standard_room,high,high,1,0,14600,false,inventory_dp_pressure_proxy
booking,ホテル松金屋アネックス,2026-07-28,2026-07-26T20:00:06+09:00,2026-07-27T20:00:05+09:00,24,unknown,unknown,,,,,unknown,none,assumed_room_only,confirmed_two_person_standard_room,high,high,1,0,29744,false,inventory_dp_pressure_proxy
booking,ル・ベール蔵王,2026-07-28,2026-07-26T14:00:06+09:00,2026-07-27T14:00:05+09:00,24,available,available,27028,27313,285,0.0105,noise,noise,assumed_room_only,confirmed_two_person_standard_room,high,high,1,0,27313,false,inventory_dp_pressure_proxy
booking,ロッジスガノ,2026-07-28,2026-07-04T18:00:06+09:00,2026-07-17T20:00:06+09:00,314,available,available,15000,,9640,0.6427,price_up_available,strong,assumed_room_only,confirmed_two_person_standard_room,high,high,1,1,24640,false,inventory_dp_pressure_proxy
booking,ロッジまつぽっくり,2026-07-28,2026-07-26T18:00:04+09:00,2026-07-27T18:00:05+09:00,24,available,available,,,,,not_comparable,none,assumed_room_only,excluded_family_or_suite_room,low,low,0,0,,false,inventory_dp_pressure_proxy
booking,吉田屋,2026-07-28,2026-07-26T08:00:03+09:00,2026-07-27T08:00:06+09:00,24,available,available,16830,16830,0,0,same_price_available,noise,assumed_room_only,probable_two_person_standard_room,medium,medium,0.36,0,16830,false,inventory_dp_pressure_proxy
booking,名湯リゾート ルーセントタカミヤ,2026-07-28,2026-07-26T16:00:05+09:00,2026-07-27T16:00:06+09:00,24,available,available,21450,21450,0,0,same_price_available,noise,assumed_room_only,confirmed_two_person_standard_room,high,high,1,0,21450,false,inventory_dp_pressure_proxy
booking,名湯舎 創,2026-07-28,2026-07-26T22:00:06+09:00,2026-07-27T22:00:06+09:00,24,available,available,21137,27720,6583,0.3114,price_up_available,strong,assumed_room_only,confirmed_two_person_standard_room,high,high,1,1,27720,false,inventory_dp_pressure_proxy
booking,松尾ハウス,2026-07-28,2026-07-22T20:00:06+09:00,2026-07-24T02:00:06+09:00,30,available,available,11000,11000,0,0,same_price_available,noise,assumed_room_only,confirmed_two_person_standard_room,high,high,1,0,11000,false,inventory_dp_pressure_proxy
booking,深山荘 高見屋,2026-07-28,2026-07-19T06:00:06+09:00,2026-07-26T06:00:05+09:00,168,available,available,38796,53460,14664,0.378,price_up_available,strong,assumed_room_only,confirmed_two_person_standard_room,high,high,1,1,53460,false,inventory_dp_pressure_proxy
booking,源泉湯宿 蔵王プラザホテル,2026-07-28,2026-07-25T20:00:06+09:00,2026-07-27T02:00:06+09:00,30,available,sold_out,20900,,-8800,-0.2963,sold_out_after_price_down,strong,assumed_room_only,confirmed_two_person_standard_room,high,high,1,0.5,20900,false,inventory_dp_pressure_proxy
booking,蔵王・和歌（うた）の宿 わかまつや,2026-07-28,2026-07-20T12:00:05+09:00,2026-07-24T00:00:02+09:00,84,available,unknown,23730,,,,unknown,none,assumed_room_only,confirmed_two_person_standard_room,high,high,1,0,23730,false,inventory_dp_pressure_proxy
booking,蔵王四季のホテル,2026-07-28,2026-07-26T02:00:06+09:00,2026-07-27T04:00:06+09:00,26,available,available,,,,,not_comparable,none,assumed_room_only,excluded_family_or_suite_room,low,low,0,0,,false,inventory_dp_pressure_proxy
booking,蔵王国際ホテル,2026-07-28,2026-07-25T18:00:06+09:00,2026-07-27T00:00:01+09:00,30,available,available,33000,33000,0,0,same_price_available,noise,assumed_room_only,confirmed_two_person_standard_room,high,high,1,0,33000,false,inventory_dp_pressure_proxy
booking,蔵王温泉 高砂屋旅館,2026-07-28,2026-07-02T22:00:06+09:00,2026-07-20T10:00:01+09:00,420,available,sold_out,18700,,0,0,sold_out_after_same_price,noise,assumed_room_only,probable_two_person_standard_room,medium,medium,0.36,0.36,18700,false,inventory_dp_pressure_proxy
jalan,たかみや瑠璃倶楽,2026-07-28,2026-06-29T20:00:06+09:00,2026-07-01T16:00:05+09:00,44,available,available,,,,,not_comparable,none,unknown_meal_basis,unknown_room_basis,low,low,0,0,,false,inventory_dp_pressure_proxy
jalan,深山荘 高見屋,2026-07-28,2026-06-28T20:00:05+09:00,2026-06-30T12:00:05+09:00,40,available,available,,,,,not_comparable,none,unknown_meal_basis,unknown_room_basis,low,low,0,0,,false,inventory_dp_pressure_proxy
jalan,蔵王四季のホテル,2026-07-28,2026-06-28T22:00:05+09:00,2026-06-30T14:00:05+09:00,40,available,available,,,,,not_comparable,none,confirmed_room_only,excluded_family_or_suite_room,low,low,0,0,,false,inventory_dp_pressure_proxy
jalan,蔵王国際ホテル,2026-07-28,2026-06-30T22:00:05+09:00,2026-07-02T06:00:06+09:00,32,available,available,,,,,not_comparable,none,confirmed_room_only,unknown_room_basis,low,low,0,0,,false,inventory_dp_pressure_proxy
rakuten,名湯リゾート ルーセント,2026-07-28,,2026-06-01T20:58:30+09:00,,unknown,sold_out,,,,,not_comparable,none,unknown_meal_basis,unknown_room_basis,low,low,0,0,,false,inventory_dp_pressure_proxy
rakuten,蔵王国際ホテル,2026-07-28,,2026-06-01T20:58:30+09:00,,unknown,available,,,,,not_comparable,none,unknown_meal_basis,unknown_room_basis,low,low,0,0,,false,inventory_dp_pressure_proxy
booking,HAMMOND,2026-07-29,2026-07-27T13:35:05+09:00,2026-07-28T13:35:05+09:00,24,available,available,15494,17215,1721,0.1111,price_up_available,strong,assumed_room_only,confirmed_two_person_standard_room,high,high,1,1,17215,false,inventory_dp_pressure_proxy
booking,JURIN,2026-07-29,2026-07-25T14:00:06+09:00,2026-07-26T14:00:06+09:00,24,available,available,25483,,2831,0.1111,price_up_available,strong,assumed_room_only,confirmed_two_person_standard_room,high,high,1,1,28314,false,inventory_dp_pressure_proxy
booking,ＫＫＲ蔵王 白銀荘,2026-07-29,2026-07-27T06:00:06+09:00,2026-07-28T06:00:05+09:00,24,available,available,23700,23700,0,0,same_price_available,noise,assumed_room_only,probable_two_person_standard_room,medium,medium,0.36,0,23700,false,inventory_dp_pressure_proxy
booking,ONSEN & STAY OAKHILL,2026-07-29,2026-07-27T13:35:05+09:00,2026-07-28T13:35:05+09:00,24,available,available,17820,19800,1980,0.1111,price_up_available,strong,assumed_room_only,confirmed_two_person_standard_room,high,high,1,1,19800,false,inventory_dp_pressure_proxy
booking,おおみや旅館,2026-07-29,2026-07-27T20:00:05+09:00,2026-07-28T20:00:06+09:00,24,available,available,26400,22440,-3960,-0.15,price_down_available,strong,assumed_room_only,probable_two_person_standard_room,medium,medium,0.36,-0.36,22440,false,inventory_dp_pressure_proxy
booking,たかみや瑠璃倶楽,2026-07-29,2026-07-15T22:00:05+09:00,2026-07-18T16:00:06+09:00,66,available,available,24882,24882,0,0,same_price_available,noise,assumed_room_only,confirmed_two_person_standard_room,high,high,1,0,24882,false,inventory_dp_pressure_proxy
booking,ペンションぷうたろう,2026-07-29,2026-07-26T22:00:06+09:00,2026-07-28T10:00:06+09:00,36,available,available,18050,16245,-1805,-0.1,price_down_available,strong,assumed_room_only,confirmed_two_person_standard_room,high,high,1,-1,16245,false,inventory_dp_pressure_proxy
booking,ペンション木いちご,2026-07-29,2026-07-09T20:00:06+09:00,2026-07-13T22:00:01+09:00,98,available,available,13538,,1062,0.0784,price_up_available,strong,assumed_room_only,confirmed_two_person_standard_room,high,high,1,1,14600,false,inventory_dp_pressure_proxy
booking,ホテル松金屋アネックス,2026-07-29,2026-07-05T16:00:05+09:00,2026-07-28T14:00:06+09:00,550,available,sold_out,18050,,0,0,sold_out_after_same_price,noise,assumed_room_only,probable_two_person_standard_room,medium,medium,0.36,0.36,18050,false,inventory_dp_pressure_proxy
booking,ル・ベール蔵王,2026-07-29,2026-07-27T08:00:06+09:00,2026-07-28T08:00:06+09:00,24,available,available,26905,27578,673,0.025,noise,noise,assumed_room_only,confirmed_two_person_standard_room,high,high,1,0,27578,false,inventory_dp_pressure_proxy
booking,ロッジスガノ,2026-07-29,2026-07-02T14:00:07+09:00,2026-07-17T16:00:05+09:00,362,available,available,15000,,9640,0.6427,price_up_available,strong,assumed_room_only,confirmed_two_person_standard_room,high,high,1,1,24640,false,inventory_dp_pressure_proxy
booking,ロッジまつぽっくり,2026-07-29,2026-07-27T16:00:06+09:00,2026-07-28T16:00:06+09:00,24,available,available,,,,,not_comparable,none,assumed_room_only,excluded_family_or_suite_room,low,low,0,0,,false,inventory_dp_pressure_proxy
booking,吉田屋,2026-07-29,2026-07-27T10:00:02+09:00,2026-07-28T13:35:05+09:00,27.58,available,available,16830,20592,3762,0.2235,price_up_available,strong,assumed_room_only,probable_two_person_standard_room,medium,medium,0.36,0.36,20592,false,inventory_dp_pressure_proxy
booking,名湯リゾート ルーセントタカミヤ,2026-07-29,2026-07-27T12:00:06+09:00,2026-07-28T12:00:06+09:00,24,available,available,27720,27720,0,0,same_price_available,noise,assumed_room_only,confirmed_two_person_standard_room,high,high,1,0,27720,false,inventory_dp_pressure_proxy
booking,名湯舎 創,2026-07-29,2026-07-27T18:00:05+09:00,2026-07-28T18:00:05+09:00,24,available,available,27720,22394,-5326,-0.1921,price_down_available,strong,assumed_room_only,confirmed_two_person_standard_room,high,high,1,-1,22394,false,inventory_dp_pressure_proxy
booking,松尾ハウス,2026-07-29,2026-07-20T12:00:05+09:00,2026-07-22T20:00:06+09:00,56,available,available,11000,11000,0,0,same_price_available,noise,assumed_room_only,confirmed_two_person_standard_room,high,high,1,0,11000,false,inventory_dp_pressure_proxy
booking,深山荘 高見屋,2026-07-29,2026-07-04T12:00:06+09:00,2026-07-14T08:00:06+09:00,236,available,available,36954,,578,0.0156,noise,noise,assumed_room_only,confirmed_two_person_standard_room,high,high,1,0,37532,false,inventory_dp_pressure_proxy
booking,源泉湯宿 蔵王プラザホテル,2026-07-29,2026-07-25T22:00:06+09:00,2026-07-28T00:00:05+09:00,50,sold_out,sold_out,,,,,not_comparable,none,assumed_room_only,unknown_room_basis,low,low,0,0,,false,inventory_dp_pressure_proxy
booking,蔵王・和歌（うた）の宿 わかまつや,2026-07-29,2026-07-18T20:00:06+09:00,2026-07-20T14:00:06+09:00,42,available,available,23722,25179,1457,0.0614,price_up_available,strong,assumed_room_only,confirmed_two_person_standard_room,high,high,1,1,25179,false,inventory_dp_pressure_proxy
booking,蔵王四季のホテル,2026-07-29,2026-07-26T04:00:06+09:00,2026-07-28T02:00:01+09:00,46,available,available,,,,,not_comparable,none,assumed_room_only,excluded_family_or_suite_room,low,low,0,0,,false,inventory_dp_pressure_proxy
booking,蔵王国際ホテル,2026-07-29,2026-07-25T20:00:06+09:00,2026-07-27T22:00:06+09:00,50,available,available,33000,5892,-27108,-0.8215,price_down_available,strong,assumed_room_only,confirmed_two_person_standard_room,high,high,1,-1,5892,false,inventory_dp_pressure_proxy
booking,蔵王温泉 高砂屋旅館,2026-07-29,2026-07-03T02:00:06+09:00,2026-07-13T16:00:01+09:00,254,available,available,18000,,0,0,same_price_available,noise,assumed_room_only,confirmed_two_person_standard_room,high,high,1,0,18000,false,inventory_dp_pressure_proxy
jalan,たかみや瑠璃倶楽,2026-07-29,2026-06-30T20:00:06+09:00,2026-07-01T22:00:06+09:00,26,available,available,,,,,not_comparable,none,unknown_meal_basis,unknown_room_basis,low,low,0,0,,false,inventory_dp_pressure_proxy
jalan,深山荘 高見屋,2026-07-29,2026-06-30T22:00:05+09:00,2026-07-02T00:00:06+09:00,26,available,available,,,,,not_comparable,none,unknown_meal_basis,unknown_room_basis,low,low,0,0,,false,inventory_dp_pressure_proxy
jalan,蔵王四季のホテル,2026-07-29,2026-06-30T08:00:06+09:00,2026-07-02T06:00:06+09:00,46,available,available,,,,,not_comparable,none,unknown_meal_basis,unknown_room_basis,low,low,0,0,,false,inventory_dp_pressure_proxy
jalan,蔵王国際ホテル,2026-07-29,2026-07-03T08:00:05+09:00,2026-07-12T23:49:00+09:00,231.82,available,sold_out,,,,,not_comparable,none,unknown_meal_basis,unknown_room_basis,low,low,0,0,,false,inventory_dp_pressure_proxy
rakuten,名湯リゾート ルーセント,2026-07-29,,2026-06-01T20:58:30+09:00,,unknown,available,,,,,not_comparable,none,unknown_meal_basis,unknown_room_basis,low,low,0,0,,false,inventory_dp_pressure_proxy
rakuten,蔵王国際ホテル,2026-07-29,,2026-06-01T20:58:30+09:00,,unknown,sold_out,,,,,not_comparable,none,unknown_meal_basis,unknown_room_basis,low,low,0,0,,false,inventory_dp_pressure_proxy
booking,HAMMOND,2026-07-30,2026-07-28T13:35:05+09:00,2026-07-29T13:35:06+09:00,24,available,available,17215,15494,-1721,-0.1,price_down_available,strong,assumed_room_only,confirmed_two_person_standard_room,high,high,1,-1,15494,false,inventory_dp_pressure_proxy
booking,JURIN,2026-07-30,2026-07-28T08:00:06+09:00,2026-07-29T08:00:06+09:00,24,available,available,25483,25483,0,0,same_price_available,noise,assumed_room_only,confirmed_two_person_standard_room,high,high,1,0,25483,false,inventory_dp_pressure_proxy
booking,ＫＫＲ蔵王 白銀荘,2026-07-30,2026-07-28T10:00:06+09:00,2026-07-29T10:00:06+09:00,24,available,available,23700,23700,0,0,same_price_available,noise,assumed_room_only,probable_two_person_standard_room,medium,medium,0.36,0,23700,false,inventory_dp_pressure_proxy
booking,ONSEN & STAY OAKHILL,2026-07-30,2026-07-26T20:00:06+09:00,2026-07-29T13:35:06+09:00,65.58,available,available,18991,19616,625,0.0329,price_up_available,meaningful,assumed_room_only,confirmed_two_person_standard_room,high,high,1,1,19616,false,inventory_dp_pressure_proxy
booking,おおみや旅館,2026-07-30,2026-07-28T06:00:05+09:00,2026-07-29T06:00:06+09:00,24,available,available,26400,26400,0,0,same_price_available,noise,assumed_room_only,confirmed_two_person_standard_room,high,high,1,0,26400,false,inventory_dp_pressure_proxy
booking,たかみや瑠璃倶楽,2026-07-30,2026-07-28T00:00:05+09:00,2026-07-29T20:00:08+09:00,44,available,available,24882,22394,-2488,-0.1,price_down_available,strong,assumed_room_only,confirmed_two_person_standard_room,high,high,1,-1,22394,false,inventory_dp_pressure_proxy
booking,ペンションぷうたろう,2026-07-30,2026-07-28T02:00:01+09:00,2026-07-29T02:00:05+09:00,24,available,available,16245,16245,0,0,same_price_available,noise,assumed_room_only,confirmed_two_person_standard_room,high,high,1,0,16245,false,inventory_dp_pressure_proxy
booking,ペンション木いちご,2026-07-30,2026-07-10T10:00:01+09:00,2026-07-14T00:00:06+09:00,86,available,available,14600,,0,0,same_price_available,noise,assumed_room_only,confirmed_two_person_standard_room,high,high,1,0,14600,false,inventory_dp_pressure_proxy
booking,ホテル松金屋アネックス,2026-07-30,2026-07-28T18:00:05+09:00,2026-07-29T18:00:06+09:00,24,sold_out,sold_out,,,,,not_comparable,none,assumed_room_only,unknown_room_basis,low,low,0,0,,false,inventory_dp_pressure_proxy
booking,ル・ベール蔵王,2026-07-30,2026-07-27T14:00:05+09:00,2026-07-28T14:00:06+09:00,24,available,available,27833,27304,-529,-0.019,noise,noise,assumed_room_only,confirmed_two_person_standard_room,high,high,1,0,27304,false,inventory_dp_pressure_proxy
booking,ロッジスガノ,2026-07-30,2026-07-27T20:00:05+09:00,2026-07-29T16:00:05+09:00,44,available,available,24640,7840,-16800,-0.6818,price_down_available,strong,assumed_room_only,confirmed_two_person_standard_room,high,high,1,-1,7840,false,inventory_dp_pressure_proxy
booking,ロッジまつぽっくり,2026-07-30,2026-07-28T12:00:06+09:00,2026-07-29T12:00:06+09:00,24,available,available,,,,,not_comparable,none,assumed_room_only,excluded_family_or_suite_room,low,low,0,0,,false,inventory_dp_pressure_proxy
booking,吉田屋,2026-07-30,2026-07-28T04:00:05+09:00,2026-07-29T04:00:06+09:00,24,available,available,18700,16830,-1870,-0.1,price_down_available,strong,assumed_room_only,confirmed_two_person_standard_room,high,high,1,-1,16830,false,inventory_dp_pressure_proxy
booking,名湯リゾート ルーセントタカミヤ,2026-07-30,2026-07-27T16:00:06+09:00,2026-07-28T16:00:06+09:00,24,available,available,21450,19305,-2145,-0.1,price_down_available,strong,assumed_room_only,confirmed_two_person_standard_room,high,high,1,-1,19305,false,inventory_dp_pressure_proxy
booking,名湯舎 創,2026-07-30,2026-07-27T22:00:06+09:00,2026-07-28T22:00:03+09:00,24,available,available,20849,20849,0,0,same_price_available,noise,assumed_room_only,probable_two_person_standard_room,medium,medium,0.36,0,20849,false,inventory_dp_pressure_proxy
booking,松尾ハウス,2026-07-30,2026-07-20T16:00:06+09:00,2026-07-22T22:00:06+09:00,54,available,available,,,,,not_comparable,none,assumed_room_only,excluded_large_room,low,low,0,0,,false,inventory_dp_pressure_proxy
booking,深山荘 高見屋,2026-07-30,2026-07-19T10:00:06+09:00,2026-07-29T22:00:07+09:00,252,available,available,61600,47520,-14080,-0.2286,price_down_available,strong,assumed_room_only,confirmed_two_person_standard_room,high,high,1,-1,47520,false,inventory_dp_pressure_proxy
booking,源泉湯宿 蔵王プラザホテル,2026-07-30,2026-07-24T20:00:06+09:00,2026-07-26T02:00:06+09:00,30,available,available,29700,29700,0,0,same_price_available,noise,assumed_room_only,probable_two_person_standard_room,medium,medium,0.36,0,29700,false,inventory_dp_pressure_proxy
booking,蔵王・和歌（うた）の宿 わかまつや,2026-07-30,2026-07-19T00:00:02+09:00,2026-07-20T14:00:06+09:00,38,available,available,145200,23259,-121941,-0.8398,price_down_available,strong,assumed_room_only,confirmed_two_person_standard_room,high,high,1,-1,23259,false,inventory_dp_pressure_proxy
booking,蔵王四季のホテル,2026-07-30,2026-07-25T04:00:06+09:00,2026-07-26T06:00:05+09:00,26,available,available,,,,,unknown,none,assumed_room_only,confirmed_two_person_standard_room,high,high,1,0,32340,false,inventory_dp_pressure_proxy
booking,蔵王国際ホテル,2026-07-30,2026-07-26T00:00:01+09:00,2026-07-28T20:00:06+09:00,68,available,available,33000,33000,0,0,same_price_available,noise,assumed_room_only,confirmed_two_person_standard_room,high,high,1,0,33000,false,inventory_dp_pressure_proxy
booking,蔵王温泉 高砂屋旅館,2026-07-30,2026-07-03T20:00:06+09:00,2026-07-13T18:00:00+09:00,238,available,available,20200,,0,0,same_price_available,noise,assumed_room_only,confirmed_two_person_standard_room,high,high,1,0,20200,false,inventory_dp_pressure_proxy
jalan,たかみや瑠璃倶楽,2026-07-30,2026-07-01T22:00:06+09:00,2026-07-03T00:00:01+09:00,26,available,available,,,,,not_comparable,none,unknown_meal_basis,unknown_room_basis,low,low,0,0,,false,inventory_dp_pressure_proxy
jalan,深山荘 高見屋,2026-07-30,2026-07-02T00:00:06+09:00,2026-07-03T02:00:06+09:00,26,available,available,,,,,not_comparable,none,unknown_meal_basis,unknown_room_basis,low,low,0,0,,false,inventory_dp_pressure_proxy
jalan,蔵王四季のホテル,2026-07-30,,2026-06-30T22:00:05+09:00,,unknown,available,,,,,not_comparable,none,confirmed_room_only,excluded_family_or_suite_room,low,low,0,0,,false,inventory_dp_pressure_proxy
jalan,蔵王国際ホテル,2026-07-30,2026-07-04T06:00:06+09:00,2026-07-12T23:49:00+09:00,209.81,available,available,,,,,not_comparable,none,confirmed_room_only,unknown_room_basis,low,low,0,0,,false,inventory_dp_pressure_proxy
rakuten,名湯リゾート ルーセント,2026-07-30,,2026-06-01T20:58:30+09:00,,unknown,available,,,,,not_comparable,none,unknown_meal_basis,unknown_room_basis,low,low,0,0,,false,inventory_dp_pressure_proxy
rakuten,蔵王国際ホテル,2026-07-30,,2026-06-01T20:58:30+09:00,,unknown,available,,,,,not_comparable,none,unknown_meal_basis,unknown_room_basis,low,low,0,0,,false,inventory_dp_pressure_proxy
booking,HAMMOND,2026-07-31,2026-07-29T13:35:06+09:00,2026-07-30T13:35:06+09:00,24,available,available,15494,15494,0,0,same_price_available,noise,assumed_room_only,confirmed_two_person_standard_room,high,high,1,0,15494,false,inventory_dp_pressure_proxy
booking,JURIN,2026-07-31,2026-07-26T16:00:05+09:00,2026-07-29T04:00:06+09:00,60,available,available,25483,,0,0,same_price_available,noise,assumed_room_only,confirmed_two_person_standard_room,high,high,1,0,25483,false,inventory_dp_pressure_proxy
booking,ＫＫＲ蔵王 白銀荘,2026-07-31,2026-07-28T12:00:06+09:00,2026-07-30T00:00:02+09:00,36,available,available,23700,23700,0,0,same_price_available,noise,assumed_room_only,probable_two_person_standard_room,medium,medium,0.36,0,23700,false,inventory_dp_pressure_proxy
booking,ONSEN & STAY OAKHILL,2026-07-31,2026-07-29T13:35:06+09:00,2026-07-30T13:35:06+09:00,24,available,available,17820,17820,0,0,same_price_available,noise,assumed_room_only,confirmed_two_person_standard_room,high,high,1,0,17820,false,inventory_dp_pressure_proxy
booking,おおみや旅館,2026-07-31,2026-07-29T16:00:05+09:00,2026-07-30T18:00:06+09:00,26,available,available,26400,22440,-3960,-0.15,price_down_available,strong,assumed_room_only,probable_two_person_standard_room,medium,medium,0.36,-0.36,22440,false,inventory_dp_pressure_proxy
booking,たかみや瑠璃倶楽,2026-07-31,2026-07-18T18:00:06+09:00,2026-07-28T02:00:01+09:00,224,available,available,24882,22394,-2488,-0.1,price_down_available,strong,assumed_room_only,confirmed_two_person_standard_room,high,high,1,-1,22394,false,inventory_dp_pressure_proxy
booking,ペンションぷうたろう,2026-07-31,2026-07-29T18:00:06+09:00,2026-07-30T20:00:06+09:00,26,available,available,16245,16245,0,0,same_price_available,noise,assumed_room_only,confirmed_two_person_standard_room,high,high,1,0,16245,false,inventory_dp_pressure_proxy
booking,ペンション木いちご,2026-07-31,2026-07-14T02:00:06+09:00,2026-07-15T22:00:05+09:00,44,available,available,14600,,0,0,same_price_available,noise,assumed_room_only,confirmed_two_person_standard_room,high,high,1,0,14600,false,inventory_dp_pressure_proxy
booking,ホテル松金屋アネックス,2026-07-31,2026-07-29T08:00:06+09:00,2026-07-30T12:00:06+09:00,28,unknown,unknown,,,,,unknown,none,assumed_room_only,confirmed_two_person_standard_room,high,high,1,0,29744,false,inventory_dp_pressure_proxy
booking,ル・ベール蔵王,2026-07-31,2026-07-29T10:00:06+09:00,2026-07-30T10:00:06+09:00,24,available,available,28922,27529,-1393,-0.0482,price_down_available,meaningful,assumed_room_only,confirmed_two_person_standard_room,high,high,1,-1,27529,false,inventory_dp_pressure_proxy
booking,ロッジスガノ,2026-07-31,2026-07-17T14:00:06+09:00,2026-07-28T18:00:05+09:00,268,available,available,,,,,unknown,none,assumed_room_only,probable_two_person_standard_room,medium,medium,0.36,0,15000,false,inventory_dp_pressure_proxy
booking,ロッジまつぽっくり,2026-07-31,2026-07-29T14:00:04+09:00,2026-07-30T14:00:04+09:00,24,available,available,,,,,not_comparable,none,assumed_room_only,excluded_family_or_suite_room,low,low,0,0,,false,inventory_dp_pressure_proxy
booking,吉田屋,2026-07-31,2026-07-29T02:00:05+09:00,2026-07-30T02:00:06+09:00,24,available,available,16830,16830,0,0,same_price_available,noise,assumed_room_only,probable_two_person_standard_room,medium,medium,0.36,0,16830,false,inventory_dp_pressure_proxy
booking,名湯リゾート ルーセントタカミヤ,2026-07-31,2026-07-29T06:00:06+09:00,2026-07-30T08:00:06+09:00,26,available,available,19305,19305,0,0,same_price_available,noise,assumed_room_only,confirmed_two_person_standard_room,high,high,1,0,19305,false,inventory_dp_pressure_proxy
booking,名湯舎 創,2026-07-31,2026-07-29T12:00:06+09:00,2026-07-30T16:00:06+09:00,28,available,available,20849,22394,1545,0.0741,price_up_available,strong,assumed_room_only,confirmed_two_person_standard_room,high,high,1,1,22394,false,inventory_dp_pressure_proxy
booking,松尾ハウス,2026-07-31,2026-07-20T14:00:06+09:00,2026-07-23T00:00:03+09:00,58,available,available,,,,,not_comparable,none,assumed_room_only,excluded_large_room,low,low,0,0,,false,inventory_dp_pressure_proxy
booking,深山荘 高見屋,2026-07-31,2026-07-14T04:00:06+09:00,2026-07-19T10:00:06+09:00,126,available,available,37556,61600,24044,0.6402,price_up_available,strong,assumed_room_only,probable_two_person_standard_room,medium,medium,0.36,0.36,61600,false,inventory_dp_pressure_proxy
booking,源泉湯宿 蔵王プラザホテル,2026-07-31,2026-07-26T04:00:06+09:00,2026-07-28T22:00:03+09:00,66,available,available,29700,20900,-8800,-0.2963,price_down_available,strong,assumed_room_only,confirmed_two_person_standard_room,high,high,1,-1,20900,false,inventory_dp_pressure_proxy
booking,蔵王・和歌（うた）の宿 わかまつや,2026-07-31,2026-07-18T22:00:06+09:00,2026-07-20T16:00:06+09:00,42,sold_out,sold_out,,,,,not_comparable,none,assumed_room_only,unknown_room_basis,low,low,0,0,,false,inventory_dp_pressure_proxy
booking,蔵王四季のホテル,2026-07-31,2026-07-25T06:00:06+09:00,2026-07-26T08:00:03+09:00,26,available,available,25403,25896,493,0.0194,noise,noise,assumed_room_only,confirmed_two_person_standard_room,high,high,1,0,25896,false,inventory_dp_pressure_proxy
booking,蔵王国際ホテル,2026-07-31,2026-07-26T02:00:06+09:00,2026-07-28T20:00:06+09:00,66,available,available,33000,33000,0,0,same_price_available,noise,assumed_room_only,confirmed_two_person_standard_room,high,high,1,0,33000,false,inventory_dp_pressure_proxy
booking,蔵王温泉 高砂屋旅館,2026-07-31,2026-07-06T14:00:06+09:00,2026-07-13T18:00:00+09:00,172,available,available,20200,,0,0,same_price_available,noise,assumed_room_only,confirmed_two_person_standard_room,high,high,1,0,20200,false,inventory_dp_pressure_proxy
jalan,たかみや瑠璃倶楽,2026-07-31,2026-07-03T22:00:06+09:00,2026-07-05T00:00:01+09:00,26,available,available,,,,,not_comparable,none,unknown_meal_basis,unknown_room_basis,low,low,0,0,,false,inventory_dp_pressure_proxy
jalan,深山荘 高見屋,2026-07-31,2026-07-02T22:00:06+09:00,2026-07-04T08:00:06+09:00,34,available,available,,,,,not_comparable,none,unknown_meal_basis,unknown_room_basis,low,low,0,0,,false,inventory_dp_pressure_proxy
jalan,蔵王四季のホテル,2026-07-31,,2026-07-01T22:00:06+09:00,,unknown,available,,,,,not_comparable,none,unknown_meal_basis,unknown_room_basis,low,low,0,0,,false,inventory_dp_pressure_proxy
jalan,蔵王国際ホテル,2026-07-31,2026-07-03T20:00:06+09:00,2026-07-04T22:00:06+09:00,26,available,available,,,,,not_comparable,none,confirmed_room_only,unknown_room_basis,low,low,0,0,,false,inventory_dp_pressure_proxy
rakuten,名湯リゾート ルーセント,2026-07-31,,2026-06-01T20:58:30+09:00,,unknown,available,,,,,not_comparable,none,unknown_meal_basis,unknown_room_basis,low,low,0,0,,false,inventory_dp_pressure_proxy
rakuten,蔵王国際ホテル,2026-07-31,,2026-06-01T20:58:30+09:00,,unknown,available,,,,,not_comparable,none,unknown_meal_basis,unknown_room_basis,low,low,0,0,,false,inventory_dp_pressure_proxy
booking,HAMMOND,2026-08-01,2026-07-30T13:35:06+09:00,2026-07-31T13:35:06+09:00,24,available,available,18464,18464,0,0,same_price_available,noise,assumed_room_only,confirmed_two_person_standard_room,high,high,1,0,18464,false,inventory_dp_pressure_proxy
booking,JURIN,2026-08-01,2026-07-30T02:00:06+09:00,2026-07-31T04:00:06+09:00,26,available,available,30116,30116,0,0,same_price_available,noise,assumed_room_only,confirmed_two_person_standard_room,high,high,1,0,30116,false,inventory_dp_pressure_proxy
booking,ＫＫＲ蔵王 白銀荘,2026-08-01,2026-07-29T20:00:08+09:00,2026-07-31T06:00:06+09:00,34,available,available,27700,27700,0,0,same_price_available,noise,assumed_room_only,probable_two_person_standard_room,medium,medium,0.36,0,27700,false,inventory_dp_pressure_proxy
booking,ONSEN & STAY OAKHILL,2026-08-01,2026-07-29T13:35:06+09:00,2026-07-30T13:35:06+09:00,24,available,available,25740,,-7920,-0.3077,price_down_available,strong,assumed_room_only,confirmed_two_person_standard_room,high,high,1,-1,17820,false,inventory_dp_pressure_proxy
booking,おおみや旅館,2026-08-01,2026-07-30T18:00:06+09:00,2026-07-31T18:00:05+09:00,24,available,available,27720,27720,0,0,same_price_available,noise,assumed_room_only,confirmed_two_person_standard_room,high,high,1,0,27720,false,inventory_dp_pressure_proxy
booking,たかみや瑠璃倶楽,2026-08-01,2026-07-18T20:00:06+09:00,2026-07-28T16:00:06+09:00,236,available,available,31746,28571,-3175,-0.1,price_down_available,strong,assumed_room_only,confirmed_two_person_standard_room,high,high,1,-1,28571,false,inventory_dp_pressure_proxy
booking,ペンションぷうたろう,2026-08-01,2026-07-30T12:00:06+09:00,2026-07-31T20:00:06+09:00,32,available,available,16245,16245,0,0,same_price_available,noise,assumed_room_only,probable_two_person_standard_room,medium,medium,0.36,0,16245,false,inventory_dp_pressure_proxy
booking,ペンション木いちご,2026-08-01,2026-07-15T20:00:06+09:00,2026-07-16T20:00:06+09:00,24,available,available,16600,,0,0,same_price_available,noise,assumed_room_only,confirmed_two_person_standard_room,high,high,1,0,16600,false,inventory_dp_pressure_proxy
booking,ホテル松金屋アネックス,2026-08-01,2026-07-30T14:00:04+09:00,2026-07-31T14:00:06+09:00,24,unknown,unknown,,,,,unknown,none,assumed_room_only,confirmed_two_person_standard_room,high,high,1,0,34320,false,inventory_dp_pressure_proxy
booking,ル・ベール蔵王,2026-08-01,2026-07-30T04:00:06+09:00,2026-07-31T08:00:06+09:00,28,available,available,31012,41000,9988,0.3221,price_up_available,strong,assumed_room_only,confirmed_two_person_standard_room,high,high,1,1,41000,false,inventory_dp_pressure_proxy
booking,ロッジスガノ,2026-08-01,2026-07-28T20:00:06+09:00,2026-07-30T20:00:06+09:00,48,sold_out,available,,19000,,,newly_available,none,assumed_room_only,confirmed_two_person_standard_room,high,high,1,-0.5,19000,false,inventory_dp_pressure_proxy
booking,ロッジまつぽっくり,2026-08-01,2026-07-30T08:00:06+09:00,2026-07-31T12:00:05+09:00,28,available,available,,,,,not_comparable,none,assumed_room_only,excluded_family_or_suite_room,low,low,0,0,,false,inventory_dp_pressure_proxy
booking,吉田屋,2026-08-01,2026-07-30T00:00:02+09:00,2026-07-31T02:00:06+09:00,26,available,available,21622,21622,0,0,same_price_available,noise,assumed_room_only,confirmed_two_person_standard_room,high,high,1,0,21622,false,inventory_dp_pressure_proxy
booking,名湯リゾート ルーセントタカミヤ,2026-08-01,2026-07-30T10:00:06+09:00,2026-07-31T10:00:06+09:00,24,available,available,28314,28314,0,0,same_price_available,noise,assumed_room_only,confirmed_two_person_standard_room,high,high,1,0,28314,false,inventory_dp_pressure_proxy
booking,名湯舎 創,2026-08-01,2026-07-30T16:00:06+09:00,2026-07-31T16:00:06+09:00,24,sold_out,sold_out,,,,,not_comparable,none,assumed_room_only,unknown_room_basis,low,low,0,0,,false,inventory_dp_pressure_proxy
booking,松尾ハウス,2026-08-01,2026-07-21T14:35:11+09:00,2026-07-23T14:00:05+09:00,47.41,available,available,,,,,not_comparable,none,assumed_room_only,excluded_large_room,low,low,0,0,,false,inventory_dp_pressure_proxy
booking,深山荘 高見屋,2026-08-01,2026-07-14T06:00:06+09:00,2026-07-18T12:00:01+09:00,102,available,available,53567,,19033,0.3553,price_up_available,strong,assumed_room_only,confirmed_two_person_standard_room,high,high,1,1,72600,false,inventory_dp_pressure_proxy
booking,源泉湯宿 蔵王プラザホテル,2026-08-01,2026-07-24T20:00:06+09:00,2026-07-26T04:00:06+09:00,32,available,available,23100,34100,11000,0.4762,price_up_available,strong,assumed_room_only,probable_two_person_standard_room,medium,medium,0.36,0.36,34100,false,inventory_dp_pressure_proxy
booking,蔵王・和歌（うた）の宿 わかまつや,2026-08-01,2026-07-14T08:00:06+09:00,2026-07-20T16:00:06+09:00,152,available,sold_out,39730,,,,newly_sold_out,none,assumed_room_only,confirmed_two_person_standard_room,high,high,1,0.8,39730,false,inventory_dp_pressure_proxy
booking,蔵王四季のホテル,2026-08-01,2026-07-15T00:00:05+09:00,2026-07-24T22:00:06+09:00,238,available,available,33880,,-6755,-0.1994,price_down_available,strong,assumed_room_only,confirmed_two_person_standard_room,high,high,1,-1,27125,false,inventory_dp_pressure_proxy
booking,蔵王国際ホテル,2026-08-01,2026-07-26T02:00:06+09:00,2026-07-29T16:00:05+09:00,86,available,available,34320,34320,0,0,same_price_available,noise,assumed_room_only,confirmed_two_person_standard_room,high,high,1,0,34320,false,inventory_dp_pressure_proxy
booking,蔵王温泉 高砂屋旅館,2026-08-01,2026-07-06T16:00:06+09:00,2026-07-13T20:00:01+09:00,172,available,available,20000,,0,0,same_price_available,noise,assumed_room_only,confirmed_two_person_standard_room,high,high,1,0,20000,false,inventory_dp_pressure_proxy
jalan,たかみや瑠璃倶楽,2026-08-01,2026-07-05T10:00:06+09:00,2026-07-12T23:49:00+09:00,181.81,available,available,,,,,not_comparable,none,unknown_meal_basis,unknown_room_basis,low,low,0,0,,false,inventory_dp_pressure_proxy
jalan,深山荘 高見屋,2026-08-01,2026-07-03T06:00:06+09:00,2026-07-04T10:00:06+09:00,28,available,available,,,,,not_comparable,none,unknown_meal_basis,unknown_room_basis,low,low,0,0,,false,inventory_dp_pressure_proxy
jalan,蔵王四季のホテル,2026-08-01,2026-06-30T00:00:01+09:00,2026-07-01T04:00:06+09:00,28,available,available,,,,,not_comparable,none,unknown_meal_basis,unknown_room_basis,low,low,0,0,,false,inventory_dp_pressure_proxy
jalan,蔵王国際ホテル,2026-08-01,2026-07-04T06:00:06+09:00,2026-07-05T08:00:03+09:00,26,available,available,,,,,not_comparable,none,confirmed_room_only,excluded_family_or_suite_room,low,low,0,0,,false,inventory_dp_pressure_proxy
rakuten,名湯リゾート ルーセント,2026-08-01,,2026-06-01T20:58:30+09:00,,unknown,available,,,,,not_comparable,none,unknown_meal_basis,unknown_room_basis,low,low,0,0,,false,inventory_dp_pressure_proxy
rakuten,蔵王国際ホテル,2026-08-01,,2026-06-01T20:58:30+09:00,,unknown,sold_out,,,,,not_comparable,none,unknown_meal_basis,unknown_room_basis,low,low,0,0,,false,inventory_dp_pressure_proxy
booking,HAMMOND,2026-08-02,2026-07-31T13:35:06+09:00,2026-08-01T13:35:06+09:00,24,available,available,15494,15494,0,0,same_price_available,noise,assumed_room_only,confirmed_two_person_standard_room,high,high,1,0,15494,false,inventory_dp_pressure_proxy
booking,JURIN,2026-08-02,2026-07-27T16:00:06+09:00,2026-07-31T04:00:06+09:00,84,available,available,31746,28571,-3175,-0.1,price_down_available,strong,assumed_room_only,confirmed_two_person_standard_room,high,high,1,-1,28571,false,inventory_dp_pressure_proxy
booking,ＫＫＲ蔵王 白銀荘,2026-08-02,2026-07-30T02:00:06+09:00,2026-07-31T06:00:06+09:00,28,available,available,27700,27700,0,0,same_price_available,noise,assumed_room_only,probable_two_person_standard_room,medium,medium,0.36,0,27700,false,inventory_dp_pressure_proxy
booking,ONSEN & STAY OAKHILL,2026-08-02,2026-07-31T13:35:06+09:00,2026-08-01T13:35:06+09:00,24,available,available,20373,22277,1904,0.0935,price_up_available,strong,assumed_room_only,confirmed_two_person_standard_room,high,high,1,1,22277,false,inventory_dp_pressure_proxy
booking,おおみや旅館,2026-08-02,2026-07-30T20:00:06+09:00,2026-08-01T10:00:08+09:00,38,available,available,26400,22440,-3960,-0.15,price_down_available,strong,assumed_room_only,probable_two_person_standard_room,medium,medium,0.36,-0.36,22440,false,inventory_dp_pressure_proxy
booking,たかみや瑠璃倶楽,2026-08-02,2026-07-31T12:00:05+09:00,2026-08-01T16:00:05+09:00,28,available,available,23938,23938,0,0,same_price_available,noise,assumed_room_only,confirmed_two_person_standard_room,high,high,1,0,23938,false,inventory_dp_pressure_proxy
booking,ペンションぷうたろう,2026-08-02,2026-07-31T14:00:06+09:00,2026-08-01T14:00:07+09:00,24,available,available,16245,16245,0,0,same_price_available,noise,assumed_room_only,probable_two_person_standard_room,medium,medium,0.36,0,16245,false,inventory_dp_pressure_proxy
booking,ペンション木いちご,2026-08-02,2026-07-16T20:00:06+09:00,2026-07-18T02:00:06+09:00,30,available,available,14600,,0,0,same_price_available,noise,assumed_room_only,confirmed_two_person_standard_room,high,high,1,0,14600,false,inventory_dp_pressure_proxy
booking,ホテル松金屋アネックス,2026-08-02,2026-07-30T16:00:06+09:00,2026-08-01T04:00:07+09:00,36,unknown,unknown,,,,,not_comparable,none,assumed_room_only,unknown_room_basis,low,low,0,0,,false,inventory_dp_pressure_proxy
booking,ル・ベール蔵王,2026-08-02,2026-07-30T08:00:06+09:00,2026-07-31T08:00:06+09:00,24,available,available,27901,36000,8099,0.2903,price_up_available,strong,assumed_room_only,confirmed_two_person_standard_room,high,high,1,1,36000,false,inventory_dp_pressure_proxy
booking,ロッジスガノ,2026-08-02,2026-07-04T06:00:06+09:00,2026-08-01T22:00:06+09:00,688,available,available,22500,20160,-2340,-0.104,price_down_available,strong,assumed_room_only,confirmed_two_person_standard_room,high,high,1,-1,20160,false,inventory_dp_pressure_proxy
booking,ロッジまつぽっくり,2026-08-02,2026-07-31T02:00:06+09:00,2026-08-01T02:00:07+09:00,24,available,available,,,,,not_comparable,none,assumed_room_only,excluded_family_or_suite_room,low,low,0,0,,false,inventory_dp_pressure_proxy
booking,吉田屋,2026-08-02,2026-07-31T13:35:06+09:00,2026-08-01T13:35:06+09:00,24,available,available,18533,18810,277,0.0149,noise,noise,assumed_room_only,probable_two_person_standard_room,medium,medium,0.36,0,18810,false,inventory_dp_pressure_proxy
booking,名湯リゾート ルーセントタカミヤ,2026-08-02,2026-07-30T12:00:06+09:00,2026-08-01T00:00:02+09:00,36,available,available,21450,21450,0,0,same_price_available,noise,assumed_room_only,confirmed_two_person_standard_room,high,high,1,0,21450,false,inventory_dp_pressure_proxy
booking,名湯舎 創,2026-08-02,2026-07-30T18:00:06+09:00,2026-08-01T08:00:07+09:00,38,available,available,26730,20849,-5881,-0.22,price_down_available,strong,assumed_room_only,confirmed_two_person_standard_room,high,high,1,-1,20849,false,inventory_dp_pressure_proxy
booking,松尾ハウス,2026-08-02,2026-07-20T20:00:06+09:00,2026-07-23T00:00:03+09:00,52,available,available,11000,11000,0,0,same_price_available,noise,assumed_room_only,confirmed_two_person_standard_room,high,high,1,0,11000,false,inventory_dp_pressure_proxy
booking,深山荘 高見屋,2026-08-02,2026-07-31T16:00:06+09:00,2026-08-01T20:00:06+09:00,28,available,available,57420,57420,0,0,same_price_available,noise,assumed_room_only,confirmed_two_person_standard_room,high,high,1,0,57420,false,inventory_dp_pressure_proxy
booking,源泉湯宿 蔵王プラザホテル,2026-08-02,2026-07-25T00:00:02+09:00,2026-07-26T06:00:05+09:00,30,available,available,30800,30800,0,0,same_price_available,noise,assumed_room_only,probable_two_person_standard_room,medium,medium,0.36,0,30800,false,inventory_dp_pressure_proxy
booking,蔵王・和歌（うた）の宿 わかまつや,2026-08-02,2026-07-20T18:00:06+09:00,2026-07-31T20:00:06+09:00,266,available,available,24864,25323,459,0.0185,noise,noise,assumed_room_only,confirmed_two_person_standard_room,high,high,1,0,25323,false,inventory_dp_pressure_proxy
booking,蔵王四季のホテル,2026-08-02,2026-07-25T06:00:06+09:00,2026-07-26T10:00:06+09:00,28,available,available,,,,,unknown,none,assumed_room_only,confirmed_two_person_standard_room,high,high,1,0,31900,false,inventory_dp_pressure_proxy
booking,蔵王国際ホテル,2026-08-02,2026-07-19T20:00:05+09:00,2026-07-20T22:00:06+09:00,26,available,available,29728,,2,0.0001,noise,noise,assumed_room_only,confirmed_two_person_standard_room,high,high,1,0,29730,false,inventory_dp_pressure_proxy
booking,蔵王温泉 高砂屋旅館,2026-08-02,2026-07-05T12:00:05+09:00,2026-07-31T18:00:05+09:00,630,available,sold_out,18700,,0,0,sold_out_after_same_price,noise,assumed_room_only,probable_two_person_standard_room,medium,medium,0.36,0.36,18700,false,inventory_dp_pressure_proxy
jalan,たかみや瑠璃倶楽,2026-08-02,2026-07-05T20:00:06+09:00,2026-07-07T00:00:01+09:00,28,available,available,,,,,not_comparable,none,unknown_meal_basis,unknown_room_basis,low,low,0,0,,false,inventory_dp_pressure_proxy
jalan,深山荘 高見屋,2026-08-02,2026-07-05T22:00:06+09:00,2026-07-07T04:00:06+09:00,30,available,available,,,,,not_comparable,none,unknown_meal_basis,unknown_room_basis,low,low,0,0,,false,inventory_dp_pressure_proxy
jalan,蔵王四季のホテル,2026-08-02,,2026-07-03T22:00:06+09:00,,unknown,available,,,,,not_comparable,none,unknown_meal_basis,unknown_room_basis,low,low,0,0,,false,inventory_dp_pressure_proxy
jalan,蔵王国際ホテル,2026-08-02,2026-07-05T18:00:06+09:00,2026-07-06T22:00:06+09:00,28,available,available,,,,,not_comparable,none,confirmed_room_only,unknown_room_basis,low,low,0,0,,false,inventory_dp_pressure_proxy
booking,HAMMOND,2026-08-03,2026-07-31T13:35:06+09:00,2026-08-01T13:35:06+09:00,24,available,available,15494,15494,0,0,same_price_available,noise,assumed_room_only,confirmed_two_person_standard_room,high,high,1,0,15494,false,inventory_dp_pressure_proxy
booking,JURIN,2026-08-03,2026-07-27T22:00:06+09:00,2026-08-01T02:00:07+09:00,100,available,available,28571,28571,0,0,same_price_available,noise,assumed_room_only,confirmed_two_person_standard_room,high,high,1,0,28571,false,inventory_dp_pressure_proxy
booking,ＫＫＲ蔵王 白銀荘,2026-08-03,2026-07-30T08:00:06+09:00,2026-08-01T04:00:07+09:00,44,available,available,27700,27700,0,0,same_price_available,noise,assumed_room_only,probable_two_person_standard_room,medium,medium,0.36,0,27700,false,inventory_dp_pressure_proxy
booking,ONSEN & STAY OAKHILL,2026-08-03,2026-07-31T10:00:06+09:00,2026-08-01T13:35:06+09:00,27.58,available,available,28600,20295,-8305,-0.2904,price_down_available,strong,assumed_room_only,confirmed_two_person_standard_room,high,high,1,-1,20295,false,inventory_dp_pressure_proxy
booking,おおみや旅館,2026-08-03,2026-07-31T08:00:06+09:00,2026-08-01T14:00:07+09:00,30,available,available,22440,26400,3960,0.1765,price_up_available,strong,assumed_room_only,confirmed_two_person_standard_room,high,high,1,1,26400,false,inventory_dp_pressure_proxy
booking,たかみや瑠璃倶楽,2026-08-03,2026-07-31T14:00:06+09:00,2026-08-01T22:00:06+09:00,32,available,available,23938,23938,0,0,same_price_available,noise,assumed_room_only,confirmed_two_person_standard_room,high,high,1,0,23938,false,inventory_dp_pressure_proxy
booking,ペンションぷうたろう,2026-08-03,2026-07-31T20:00:06+09:00,2026-08-01T20:00:06+09:00,24,available,available,16245,16245,0,0,same_price_available,noise,assumed_room_only,probable_two_person_standard_room,medium,medium,0.36,0,16245,false,inventory_dp_pressure_proxy
booking,ペンション木いちご,2026-08-03,2026-07-17T06:00:06+09:00,2026-07-18T06:00:05+09:00,24,available,available,14600,,0,0,same_price_available,noise,assumed_room_only,confirmed_two_person_standard_room,high,high,1,0,14600,false,inventory_dp_pressure_proxy
booking,ホテル松金屋アネックス,2026-08-03,2026-07-31T06:00:06+09:00,2026-08-01T12:00:07+09:00,30,unknown,unknown,,,,,unknown,none,assumed_room_only,confirmed_two_person_standard_room,high,high,1,0,32032,false,inventory_dp_pressure_proxy
booking,ル・ベール蔵王,2026-08-03,2026-07-31T02:00:06+09:00,2026-08-02T02:00:05+09:00,48,available,available,20318,19892,-426,-0.021,noise,noise,assumed_room_only,confirmed_two_person_standard_room,high,high,1,0,19892,false,inventory_dp_pressure_proxy
booking,ロッジスガノ,2026-08-03,2026-07-18T00:00:01+09:00,2026-07-30T22:00:06+09:00,310,sold_out,available,,,,,not_comparable,none,assumed_room_only,excluded_family_or_suite_room,low,low,0,0,,false,inventory_dp_pressure_proxy
booking,ロッジまつぽっくり,2026-08-03,2026-07-30T16:00:06+09:00,2026-08-01T10:00:08+09:00,42,available,available,,,,,not_comparable,none,assumed_room_only,excluded_family_or_suite_room,low,low,0,0,,false,inventory_dp_pressure_proxy
booking,吉田屋,2026-08-03,2026-07-29T18:00:06+09:00,2026-08-01T00:00:02+09:00,54,available,available,16830,16830,0,0,same_price_available,noise,assumed_room_only,confirmed_two_person_standard_room,high,high,1,0,16830,false,inventory_dp_pressure_proxy
booking,名湯リゾート ルーセントタカミヤ,2026-08-03,2026-07-31T04:00:06+09:00,2026-08-01T08:00:07+09:00,28,available,available,19305,21450,2145,0.1111,price_up_available,strong,assumed_room_only,confirmed_two_person_standard_room,high,high,1,1,21450,false,inventory_dp_pressure_proxy
booking,名湯舎 創,2026-08-03,2026-07-29T16:00:05+09:00,2026-07-30T18:00:06+09:00,26,available,available,20849,,5881,0.2821,price_up_available,strong,assumed_room_only,probable_two_person_standard_room,medium,medium,0.36,0.36,26730,false,inventory_dp_pressure_proxy
booking,松尾ハウス,2026-08-03,2026-07-20T22:00:06+09:00,2026-07-23T08:00:07+09:00,58,available,available,11000,11000,0,0,same_price_available,noise,assumed_room_only,confirmed_two_person_standard_room,high,high,1,0,11000,false,inventory_dp_pressure_proxy
booking,深山荘 高見屋,2026-08-03,2026-07-19T20:00:05+09:00,2026-07-31T16:00:06+09:00,284,available,available,40818,51480,10662,0.2612,price_up_available,strong,assumed_room_only,confirmed_two_person_standard_room,high,high,1,1,51480,false,inventory_dp_pressure_proxy
booking,源泉湯宿 蔵王プラザホテル,2026-08-03,2026-07-23T10:00:03+09:00,2026-07-24T22:00:06+09:00,36,available,available,22000,22000,0,0,same_price_available,noise,assumed_room_only,confirmed_two_person_standard_room,high,high,1,0,22000,false,inventory_dp_pressure_proxy
booking,蔵王・和歌（うた）の宿 わかまつや,2026-08-03,2026-07-19T04:00:02+09:00,2026-07-20T20:00:06+09:00,40,available,available,25358,28596,3238,0.1277,price_up_available,strong,assumed_room_only,confirmed_two_person_standard_room,high,high,1,1,28596,false,inventory_dp_pressure_proxy
booking,蔵王四季のホテル,2026-08-03,2026-07-15T00:00:05+09:00,2026-07-19T06:00:06+09:00,102,available,available,31900,,880,0.0276,noise,noise,assumed_room_only,confirmed_two_person_standard_room,high,high,1,0,32780,false,inventory_dp_pressure_proxy
booking,蔵王国際ホテル,2026-08-03,2026-07-24T10:00:06+09:00,2026-07-26T16:00:05+09:00,54,available,available,33000,33000,0,0,same_price_available,noise,assumed_room_only,confirmed_two_person_standard_room,high,high,1,0,33000,false,inventory_dp_pressure_proxy
booking,蔵王温泉 高砂屋旅館,2026-08-03,2026-07-05T14:00:06+09:00,2026-07-31T22:00:06+09:00,632,available,sold_out,18700,,0,0,sold_out_after_same_price,noise,assumed_room_only,probable_two_person_standard_room,medium,medium,0.36,0.36,18700,false,inventory_dp_pressure_proxy
jalan,たかみや瑠璃倶楽,2026-08-03,2026-07-05T20:00:06+09:00,2026-07-07T02:00:06+09:00,30,available,available,,,,,not_comparable,none,unknown_meal_basis,unknown_room_basis,low,low,0,0,,false,inventory_dp_pressure_proxy
jalan,深山荘 高見屋,2026-08-03,2026-07-05T22:00:06+09:00,2026-07-07T06:00:01+09:00,32,available,available,,,,,not_comparable,none,unknown_meal_basis,unknown_room_basis,low,low,0,0,,false,inventory_dp_pressure_proxy
jalan,蔵王四季のホテル,2026-08-03,2026-07-06T00:00:05+09:00,2026-07-07T10:00:05+09:00,34,available,available,,,,,not_comparable,none,unknown_meal_basis,unknown_room_basis,low,low,0,0,,false,inventory_dp_pressure_proxy
jalan,蔵王国際ホテル,2026-08-03,2026-07-07T00:00:01+09:00,2026-07-09T04:00:06+09:00,52,available,available,,,,,not_comparable,none,confirmed_room_only,unknown_room_basis,low,low,0,0,,false,inventory_dp_pressure_proxy
booking,HAMMOND,2026-08-04,2026-07-30T16:00:06+09:00,2026-08-01T13:35:06+09:00,45.58,available,available,15494,15494,0,0,same_price_available,noise,assumed_room_only,confirmed_two_person_standard_room,high,high,1,0,15494,false,inventory_dp_pressure_proxy
booking,JURIN,2026-08-04,2026-07-28T00:00:05+09:00,2026-07-29T10:00:06+09:00,34,available,available,31746,,-3175,-0.1,price_down_available,strong,assumed_room_only,confirmed_two_person_standard_room,high,high,1,-1,28571,false,inventory_dp_pressure_proxy
booking,ＫＫＲ蔵王 白銀荘,2026-08-04,2026-07-29T20:00:08+09:00,2026-08-01T14:00:07+09:00,66,available,available,27700,27700,0,0,same_price_available,noise,assumed_room_only,probable_two_person_standard_room,medium,medium,0.36,0,27700,false,inventory_dp_pressure_proxy
booking,ONSEN & STAY OAKHILL,2026-08-04,2026-07-31T12:00:05+09:00,2026-08-01T13:35:06+09:00,25.58,available,available,20295,20295,0,0,same_price_available,noise,assumed_room_only,confirmed_two_person_standard_room,high,high,1,0,20295,false,inventory_dp_pressure_proxy
booking,おおみや旅館,2026-08-04,2026-07-31T10:00:06+09:00,2026-08-01T16:00:05+09:00,30,available,available,22440,26400,3960,0.1765,price_up_available,strong,assumed_room_only,confirmed_two_person_standard_room,high,high,1,1,26400,false,inventory_dp_pressure_proxy
booking,たかみや瑠璃倶楽,2026-08-04,2026-07-18T22:00:06+09:00,2026-08-01T04:00:07+09:00,318,available,available,26598,23938,-2660,-0.1,price_down_available,strong,assumed_room_only,confirmed_two_person_standard_room,high,high,1,-1,23938,false,inventory_dp_pressure_proxy
booking,ペンションぷうたろう,2026-08-04,2026-07-30T22:00:06+09:00,2026-07-31T22:00:06+09:00,24,available,available,18050,16245,-1805,-0.1,price_down_available,strong,assumed_room_only,probable_two_person_standard_room,medium,medium,0.36,-0.36,16245,false,inventory_dp_pressure_proxy
booking,ペンション木いちご,2026-08-04,2026-07-17T14:00:06+09:00,2026-07-18T20:00:06+09:00,30,available,available,14600,,0,0,same_price_available,noise,assumed_room_only,confirmed_two_person_standard_room,high,high,1,0,14600,false,inventory_dp_pressure_proxy
booking,ホテル松金屋アネックス,2026-08-04,2026-07-29T16:00:05+09:00,2026-07-31T08:00:06+09:00,40,unknown,unknown,,,,,not_comparable,none,assumed_room_only,unknown_room_basis,low,low,0,0,,false,inventory_dp_pressure_proxy
booking,ル・ベール蔵王,2026-08-04,2026-07-30T12:00:06+09:00,2026-08-01T00:00:02+09:00,36,available,available,33846,22544,-11302,-0.3339,price_down_available,strong,assumed_room_only,confirmed_two_person_standard_room,high,high,1,-1,22544,false,inventory_dp_pressure_proxy
booking,ロッジスガノ,2026-08-04,2026-07-14T06:00:06+09:00,2026-07-31T16:00:06+09:00,418,sold_out,available,,,,,not_comparable,none,assumed_room_only,excluded_family_or_suite_room,low,low,0,0,,false,inventory_dp_pressure_proxy
booking,ロッジまつぽっくり,2026-08-04,2026-07-30T00:00:02+09:00,2026-07-31T04:00:06+09:00,28,available,available,,,,,not_comparable,none,assumed_room_only,excluded_family_or_suite_room,low,low,0,0,,false,inventory_dp_pressure_proxy
booking,吉田屋,2026-08-04,2026-07-30T18:00:06+09:00,2026-07-31T18:00:05+09:00,24,available,available,16830,16830,0,0,same_price_available,noise,assumed_room_only,confirmed_two_person_standard_room,high,high,1,0,16830,false,inventory_dp_pressure_proxy
booking,名湯リゾート ルーセントタカミヤ,2026-08-04,2026-08-01T02:00:07+09:00,2026-08-02T02:00:05+09:00,24,available,available,19305,21450,2145,0.1111,price_up_available,strong,assumed_room_only,confirmed_two_person_standard_room,high,high,1,1,21450,false,inventory_dp_pressure_proxy
booking,名湯舎 創,2026-08-04,2026-07-31T06:00:06+09:00,2026-08-01T10:00:08+09:00,28,available,available,22394,20849,-1545,-0.069,price_down_available,strong,assumed_room_only,probable_two_person_standard_room,medium,medium,0.36,-0.36,20849,false,inventory_dp_pressure_proxy
booking,松尾ハウス,2026-08-04,2026-07-21T00:00:01+09:00,2026-07-23T06:00:06+09:00,54,available,available,11000,11000,0,0,same_price_available,noise,assumed_room_only,confirmed_two_person_standard_room,high,high,1,0,11000,false,inventory_dp_pressure_proxy
booking,深山荘 高見屋,2026-08-04,2026-07-19T08:00:06+09:00,2026-08-01T08:00:07+09:00,312,available,available,39590,53460,13870,0.3503,price_up_available,strong,assumed_room_only,confirmed_two_person_standard_room,high,high,1,1,53460,false,inventory_dp_pressure_proxy
booking,源泉湯宿 蔵王プラザホテル,2026-08-04,2026-07-23T12:00:06+09:00,2026-07-25T00:00:02+09:00,36,available,available,22000,22000,0,0,same_price_available,noise,assumed_room_only,confirmed_two_person_standard_room,high,high,1,0,22000,false,inventory_dp_pressure_proxy
booking,蔵王・和歌（うた）の宿 わかまつや,2026-08-04,2026-07-19T04:00:02+09:00,2026-07-20T22:00:06+09:00,42,available,available,25358,24864,-494,-0.0195,noise,noise,assumed_room_only,confirmed_two_person_standard_room,high,high,1,0,24864,false,inventory_dp_pressure_proxy
booking,蔵王四季のホテル,2026-08-04,2026-07-25T08:00:05+09:00,2026-07-26T12:00:06+09:00,28,available,available,,,,,unknown,none,assumed_room_only,confirmed_two_person_standard_room,high,high,1,0,31900,false,inventory_dp_pressure_proxy
booking,蔵王国際ホテル,2026-08-04,2026-07-24T12:00:06+09:00,2026-07-25T22:00:06+09:00,34,available,available,26316,33000,6684,0.254,price_up_available,strong,assumed_room_only,confirmed_two_person_standard_room,high,high,1,1,33000,false,inventory_dp_pressure_proxy
booking,蔵王温泉 高砂屋旅館,2026-08-04,2026-07-14T00:00:06+09:00,2026-07-18T16:00:06+09:00,112,available,available,20000,,2200,0.11,price_up_available,strong,assumed_room_only,confirmed_two_person_standard_room,high,high,1,1,22200,false,inventory_dp_pressure_proxy
jalan,たかみや瑠璃倶楽,2026-08-04,2026-07-09T04:00:06+09:00,2026-07-10T08:00:00+09:00,28,available,available,,,,,not_comparable,none,unknown_meal_basis,unknown_room_basis,low,low,0,0,,false,inventory_dp_pressure_proxy
jalan,深山荘 高見屋,2026-08-04,2026-07-07T00:00:01+09:00,2026-07-08T04:00:06+09:00,28,available,available,,,,,not_comparable,none,unknown_meal_basis,unknown_room_basis,low,low,0,0,,false,inventory_dp_pressure_proxy
jalan,蔵王四季のホテル,2026-08-04,,2026-07-06T08:00:06+09:00,,unknown,available,,,,,not_comparable,none,unknown_meal_basis,unknown_room_basis,low,low,0,0,,false,inventory_dp_pressure_proxy
jalan,蔵王国際ホテル,2026-08-04,2026-07-09T00:00:01+09:00,2026-07-10T02:00:06+09:00,26,available,available,,,,,not_comparable,none,confirmed_room_only,unknown_room_basis,low,low,0,0,,false,inventory_dp_pressure_proxy
booking,HAMMOND,2026-08-05,2026-07-30T18:00:06+09:00,2026-07-31T22:00:06+09:00,28,available,available,18464,18464,0,0,same_price_available,noise,assumed_room_only,confirmed_two_person_standard_room,high,high,1,0,18464,false,inventory_dp_pressure_proxy
booking,JURIN,2026-08-05,2026-07-30T22:00:06+09:00,2026-08-01T04:00:07+09:00,30,available,available,58344,74800,16456,0.2821,price_up_available,strong,assumed_room_only,confirmed_two_person_standard_room,high,high,1,1,74800,false,inventory_dp_pressure_proxy
booking,ＫＫＲ蔵王 白銀荘,2026-08-05,2026-07-29T22:00:07+09:00,2026-08-01T20:00:06+09:00,70,available,available,27700,27700,0,0,same_price_available,noise,assumed_room_only,probable_two_person_standard_room,medium,medium,0.36,0,27700,false,inventory_dp_pressure_proxy
booking,ONSEN & STAY OAKHILL,2026-08-05,2026-07-31T14:00:06+09:00,2026-08-01T14:00:07+09:00,24,available,available,28600,22277,-6323,-0.2211,price_down_available,strong,assumed_room_only,confirmed_two_person_standard_room,high,high,1,-1,22277,false,inventory_dp_pressure_proxy
booking,おおみや旅館,2026-08-05,2026-07-31T12:00:05+09:00,2026-08-02T02:00:05+09:00,38,available,available,22440,25080,2640,0.1176,price_up_available,strong,assumed_room_only,confirmed_two_person_standard_room,high,high,1,1,25080,false,inventory_dp_pressure_proxy
booking,たかみや瑠璃倶楽,2026-08-05,2026-07-19T00:00:02+09:00,2026-07-23T00:00:03+09:00,96,available,available,20953,,2985,0.1425,price_up_available,strong,assumed_room_only,confirmed_two_person_standard_room,high,high,1,1,23938,false,inventory_dp_pressure_proxy
booking,ペンションぷうたろう,2026-08-05,2026-07-31T02:00:06+09:00,2026-08-01T02:00:07+09:00,24,available,available,16245,16245,0,0,same_price_available,noise,assumed_room_only,confirmed_two_person_standard_room,high,high,1,0,16245,false,inventory_dp_pressure_proxy
booking,ペンション木いちご,2026-08-05,2026-07-16T10:00:01+09:00,2026-07-17T16:00:05+09:00,30,available,available,14600,,0,0,same_price_available,noise,assumed_room_only,confirmed_two_person_standard_room,high,high,1,0,14600,false,inventory_dp_pressure_proxy
booking,ホテル松金屋アネックス,2026-08-05,2026-07-29T18:00:06+09:00,2026-07-31T10:00:06+09:00,40,sold_out,sold_out,,,,,not_comparable,none,assumed_room_only,unknown_room_basis,low,low,0,0,,false,inventory_dp_pressure_proxy
booking,ル・ベール蔵王,2026-08-05,2026-07-29T12:00:06+09:00,2026-07-30T20:00:06+09:00,32,available,available,43000,22547,-20453,-0.4757,price_down_available,strong,assumed_room_only,confirmed_two_person_standard_room,high,high,1,-1,22547,false,inventory_dp_pressure_proxy
booking,ロッジスガノ,2026-08-05,2026-07-25T00:00:02+09:00,2026-07-31T18:00:05+09:00,162,sold_out,available,,,,,not_comparable,none,assumed_room_only,excluded_family_or_suite_room,low,low,0,0,,false,inventory_dp_pressure_proxy
booking,ロッジまつぽっくり,2026-08-05,2026-07-30T02:00:06+09:00,2026-07-31T06:00:06+09:00,28,available,available,,,,,not_comparable,none,assumed_room_only,excluded_family_or_suite_room,low,low,0,0,,false,inventory_dp_pressure_proxy
booking,吉田屋,2026-08-05,2026-07-30T12:00:06+09:00,2026-08-01T00:00:02+09:00,36,available,available,16830,16830,0,0,same_price_available,noise,assumed_room_only,confirmed_two_person_standard_room,high,high,1,0,16830,false,inventory_dp_pressure_proxy
booking,名湯リゾート ルーセントタカミヤ,2026-08-05,2026-07-29T16:00:05+09:00,2026-07-31T04:00:06+09:00,36,available,sold_out,28314,,0,0,sold_out_after_same_price,noise,assumed_room_only,probable_two_person_standard_room,medium,medium,0.36,0.36,28314,false,inventory_dp_pressure_proxy
booking,名湯舎 創,2026-08-05,2026-07-29T20:00:08+09:00,2026-07-31T08:00:06+09:00,36,available,available,36894,,0,0,same_price_available,noise,assumed_room_only,confirmed_two_person_standard_room,high,high,1,0,36894,false,inventory_dp_pressure_proxy
booking,松尾ハウス,2026-08-05,2026-07-21T02:00:06+09:00,2026-07-23T12:00:06+09:00,58,available,available,11000,11000,0,0,same_price_available,noise,assumed_room_only,confirmed_two_person_standard_room,high,high,1,0,11000,false,inventory_dp_pressure_proxy
booking,深山荘 高見屋,2026-08-05,2026-07-18T16:00:06+09:00,2026-08-01T10:00:08+09:00,330,available,available,48276,57420,9144,0.1894,price_up_available,strong,assumed_room_only,confirmed_two_person_standard_room,high,high,1,1,57420,false,inventory_dp_pressure_proxy
booking,源泉湯宿 蔵王プラザホテル,2026-08-05,2026-07-23T14:00:05+09:00,2026-07-25T02:00:06+09:00,36,sold_out,sold_out,,,,,not_comparable,none,assumed_room_only,unknown_room_basis,low,low,0,0,,false,inventory_dp_pressure_proxy
booking,蔵王・和歌（うた）の宿 わかまつや,2026-08-05,2026-07-18T22:00:06+09:00,2026-07-20T20:00:06+09:00,46,available,available,459360,31216,-428144,-0.932,price_down_available,strong,assumed_room_only,confirmed_two_person_standard_room,high,high,1,-1,31216,false,inventory_dp_pressure_proxy
booking,蔵王四季のホテル,2026-08-05,2026-07-21T16:00:06+09:00,2026-07-24T02:00:06+09:00,58,available,available,32607,,2160,0.0662,price_up_available,strong,assumed_room_only,confirmed_two_person_standard_room,high,high,1,1,34767,false,inventory_dp_pressure_proxy
booking,蔵王国際ホテル,2026-08-05,2026-07-24T14:00:05+09:00,2026-07-26T06:00:05+09:00,40,available,available,33000,33000,0,0,same_price_available,noise,assumed_room_only,confirmed_two_person_standard_room,high,high,1,0,33000,false,inventory_dp_pressure_proxy
booking,蔵王温泉 高砂屋旅館,2026-08-05,2026-07-20T18:00:06+09:00,2026-08-01T16:00:05+09:00,286,available,available,22200,22200,0,0,same_price_available,noise,assumed_room_only,confirmed_two_person_standard_room,high,high,1,0,22200,false,inventory_dp_pressure_proxy
jalan,たかみや瑠璃倶楽,2026-08-05,2026-07-08T22:00:06+09:00,2026-07-10T18:00:06+09:00,44,available,available,,,,,not_comparable,none,unknown_meal_basis,unknown_room_basis,low,low,0,0,,false,inventory_dp_pressure_proxy
jalan,深山荘 高見屋,2026-08-05,2026-07-07T20:00:07+09:00,2026-07-09T00:00:01+09:00,28,available,available,,,,,not_comparable,none,unknown_meal_basis,unknown_room_basis,low,low,0,0,,false,inventory_dp_pressure_proxy
jalan,蔵王四季のホテル,2026-08-05,2026-07-07T22:00:06+09:00,2026-07-09T14:00:05+09:00,40,available,available,,,,,not_comparable,none,unknown_meal_basis,unknown_room_basis,low,low,0,0,,false,inventory_dp_pressure_proxy
jalan,蔵王国際ホテル,2026-08-05,2026-07-09T22:00:06+09:00,2026-07-10T22:00:06+09:00,24,available,available,,,,,not_comparable,none,confirmed_room_only,unknown_room_basis,low,low,0,0,,false,inventory_dp_pressure_proxy
booking,HAMMOND,2026-08-06,2026-07-30T20:00:06+09:00,2026-08-01T00:00:02+09:00,28,available,available,21780,21780,0,0,same_price_available,noise,assumed_room_only,confirmed_two_person_standard_room,high,high,1,0,21780,false,inventory_dp_pressure_proxy
booking,JURIN,2026-08-06,2026-07-28T18:00:05+09:00,2026-07-29T18:00:06+09:00,24,available,available,28571,,8059,0.2821,price_up_available,strong,assumed_room_only,confirmed_two_person_standard_room,high,high,1,1,36630,false,inventory_dp_pressure_proxy
booking,ＫＫＲ蔵王 白銀荘,2026-08-06,2026-07-30T04:00:06+09:00,2026-08-02T02:00:05+09:00,70,available,available,27700,27700,0,0,same_price_available,noise,assumed_room_only,probable_two_person_standard_room,medium,medium,0.36,0,27700,false,inventory_dp_pressure_proxy
booking,ONSEN & STAY OAKHILL,2026-08-06,2026-07-31T16:00:06+09:00,2026-08-01T16:00:05+09:00,24,available,available,20295,20295,0,0,same_price_available,noise,assumed_room_only,confirmed_two_person_standard_room,high,high,1,0,20295,false,inventory_dp_pressure_proxy
booking,おおみや旅館,2026-08-06,2026-07-28T14:00:06+09:00,2026-07-30T08:00:06+09:00,42,available,available,25080,,0,0,same_price_available,noise,assumed_room_only,confirmed_two_person_standard_room,high,high,1,0,25080,false,inventory_dp_pressure_proxy
booking,たかみや瑠璃倶楽,2026-08-06,2026-07-19T00:00:02+09:00,2026-07-23T00:00:03+09:00,96,available,available,26598,,-2660,-0.1,price_down_available,strong,assumed_room_only,confirmed_two_person_standard_room,high,high,1,-1,23938,false,inventory_dp_pressure_proxy
booking,ペンションぷうたろう,2026-08-06,2026-07-31T04:00:06+09:00,2026-08-01T04:00:07+09:00,24,available,available,17100,16245,-855,-0.05,price_down_available,strong,assumed_room_only,probable_two_person_standard_room,medium,medium,0.36,-0.36,16245,false,inventory_dp_pressure_proxy
booking,ペンション木いちご,2026-08-06,2026-07-16T02:00:01+09:00,2026-07-17T20:00:06+09:00,42,available,available,14600,,0,0,same_price_available,noise,assumed_room_only,confirmed_two_person_standard_room,high,high,1,0,14600,false,inventory_dp_pressure_proxy
booking,ホテル松金屋アネックス,2026-08-06,2026-07-29T14:00:04+09:00,2026-07-31T10:00:06+09:00,44,sold_out,sold_out,,,,,not_comparable,none,assumed_room_only,unknown_room_basis,low,low,0,0,,false,inventory_dp_pressure_proxy
booking,ル・ベール蔵王,2026-08-06,2026-07-29T22:00:07+09:00,2026-07-30T22:00:06+09:00,24,available,available,43000,43000,0,0,same_price_available,noise,assumed_room_only,confirmed_two_person_standard_room,high,high,1,0,43000,false,inventory_dp_pressure_proxy
booking,ロッジスガノ,2026-08-06,2026-07-18T06:00:05+09:00,2026-08-01T08:00:07+09:00,338,sold_out,available,,,,,not_comparable,none,assumed_room_only,excluded_family_or_suite_room,low,low,0,0,,false,inventory_dp_pressure_proxy
booking,ロッジまつぽっくり,2026-08-06,2026-07-30T18:00:06+09:00,2026-07-31T20:00:06+09:00,26,available,available,,,,,not_comparable,none,assumed_room_only,excluded_family_or_suite_room,low,low,0,0,,false,inventory_dp_pressure_proxy
booking,吉田屋,2026-08-06,2026-07-30T14:00:04+09:00,2026-08-01T20:00:06+09:00,54,available,available,20592,18533,-2059,-0.1,price_down_available,strong,assumed_room_only,confirmed_two_person_standard_room,high,high,1,-1,18533,false,inventory_dp_pressure_proxy
booking,名湯リゾート ルーセントタカミヤ,2026-08-06,2026-07-29T12:00:06+09:00,2026-07-31T06:00:06+09:00,42,available,available,22394,28710,6316,0.282,price_up_available,strong,assumed_room_only,confirmed_two_person_standard_room,high,high,1,1,28710,false,inventory_dp_pressure_proxy
booking,名湯舎 創,2026-08-06,2026-07-31T08:00:06+09:00,2026-08-01T14:00:07+09:00,30,available,available,20849,20849,0,0,same_price_available,noise,assumed_room_only,probable_two_person_standard_room,medium,medium,0.36,0,20849,false,inventory_dp_pressure_proxy
booking,松尾ハウス,2026-08-06,2026-07-21T02:00:06+09:00,2026-07-23T12:00:06+09:00,58,available,available,11000,11000,0,0,same_price_available,noise,assumed_room_only,confirmed_two_person_standard_room,high,high,1,0,11000,false,inventory_dp_pressure_proxy
booking,深山荘 高見屋,2026-08-06,2026-07-20T14:00:06+09:00,2026-08-01T12:00:07+09:00,286,available,available,85800,83160,-2640,-0.0308,price_down_available,strong,assumed_room_only,confirmed_two_person_standard_room,high,high,1,-1,83160,false,inventory_dp_pressure_proxy
booking,源泉湯宿 蔵王プラザホテル,2026-08-06,2026-07-23T14:00:05+09:00,2026-07-25T02:00:06+09:00,36,sold_out,sold_out,,,,,not_comparable,none,assumed_room_only,unknown_room_basis,low,low,0,0,,false,inventory_dp_pressure_proxy
booking,蔵王・和歌（うた）の宿 わかまつや,2026-08-06,2026-07-19T06:00:06+09:00,2026-07-21T00:00:01+09:00,42,available,available,30008,25366,-4642,-0.1547,price_down_available,strong,assumed_room_only,confirmed_two_person_standard_room,high,high,1,-1,25366,false,inventory_dp_pressure_proxy
booking,蔵王四季のホテル,2026-08-06,2026-07-25T18:00:06+09:00,2026-07-26T18:00:04+09:00,24,available,available,39380,30062,-9318,-0.2366,price_down_available,strong,assumed_room_only,confirmed_two_person_standard_room,high,high,1,-1,30062,false,inventory_dp_pressure_proxy
booking,蔵王国際ホテル,2026-08-06,2026-07-24T14:00:05+09:00,2026-07-26T08:00:03+09:00,42,available,available,33000,33000,0,0,same_price_available,noise,assumed_room_only,confirmed_two_person_standard_room,high,high,1,0,33000,false,inventory_dp_pressure_proxy
booking,蔵王温泉 高砂屋旅館,2026-08-06,2026-07-18T18:00:06+09:00,2026-07-20T18:00:06+09:00,48,available,available,22200,22200,0,0,same_price_available,noise,assumed_room_only,confirmed_two_person_standard_room,high,high,1,0,22200,false,inventory_dp_pressure_proxy
jalan,たかみや瑠璃倶楽,2026-08-06,2026-07-10T22:00:06+09:00,2026-07-12T04:00:06+09:00,30,available,available,,,,,not_comparable,none,unknown_meal_basis,unknown_room_basis,low,low,0,0,,false,inventory_dp_pressure_proxy
jalan,深山荘 高見屋,2026-08-06,2026-07-09T02:00:03+09:00,2026-07-10T20:00:05+09:00,42,available,available,,,,,not_comparable,none,unknown_meal_basis,unknown_room_basis,low,low,0,0,,false,inventory_dp_pressure_proxy
jalan,蔵王四季のホテル,2026-08-06,2026-07-07T22:00:06+09:00,2026-07-09T10:00:06+09:00,36,available,available,,,,,not_comparable,none,unknown_meal_basis,unknown_room_basis,low,low,0,0,,false,inventory_dp_pressure_proxy
jalan,蔵王国際ホテル,2026-08-06,2026-07-10T18:00:06+09:00,2026-07-11T22:00:06+09:00,28,available,available,,,,,not_comparable,none,confirmed_room_only,unknown_room_basis,low,low,0,0,,false,inventory_dp_pressure_proxy
booking,HAMMOND,2026-08-07,2026-07-30T20:00:06+09:00,2026-08-01T02:00:07+09:00,30,available,sold_out,18464,,0,0,sold_out_after_same_price,noise,assumed_room_only,confirmed_two_person_standard_room,high,high,1,1,18464,false,inventory_dp_pressure_proxy
booking,JURIN,2026-08-07,2026-06-14T18:00:06+09:00,2026-07-31T06:00:06+09:00,1116,available,available,46200,,-14540,-0.3147,price_down_available,strong,assumed_room_only,confirmed_two_person_standard_room,high,high,1,-1,31660,false,inventory_dp_pressure_proxy
booking,ＫＫＲ蔵王 白銀荘,2026-08-07,2026-07-28T16:00:06+09:00,2026-07-29T22:00:07+09:00,30,available,available,27700,27700,0,0,same_price_available,noise,assumed_room_only,probable_two_person_standard_room,medium,medium,0.36,0,27700,false,inventory_dp_pressure_proxy
booking,ONSEN & STAY OAKHILL,2026-08-07,2026-07-31T18:00:05+09:00,2026-08-02T02:00:05+09:00,32,available,available,28661,32277,3616,0.1262,price_up_available,strong,assumed_room_only,confirmed_two_person_standard_room,high,high,1,1,32277,false,inventory_dp_pressure_proxy
booking,おおみや旅館,2026-08-07,2026-07-30T08:00:06+09:00,2026-07-31T14:00:06+09:00,30,available,available,29040,26400,-2640,-0.0909,price_down_available,strong,assumed_room_only,confirmed_two_person_standard_room,high,high,1,-1,26400,false,inventory_dp_pressure_proxy
booking,たかみや瑠璃倶楽,2026-08-07,2026-07-16T20:00:06+09:00,2026-07-19T02:00:06+09:00,54,available,available,26598,,0,0,same_price_available,noise,assumed_room_only,confirmed_two_person_standard_room,high,high,1,0,26598,false,inventory_dp_pressure_proxy
booking,ペンションぷうたろう,2026-08-07,2026-07-31T22:00:06+09:00,2026-08-01T22:00:06+09:00,24,available,available,16245,16245,0,0,same_price_available,noise,assumed_room_only,probable_two_person_standard_room,medium,medium,0.36,0,16245,false,inventory_dp_pressure_proxy
booking,ペンション木いちご,2026-08-07,2026-07-16T12:00:06+09:00,2026-07-18T12:00:01+09:00,48,available,available,14600,,0,0,same_price_available,noise,assumed_room_only,confirmed_two_person_standard_room,high,high,1,0,14600,false,inventory_dp_pressure_proxy
booking,ホテル松金屋アネックス,2026-08-07,2026-07-30T00:00:02+09:00,2026-07-31T12:00:05+09:00,36,sold_out,sold_out,,,,,not_comparable,none,assumed_room_only,unknown_room_basis,low,low,0,0,,false,inventory_dp_pressure_proxy
booking,ル・ベール蔵王,2026-08-07,2026-07-29T14:00:04+09:00,2026-07-31T02:00:06+09:00,36,available,available,38000,21241,-16759,-0.441,price_down_available,strong,assumed_room_only,confirmed_two_person_standard_room,high,high,1,-1,21241,false,inventory_dp_pressure_proxy
booking,ロッジスガノ,2026-08-07,2026-07-17T22:00:05+09:00,2026-08-01T10:00:08+09:00,348,sold_out,available,,13440,,,newly_available,none,assumed_room_only,confirmed_two_person_standard_room,high,high,1,-0.5,13440,false,inventory_dp_pressure_proxy
booking,ロッジまつぽっくり,2026-08-07,2026-07-30T04:00:06+09:00,2026-07-31T04:00:06+09:00,24,available,available,,,,,not_comparable,none,assumed_room_only,excluded_family_or_suite_room,low,low,0,0,,false,inventory_dp_pressure_proxy
booking,吉田屋,2026-08-07,2026-07-30T16:00:06+09:00,2026-08-01T04:00:07+09:00,36,available,available,21622,21622,0,0,same_price_available,noise,assumed_room_only,confirmed_two_person_standard_room,high,high,1,0,21622,false,inventory_dp_pressure_proxy
booking,名湯リゾート ルーセントタカミヤ,2026-08-07,2026-07-31T08:00:06+09:00,2026-08-01T16:00:05+09:00,32,available,available,33660,33660,0,0,same_price_available,noise,assumed_room_only,confirmed_two_person_standard_room,high,high,1,0,33660,false,inventory_dp_pressure_proxy
booking,名湯舎 創,2026-08-07,2026-07-31T10:00:06+09:00,2026-08-01T20:00:06+09:00,34,available,available,28314,25483,-2831,-0.1,price_down_available,strong,assumed_room_only,confirmed_two_person_standard_room,high,high,1,-1,25483,false,inventory_dp_pressure_proxy
booking,松尾ハウス,2026-08-07,2026-07-21T04:00:06+09:00,2026-07-23T08:00:07+09:00,52,sold_out,sold_out,,,,,not_comparable,none,assumed_room_only,unknown_room_basis,low,low,0,0,,false,inventory_dp_pressure_proxy
booking,深山荘 高見屋,2026-08-07,2026-07-19T14:00:06+09:00,2026-08-01T14:00:07+09:00,312,available,available,59821,67320,7499,0.1254,price_up_available,strong,assumed_room_only,probable_two_person_standard_room,medium,medium,0.36,0.36,67320,false,inventory_dp_pressure_proxy
booking,源泉湯宿 蔵王プラザホテル,2026-08-07,2026-07-23T16:00:03+09:00,2026-07-25T10:00:06+09:00,42,sold_out,sold_out,,,,,not_comparable,none,assumed_room_only,unknown_room_basis,low,low,0,0,,false,inventory_dp_pressure_proxy
booking,蔵王・和歌（うた）の宿 わかまつや,2026-08-07,2026-07-19T08:00:06+09:00,2026-07-20T22:00:06+09:00,38,available,sold_out,28406,,97,0.0034,sold_out_after_same_price,noise,assumed_room_only,confirmed_two_person_standard_room,high,high,1,1,28406,false,inventory_dp_pressure_proxy
booking,蔵王四季のホテル,2026-08-07,2026-07-25T14:00:06+09:00,2026-07-26T16:00:05+09:00,26,sold_out,available,,30889,,,newly_available,none,assumed_room_only,confirmed_two_person_standard_room,high,high,1,-0.5,30889,false,inventory_dp_pressure_proxy
booking,蔵王国際ホテル,2026-08-07,2026-07-25T16:00:06+09:00,2026-07-26T18:00:04+09:00,26,available,available,35640,35640,0,0,same_price_available,noise,assumed_room_only,probable_two_person_standard_room,medium,medium,0.36,0,35640,false,inventory_dp_pressure_proxy
booking,蔵王温泉 高砂屋旅館,2026-08-07,2026-07-18T20:00:06+09:00,2026-07-20T20:00:06+09:00,48,available,available,20000,20000,0,0,same_price_available,noise,assumed_room_only,confirmed_two_person_standard_room,high,high,1,0,20000,false,inventory_dp_pressure_proxy
jalan,たかみや瑠璃倶楽,2026-08-07,2026-07-10T22:00:06+09:00,2026-07-12T00:00:06+09:00,26,available,available,,,,,not_comparable,none,unknown_meal_basis,unknown_room_basis,low,low,0,0,,false,inventory_dp_pressure_proxy
jalan,深山荘 高見屋,2026-08-07,2026-07-10T00:00:01+09:00,2026-07-11T00:00:01+09:00,24,available,available,,,,,not_comparable,none,unknown_meal_basis,unknown_room_basis,low,low,0,0,,false,inventory_dp_pressure_proxy
jalan,蔵王四季のホテル,2026-08-07,,2026-07-09T04:00:06+09:00,,unknown,available,,,,,not_comparable,none,unknown_meal_basis,unknown_room_basis,low,low,0,0,,false,inventory_dp_pressure_proxy
jalan,蔵王国際ホテル,2026-08-07,2026-07-11T22:00:06+09:00,2026-07-12T22:00:06+09:00,24,available,available,,,,,not_comparable,none,confirmed_room_only,unknown_room_basis,low,low,0,0,,false,inventory_dp_pressure_proxy
booking,HAMMOND,2026-08-08,2026-07-30T22:00:06+09:00,2026-08-01T04:00:07+09:00,30,available,available,45100,36630,-8470,-0.1878,price_down_available,strong,assumed_room_only,confirmed_two_person_standard_room,high,high,1,-1,36630,false,inventory_dp_pressure_proxy
booking,JURIN,2026-08-08,2026-07-31T08:00:06+09:00,2026-08-01T12:00:07+09:00,28,available,available,37838,37838,0,0,same_price_available,noise,assumed_room_only,confirmed_two_person_standard_room,high,high,1,0,37838,false,inventory_dp_pressure_proxy
booking,ＫＫＲ蔵王 白銀荘,2026-08-08,2026-07-28T14:35:12+09:00,2026-07-30T00:00:02+09:00,33.41,available,available,31700,31700,0,0,same_price_available,noise,assumed_room_only,probable_two_person_standard_room,medium,medium,0.36,0,31700,false,inventory_dp_pressure_proxy
booking,ONSEN & STAY OAKHILL,2026-08-08,2026-07-31T20:00:06+09:00,2026-08-02T02:00:05+09:00,30,available,available,39105,39105,0,0,same_price_available,noise,assumed_room_only,confirmed_two_person_standard_room,high,high,1,0,39105,false,inventory_dp_pressure_proxy
booking,おおみや旅館,2026-08-08,2026-07-30T10:00:06+09:00,2026-07-31T16:00:06+09:00,30,available,available,27720,25080,-2640,-0.0952,price_down_available,strong,assumed_room_only,confirmed_two_person_standard_room,high,high,1,-1,25080,false,inventory_dp_pressure_proxy
booking,たかみや瑠璃倶楽,2026-08-08,2026-07-18T14:00:06+09:00,2026-08-01T16:00:05+09:00,338,available,available,35178,31660,-3518,-0.1,price_down_available,strong,assumed_room_only,confirmed_two_person_standard_room,high,high,1,-1,31660,false,inventory_dp_pressure_proxy
booking,ペンションぷうたろう,2026-08-08,2026-07-31T02:00:06+09:00,2026-08-01T08:00:07+09:00,30,available,available,17100,17100,0,0,same_price_available,noise,assumed_room_only,confirmed_two_person_standard_room,high,high,1,0,17100,false,inventory_dp_pressure_proxy
booking,ペンション木いちご,2026-08-08,2026-07-16T16:00:06+09:00,2026-07-17T16:00:05+09:00,24,available,available,16600,,0,0,same_price_available,noise,assumed_room_only,confirmed_two_person_standard_room,high,high,1,0,16600,false,inventory_dp_pressure_proxy
booking,ホテル松金屋アネックス,2026-08-08,2026-07-29T10:00:06+09:00,2026-07-31T14:00:06+09:00,52,sold_out,sold_out,,,,,not_comparable,none,assumed_room_only,unknown_room_basis,low,low,0,0,,false,inventory_dp_pressure_proxy
booking,ル・ベール蔵王,2026-08-08,2026-07-29T14:00:04+09:00,2026-07-31T04:00:06+09:00,38,available,available,29404,21312,-8092,-0.2752,price_down_available,strong,assumed_room_only,confirmed_two_person_standard_room,high,high,1,-1,21312,false,inventory_dp_pressure_proxy
booking,ロッジスガノ,2026-08-08,2026-07-17T22:00:05+09:00,2026-08-01T14:00:07+09:00,352,sold_out,available,,19000,,,newly_available,none,assumed_room_only,confirmed_two_person_standard_room,high,high,1,-0.5,19000,false,inventory_dp_pressure_proxy
booking,ロッジまつぽっくり,2026-08-08,2026-07-30T08:00:06+09:00,2026-07-31T12:00:05+09:00,28,available,available,,,,,not_comparable,none,assumed_room_only,excluded_family_or_suite_room,low,low,0,0,,false,inventory_dp_pressure_proxy
booking,吉田屋,2026-08-08,2026-07-31T06:00:06+09:00,2026-08-01T10:00:08+09:00,28,available,available,26730,24710,-2020,-0.0756,price_down_available,strong,assumed_room_only,confirmed_two_person_standard_room,high,high,1,-1,24710,false,inventory_dp_pressure_proxy
booking,名湯リゾート ルーセントタカミヤ,2026-08-08,2026-07-29T18:00:06+09:00,2026-07-31T10:00:06+09:00,40,available,available,34749,38610,3861,0.1111,price_up_available,strong,assumed_room_only,confirmed_two_person_standard_room,high,high,1,1,38610,false,inventory_dp_pressure_proxy
booking,名湯舎 創,2026-08-08,2026-07-31T22:00:06+09:00,2026-08-01T22:00:06+09:00,24,sold_out,sold_out,,,,,not_comparable,none,assumed_room_only,unknown_room_basis,low,low,0,0,,false,inventory_dp_pressure_proxy
booking,松尾ハウス,2026-08-08,2026-07-20T22:00:06+09:00,2026-07-23T04:00:05+09:00,54,available,available,12500,12500,0,0,same_price_available,noise,assumed_room_only,confirmed_two_person_standard_room,high,high,1,0,12500,false,inventory_dp_pressure_proxy
booking,深山荘 高見屋,2026-08-08,2026-07-12T10:00:06+09:00,2026-07-14T10:00:06+09:00,48,available,available,64906,,45,0.0007,noise,noise,assumed_room_only,confirmed_two_person_standard_room,high,high,1,0,64951,false,inventory_dp_pressure_proxy
booking,源泉湯宿 蔵王プラザホテル,2026-08-08,2026-07-20T10:00:01+09:00,2026-07-25T10:00:06+09:00,120,available,sold_out,37400,,0,0,sold_out_after_same_price,noise,assumed_room_only,probable_two_person_standard_room,medium,medium,0.36,0.36,37400,false,inventory_dp_pressure_proxy
booking,蔵王・和歌（うた）の宿 わかまつや,2026-08-08,2026-07-14T14:00:06+09:00,2026-07-21T00:00:01+09:00,154,available,available,43434,40095,-3339,-0.0769,price_down_available,strong,assumed_room_only,confirmed_two_person_standard_room,high,high,1,-1,40095,false,inventory_dp_pressure_proxy
booking,蔵王四季のホテル,2026-08-08,2026-07-25T20:00:06+09:00,2026-07-26T20:00:06+09:00,24,available,available,,,,,unknown,none,assumed_room_only,confirmed_two_person_standard_room,high,high,1,0,55440,false,inventory_dp_pressure_proxy
booking,蔵王国際ホテル,2026-08-08,2026-07-24T16:00:06+09:00,2026-07-26T10:00:06+09:00,42,available,available,56980,52836,-4144,-0.0727,price_down_available,strong,assumed_room_only,confirmed_two_person_standard_room,high,high,1,-1,52836,false,inventory_dp_pressure_proxy
booking,蔵王温泉 高砂屋旅館,2026-08-08,2026-07-18T22:00:06+09:00,2026-07-20T20:00:06+09:00,46,available,available,25800,25800,0,0,same_price_available,noise,assumed_room_only,confirmed_two_person_standard_room,high,high,1,0,25800,false,inventory_dp_pressure_proxy
jalan,HAMMOND,2026-08-08,,2026-06-05T00:29:41+09:00,,unknown,available,,,,,not_comparable,none,unknown_meal_basis,unknown_room_basis,low,low,0,0,,false,inventory_dp_pressure_proxy
jalan,JURIN,2026-08-08,,2026-06-05T00:29:41+09:00,,unknown,unavailable,,,,,not_comparable,none,unknown_meal_basis,unknown_room_basis,low,low,0,0,,false,inventory_dp_pressure_proxy
jalan,market_aggregate,2026-08-08,,2026-06-01T23:07:31+09:00,,unknown,available,,,,,not_comparable,none,unknown_meal_basis,unknown_room_basis,low,low,0,0,,false,inventory_dp_pressure_proxy
jalan,たかみや瑠璃倶楽,2026-08-08,2026-07-11T20:00:06+09:00,2026-07-12T22:00:06+09:00,26,available,available,,,,,not_comparable,none,unknown_meal_basis,unknown_room_basis,low,low,0,0,,false,inventory_dp_pressure_proxy
jalan,ペンション木いちご,2026-08-08,2026-06-16T20:00:06+09:00,2026-06-21T08:00:06+09:00,108,available,available,,,,,not_comparable,none,confirmed_room_only,excluded_large_room,low,low,0,0,,false,inventory_dp_pressure_proxy
jalan,ル・ベール蔵王,2026-08-08,,2026-06-05T00:29:41+09:00,,unknown,available,,,,,not_comparable,none,unknown_meal_basis,unknown_room_basis,low,low,0,0,,false,inventory_dp_pressure_proxy
jalan,吉田屋,2026-08-08,,2026-06-05T00:29:41+09:00,,unknown,available,,,,,not_comparable,none,unknown_meal_basis,unknown_room_basis,low,low,0,0,,false,inventory_dp_pressure_proxy
jalan,深山荘 高見屋,2026-08-08,2026-07-11T22:00:06+09:00,2026-07-13T00:00:02+09:00,26,available,available,,,,,not_comparable,none,unknown_meal_basis,unknown_room_basis,low,low,0,0,,false,inventory_dp_pressure_proxy
jalan,蔵王四季のホテル,2026-08-08,2026-07-08T06:00:06+09:00,2026-07-09T16:00:06+09:00,34,available,available,,,,,not_comparable,none,confirmed_room_only,excluded_family_or_suite_room,low,low,0,0,,false,inventory_dp_pressure_proxy
jalan,蔵王国際ホテル,2026-08-08,2026-07-11T18:00:05+09:00,2026-07-12T20:00:06+09:00,26,available,available,,,,,not_comparable,none,confirmed_room_only,excluded_family_or_suite_room,low,low,0,0,,false,inventory_dp_pressure_proxy
booking,HAMMOND,2026-08-09,2026-07-31T16:00:06+09:00,2026-08-01T22:00:06+09:00,30,available,available,36630,36630,0,0,same_price_available,noise,assumed_room_only,confirmed_two_person_standard_room,high,high,1,0,36630,false,inventory_dp_pressure_proxy
booking,JURIN,2026-08-09,2026-07-31T08:00:06+09:00,2026-08-01T12:00:07+09:00,28,available,available,37838,37838,0,0,same_price_available,noise,assumed_room_only,confirmed_two_person_standard_room,high,high,1,0,37838,false,inventory_dp_pressure_proxy
booking,ＫＫＲ蔵王 白銀荘,2026-08-09,2026-07-29T04:00:06+09:00,2026-07-30T08:00:06+09:00,28,available,available,31700,31700,0,0,same_price_available,noise,assumed_room_only,probable_two_person_standard_room,medium,medium,0.36,0,31700,false,inventory_dp_pressure_proxy
booking,ONSEN & STAY OAKHILL,2026-08-09,2026-07-30T02:00:06+09:00,2026-08-01T00:00:02+09:00,46,available,available,39105,39105,0,0,same_price_available,noise,assumed_room_only,confirmed_two_person_standard_room,high,high,1,0,39105,false,inventory_dp_pressure_proxy
booking,おおみや旅館,2026-08-09,2026-07-28T20:00:06+09:00,2026-07-30T10:00:06+09:00,38,available,available,35640,,0,0,same_price_available,noise,assumed_room_only,confirmed_two_person_standard_room,high,high,1,0,35640,false,inventory_dp_pressure_proxy
booking,たかみや瑠璃倶楽,2026-08-09,2026-07-19T06:00:06+09:00,2026-08-01T20:00:06+09:00,326,available,available,35178,31660,-3518,-0.1,price_down_available,strong,assumed_room_only,confirmed_two_person_standard_room,high,high,1,-1,31660,false,inventory_dp_pressure_proxy
booking,ペンションぷうたろう,2026-08-09,2026-07-31T04:00:06+09:00,2026-08-01T08:00:07+09:00,28,available,available,18000,17100,-900,-0.05,price_down_available,strong,assumed_room_only,confirmed_two_person_standard_room,high,high,1,-1,17100,false,inventory_dp_pressure_proxy
booking,ペンション木いちご,2026-08-09,2026-07-16T10:00:01+09:00,2026-07-18T00:00:01+09:00,38,available,available,14600,,0,0,same_price_available,noise,assumed_room_only,confirmed_two_person_standard_room,high,high,1,0,14600,false,inventory_dp_pressure_proxy
booking,ホテル松金屋アネックス,2026-08-09,2026-07-29T20:00:08+09:00,2026-07-31T18:00:05+09:00,46,sold_out,sold_out,,,,,not_comparable,none,assumed_room_only,unknown_room_basis,low,low,0,0,,false,inventory_dp_pressure_proxy
booking,ル・ベール蔵王,2026-08-09,2026-07-29T16:00:05+09:00,2026-07-31T06:00:06+09:00,38,available,available,29491,21294,-8197,-0.2779,price_down_available,strong,assumed_room_only,confirmed_two_person_standard_room,high,high,1,-1,21294,false,inventory_dp_pressure_proxy
booking,ロッジスガノ,2026-08-09,2026-07-18T10:00:05+09:00,2026-08-01T16:00:05+09:00,342,sold_out,available,,,,,newly_available,none,assumed_room_only,probable_two_person_standard_room,medium,medium,0.36,-0.18,22500,false,inventory_dp_pressure_proxy
booking,ロッジまつぽっくり,2026-08-09,2026-07-30T22:00:06+09:00,2026-07-31T22:00:06+09:00,24,available,available,,,,,not_comparable,none,assumed_room_only,excluded_family_or_suite_room,low,low,0,0,,false,inventory_dp_pressure_proxy
booking,吉田屋,2026-08-09,2026-07-30T20:00:06+09:00,2026-08-01T10:00:08+09:00,38,available,available,24710,24710,0,0,same_price_available,noise,assumed_room_only,confirmed_two_person_standard_room,high,high,1,0,24710,false,inventory_dp_pressure_proxy
booking,名湯リゾート ルーセントタカミヤ,2026-08-09,2026-07-30T12:00:06+09:00,2026-07-31T12:00:05+09:00,24,available,available,45540,45540,0,0,same_price_available,noise,assumed_room_only,confirmed_two_person_standard_room,high,high,1,0,45540,false,inventory_dp_pressure_proxy
booking,名湯舎 創,2026-08-09,2026-07-31T10:00:06+09:00,2026-08-01T14:00:07+09:00,28,sold_out,sold_out,,,,,not_comparable,none,assumed_room_only,unknown_room_basis,low,low,0,0,,false,inventory_dp_pressure_proxy
booking,松尾ハウス,2026-08-09,2026-07-21T06:00:06+09:00,2026-07-23T16:00:03+09:00,58,available,available,12500,12500,0,0,same_price_available,noise,assumed_room_only,confirmed_two_person_standard_room,high,high,1,0,12500,false,inventory_dp_pressure_proxy
booking,深山荘 高見屋,2026-08-09,2026-07-05T04:00:06+09:00,2026-07-19T22:00:05+09:00,354,available,sold_out,73481,,-43119,-0.3698,sold_out_after_price_down,strong,assumed_room_only,confirmed_two_person_standard_room,high,high,1,0.5,73481,false,inventory_dp_pressure_proxy
booking,源泉湯宿 蔵王プラザホテル,2026-08-09,2026-07-23T18:00:06+09:00,2026-07-26T10:00:06+09:00,64,available,sold_out,41800,,0,0,sold_out_after_same_price,noise,assumed_room_only,probable_two_person_standard_room,medium,medium,0.36,0.36,41800,false,inventory_dp_pressure_proxy
booking,蔵王・和歌（うた）の宿 わかまつや,2026-08-09,2026-07-19T10:00:06+09:00,2026-07-21T02:00:06+09:00,40,unknown,available,,47042,,,unknown,none,assumed_room_only,confirmed_two_person_standard_room,high,high,1,0,47042,false,inventory_dp_pressure_proxy
booking,蔵王四季のホテル,2026-08-09,2026-07-23T12:00:06+09:00,2026-07-26T16:00:05+09:00,76,available,available,65120,50920,-14200,-0.2181,price_down_available,strong,assumed_room_only,confirmed_two_person_standard_room,high,high,1,-1,50920,false,inventory_dp_pressure_proxy
booking,蔵王国際ホテル,2026-08-09,2026-07-24T18:00:06+09:00,2026-07-26T08:00:03+09:00,38,available,available,47740,47740,0,0,same_price_available,noise,assumed_room_only,confirmed_two_person_standard_room,high,high,1,0,47740,false,inventory_dp_pressure_proxy
booking,蔵王温泉 高砂屋旅館,2026-08-09,2026-07-19T00:00:02+09:00,2026-07-20T22:00:06+09:00,46,available,available,25800,25800,0,0,same_price_available,noise,assumed_room_only,confirmed_two_person_standard_room,high,high,1,0,25800,false,inventory_dp_pressure_proxy
jalan,market_aggregate,2026-08-09,,2026-06-01T23:07:31+09:00,,unknown,available,,,,,not_comparable,none,unknown_meal_basis,unknown_room_basis,low,low,0,0,,false,inventory_dp_pressure_proxy
jalan,たかみや瑠璃倶楽,2026-08-09,2026-07-12T08:00:06+09:00,2026-07-13T18:00:00+09:00,34,available,available,,,,,not_comparable,none,unknown_meal_basis,unknown_room_basis,low,low,0,0,,false,inventory_dp_pressure_proxy
jalan,ペンション木いちご,2026-08-09,2026-06-21T08:00:06+09:00,2026-06-23T10:00:06+09:00,50,available,available,,,,,not_comparable,none,confirmed_room_only,excluded_large_room,low,low,0,0,,false,inventory_dp_pressure_proxy
jalan,深山荘 高見屋,2026-08-09,2026-07-11T08:00:06+09:00,2026-07-12T12:00:00+09:00,28,available,available,,,,,not_comparable,none,unknown_meal_basis,unknown_room_basis,low,low,0,0,,false,inventory_dp_pressure_proxy
jalan,蔵王四季のホテル,2026-08-09,2026-07-10T02:00:06+09:00,2026-07-11T12:00:00+09:00,34,available,available,,,,,not_comparable,none,unknown_meal_basis,unknown_room_basis,low,low,0,0,,false,inventory_dp_pressure_proxy
jalan,蔵王国際ホテル,2026-08-09,2026-07-12T00:00:06+09:00,2026-07-13T00:00:02+09:00,24,available,available,,,,,not_comparable,none,confirmed_room_only,excluded_family_or_suite_room,low,low,0,0,,false,inventory_dp_pressure_proxy
booking,HAMMOND,2026-08-10,2026-07-31T12:00:05+09:00,2026-08-01T12:00:07+09:00,24,available,available,40590,40590,0,0,same_price_available,noise,assumed_room_only,confirmed_two_person_standard_room,high,high,1,0,40590,false,inventory_dp_pressure_proxy
booking,JURIN,2026-08-10,2026-07-31T10:00:06+09:00,2026-08-02T02:00:05+09:00,40,available,available,49764,44788,-4976,-0.1,price_down_available,strong,assumed_room_only,confirmed_two_person_standard_room,high,high,1,-1,44788,false,inventory_dp_pressure_proxy
booking,ＫＫＲ蔵王 白銀荘,2026-08-10,2026-07-24T00:00:02+09:00,2026-07-30T22:00:06+09:00,166,available,sold_out,63400,,31700,1,sold_out_after_price_up,strong,assumed_room_only,probable_two_person_standard_room,medium,medium,0.36,0.54,63400,false,inventory_dp_pressure_proxy
booking,ONSEN & STAY OAKHILL,2026-08-10,2026-07-30T08:00:06+09:00,2026-08-01T02:00:07+09:00,42,available,available,39105,39105,0,0,same_price_available,noise,assumed_room_only,confirmed_two_person_standard_room,high,high,1,0,39105,false,inventory_dp_pressure_proxy
booking,おおみや旅館,2026-08-10,2026-07-30T12:00:06+09:00,2026-08-01T00:00:02+09:00,36,available,available,35640,35640,0,0,same_price_available,noise,assumed_room_only,confirmed_two_person_standard_room,high,high,1,0,35640,false,inventory_dp_pressure_proxy
booking,たかみや瑠璃倶楽,2026-08-10,2026-07-12T04:00:06+09:00,2026-08-01T20:00:06+09:00,496,available,available,35178,31660,-3518,-0.1,price_down_available,strong,assumed_room_only,confirmed_two_person_standard_room,high,high,1,-1,31660,false,inventory_dp_pressure_proxy
booking,ペンションぷうたろう,2026-08-10,2026-07-31T06:00:06+09:00,2026-08-01T10:00:08+09:00,28,available,available,17100,17100,0,0,same_price_available,noise,assumed_room_only,probable_two_person_standard_room,medium,medium,0.36,0,17100,false,inventory_dp_pressure_proxy
booking,ペンション木いちご,2026-08-10,2026-07-16T12:00:06+09:00,2026-07-18T16:00:06+09:00,52,available,available,17600,,0,0,same_price_available,noise,assumed_room_only,confirmed_two_person_standard_room,high,high,1,0,17600,false,inventory_dp_pressure_proxy
booking,ホテル松金屋アネックス,2026-08-10,2026-07-29T22:00:07+09:00,2026-07-31T20:00:06+09:00,46,sold_out,sold_out,,,,,not_comparable,none,assumed_room_only,unknown_room_basis,low,low,0,0,,false,inventory_dp_pressure_proxy
booking,ル・ベール蔵王,2026-08-10,2026-07-30T18:00:06+09:00,2026-07-31T18:00:05+09:00,24,available,available,20748,20795,47,0.0023,noise,noise,assumed_room_only,confirmed_two_person_standard_room,high,high,1,0,20795,false,inventory_dp_pressure_proxy
booking,ロッジスガノ,2026-08-10,2026-07-05T12:00:05+09:00,2026-07-18T10:00:05+09:00,310,available,sold_out,22500,,0,0,sold_out_after_same_price,noise,assumed_room_only,probable_two_person_standard_room,medium,medium,0.36,0.36,22500,false,inventory_dp_pressure_proxy
booking,ロッジまつぽっくり,2026-08-10,2026-07-30T02:00:06+09:00,2026-07-31T16:00:06+09:00,38,available,available,,,,,not_comparable,none,assumed_room_only,excluded_family_or_suite_room,low,low,0,0,,false,inventory_dp_pressure_proxy
booking,吉田屋,2026-08-10,2026-07-31T04:00:06+09:00,2026-08-01T14:00:07+09:00,34,available,available,27799,27799,0,0,same_price_available,noise,assumed_room_only,confirmed_two_person_standard_room,high,high,1,0,27799,false,inventory_dp_pressure_proxy
booking,名湯リゾート ルーセントタカミヤ,2026-08-10,2026-07-24T04:00:05+09:00,2026-07-28T14:00:06+09:00,106,available,available,38034,,2791,0.0734,price_up_available,strong,assumed_room_only,confirmed_two_person_standard_room,high,high,1,1,40825,false,inventory_dp_pressure_proxy
booking,名湯舎 創,2026-08-10,2026-07-23T10:00:03+09:00,2026-08-01T16:00:05+09:00,222,available,sold_out,34749,,-3861,-0.1,sold_out_after_price_down,strong,assumed_room_only,confirmed_two_person_standard_room,high,high,1,0.5,34749,false,inventory_dp_pressure_proxy
booking,松尾ハウス,2026-08-10,2026-07-22T12:00:06+09:00,2026-07-23T16:00:03+09:00,28,sold_out,sold_out,,,,,not_comparable,none,assumed_room_only,unknown_room_basis,low,low,0,0,,false,inventory_dp_pressure_proxy
booking,深山荘 高見屋,2026-08-10,2026-07-11T08:00:06+09:00,2026-07-19T18:00:06+09:00,202,available,sold_out,64906,,-23094,-0.2624,sold_out_after_price_down,strong,assumed_room_only,confirmed_two_person_standard_room,high,high,1,0.5,64906,false,inventory_dp_pressure_proxy
booking,源泉湯宿 蔵王プラザホテル,2026-08-10,2026-07-23T22:00:03+09:00,2026-07-25T16:00:06+09:00,42,available,sold_out,41800,,0,0,sold_out_after_same_price,noise,assumed_room_only,probable_two_person_standard_room,medium,medium,0.36,0.36,41800,false,inventory_dp_pressure_proxy
booking,蔵王・和歌（うた）の宿 わかまつや,2026-08-10,2026-07-19T12:00:03+09:00,2026-07-21T10:00:07+09:00,46,sold_out,sold_out,,,,,not_comparable,none,assumed_room_only,unknown_room_basis,low,low,0,0,,false,inventory_dp_pressure_proxy
booking,蔵王四季のホテル,2026-08-10,2026-07-24T10:00:06+09:00,2026-07-25T10:00:06+09:00,24,available,available,50354,,803,0.0159,noise,noise,assumed_room_only,confirmed_two_person_standard_room,high,high,1,0,51157,false,inventory_dp_pressure_proxy
booking,蔵王国際ホテル,2026-08-10,2026-07-24T20:00:06+09:00,2026-07-26T10:00:06+09:00,38,available,available,47740,44268,-3472,-0.0727,price_down_available,strong,assumed_room_only,confirmed_two_person_standard_room,high,high,1,-1,44268,false,inventory_dp_pressure_proxy
booking,蔵王温泉 高砂屋旅館,2026-08-10,2026-07-19T00:00:02+09:00,2026-07-20T22:00:06+09:00,46,available,available,25800,25800,0,0,same_price_available,noise,assumed_room_only,confirmed_two_person_standard_room,high,high,1,0,25800,false,inventory_dp_pressure_proxy
jalan,HAMMOND,2026-08-10,2026-06-12T09:00:06+09:00,2026-06-13T09:00:05+09:00,24,available,available,,,,,not_comparable,none,unknown_meal_basis,unknown_room_basis,low,low,0,0,,false,inventory_dp_pressure_proxy
jalan,JURIN,2026-08-10,2026-06-12T09:00:06+09:00,2026-06-13T09:00:05+09:00,24,available,available,,,,,not_comparable,none,unknown_meal_basis,unknown_room_basis,low,low,0,0,,false,inventory_dp_pressure_proxy
jalan,market_aggregate,2026-08-10,,2026-06-01T23:07:31+09:00,,unknown,available,,,,,not_comparable,none,unknown_meal_basis,unknown_room_basis,low,low,0,0,,false,inventory_dp_pressure_proxy
jalan,たかみや瑠璃倶楽,2026-08-10,2026-07-11T18:00:05+09:00,2026-07-12T20:00:06+09:00,26,available,available,,,,,not_comparable,none,unknown_meal_basis,unknown_room_basis,low,low,0,0,,false,inventory_dp_pressure_proxy
jalan,ペンション木いちご,2026-08-10,,2026-06-23T10:00:06+09:00,,unknown,available,,,,,not_comparable,none,confirmed_room_only,excluded_large_room,low,low,0,0,,false,inventory_dp_pressure_proxy
jalan,ル・ベール蔵王,2026-08-10,2026-06-12T09:00:06+09:00,2026-06-13T09:00:05+09:00,24,available,available,,,,,not_comparable,none,unknown_meal_basis,unknown_room_basis,low,low,0,0,,false,inventory_dp_pressure_proxy
jalan,吉田屋,2026-08-10,2026-06-12T09:00:06+09:00,2026-06-13T09:00:05+09:00,24,available,available,,,,,not_comparable,none,unknown_meal_basis,unknown_room_basis,low,low,0,0,,false,inventory_dp_pressure_proxy
jalan,深山荘 高見屋,2026-08-10,2026-07-11T20:00:06+09:00,2026-07-13T00:00:02+09:00,28,available,sold_out,,,,,not_comparable,none,unknown_meal_basis,unknown_room_basis,low,low,0,0,,false,inventory_dp_pressure_proxy
jalan,蔵王四季のホテル,2026-08-10,2026-07-10T20:00:05+09:00,2026-07-12T00:00:06+09:00,28,available,available,,,,,not_comparable,none,unknown_meal_basis,unknown_room_basis,low,low,0,0,,false,inventory_dp_pressure_proxy
jalan,蔵王国際ホテル,2026-08-10,2026-07-12T18:00:06+09:00,2026-07-13T22:00:01+09:00,28,available,available,,,,,not_comparable,none,confirmed_room_only,excluded_family_or_suite_room,low,low,0,0,,false,inventory_dp_pressure_proxy
booking,HAMMOND,2026-08-11,2026-07-30T16:00:06+09:00,2026-07-31T16:00:06+09:00,24,available,available,36630,,3960,0.1081,price_up_available,strong,assumed_room_only,confirmed_two_person_standard_room,high,high,1,1,40590,false,inventory_dp_pressure_proxy
booking,JURIN,2026-08-11,2026-07-31T10:00:06+09:00,2026-08-01T14:00:07+09:00,28,available,available,42042,37838,-4204,-0.1,price_down_available,strong,assumed_room_only,confirmed_two_person_standard_room,high,high,1,-1,37838,false,inventory_dp_pressure_proxy
booking,ＫＫＲ蔵王 白銀荘,2026-08-11,2026-07-29T06:00:06+09:00,2026-07-30T10:00:06+09:00,28,available,available,31700,31700,0,0,same_price_available,noise,assumed_room_only,probable_two_person_standard_room,medium,medium,0.36,0,31700,false,inventory_dp_pressure_proxy
booking,ONSEN & STAY OAKHILL,2026-08-11,2026-07-31T02:00:06+09:00,2026-08-01T02:00:07+09:00,24,available,available,45540,45540,0,0,same_price_available,noise,assumed_room_only,confirmed_two_person_standard_room,high,high,1,0,45540,false,inventory_dp_pressure_proxy
booking,おおみや旅館,2026-08-11,2026-07-30T12:00:06+09:00,2026-07-31T14:35:15+09:00,26.59,available,available,35640,35640,0,0,same_price_available,noise,assumed_room_only,confirmed_two_person_standard_room,high,high,1,0,35640,false,inventory_dp_pressure_proxy
booking,たかみや瑠璃倶楽,2026-08-11,2026-07-19T04:00:02+09:00,2026-08-01T22:00:06+09:00,330,available,available,40326,36293,-4033,-0.1,price_down_available,strong,assumed_room_only,confirmed_two_person_standard_room,high,high,1,-1,36293,false,inventory_dp_pressure_proxy
booking,ペンションぷうたろう,2026-08-11,2026-07-31T08:00:06+09:00,2026-08-01T10:00:08+09:00,26,available,available,17100,17100,0,0,same_price_available,noise,assumed_room_only,probable_two_person_standard_room,medium,medium,0.36,0,17100,false,inventory_dp_pressure_proxy
booking,ペンション木いちご,2026-08-11,2026-07-18T12:00:01+09:00,2026-07-22T14:00:06+09:00,98,available,available,17600,,0,0,same_price_available,noise,assumed_room_only,confirmed_two_person_standard_room,high,high,1,0,17600,false,inventory_dp_pressure_proxy
booking,ホテル松金屋アネックス,2026-08-11,2026-07-29T22:00:07+09:00,2026-07-31T20:00:06+09:00,46,sold_out,sold_out,,,,,not_comparable,none,assumed_room_only,unknown_room_basis,low,low,0,0,,false,inventory_dp_pressure_proxy
booking,ル・ベール蔵王,2026-08-11,2026-07-29T18:00:06+09:00,2026-07-31T06:00:06+09:00,36,available,available,41000,22220,-18780,-0.458,price_down_available,strong,assumed_room_only,confirmed_two_person_standard_room,high,high,1,-1,22220,false,inventory_dp_pressure_proxy
booking,ロッジスガノ,2026-08-11,2026-07-18T00:00:01+09:00,2026-08-01T20:00:06+09:00,356,sold_out,available,,31360,,,newly_available,none,assumed_room_only,confirmed_two_person_standard_room,high,high,1,-0.5,31360,false,inventory_dp_pressure_proxy
booking,ロッジまつぽっくり,2026-08-11,2026-07-30T04:00:06+09:00,2026-07-31T18:00:05+09:00,38,available,available,,,,,not_comparable,none,assumed_room_only,excluded_family_or_suite_room,low,low,0,0,,false,inventory_dp_pressure_proxy
booking,吉田屋,2026-08-11,2026-07-30T22:00:06+09:00,2026-08-01T08:00:07+09:00,34,available,available,27456,24710,-2746,-0.1,price_down_available,strong,assumed_room_only,confirmed_two_person_standard_room,high,high,1,-1,24710,false,inventory_dp_pressure_proxy
booking,名湯リゾート ルーセントタカミヤ,2026-08-11,2026-07-30T14:00:04+09:00,2026-07-31T14:00:06+09:00,24,available,available,52800,47520,-5280,-0.1,price_down_available,strong,assumed_room_only,confirmed_two_person_standard_room,high,high,1,-1,47520,false,inventory_dp_pressure_proxy
booking,名湯舎 創,2026-08-11,2026-07-31T12:00:05+09:00,2026-08-01T12:00:07+09:00,24,available,available,,,,,not_comparable,none,assumed_room_only,excluded_family_or_suite_room,low,low,0,0,,false,inventory_dp_pressure_proxy
booking,松尾ハウス,2026-08-11,2026-07-21T20:00:06+09:00,2026-07-23T14:00:05+09:00,42,available,available,,,,,not_comparable,none,assumed_room_only,excluded_large_room,low,low,0,0,,false,inventory_dp_pressure_proxy
booking,深山荘 高見屋,2026-08-11,2026-07-15T00:00:05+09:00,2026-07-19T00:00:02+09:00,96,available,available,66911,65780,-1131,-0.0169,price_down_available,meaningful,assumed_room_only,confirmed_two_person_standard_room,high,high,1,-1,65780,false,inventory_dp_pressure_proxy
booking,源泉湯宿 蔵王プラザホテル,2026-08-11,2026-07-23T18:00:06+09:00,2026-07-25T14:00:06+09:00,44,available,sold_out,46200,,0,0,sold_out_after_same_price,noise,assumed_room_only,probable_two_person_standard_room,medium,medium,0.36,0.36,46200,false,inventory_dp_pressure_proxy
booking,蔵王・和歌（うた）の宿 わかまつや,2026-08-11,2026-07-19T14:00:06+09:00,2026-07-21T02:00:06+09:00,36,available,available,41720,41733,13,0.0003,noise,noise,assumed_room_only,confirmed_two_person_standard_room,high,high,1,0,41733,false,inventory_dp_pressure_proxy
booking,蔵王四季のホテル,2026-08-11,2026-07-24T14:00:05+09:00,2026-07-25T22:00:06+09:00,32,available,available,67320,,0,0,same_price_available,noise,assumed_room_only,confirmed_two_person_standard_room,high,high,1,0,67320,false,inventory_dp_pressure_proxy
booking,蔵王国際ホテル,2026-08-11,2026-07-24T20:00:06+09:00,2026-07-26T12:00:06+09:00,40,available,available,60060,60060,0,0,same_price_available,noise,assumed_room_only,confirmed_two_person_standard_room,high,high,1,0,60060,false,inventory_dp_pressure_proxy
booking,蔵王温泉 高砂屋旅館,2026-08-11,2026-07-19T18:00:06+09:00,2026-07-21T00:00:01+09:00,30,available,available,25800,25800,0,0,same_price_available,noise,assumed_room_only,confirmed_two_person_standard_room,high,high,1,0,25800,false,inventory_dp_pressure_proxy
jalan,market_aggregate,2026-08-11,,2026-06-01T23:07:31+09:00,,unknown,available,,,,,not_comparable,none,unknown_meal_basis,unknown_room_basis,low,low,0,0,,false,inventory_dp_pressure_proxy
jalan,たかみや瑠璃倶楽,2026-08-11,2026-07-12T08:00:06+09:00,2026-07-14T16:00:06+09:00,56,available,available,,,,,not_comparable,none,confirmed_room_only,excluded_family_or_suite_room,low,low,0,0,,false,inventory_dp_pressure_proxy
jalan,深山荘 高見屋,2026-08-11,2026-07-11T14:00:06+09:00,2026-07-12T16:00:06+09:00,26,available,available,,,,,not_comparable,none,unknown_meal_basis,unknown_room_basis,low,low,0,0,,false,inventory_dp_pressure_proxy
jalan,蔵王四季のホテル,2026-08-11,2026-07-11T06:00:06+09:00,2026-07-12T10:00:06+09:00,28,available,available,,,,,not_comparable,none,unknown_meal_basis,unknown_room_basis,low,low,0,0,,false,inventory_dp_pressure_proxy
jalan,蔵王国際ホテル,2026-08-11,2026-07-12T06:00:06+09:00,2026-07-13T22:00:01+09:00,40,available,available,,,,,not_comparable,none,confirmed_room_only,excluded_family_or_suite_room,low,low,0,0,,false,inventory_dp_pressure_proxy
booking,HAMMOND,2026-08-12,2026-07-31T18:00:05+09:00,2026-08-01T20:00:06+09:00,26,available,available,40590,40590,0,0,same_price_available,noise,assumed_room_only,confirmed_two_person_standard_room,high,high,1,0,40590,false,inventory_dp_pressure_proxy
booking,JURIN,2026-08-12,2026-07-31T12:00:05+09:00,2026-08-01T22:00:06+09:00,34,available,available,37838,37838,0,0,same_price_available,noise,assumed_room_only,confirmed_two_person_standard_room,high,high,1,0,37838,false,inventory_dp_pressure_proxy
booking,ＫＫＲ蔵王 白銀荘,2026-08-12,2026-07-29T06:00:06+09:00,2026-07-30T12:00:06+09:00,30,available,sold_out,31700,,0,0,sold_out_after_same_price,noise,assumed_room_only,probable_two_person_standard_room,medium,medium,0.36,0.36,31700,false,inventory_dp_pressure_proxy
booking,ONSEN & STAY OAKHILL,2026-08-12,2026-07-30T16:00:06+09:00,2026-08-01T00:00:02+09:00,32,available,available,45540,45540,0,0,same_price_available,noise,assumed_room_only,confirmed_two_person_standard_room,high,high,1,0,45540,false,inventory_dp_pressure_proxy
booking,おおみや旅館,2026-08-12,2026-07-27T16:00:06+09:00,2026-07-29T04:00:06+09:00,36,available,available,39600,,-3960,-0.1,price_down_available,strong,assumed_room_only,confirmed_two_person_standard_room,high,high,1,-1,35640,false,inventory_dp_pressure_proxy
booking,たかみや瑠璃倶楽,2026-08-12,2026-07-28T12:00:06+09:00,2026-08-02T02:00:05+09:00,110,available,available,36293,36293,0,0,same_price_available,noise,assumed_room_only,confirmed_two_person_standard_room,high,high,1,0,36293,false,inventory_dp_pressure_proxy
booking,ペンションぷうたろう,2026-08-12,2026-07-31T06:00:06+09:00,2026-08-01T12:00:07+09:00,30,available,available,17100,17100,0,0,same_price_available,noise,assumed_room_only,confirmed_two_person_standard_room,high,high,1,0,17100,false,inventory_dp_pressure_proxy
booking,ペンション木いちご,2026-08-12,2026-07-20T22:00:06+09:00,2026-07-28T08:00:06+09:00,178,available,available,17600,,0,0,same_price_available,noise,assumed_room_only,confirmed_two_person_standard_room,high,high,1,0,17600,false,inventory_dp_pressure_proxy
booking,ホテル松金屋アネックス,2026-08-12,2026-07-30T02:00:06+09:00,2026-07-31T22:00:06+09:00,44,unknown,sold_out,,,,,not_comparable,none,assumed_room_only,unknown_room_basis,low,low,0,0,,false,inventory_dp_pressure_proxy
booking,ル・ベール蔵王,2026-08-12,2026-07-29T18:00:06+09:00,2026-07-31T04:00:06+09:00,34,available,available,33901,25017,-8884,-0.2621,price_down_available,strong,assumed_room_only,confirmed_two_person_standard_room,high,high,1,-1,25017,false,inventory_dp_pressure_proxy
booking,ロッジスガノ,2026-08-12,2026-07-05T14:00:06+09:00,2026-07-17T00:00:06+09:00,274,available,sold_out,22500,,0,0,sold_out_after_same_price,noise,assumed_room_only,probable_two_person_standard_room,medium,medium,0.36,0.36,22500,false,inventory_dp_pressure_proxy
booking,ロッジまつぽっくり,2026-08-12,2026-07-31T10:00:06+09:00,2026-08-01T10:00:08+09:00,24,available,available,,,,,not_comparable,none,assumed_room_only,excluded_family_or_suite_room,low,low,0,0,,false,inventory_dp_pressure_proxy
booking,吉田屋,2026-08-12,2026-07-30T20:00:06+09:00,2026-08-01T14:00:07+09:00,42,available,available,24710,24710,0,0,same_price_available,noise,assumed_room_only,confirmed_two_person_standard_room,high,high,1,0,24710,false,inventory_dp_pressure_proxy
booking,名湯リゾート ルーセントタカミヤ,2026-08-12,2026-07-29T20:00:08+09:00,2026-07-31T16:00:06+09:00,44,available,available,47520,47520,0,0,same_price_available,noise,assumed_room_only,confirmed_two_person_standard_room,high,high,1,0,47520,false,inventory_dp_pressure_proxy
booking,名湯舎 創,2026-08-12,2026-07-24T20:00:06+09:00,2026-08-01T16:00:05+09:00,188,available,sold_out,34749,,0,0,sold_out_after_same_price,noise,assumed_room_only,confirmed_two_person_standard_room,high,high,1,1,34749,false,inventory_dp_pressure_proxy
booking,松尾ハウス,2026-08-12,2026-07-22T08:00:03+09:00,2026-07-23T18:00:06+09:00,34,available,available,12500,12500,0,0,same_price_available,noise,assumed_room_only,confirmed_two_person_standard_room,high,high,1,0,12500,false,inventory_dp_pressure_proxy
booking,深山荘 高見屋,2026-08-12,2026-07-18T20:00:06+09:00,2026-07-20T00:00:06+09:00,28,available,available,64964,64964,0,0,same_price_available,noise,assumed_room_only,confirmed_two_person_standard_room,high,high,1,0,64964,false,inventory_dp_pressure_proxy
booking,源泉湯宿 蔵王プラザホテル,2026-08-12,2026-07-23T20:00:06+09:00,2026-07-26T16:00:05+09:00,68,available,sold_out,46200,,0,0,sold_out_after_same_price,noise,assumed_room_only,probable_two_person_standard_room,medium,medium,0.36,0.36,46200,false,inventory_dp_pressure_proxy
booking,蔵王・和歌（うた）の宿 わかまつや,2026-08-12,2026-07-19T16:00:00+09:00,2026-07-20T18:00:06+09:00,26,sold_out,sold_out,,,,,not_comparable,none,assumed_room_only,unknown_room_basis,low,low,0,0,,false,inventory_dp_pressure_proxy
booking,蔵王四季のホテル,2026-08-12,2026-07-25T10:00:06+09:00,2026-07-26T10:00:06+09:00,24,available,available,43324,53856,10532,0.2431,price_up_available,strong,assumed_room_only,confirmed_two_person_standard_room,high,high,1,1,53856,false,inventory_dp_pressure_proxy
booking,蔵王国際ホテル,2026-08-12,2026-07-24T22:00:06+09:00,2026-07-26T12:00:06+09:00,38,available,available,63140,63140,0,0,same_price_available,noise,assumed_room_only,confirmed_two_person_standard_room,high,high,1,0,63140,false,inventory_dp_pressure_proxy
booking,蔵王温泉 高砂屋旅館,2026-08-12,2026-07-19T02:00:06+09:00,2026-07-21T00:00:01+09:00,46,available,available,25800,25800,0,0,same_price_available,noise,assumed_room_only,confirmed_two_person_standard_room,high,high,1,0,25800,false,inventory_dp_pressure_proxy
jalan,market_aggregate,2026-08-12,,2026-06-01T23:07:31+09:00,,unknown,available,,,,,not_comparable,none,unknown_meal_basis,unknown_room_basis,low,low,0,0,,false,inventory_dp_pressure_proxy
jalan,ONSEN & STAY OAKHILL,2026-08-12,,2026-07-18T18:00:06+09:00,,unknown,available,,,,,not_comparable,none,unknown_meal_basis,unknown_room_basis,low,low,0,0,,false,inventory_dp_pressure_proxy
jalan,たかみや瑠璃倶楽,2026-08-12,2026-07-13T22:00:01+09:00,2026-07-15T06:00:06+09:00,32,available,available,,,,,not_comparable,none,confirmed_room_only,excluded_family_or_suite_room,low,low,0,0,,false,inventory_dp_pressure_proxy
jalan,ペンション木いちご,2026-08-12,2026-06-16T16:00:06+09:00,2026-06-21T16:00:00+09:00,120,available,available,,,,,not_comparable,none,confirmed_room_only,excluded_large_room,low,low,0,0,,false,inventory_dp_pressure_proxy
jalan,深山荘 高見屋,2026-08-12,2026-07-11T12:00:00+09:00,2026-07-12T14:00:01+09:00,26,available,available,,,,,not_comparable,none,unknown_meal_basis,unknown_room_basis,low,low,0,0,,false,inventory_dp_pressure_proxy
jalan,蔵王四季のホテル,2026-08-12,2026-07-10T12:00:07+09:00,2026-07-11T14:00:06+09:00,26,available,available,,,,,not_comparable,none,unknown_meal_basis,unknown_room_basis,low,low,0,0,,false,inventory_dp_pressure_proxy
jalan,蔵王国際ホテル,2026-08-12,2026-07-12T02:00:05+09:00,2026-07-15T12:00:07+09:00,82,available,available,,,,,not_comparable,none,confirmed_room_only,excluded_family_or_suite_room,low,low,0,0,,false,inventory_dp_pressure_proxy
booking,HAMMOND,2026-08-13,2026-07-30T22:00:06+09:00,2026-08-01T02:00:07+09:00,28,available,available,45100,40590,-4510,-0.1,price_down_available,strong,assumed_room_only,confirmed_two_person_standard_room,high,high,1,-1,40590,false,inventory_dp_pressure_proxy
booking,JURIN,2026-08-13,2026-07-28T16:00:06+09:00,2026-07-29T18:00:06+09:00,26,available,available,37838,,10672,0.282,price_up_available,strong,assumed_room_only,confirmed_two_person_standard_room,high,high,1,1,48510,false,inventory_dp_pressure_proxy
booking,ＫＫＲ蔵王 白銀荘,2026-08-13,2026-07-29T08:00:06+09:00,2026-07-30T12:00:06+09:00,28,available,available,31700,31700,0,0,same_price_available,noise,assumed_room_only,probable_two_person_standard_room,medium,medium,0.36,0,31700,false,inventory_dp_pressure_proxy
booking,ONSEN & STAY OAKHILL,2026-08-13,2026-07-30T16:00:06+09:00,2026-08-01T04:00:07+09:00,36,available,available,45540,45540,0,0,same_price_available,noise,assumed_room_only,confirmed_two_person_standard_room,high,high,1,0,45540,false,inventory_dp_pressure_proxy
booking,おおみや旅館,2026-08-13,2026-07-30T14:00:04+09:00,2026-07-31T18:00:05+09:00,28,available,available,38280,38280,0,0,same_price_available,noise,assumed_room_only,confirmed_two_person_standard_room,high,high,1,0,38280,false,inventory_dp_pressure_proxy
booking,たかみや瑠璃倶楽,2026-08-13,2026-07-19T08:00:06+09:00,2026-08-02T02:00:05+09:00,330,available,available,40326,36293,-4033,-0.1,price_down_available,strong,assumed_room_only,confirmed_two_person_standard_room,high,high,1,-1,36293,false,inventory_dp_pressure_proxy
booking,ペンションぷうたろう,2026-08-13,2026-07-31T08:00:06+09:00,2026-08-01T12:00:07+09:00,28,available,available,17100,17100,0,0,same_price_available,noise,assumed_room_only,confirmed_two_person_standard_room,high,high,1,0,17100,false,inventory_dp_pressure_proxy
booking,ペンション木いちご,2026-08-13,2026-07-31T20:00:06+09:00,2026-08-01T22:00:06+09:00,26,available,available,17600,17600,0,0,same_price_available,noise,assumed_room_only,confirmed_two_person_standard_room,high,high,1,0,17600,false,inventory_dp_pressure_proxy
booking,ホテル松金屋アネックス,2026-08-13,2026-07-30T00:00:02+09:00,2026-07-31T22:00:06+09:00,46,unknown,unknown,,,,,unknown,none,assumed_room_only,probable_two_person_standard_room,medium,medium,0.36,0,108680,false,inventory_dp_pressure_proxy
booking,ル・ベール蔵王,2026-08-13,2026-07-29T20:00:08+09:00,2026-07-31T12:00:05+09:00,40,available,available,43000,24141,-18859,-0.4386,price_down_available,strong,assumed_room_only,confirmed_two_person_standard_room,high,high,1,-1,24141,false,inventory_dp_pressure_proxy
booking,ロッジスガノ,2026-08-13,2026-07-03T16:00:06+09:00,2026-07-18T12:00:01+09:00,356,available,sold_out,22500,,0,0,sold_out_after_same_price,noise,assumed_room_only,probable_two_person_standard_room,medium,medium,0.36,0.36,22500,false,inventory_dp_pressure_proxy
booking,ロッジまつぽっくり,2026-08-13,2026-07-31T10:00:06+09:00,2026-08-01T14:00:07+09:00,28,available,available,,,,,not_comparable,none,assumed_room_only,excluded_family_or_suite_room,low,low,0,0,,false,inventory_dp_pressure_proxy
booking,吉田屋,2026-08-13,2026-07-31T04:00:06+09:00,2026-08-01T16:00:05+09:00,36,available,available,24710,24710,0,0,same_price_available,noise,assumed_room_only,confirmed_two_person_standard_room,high,high,1,0,24710,false,inventory_dp_pressure_proxy
booking,名湯リゾート ルーセントタカミヤ,2026-08-13,2026-07-31T06:00:06+09:00,2026-08-01T10:00:08+09:00,28,available,available,47520,47520,0,0,same_price_available,noise,assumed_room_only,confirmed_two_person_standard_room,high,high,1,0,47520,false,inventory_dp_pressure_proxy
booking,名湯舎 創,2026-08-13,2026-07-22T20:00:06+09:00,2026-07-26T12:00:06+09:00,88,available,available,38610,,12012,0.3111,price_up_available,strong,assumed_room_only,confirmed_two_person_standard_room,high,high,1,1,50622,false,inventory_dp_pressure_proxy
booking,松尾ハウス,2026-08-13,2026-07-23T02:00:06+09:00,2026-07-24T12:00:06+09:00,34,available,available,,,,,unknown,none,assumed_room_only,confirmed_two_person_standard_room,high,high,1,0,12500,false,inventory_dp_pressure_proxy
booking,深山荘 高見屋,2026-08-13,2026-07-19T22:00:05+09:00,2026-07-20T22:00:06+09:00,24,available,available,69307,81180,11873,0.1713,price_up_available,strong,assumed_room_only,confirmed_two_person_standard_room,high,high,1,1,81180,false,inventory_dp_pressure_proxy
booking,源泉湯宿 蔵王プラザホテル,2026-08-13,2026-07-23T20:00:06+09:00,2026-07-25T08:00:05+09:00,36,available,sold_out,46200,,0,0,sold_out_after_same_price,noise,assumed_room_only,probable_two_person_standard_room,medium,medium,0.36,0.36,46200,false,inventory_dp_pressure_proxy
booking,蔵王・和歌（うた）の宿 わかまつや,2026-08-13,2026-07-19T18:00:06+09:00,2026-07-21T12:00:06+09:00,42,sold_out,sold_out,,,,,not_comparable,none,assumed_room_only,unknown_room_basis,low,low,0,0,,false,inventory_dp_pressure_proxy
booking,蔵王四季のホテル,2026-08-13,2026-07-25T18:00:06+09:00,2026-07-26T20:00:06+09:00,26,available,available,58080,58080,0,0,same_price_available,noise,assumed_room_only,confirmed_two_person_standard_room,high,high,1,0,58080,false,inventory_dp_pressure_proxy
booking,蔵王国際ホテル,2026-08-13,2026-07-26T00:00:01+09:00,2026-07-27T00:00:01+09:00,24,available,available,60060,60060,0,0,same_price_available,noise,assumed_room_only,confirmed_two_person_standard_room,high,high,1,0,60060,false,inventory_dp_pressure_proxy
booking,蔵王温泉 高砂屋旅館,2026-08-13,2026-07-20T04:00:06+09:00,2026-07-21T06:00:06+09:00,26,available,available,25800,25800,0,0,same_price_available,noise,assumed_room_only,confirmed_two_person_standard_room,high,high,1,0,25800,false,inventory_dp_pressure_proxy
jalan,market_aggregate,2026-08-13,,2026-06-01T23:07:31+09:00,,unknown,available,,,,,not_comparable,none,unknown_meal_basis,unknown_room_basis,low,low,0,0,,false,inventory_dp_pressure_proxy
jalan,たかみや瑠璃倶楽,2026-08-13,2026-07-12T10:00:06+09:00,2026-07-15T10:00:05+09:00,72,available,available,,,,,not_comparable,none,confirmed_room_only,excluded_family_or_suite_room,low,low,0,0,,false,inventory_dp_pressure_proxy
jalan,ペンション木いちご,2026-08-13,,2026-06-22T10:00:05+09:00,,unknown,available,,,,,not_comparable,none,confirmed_room_only,excluded_large_room,low,low,0,0,,false,inventory_dp_pressure_proxy
jalan,深山荘 高見屋,2026-08-13,2026-07-11T12:00:00+09:00,2026-07-12T12:00:00+09:00,24,available,available,,,,,not_comparable,none,unknown_meal_basis,unknown_room_basis,low,low,0,0,,false,inventory_dp_pressure_proxy
jalan,蔵王四季のホテル,2026-08-13,2026-07-10T22:00:06+09:00,2026-07-12T14:00:01+09:00,40,available,available,,,,,not_comparable,none,unknown_meal_basis,unknown_room_basis,low,low,0,0,,false,inventory_dp_pressure_proxy
jalan,蔵王国際ホテル,2026-08-13,2026-07-12T18:00:06+09:00,2026-07-14T12:00:06+09:00,42,available,available,,,,,not_comparable,none,confirmed_room_only,excluded_family_or_suite_room,low,low,0,0,,false,inventory_dp_pressure_proxy
booking,HAMMOND,2026-08-14,2026-07-29T16:00:05+09:00,2026-07-31T02:00:06+09:00,34,available,available,40590,,0,0,same_price_available,noise,assumed_room_only,confirmed_two_person_standard_room,high,high,1,0,40590,false,inventory_dp_pressure_proxy
booking,JURIN,2026-08-14,2026-07-31T16:00:06+09:00,2026-08-01T16:00:05+09:00,24,available,available,48510,37838,-10672,-0.22,price_down_available,strong,assumed_room_only,confirmed_two_person_standard_room,high,high,1,-1,37838,false,inventory_dp_pressure_proxy
booking,ＫＫＲ蔵王 白銀荘,2026-08-14,2026-07-29T10:00:06+09:00,2026-07-30T14:00:04+09:00,28,available,available,31700,31700,0,0,same_price_available,noise,assumed_room_only,probable_two_person_standard_room,medium,medium,0.36,0,31700,false,inventory_dp_pressure_proxy
booking,ONSEN & STAY OAKHILL,2026-08-14,2026-07-30T18:00:06+09:00,2026-08-01T04:00:07+09:00,34,available,available,39105,39105,0,0,same_price_available,noise,assumed_room_only,confirmed_two_person_standard_room,high,high,1,0,39105,false,inventory_dp_pressure_proxy
booking,おおみや旅館,2026-08-14,2026-07-30T16:00:06+09:00,2026-07-31T22:00:06+09:00,30,available,available,35640,35640,0,0,same_price_available,noise,assumed_room_only,confirmed_two_person_standard_room,high,high,1,0,35640,false,inventory_dp_pressure_proxy
booking,たかみや瑠璃倶楽,2026-08-14,2026-07-17T08:00:06+09:00,2026-07-19T08:00:06+09:00,48,available,available,35178,35178,0,0,same_price_available,noise,assumed_room_only,confirmed_two_person_standard_room,high,high,1,0,35178,false,inventory_dp_pressure_proxy
booking,ペンションぷうたろう,2026-08-14,2026-07-31T10:00:06+09:00,2026-08-01T14:00:07+09:00,28,available,available,19000,17100,-1900,-0.1,price_down_available,strong,assumed_room_only,probable_two_person_standard_room,medium,medium,0.36,-0.36,17100,false,inventory_dp_pressure_proxy
booking,ペンション木いちご,2026-08-14,2026-07-31T06:00:06+09:00,2026-08-01T12:00:07+09:00,30,available,available,17600,17600,0,0,same_price_available,noise,assumed_room_only,confirmed_two_person_standard_room,high,high,1,0,17600,false,inventory_dp_pressure_proxy
booking,ホテル松金屋アネックス,2026-08-14,2026-07-30T02:00:06+09:00,2026-07-31T08:00:06+09:00,30,sold_out,sold_out,,,,,not_comparable,none,assumed_room_only,unknown_room_basis,low,low,0,0,,false,inventory_dp_pressure_proxy
booking,ル・ベール蔵王,2026-08-14,2026-07-29T22:00:07+09:00,2026-07-31T12:00:05+09:00,38,available,available,33509,24412,-9097,-0.2715,price_down_available,strong,assumed_room_only,confirmed_two_person_standard_room,high,high,1,-1,24412,false,inventory_dp_pressure_proxy
booking,ロッジスガノ,2026-08-14,2026-07-04T14:00:05+09:00,2026-07-17T18:00:06+09:00,316,available,sold_out,22500,,0,0,sold_out_after_same_price,noise,assumed_room_only,probable_two_person_standard_room,medium,medium,0.36,0.36,22500,false,inventory_dp_pressure_proxy
booking,ロッジまつぽっくり,2026-08-14,2026-07-30T12:00:06+09:00,2026-07-31T14:00:06+09:00,26,available,available,,,,,not_comparable,none,assumed_room_only,excluded_family_or_suite_room,low,low,0,0,,false,inventory_dp_pressure_proxy
booking,吉田屋,2026-08-14,2026-08-01T02:00:07+09:00,2026-08-02T02:00:05+09:00,24,available,available,26730,24710,-2020,-0.0756,price_down_available,strong,assumed_room_only,confirmed_two_person_standard_room,high,high,1,-1,24710,false,inventory_dp_pressure_proxy
booking,名湯リゾート ルーセントタカミヤ,2026-08-14,2026-07-31T18:00:05+09:00,2026-08-01T20:00:06+09:00,26,available,available,45540,45540,0,0,same_price_available,noise,assumed_room_only,confirmed_two_person_standard_room,high,high,1,0,45540,false,inventory_dp_pressure_proxy
booking,名湯舎 創,2026-08-14,2026-07-24T14:00:05+09:00,2026-08-01T22:00:06+09:00,200,available,sold_out,34749,,0,0,sold_out_after_same_price,noise,assumed_room_only,confirmed_two_person_standard_room,high,high,1,1,34749,false,inventory_dp_pressure_proxy
booking,松尾ハウス,2026-08-14,2026-07-21T10:00:07+09:00,2026-07-23T20:00:06+09:00,58,available,available,12500,12500,0,0,same_price_available,noise,assumed_room_only,confirmed_two_person_standard_room,high,high,1,0,12500,false,inventory_dp_pressure_proxy
booking,深山荘 高見屋,2026-08-14,2026-07-18T22:00:06+09:00,2026-07-20T02:00:06+09:00,28,available,available,69285,70685,1400,0.0202,price_up_available,meaningful,assumed_room_only,confirmed_two_person_standard_room,high,high,1,1,70685,false,inventory_dp_pressure_proxy
booking,源泉湯宿 蔵王プラザホテル,2026-08-14,2026-07-23T22:00:03+09:00,2026-07-26T18:00:04+09:00,68,available,sold_out,46200,,0,0,sold_out_after_same_price,noise,assumed_room_only,probable_two_person_standard_room,medium,medium,0.36,0.36,46200,false,inventory_dp_pressure_proxy
booking,蔵王・和歌（うた）の宿 わかまつや,2026-08-14,2026-07-19T12:00:03+09:00,2026-07-21T04:00:06+09:00,40,sold_out,available,,38434,,,newly_available,none,assumed_room_only,confirmed_two_person_standard_room,high,high,1,-0.5,38434,false,inventory_dp_pressure_proxy
booking,蔵王四季のホテル,2026-08-14,2026-07-26T02:00:06+09:00,2026-07-27T02:00:06+09:00,24,available,available,,,,,unknown,none,assumed_room_only,confirmed_two_person_standard_room,high,high,1,0,65120,false,inventory_dp_pressure_proxy
booking,蔵王国際ホテル,2026-08-14,2026-07-25T00:00:02+09:00,2026-07-26T14:00:06+09:00,38,available,available,60060,60060,0,0,same_price_available,noise,assumed_room_only,confirmed_two_person_standard_room,high,high,1,0,60060,false,inventory_dp_pressure_proxy
booking,蔵王温泉 高砂屋旅館,2026-08-14,2026-07-19T04:00:02+09:00,2026-07-21T02:00:06+09:00,46,available,available,25800,25800,0,0,same_price_available,noise,assumed_room_only,confirmed_two_person_standard_room,high,high,1,0,25800,false,inventory_dp_pressure_proxy
jalan,market_aggregate,2026-08-14,,2026-06-01T23:07:31+09:00,,unknown,available,,,,,not_comparable,none,unknown_meal_basis,unknown_room_basis,low,low,0,0,,false,inventory_dp_pressure_proxy
jalan,ONSEN & STAY OAKHILL,2026-08-14,,2026-07-19T02:00:06+09:00,,unknown,available,,,,,not_comparable,none,unknown_meal_basis,unknown_room_basis,low,low,0,0,,false,inventory_dp_pressure_proxy
jalan,たかみや瑠璃倶楽,2026-08-14,2026-07-15T02:00:06+09:00,2026-07-16T02:00:01+09:00,24,available,available,,,,,not_comparable,none,unknown_meal_basis,unknown_room_basis,low,low,0,0,,false,inventory_dp_pressure_proxy
jalan,ペンション木いちご,2026-08-14,,2026-06-21T10:00:06+09:00,,unknown,available,,,,,not_comparable,none,confirmed_room_only,excluded_large_room,low,low,0,0,,false,inventory_dp_pressure_proxy
jalan,深山荘 高見屋,2026-08-14,2026-07-12T08:00:06+09:00,2026-07-15T16:00:06+09:00,80,available,available,,,,,not_comparable,none,unknown_meal_basis,unknown_room_basis,low,low,0,0,,false,inventory_dp_pressure_proxy
jalan,蔵王四季のホテル,2026-08-14,2026-07-11T08:00:06+09:00,2026-07-12T12:00:00+09:00,28,available,available,,,,,not_comparable,none,unknown_meal_basis,unknown_room_basis,low,low,0,0,,false,inventory_dp_pressure_proxy
jalan,蔵王国際ホテル,2026-08-14,2026-07-14T12:00:06+09:00,2026-07-15T12:00:07+09:00,24,available,available,,,,,not_comparable,none,confirmed_room_only,excluded_family_or_suite_room,low,low,0,0,,false,inventory_dp_pressure_proxy
booking,HAMMOND,2026-08-15,2026-07-31T02:00:06+09:00,2026-08-01T10:00:08+09:00,32,available,available,40590,40590,0,0,same_price_available,noise,assumed_room_only,probable_two_person_standard_room,medium,medium,0.36,0,40590,false,inventory_dp_pressure_proxy
booking,JURIN,2026-08-15,2026-07-31T12:00:05+09:00,2026-08-01T20:00:06+09:00,32,available,available,31660,31660,0,0,same_price_available,noise,assumed_room_only,confirmed_two_person_standard_room,high,high,1,0,31660,false,inventory_dp_pressure_proxy
booking,ＫＫＲ蔵王 白銀荘,2026-08-15,2026-07-29T12:00:06+09:00,2026-07-30T16:00:06+09:00,28,available,available,31700,31700,0,0,same_price_available,noise,assumed_room_only,probable_two_person_standard_room,medium,medium,0.36,0,31700,false,inventory_dp_pressure_proxy
booking,ONSEN & STAY OAKHILL,2026-08-15,2026-07-30T18:00:06+09:00,2026-08-01T08:00:07+09:00,38,available,available,39105,39105,0,0,same_price_available,noise,assumed_room_only,confirmed_two_person_standard_room,high,high,1,0,39105,false,inventory_dp_pressure_proxy
booking,おおみや旅館,2026-08-15,2026-07-30T20:00:06+09:00,2026-07-31T22:00:06+09:00,26,available,available,27720,27720,0,0,same_price_available,noise,assumed_room_only,probable_two_person_standard_room,medium,medium,0.36,0,27720,false,inventory_dp_pressure_proxy
booking,たかみや瑠璃倶楽,2026-08-15,2026-07-19T10:00:06+09:00,2026-07-23T08:00:07+09:00,94,available,available,31746,28571,-3175,-0.1,price_down_available,strong,assumed_room_only,confirmed_two_person_standard_room,high,high,1,-1,28571,false,inventory_dp_pressure_proxy
booking,ペンションぷうたろう,2026-08-15,2026-07-28T14:00:06+09:00,2026-07-30T10:00:06+09:00,44,available,available,17100,,0,0,same_price_available,noise,assumed_room_only,confirmed_two_person_standard_room,high,high,1,0,17100,false,inventory_dp_pressure_proxy
booking,ペンション木いちご,2026-08-15,2026-07-28T22:00:03+09:00,2026-07-31T04:00:06+09:00,54,available,available,16600,,0,0,same_price_available,noise,assumed_room_only,confirmed_two_person_standard_room,high,high,1,0,16600,false,inventory_dp_pressure_proxy
booking,ホテル松金屋アネックス,2026-08-15,2026-07-30T04:00:06+09:00,2026-08-01T00:00:02+09:00,44,sold_out,sold_out,,,,,not_comparable,none,assumed_room_only,unknown_room_basis,low,low,0,0,,false,inventory_dp_pressure_proxy
booking,ル・ベール蔵王,2026-08-15,2026-07-30T00:00:02+09:00,2026-07-31T14:00:06+09:00,38,available,available,33550,43000,9450,0.2817,price_up_available,strong,assumed_room_only,confirmed_two_person_standard_room,high,high,1,1,43000,false,inventory_dp_pressure_proxy
booking,ロッジスガノ,2026-08-15,2026-07-25T02:00:06+09:00,2026-07-31T08:00:06+09:00,150,sold_out,available,,31360,,,newly_available,none,assumed_room_only,confirmed_two_person_standard_room,high,high,1,-0.5,31360,false,inventory_dp_pressure_proxy
booking,ロッジまつぽっくり,2026-08-15,2026-07-30T12:00:06+09:00,2026-07-31T18:00:05+09:00,30,available,available,,,,,not_comparable,none,assumed_room_only,excluded_family_or_suite_room,low,low,0,0,,false,inventory_dp_pressure_proxy
booking,吉田屋,2026-08-15,2026-07-31T06:00:06+09:00,2026-08-01T12:00:07+09:00,30,available,available,26730,24710,-2020,-0.0756,price_down_available,strong,assumed_room_only,confirmed_two_person_standard_room,high,high,1,-1,24710,false,inventory_dp_pressure_proxy
booking,名湯リゾート ルーセントタカミヤ,2026-08-15,2026-07-31T16:00:06+09:00,2026-08-01T22:00:06+09:00,30,available,available,28571,28571,0,0,same_price_available,noise,assumed_room_only,confirmed_two_person_standard_room,high,high,1,0,28571,false,inventory_dp_pressure_proxy
booking,名湯舎 創,2026-08-15,2026-07-27T20:00:05+09:00,2026-07-31T20:00:06+09:00,96,available,available,43758,,0,0,same_price_available,noise,assumed_room_only,confirmed_two_person_standard_room,high,high,1,0,43758,false,inventory_dp_pressure_proxy
booking,松尾ハウス,2026-08-15,2026-07-21T10:00:07+09:00,2026-07-23T20:00:06+09:00,58,available,available,12500,12500,0,0,same_price_available,noise,assumed_room_only,confirmed_two_person_standard_room,high,high,1,0,12500,false,inventory_dp_pressure_proxy
booking,深山荘 高見屋,2026-08-15,2026-07-19T04:00:02+09:00,2026-07-20T06:00:06+09:00,26,available,available,55146,55169,23,0.0004,noise,noise,assumed_room_only,confirmed_two_person_standard_room,high,high,1,0,55169,false,inventory_dp_pressure_proxy
booking,源泉湯宿 蔵王プラザホテル,2026-08-15,2026-07-25T12:00:06+09:00,2026-07-27T12:00:06+09:00,48,available,available,37400,37400,0,0,same_price_available,noise,assumed_room_only,probable_two_person_standard_room,medium,medium,0.36,0,37400,false,inventory_dp_pressure_proxy
booking,蔵王・和歌（うた）の宿 わかまつや,2026-08-15,2026-07-19T22:00:05+09:00,2026-07-21T04:00:06+09:00,30,available,available,28605,150480,121875,4.2606,price_up_available,strong,assumed_room_only,confirmed_two_person_standard_room,high,high,1,1,150480,false,inventory_dp_pressure_proxy
booking,蔵王四季のホテル,2026-08-15,2026-07-25T20:00:06+09:00,2026-07-26T22:00:06+09:00,26,available,available,54560,54560,0,0,same_price_available,noise,assumed_room_only,confirmed_two_person_standard_room,high,high,1,0,54560,false,inventory_dp_pressure_proxy
booking,蔵王国際ホテル,2026-08-15,2026-07-26T18:00:04+09:00,2026-07-29T18:00:06+09:00,72,available,available,50820,50820,0,0,same_price_available,noise,assumed_room_only,confirmed_two_person_standard_room,high,high,1,0,50820,false,inventory_dp_pressure_proxy
booking,蔵王温泉 高砂屋旅館,2026-08-15,2026-07-18T20:00:06+09:00,2026-07-21T02:00:06+09:00,54,available,available,25800,25800,0,0,same_price_available,noise,assumed_room_only,confirmed_two_person_standard_room,high,high,1,0,25800,false,inventory_dp_pressure_proxy
jalan,market_aggregate,2026-08-15,,2026-06-01T23:07:31+09:00,,unknown,available,,,,,not_comparable,none,unknown_meal_basis,unknown_room_basis,low,low,0,0,,false,inventory_dp_pressure_proxy
jalan,たかみや瑠璃倶楽,2026-08-15,2026-07-15T02:00:06+09:00,2026-07-16T18:00:06+09:00,40,available,available,,,,,not_comparable,none,unknown_meal_basis,unknown_room_basis,low,low,0,0,,false,inventory_dp_pressure_proxy
jalan,ペンション木いちご,2026-08-15,,2026-06-21T10:00:06+09:00,,unknown,available,,,,,not_comparable,none,confirmed_room_only,excluded_large_room,low,low,0,0,,false,inventory_dp_pressure_proxy
jalan,深山荘 高見屋,2026-08-15,2026-07-12T16:00:06+09:00,2026-07-15T12:00:07+09:00,68,available,available,,,,,not_comparable,none,unknown_meal_basis,unknown_room_basis,low,low,0,0,,false,inventory_dp_pressure_proxy
jalan,蔵王四季のホテル,2026-08-15,2026-07-13T08:00:06+09:00,2026-07-15T18:00:06+09:00,58,available,available,,,,,not_comparable,none,unknown_meal_basis,unknown_room_basis,low,low,0,0,,false,inventory_dp_pressure_proxy
jalan,蔵王国際ホテル,2026-08-15,2026-07-14T08:00:06+09:00,2026-07-15T16:00:06+09:00,32,available,available,,,,,not_comparable,none,confirmed_room_only,excluded_family_or_suite_room,low,low,0,0,,false,inventory_dp_pressure_proxy
booking,HAMMOND,2026-08-16,2026-07-29T16:00:05+09:00,2026-07-31T08:00:06+09:00,40,available,available,21780,,0,0,same_price_available,noise,assumed_room_only,probable_two_person_standard_room,medium,medium,0.36,0,21780,false,inventory_dp_pressure_proxy
booking,JURIN,2026-08-16,2026-07-28T14:00:06+09:00,2026-07-31T16:00:06+09:00,74,available,available,30116,,8494,0.282,price_up_available,strong,assumed_room_only,confirmed_two_person_standard_room,high,high,1,1,38610,false,inventory_dp_pressure_proxy
booking,ＫＫＲ蔵王 白銀荘,2026-08-16,2026-07-29T14:00:04+09:00,2026-07-30T14:00:04+09:00,24,available,available,23700,23700,0,0,same_price_available,noise,assumed_room_only,probable_two_person_standard_room,medium,medium,0.36,0,23700,false,inventory_dp_pressure_proxy
booking,ONSEN & STAY OAKHILL,2026-08-16,2026-07-31T22:00:06+09:00,2026-08-01T22:00:06+09:00,24,available,available,20295,20295,0,0,same_price_available,noise,assumed_room_only,confirmed_two_person_standard_room,high,high,1,0,20295,false,inventory_dp_pressure_proxy
booking,おおみや旅館,2026-08-16,2026-07-30T22:00:06+09:00,2026-08-01T02:00:07+09:00,28,available,available,22440,22440,0,0,same_price_available,noise,assumed_room_only,confirmed_two_person_standard_room,high,high,1,0,22440,false,inventory_dp_pressure_proxy
booking,たかみや瑠璃倶楽,2026-08-16,2026-07-19T10:00:06+09:00,2026-07-24T20:00:06+09:00,130,available,available,24882,22394,-2488,-0.1,price_down_available,strong,assumed_room_only,confirmed_two_person_standard_room,high,high,1,-1,22394,false,inventory_dp_pressure_proxy
booking,ペンションぷうたろう,2026-08-16,2026-07-31T12:00:05+09:00,2026-08-01T16:00:05+09:00,28,available,available,16245,18050,1805,0.1111,price_up_available,strong,assumed_room_only,probable_two_person_standard_room,medium,medium,0.36,0.36,18050,false,inventory_dp_pressure_proxy
booking,ペンション木いちご,2026-08-16,2026-07-31T06:00:06+09:00,2026-08-01T14:00:07+09:00,32,available,available,14600,14600,0,0,same_price_available,noise,assumed_room_only,confirmed_two_person_standard_room,high,high,1,0,14600,false,inventory_dp_pressure_proxy
booking,ホテル松金屋アネックス,2026-08-16,2026-07-30T08:00:06+09:00,2026-08-01T00:00:02+09:00,40,sold_out,sold_out,,,,,not_comparable,none,assumed_room_only,unknown_room_basis,low,low,0,0,,false,inventory_dp_pressure_proxy
booking,ル・ベール蔵王,2026-08-16,2026-07-30T00:00:02+09:00,2026-07-31T10:00:06+09:00,34,available,available,43000,19785,-23215,-0.5399,price_down_available,strong,assumed_room_only,confirmed_two_person_standard_room,high,high,1,-1,19785,false,inventory_dp_pressure_proxy
booking,ロッジスガノ,2026-08-16,2026-07-02T18:00:06+09:00,2026-07-18T08:00:06+09:00,374,available,sold_out,22500,,0,0,sold_out_after_same_price,noise,assumed_room_only,probable_two_person_standard_room,medium,medium,0.36,0.36,22500,false,inventory_dp_pressure_proxy
booking,ロッジまつぽっくり,2026-08-16,2026-07-30T18:00:06+09:00,2026-07-31T20:00:06+09:00,26,available,available,,,,,not_comparable,none,assumed_room_only,excluded_family_or_suite_room,low,low,0,0,,false,inventory_dp_pressure_proxy
booking,吉田屋,2026-08-16,2026-07-31T02:00:06+09:00,2026-08-01T12:00:07+09:00,34,available,available,18533,18533,0,0,same_price_available,noise,assumed_room_only,confirmed_two_person_standard_room,high,high,1,0,18533,false,inventory_dp_pressure_proxy
booking,名湯リゾート ルーセントタカミヤ,2026-08-16,2026-07-30T02:00:06+09:00,2026-07-31T14:00:06+09:00,36,available,available,22394,22394,0,0,same_price_available,noise,assumed_room_only,confirmed_two_person_standard_room,high,high,1,0,22394,false,inventory_dp_pressure_proxy
booking,名湯舎 創,2026-08-16,2026-07-31T18:00:05+09:00,2026-08-02T02:00:05+09:00,32,available,available,,,,,unknown,none,assumed_room_only,confirmed_two_person_standard_room,high,high,1,0,23166,false,inventory_dp_pressure_proxy
booking,松尾ハウス,2026-08-16,2026-07-23T10:00:03+09:00,2026-07-24T18:00:06+09:00,32,available,available,11000,11000,0,0,same_price_available,noise,assumed_room_only,confirmed_two_person_standard_room,high,high,1,0,11000,false,inventory_dp_pressure_proxy
booking,深山荘 高見屋,2026-08-16,2026-07-19T18:00:06+09:00,2026-07-20T20:00:06+09:00,26,available,available,72600,53035,-19565,-0.2695,price_down_available,strong,assumed_room_only,confirmed_two_person_standard_room,high,high,1,-1,53035,false,inventory_dp_pressure_proxy
booking,源泉湯宿 蔵王プラザホテル,2026-08-16,2026-07-25T14:00:06+09:00,2026-07-27T14:00:05+09:00,48,available,available,30800,30800,0,0,same_price_available,noise,assumed_room_only,probable_two_person_standard_room,medium,medium,0.36,0,30800,false,inventory_dp_pressure_proxy
booking,蔵王・和歌（うた）の宿 わかまつや,2026-08-16,2026-07-19T20:00:05+09:00,2026-07-21T08:00:06+09:00,36,available,available,24864,42840,17976,0.723,price_up_available,strong,assumed_room_only,confirmed_two_person_standard_room,high,high,1,1,42840,false,inventory_dp_pressure_proxy
booking,蔵王四季のホテル,2026-08-16,2026-07-22T04:00:07+09:00,2026-07-26T04:00:06+09:00,96,available,available,38500,,0,0,same_price_available,noise,assumed_room_only,confirmed_two_person_standard_room,high,high,1,0,38500,false,inventory_dp_pressure_proxy
booking,蔵王国際ホテル,2026-08-16,2026-07-25T02:00:06+09:00,2026-07-26T20:00:06+09:00,42,available,available,35640,35640,0,0,same_price_available,noise,assumed_room_only,confirmed_two_person_standard_room,high,high,1,0,35640,false,inventory_dp_pressure_proxy
booking,蔵王温泉 高砂屋旅館,2026-08-16,2026-07-19T06:00:06+09:00,2026-07-21T04:00:06+09:00,46,available,available,18000,18000,0,0,same_price_available,noise,assumed_room_only,confirmed_two_person_standard_room,high,high,1,0,18000,false,inventory_dp_pressure_proxy
jalan,ONSEN & STAY OAKHILL,2026-08-16,,2026-07-18T22:00:06+09:00,,unknown,available,,,,,not_comparable,none,unknown_meal_basis,unknown_room_basis,low,low,0,0,,false,inventory_dp_pressure_proxy
jalan,たかみや瑠璃倶楽,2026-08-16,2026-07-15T14:00:06+09:00,2026-07-16T20:00:06+09:00,30,available,available,,,,,not_comparable,none,unknown_meal_basis,unknown_room_basis,low,low,0,0,,false,inventory_dp_pressure_proxy
jalan,深山荘 高見屋,2026-08-16,2026-07-13T06:00:06+09:00,2026-07-15T18:00:06+09:00,60,available,available,,,,,not_comparable,none,unknown_meal_basis,unknown_room_basis,low,low,0,0,,false,inventory_dp_pressure_proxy
jalan,蔵王四季のホテル,2026-08-16,2026-07-11T18:00:05+09:00,2026-07-13T12:00:06+09:00,42,available,available,,,,,not_comparable,none,unknown_meal_basis,unknown_room_basis,low,low,0,0,,false,inventory_dp_pressure_proxy
jalan,蔵王国際ホテル,2026-08-16,2026-07-15T16:00:06+09:00,2026-07-19T08:00:06+09:00,88,available,available,,,,,not_comparable,none,confirmed_room_only,excluded_family_or_suite_room,low,low,0,0,,false,inventory_dp_pressure_proxy
booking,HAMMOND,2026-08-17,2026-07-29T18:00:06+09:00,2026-07-31T06:00:06+09:00,36,available,available,21780,,0,0,same_price_available,noise,assumed_room_only,confirmed_two_person_standard_room,high,high,1,0,21780,false,inventory_dp_pressure_proxy
booking,JURIN,2026-08-17,2026-07-31T18:00:05+09:00,2026-08-02T02:00:05+09:00,32,available,available,30116,30116,0,0,same_price_available,noise,assumed_room_only,confirmed_two_person_standard_room,high,high,1,0,30116,false,inventory_dp_pressure_proxy
booking,ＫＫＲ蔵王 白銀荘,2026-08-17,2026-07-28T12:00:06+09:00,2026-07-30T16:00:06+09:00,52,available,available,23700,23700,0,0,same_price_available,noise,assumed_room_only,probable_two_person_standard_room,medium,medium,0.36,0,23700,false,inventory_dp_pressure_proxy
booking,ONSEN & STAY OAKHILL,2026-08-17,2026-07-30T20:00:06+09:00,2026-08-01T10:00:08+09:00,38,available,available,20295,20295,0,0,same_price_available,noise,assumed_room_only,confirmed_two_person_standard_room,high,high,1,0,20295,false,inventory_dp_pressure_proxy
booking,おおみや旅館,2026-08-17,2026-07-30T22:00:06+09:00,2026-08-01T00:00:02+09:00,26,available,available,29040,29040,0,0,same_price_available,noise,assumed_room_only,confirmed_two_person_standard_room,high,high,1,0,29040,false,inventory_dp_pressure_proxy
booking,たかみや瑠璃倶楽,2026-08-17,2026-07-23T20:00:06+09:00,2026-07-28T14:00:06+09:00,114,available,available,24882,22394,-2488,-0.1,price_down_available,strong,assumed_room_only,confirmed_two_person_standard_room,high,high,1,-1,22394,false,inventory_dp_pressure_proxy
booking,ペンションぷうたろう,2026-08-17,2026-07-31T14:00:06+09:00,2026-08-01T20:00:06+09:00,30,available,available,16245,16245,0,0,same_price_available,noise,assumed_room_only,probable_two_person_standard_room,medium,medium,0.36,0,16245,false,inventory_dp_pressure_proxy
booking,ペンション木いちご,2026-08-17,2026-07-30T12:00:06+09:00,2026-07-31T12:00:05+09:00,24,available,available,14600,14600,0,0,same_price_available,noise,assumed_room_only,confirmed_two_person_standard_room,high,high,1,0,14600,false,inventory_dp_pressure_proxy
booking,ホテル松金屋アネックス,2026-08-17,2026-07-30T08:00:06+09:00,2026-07-31T16:00:06+09:00,32,unknown,unknown,,,,,not_comparable,none,assumed_room_only,unknown_room_basis,low,low,0,0,,false,inventory_dp_pressure_proxy
booking,ル・ベール蔵王,2026-08-17,2026-07-30T02:00:06+09:00,2026-07-31T10:00:06+09:00,32,available,available,26358,26864,506,0.0192,noise,noise,assumed_room_only,confirmed_two_person_standard_room,high,high,1,0,26864,false,inventory_dp_pressure_proxy
booking,ロッジスガノ,2026-08-17,2026-07-18T06:00:05+09:00,2026-08-01T04:00:07+09:00,334,sold_out,available,,24640,,,newly_available,none,assumed_room_only,confirmed_two_person_standard_room,high,high,1,-0.5,24640,false,inventory_dp_pressure_proxy
booking,ロッジまつぽっくり,2026-08-17,2026-07-31T02:00:06+09:00,2026-08-01T02:00:07+09:00,24,available,available,,,,,not_comparable,none,assumed_room_only,excluded_family_or_suite_room,low,low,0,0,,false,inventory_dp_pressure_proxy
booking,吉田屋,2026-08-17,2026-07-31T08:00:06+09:00,2026-08-01T22:00:06+09:00,38,available,available,18533,18533,0,0,same_price_available,noise,assumed_room_only,confirmed_two_person_standard_room,high,high,1,0,18533,false,inventory_dp_pressure_proxy
booking,名湯リゾート ルーセントタカミヤ,2026-08-17,2026-07-25T12:00:06+09:00,2026-07-31T20:00:06+09:00,152,available,available,23540,29700,6160,0.2617,price_up_available,strong,assumed_room_only,confirmed_two_person_standard_room,high,high,1,1,29700,false,inventory_dp_pressure_proxy
booking,名湯舎 創,2026-08-17,2026-07-30T10:00:06+09:00,2026-07-31T22:00:06+09:00,36,sold_out,sold_out,,,,,not_comparable,none,assumed_room_only,unknown_room_basis,low,low,0,0,,false,inventory_dp_pressure_proxy
booking,松尾ハウス,2026-08-17,2026-07-23T22:00:03+09:00,2026-07-24T22:00:06+09:00,24,available,available,11000,11000,0,0,same_price_available,noise,assumed_room_only,confirmed_two_person_standard_room,high,high,1,0,11000,false,inventory_dp_pressure_proxy
booking,深山荘 高見屋,2026-08-17,2026-07-20T02:00:06+09:00,2026-07-21T04:00:06+09:00,26,available,available,40943,,16477,0.4024,price_up_available,strong,assumed_room_only,confirmed_two_person_standard_room,high,high,1,1,57420,false,inventory_dp_pressure_proxy
booking,源泉湯宿 蔵王プラザホテル,2026-08-17,2026-07-24T04:00:05+09:00,2026-07-25T16:00:06+09:00,36,available,available,30800,30800,0,0,same_price_available,noise,assumed_room_only,probable_two_person_standard_room,medium,medium,0.36,0,30800,false,inventory_dp_pressure_proxy
booking,蔵王・和歌（うた）の宿 わかまつや,2026-08-17,2026-07-21T08:00:06+09:00,2026-07-24T14:00:05+09:00,78,available,available,27845,25390,-2455,-0.0882,price_down_available,strong,assumed_room_only,confirmed_two_person_standard_room,high,high,1,-1,25390,false,inventory_dp_pressure_proxy
booking,蔵王四季のホテル,2026-08-17,2026-07-26T08:00:03+09:00,2026-07-27T12:00:06+09:00,28,available,available,36300,36300,0,0,same_price_available,noise,assumed_room_only,confirmed_two_person_standard_room,high,high,1,0,36300,false,inventory_dp_pressure_proxy
booking,蔵王国際ホテル,2026-08-17,2026-07-25T04:00:06+09:00,2026-07-26T22:00:06+09:00,42,available,available,33000,33000,0,0,same_price_available,noise,assumed_room_only,confirmed_two_person_standard_room,high,high,1,0,33000,false,inventory_dp_pressure_proxy
booking,蔵王温泉 高砂屋旅館,2026-08-17,2026-07-19T08:00:06+09:00,2026-07-21T06:00:06+09:00,46,available,available,18000,18000,0,0,same_price_available,noise,assumed_room_only,confirmed_two_person_standard_room,high,high,1,0,18000,false,inventory_dp_pressure_proxy
jalan,ONSEN & STAY OAKHILL,2026-08-17,,2026-07-19T00:00:02+09:00,,unknown,available,,,,,not_comparable,none,unknown_meal_basis,unknown_room_basis,low,low,0,0,,false,inventory_dp_pressure_proxy
booking,HAMMOND,2026-08-18,2026-07-29T22:00:07+09:00,2026-07-31T06:00:06+09:00,32,available,available,21780,,0,0,same_price_available,noise,assumed_room_only,confirmed_two_person_standard_room,high,high,1,0,21780,false,inventory_dp_pressure_proxy
booking,JURIN,2026-08-18,2026-07-28T14:00:06+09:00,2026-07-29T20:00:08+09:00,30,available,available,30116,,0,0,same_price_available,noise,assumed_room_only,confirmed_two_person_standard_room,high,high,1,0,30116,false,inventory_dp_pressure_proxy
booking,ＫＫＲ蔵王 白銀荘,2026-08-18,2026-07-30T10:00:06+09:00,2026-07-31T10:00:06+09:00,24,available,available,23700,23700,0,0,same_price_available,noise,assumed_room_only,probable_two_person_standard_room,medium,medium,0.36,0,23700,false,inventory_dp_pressure_proxy
booking,ONSEN & STAY OAKHILL,2026-08-18,2026-07-29T14:00:04+09:00,2026-07-30T22:00:06+09:00,32,available,available,21871,,429,0.0196,noise,noise,assumed_room_only,confirmed_two_person_standard_room,high,high,1,0,22300,false,inventory_dp_pressure_proxy
booking,おおみや旅館,2026-08-18,2026-07-31T04:00:06+09:00,2026-08-01T04:00:07+09:00,24,available,available,22440,22440,0,0,same_price_available,noise,assumed_room_only,confirmed_two_person_standard_room,high,high,1,0,22440,false,inventory_dp_pressure_proxy
booking,たかみや瑠璃倶楽,2026-08-18,2026-07-19T12:00:03+09:00,2026-07-24T10:00:06+09:00,118,available,available,24882,19526,-5356,-0.2153,price_down_available,strong,assumed_room_only,confirmed_two_person_standard_room,high,high,1,-1,19526,false,inventory_dp_pressure_proxy
booking,ペンションぷうたろう,2026-08-18,2026-07-31T16:00:06+09:00,2026-08-01T22:00:06+09:00,30,available,available,16245,16245,0,0,same_price_available,noise,assumed_room_only,probable_two_person_standard_room,medium,medium,0.36,0,16245,false,inventory_dp_pressure_proxy
booking,ペンション木いちご,2026-08-18,2026-07-31T08:00:06+09:00,2026-08-02T02:00:05+09:00,42,available,available,14600,14600,0,0,same_price_available,noise,assumed_room_only,confirmed_two_person_standard_room,high,high,1,0,14600,false,inventory_dp_pressure_proxy
booking,ホテル松金屋アネックス,2026-08-18,2026-07-30T04:00:06+09:00,2026-08-01T02:00:07+09:00,46,unknown,unknown,,,,,not_comparable,none,assumed_room_only,unknown_room_basis,low,low,0,0,,false,inventory_dp_pressure_proxy
booking,ル・ベール蔵王,2026-08-18,2026-07-30T02:00:06+09:00,2026-07-31T14:00:06+09:00,36,available,available,27583,36000,8417,0.3052,price_up_available,strong,assumed_room_only,confirmed_two_person_standard_room,high,high,1,1,36000,false,inventory_dp_pressure_proxy
booking,ロッジまつぽっくり,2026-08-18,2026-07-30T14:00:04+09:00,2026-07-31T22:00:06+09:00,32,available,available,,,,,not_comparable,none,assumed_room_only,excluded_family_or_suite_room,low,low,0,0,,false,inventory_dp_pressure_proxy
booking,吉田屋,2026-08-18,2026-07-30T18:00:06+09:00,2026-08-01T16:00:05+09:00,46,available,available,18810,18533,-277,-0.0147,noise,noise,assumed_room_only,confirmed_two_person_standard_room,high,high,1,0,18533,false,inventory_dp_pressure_proxy
booking,名湯リゾート ルーセントタカミヤ,2026-08-18,2026-07-31T12:00:05+09:00,2026-08-01T14:00:07+09:00,26,available,available,25740,25740,0,0,same_price_available,noise,assumed_room_only,confirmed_two_person_standard_room,high,high,1,0,25740,false,inventory_dp_pressure_proxy
booking,名湯舎 創,2026-08-18,2026-07-30T12:00:06+09:00,2026-08-01T00:00:02+09:00,36,sold_out,sold_out,,,,,not_comparable,none,assumed_room_only,unknown_room_basis,low,low,0,0,,false,inventory_dp_pressure_proxy
booking,松尾ハウス,2026-08-18,2026-07-23T22:00:03+09:00,2026-07-25T16:00:06+09:00,42,available,available,11000,11000,0,0,same_price_available,noise,assumed_room_only,confirmed_two_person_standard_room,high,high,1,0,11000,false,inventory_dp_pressure_proxy
booking,深山荘 高見屋,2026-08-18,,2026-07-20T08:00:06+09:00,,unknown,available,,37541,,,unknown,none,assumed_room_only,confirmed_two_person_standard_room,high,high,1,0,37541,false,inventory_dp_pressure_proxy
booking,源泉湯宿 蔵王プラザホテル,2026-08-18,2026-07-25T18:00:06+09:00,2026-07-27T12:00:06+09:00,42,available,available,30800,30800,0,0,same_price_available,noise,assumed_room_only,probable_two_person_standard_room,medium,medium,0.36,0,30800,false,inventory_dp_pressure_proxy
booking,蔵王・和歌（うた）の宿 わかまつや,2026-08-18,2026-07-21T06:00:06+09:00,2026-07-24T16:00:06+09:00,82,available,available,25350,25390,40,0.0016,noise,noise,assumed_room_only,confirmed_two_person_standard_room,high,high,1,0,25390,false,inventory_dp_pressure_proxy
booking,蔵王四季のホテル,2026-08-18,2026-07-26T06:00:05+09:00,2026-07-27T06:00:06+09:00,24,available,available,,,,,not_comparable,none,assumed_room_only,excluded_family_or_suite_room,low,low,0,0,,false,inventory_dp_pressure_proxy
booking,蔵王国際ホテル,2026-08-18,2026-07-25T06:00:06+09:00,2026-07-26T14:00:06+09:00,32,available,available,33000,33000,0,0,same_price_available,noise,assumed_room_only,confirmed_two_person_standard_room,high,high,1,0,33000,false,inventory_dp_pressure_proxy
booking,蔵王温泉 高砂屋旅館,2026-08-18,2026-07-19T10:00:06+09:00,2026-07-21T08:00:06+09:00,46,sold_out,sold_out,,,,,not_comparable,none,assumed_room_only,unknown_room_basis,low,low,0,0,,false,inventory_dp_pressure_proxy
jalan,ONSEN & STAY OAKHILL,2026-08-18,,2026-07-19T16:00:00+09:00,,unknown,available,,,,,not_comparable,none,unknown_meal_basis,unknown_room_basis,low,low,0,0,,false,inventory_dp_pressure_proxy
jalan,蔵王温泉 高砂屋旅館,2026-08-18,,2026-07-20T22:00:06+09:00,,unknown,sold_out,,,,,not_comparable,none,unknown_meal_basis,unknown_room_basis,low,low,0,0,,false,inventory_dp_pressure_proxy
booking,HAMMOND,2026-08-19,2026-07-31T04:00:06+09:00,2026-08-01T12:00:07+09:00,32,available,available,21780,21780,0,0,same_price_available,noise,assumed_room_only,confirmed_two_person_standard_room,high,high,1,0,21780,false,inventory_dp_pressure_proxy
booking,JURIN,2026-08-19,2026-07-30T02:00:06+09:00,2026-07-31T20:00:06+09:00,42,available,available,30116,30116,0,0,same_price_available,noise,assumed_room_only,confirmed_two_person_standard_room,high,high,1,0,30116,false,inventory_dp_pressure_proxy
booking,ＫＫＲ蔵王 白銀荘,2026-08-19,2026-07-28T20:00:06+09:00,2026-07-30T04:00:06+09:00,32,available,available,23700,23700,0,0,same_price_available,noise,assumed_room_only,probable_two_person_standard_room,medium,medium,0.36,0,23700,false,inventory_dp_pressure_proxy
booking,ONSEN & STAY OAKHILL,2026-08-19,2026-07-31T14:00:06+09:00,2026-08-01T16:00:05+09:00,26,available,available,20295,20295,0,0,same_price_available,noise,assumed_room_only,confirmed_two_person_standard_room,high,high,1,0,20295,false,inventory_dp_pressure_proxy
booking,おおみや旅館,2026-08-19,2026-07-31T02:00:06+09:00,2026-08-01T04:00:07+09:00,26,available,available,29040,29040,0,0,same_price_available,noise,assumed_room_only,confirmed_two_person_standard_room,high,high,1,0,29040,false,inventory_dp_pressure_proxy
booking,たかみや瑠璃倶楽,2026-08-19,2026-07-22T22:00:06+09:00,2026-07-24T08:00:06+09:00,34,available,available,22394,22394,0,0,same_price_available,noise,assumed_room_only,confirmed_two_person_standard_room,high,high,1,0,22394,false,inventory_dp_pressure_proxy
booking,ペンションぷうたろう,2026-08-19,2026-07-31T18:00:05+09:00,2026-08-02T02:00:05+09:00,32,available,available,16245,16245,0,0,same_price_available,noise,assumed_room_only,confirmed_two_person_standard_room,high,high,1,0,16245,false,inventory_dp_pressure_proxy
booking,ペンション木いちご,2026-08-19,2026-07-31T10:00:06+09:00,2026-08-01T10:00:08+09:00,24,available,available,14600,14600,0,0,same_price_available,noise,assumed_room_only,confirmed_two_person_standard_room,high,high,1,0,14600,false,inventory_dp_pressure_proxy
booking,ホテル松金屋アネックス,2026-08-19,2026-07-30T10:00:06+09:00,2026-08-01T02:00:07+09:00,40,sold_out,sold_out,,,,,not_comparable,none,assumed_room_only,unknown_room_basis,low,low,0,0,,false,inventory_dp_pressure_proxy
booking,ル・ベール蔵王,2026-08-19,2026-07-29T20:00:08+09:00,2026-07-31T16:00:06+09:00,44,available,available,36000,20577,-15423,-0.4284,price_down_available,strong,assumed_room_only,confirmed_two_person_standard_room,high,high,1,-1,20577,false,inventory_dp_pressure_proxy
booking,ロッジスガノ,2026-08-19,,2026-07-30T18:00:06+09:00,,unknown,available,,24640,,,unknown,none,assumed_room_only,confirmed_two_person_standard_room,high,high,1,0,24640,false,inventory_dp_pressure_proxy
booking,ロッジまつぽっくり,2026-08-19,2026-07-30T20:00:06+09:00,2026-08-01T00:00:02+09:00,28,sold_out,sold_out,,,,,not_comparable,none,assumed_room_only,unknown_room_basis,low,low,0,0,,false,inventory_dp_pressure_proxy
booking,吉田屋,2026-08-19,2026-07-31T08:00:06+09:00,2026-08-01T20:00:06+09:00,36,available,available,18533,18533,0,0,same_price_available,noise,assumed_room_only,confirmed_two_person_standard_room,high,high,1,0,18533,false,inventory_dp_pressure_proxy
booking,名湯リゾート ルーセントタカミヤ,2026-08-19,2026-07-31T22:00:06+09:00,2026-08-01T22:00:06+09:00,24,available,available,19305,19305,0,0,same_price_available,noise,assumed_room_only,confirmed_two_person_standard_room,high,high,1,0,19305,false,inventory_dp_pressure_proxy
booking,名湯舎 創,2026-08-19,2026-07-30T12:00:06+09:00,2026-07-31T12:00:05+09:00,24,available,available,,,,,not_comparable,none,assumed_room_only,excluded_family_or_suite_room,low,low,0,0,,false,inventory_dp_pressure_proxy
booking,松尾ハウス,2026-08-19,2026-07-23T18:00:06+09:00,2026-07-25T16:00:06+09:00,46,available,available,11000,11000,0,0,same_price_available,noise,assumed_room_only,confirmed_two_person_standard_room,high,high,1,0,11000,false,inventory_dp_pressure_proxy
booking,深山荘 高見屋,2026-08-19,2026-07-20T00:00:06+09:00,2026-07-21T02:00:06+09:00,26,available,available,38796,53460,14664,0.378,price_up_available,strong,assumed_room_only,probable_two_person_standard_room,medium,medium,0.36,0.36,53460,false,inventory_dp_pressure_proxy
booking,源泉湯宿 蔵王プラザホテル,2026-08-19,2026-07-25T18:00:06+09:00,2026-07-27T10:00:02+09:00,40,available,available,30800,30800,0,0,same_price_available,noise,assumed_room_only,probable_two_person_standard_room,medium,medium,0.36,0,30800,false,inventory_dp_pressure_proxy
booking,蔵王・和歌（うた）の宿 わかまつや,2026-08-19,2026-07-20T04:00:06+09:00,2026-07-21T10:00:07+09:00,30,available,available,28408,28609,201,0.0071,noise,noise,assumed_room_only,confirmed_two_person_standard_room,high,high,1,0,28609,false,inventory_dp_pressure_proxy
booking,蔵王四季のホテル,2026-08-19,2026-07-22T08:00:03+09:00,2026-07-26T18:00:04+09:00,106,available,available,36300,,0,0,same_price_available,noise,assumed_room_only,confirmed_two_person_standard_room,high,high,1,0,36300,false,inventory_dp_pressure_proxy
booking,蔵王国際ホテル,2026-08-19,2026-07-25T06:00:06+09:00,2026-07-26T22:00:06+09:00,40,available,available,33000,33000,0,0,same_price_available,noise,assumed_room_only,confirmed_two_person_standard_room,high,high,1,0,33000,false,inventory_dp_pressure_proxy
booking,蔵王温泉 高砂屋旅館,2026-08-19,,2026-07-21T08:00:06+09:00,,unknown,sold_out,,,,,not_comparable,none,assumed_room_only,unknown_room_basis,low,low,0,0,,false,inventory_dp_pressure_proxy
jalan,蔵王温泉 高砂屋旅館,2026-08-19,,2026-07-20T22:00:06+09:00,,unknown,sold_out,,,,,not_comparable,none,unknown_meal_basis,unknown_room_basis,low,low,0,0,,false,inventory_dp_pressure_proxy
booking,HAMMOND,2026-08-20,2026-07-31T04:00:06+09:00,2026-08-01T14:00:07+09:00,34,available,available,21780,21780,0,0,same_price_available,noise,assumed_room_only,probable_two_person_standard_room,medium,medium,0.36,0,21780,false,inventory_dp_pressure_proxy
booking,JURIN,2026-08-20,2026-07-30T00:00:02+09:00,2026-07-31T22:00:06+09:00,46,available,available,30116,30116,0,0,same_price_available,noise,assumed_room_only,confirmed_two_person_standard_room,high,high,1,0,30116,false,inventory_dp_pressure_proxy
booking,ＫＫＲ蔵王 白銀荘,2026-08-20,2026-07-28T22:00:03+09:00,2026-07-30T18:00:06+09:00,44,available,available,23700,23700,0,0,same_price_available,noise,assumed_room_only,probable_two_person_standard_room,medium,medium,0.36,0,23700,false,inventory_dp_pressure_proxy
booking,ONSEN & STAY OAKHILL,2026-08-20,2026-07-30T22:00:06+09:00,2026-08-01T12:00:07+09:00,38,available,available,22550,20295,-2255,-0.1,price_down_available,strong,assumed_room_only,confirmed_two_person_standard_room,high,high,1,-1,20295,false,inventory_dp_pressure_proxy
booking,おおみや旅館,2026-08-20,2026-07-31T02:00:06+09:00,2026-08-01T08:00:07+09:00,30,available,available,22440,22440,0,0,same_price_available,noise,assumed_room_only,confirmed_two_person_standard_room,high,high,1,0,22440,false,inventory_dp_pressure_proxy
booking,たかみや瑠璃倶楽,2026-08-20,2026-07-23T22:00:03+09:00,2026-07-25T06:00:06+09:00,32,available,available,22394,22394,0,0,same_price_available,noise,assumed_room_only,confirmed_two_person_standard_room,high,high,1,0,22394,false,inventory_dp_pressure_proxy
booking,ペンションぷうたろう,2026-08-20,2026-07-31T12:00:05+09:00,2026-08-02T02:00:05+09:00,38,available,available,16245,16245,0,0,same_price_available,noise,assumed_room_only,confirmed_two_person_standard_room,high,high,1,0,16245,false,inventory_dp_pressure_proxy
booking,ペンション木いちご,2026-08-20,2026-07-31T14:00:06+09:00,2026-08-01T20:00:06+09:00,30,available,available,14600,14600,0,0,same_price_available,noise,assumed_room_only,confirmed_two_person_standard_room,high,high,1,0,14600,false,inventory_dp_pressure_proxy
booking,ホテル松金屋アネックス,2026-08-20,2026-07-30T20:00:06+09:00,2026-08-01T04:00:07+09:00,32,sold_out,sold_out,,,,,not_comparable,none,assumed_room_only,unknown_room_basis,low,low,0,0,,false,inventory_dp_pressure_proxy
booking,ル・ベール蔵王,2026-08-20,2026-07-30T04:00:06+09:00,2026-07-31T16:00:06+09:00,36,available,available,27898,20577,-7321,-0.2624,price_down_available,strong,assumed_room_only,confirmed_two_person_standard_room,high,high,1,-1,20577,false,inventory_dp_pressure_proxy
booking,ロッジスガノ,2026-08-20,,2026-07-31T20:00:06+09:00,,unknown,available,,24640,,,unknown,none,assumed_room_only,confirmed_two_person_standard_room,high,high,1,0,24640,false,inventory_dp_pressure_proxy
booking,ロッジまつぽっくり,2026-08-20,2026-07-30T16:00:06+09:00,2026-08-01T00:00:02+09:00,32,sold_out,sold_out,,,,,not_comparable,none,assumed_room_only,unknown_room_basis,low,low,0,0,,false,inventory_dp_pressure_proxy
booking,吉田屋,2026-08-20,2026-07-31T10:00:06+09:00,2026-08-01T22:00:06+09:00,36,available,available,20592,18533,-2059,-0.1,price_down_available,strong,assumed_room_only,confirmed_two_person_standard_room,high,high,1,-1,18533,false,inventory_dp_pressure_proxy
booking,名湯リゾート ルーセントタカミヤ,2026-08-20,2026-07-30T10:00:06+09:00,2026-07-31T18:00:05+09:00,32,available,available,19305,19305,0,0,same_price_available,noise,assumed_room_only,confirmed_two_person_standard_room,high,high,1,0,19305,false,inventory_dp_pressure_proxy
booking,名湯舎 創,2026-08-20,2026-07-30T14:00:04+09:00,2026-08-01T02:00:07+09:00,36,available,available,,,,,not_comparable,none,assumed_room_only,excluded_family_or_suite_room,low,low,0,0,,false,inventory_dp_pressure_proxy
booking,松尾ハウス,2026-08-20,2026-07-24T04:00:05+09:00,2026-07-26T12:00:06+09:00,56,available,available,11000,11000,0,0,same_price_available,noise,assumed_room_only,confirmed_two_person_standard_room,high,high,1,0,11000,false,inventory_dp_pressure_proxy
booking,源泉湯宿 蔵王プラザホテル,2026-08-20,2026-07-26T08:00:03+09:00,2026-07-28T04:00:05+09:00,44,available,available,30800,30800,0,0,same_price_available,noise,assumed_room_only,probable_two_person_standard_room,medium,medium,0.36,0,30800,false,inventory_dp_pressure_proxy
booking,蔵王・和歌（うた）の宿 わかまつや,2026-08-20,,2026-07-21T12:00:06+09:00,,unknown,available,,24867,,,unknown,none,assumed_room_only,confirmed_two_person_standard_room,high,high,1,0,24867,false,inventory_dp_pressure_proxy
booking,蔵王四季のホテル,2026-08-20,2026-07-24T22:00:06+09:00,2026-07-27T02:00:06+09:00,52,available,available,,38500,,,unknown,none,assumed_room_only,confirmed_two_person_standard_room,high,high,1,0,38500,false,inventory_dp_pressure_proxy
booking,蔵王国際ホテル,2026-08-20,2026-07-27T16:00:06+09:00,2026-07-30T12:00:06+09:00,68,available,available,33000,33000,0,0,same_price_available,noise,assumed_room_only,confirmed_two_person_standard_room,high,high,1,0,33000,false,inventory_dp_pressure_proxy
booking,蔵王温泉 高砂屋旅館,2026-08-20,,2026-07-21T10:00:07+09:00,,unknown,sold_out,,,,,not_comparable,none,assumed_room_only,unknown_room_basis,low,low,0,0,,false,inventory_dp_pressure_proxy
jalan,名湯舎 創,2026-08-20,,2026-07-22T18:00:06+09:00,,unknown,available,,,,,not_comparable,none,meal_included,unknown_room_basis,low,low,0,0,,false,inventory_dp_pressure_proxy
jalan,蔵王温泉 高砂屋旅館,2026-08-20,,2026-07-21T14:00:05+09:00,,unknown,sold_out,,,,,not_comparable,none,unknown_meal_basis,unknown_room_basis,low,low,0,0,,false,inventory_dp_pressure_proxy
booking,HAMMOND,2026-08-21,2026-07-31T10:00:06+09:00,2026-08-01T14:00:07+09:00,28,available,available,18437,18464,27,0.0015,noise,noise,assumed_room_only,confirmed_two_person_standard_room,high,high,1,0,18464,false,inventory_dp_pressure_proxy
booking,JURIN,2026-08-21,2026-07-28T20:00:06+09:00,2026-07-31T22:00:06+09:00,74,available,available,30116,30116,0,0,same_price_available,noise,assumed_room_only,confirmed_two_person_standard_room,high,high,1,0,30116,false,inventory_dp_pressure_proxy
booking,ＫＫＲ蔵王 白銀荘,2026-08-21,2026-07-28T22:00:03+09:00,2026-07-30T18:00:06+09:00,44,available,available,23700,23700,0,0,same_price_available,noise,assumed_room_only,probable_two_person_standard_room,medium,medium,0.36,0,23700,false,inventory_dp_pressure_proxy
booking,ONSEN & STAY OAKHILL,2026-08-21,2026-07-31T02:00:06+09:00,2026-08-01T12:00:07+09:00,34,available,available,20295,20295,0,0,same_price_available,noise,assumed_room_only,confirmed_two_person_standard_room,high,high,1,0,20295,false,inventory_dp_pressure_proxy
booking,おおみや旅館,2026-08-21,2026-07-31T06:00:06+09:00,2026-08-01T20:00:06+09:00,38,available,available,25080,25080,0,0,same_price_available,noise,assumed_room_only,confirmed_two_person_standard_room,high,high,1,0,25080,false,inventory_dp_pressure_proxy
booking,たかみや瑠璃倶楽,2026-08-21,2026-07-25T06:00:06+09:00,2026-07-30T16:00:06+09:00,130,available,available,22394,24882,2488,0.1111,price_up_available,strong,assumed_room_only,confirmed_two_person_standard_room,high,high,1,1,24882,false,inventory_dp_pressure_proxy
booking,ペンションぷうたろう,2026-08-21,2026-07-29T12:00:06+09:00,2026-08-01T00:00:02+09:00,60,available,available,16245,16245,0,0,same_price_available,noise,assumed_room_only,probable_two_person_standard_room,medium,medium,0.36,0,16245,false,inventory_dp_pressure_proxy
booking,ペンション木いちご,2026-08-21,2026-07-29T08:00:06+09:00,2026-07-31T16:00:06+09:00,56,available,available,14600,14600,0,0,same_price_available,noise,assumed_room_only,confirmed_two_person_standard_room,high,high,1,0,14600,false,inventory_dp_pressure_proxy
booking,ホテル松金屋アネックス,2026-08-21,2026-07-30T10:00:06+09:00,2026-08-01T08:00:07+09:00,46,sold_out,sold_out,,,,,not_comparable,none,assumed_room_only,unknown_room_basis,low,low,0,0,,false,inventory_dp_pressure_proxy
booking,ル・ベール蔵王,2026-08-21,2026-07-30T08:00:06+09:00,2026-07-31T18:00:05+09:00,34,available,available,36000,21471,-14529,-0.4036,price_down_available,strong,assumed_room_only,confirmed_two_person_standard_room,high,high,1,-1,21471,false,inventory_dp_pressure_proxy
booking,ロッジスガノ,2026-08-21,2026-07-31T14:00:06+09:00,2026-08-01T22:00:06+09:00,32,available,available,24640,24640,0,0,same_price_available,noise,assumed_room_only,confirmed_two_person_standard_room,high,high,1,0,24640,false,inventory_dp_pressure_proxy
booking,ロッジまつぽっくり,2026-08-21,2026-07-30T20:00:06+09:00,2026-08-01T04:00:07+09:00,32,sold_out,sold_out,,,,,not_comparable,none,assumed_room_only,unknown_room_basis,low,low,0,0,,false,inventory_dp_pressure_proxy
booking,吉田屋,2026-08-21,2026-07-31T12:00:05+09:00,2026-08-02T02:00:05+09:00,38,available,available,18533,18533,0,0,same_price_available,noise,assumed_room_only,confirmed_two_person_standard_room,high,high,1,0,18533,false,inventory_dp_pressure_proxy
booking,名湯リゾート ルーセントタカミヤ,2026-08-21,2026-07-30T14:00:04+09:00,2026-07-31T20:00:06+09:00,30,available,available,24882,22394,-2488,-0.1,price_down_available,strong,assumed_room_only,confirmed_two_person_standard_room,high,high,1,-1,22394,false,inventory_dp_pressure_proxy
booking,名湯舎 創,2026-08-21,2026-07-16T14:00:05+09:00,2026-07-17T16:00:05+09:00,26,available,available,21450,,0,0,same_price_available,noise,assumed_room_only,probable_two_person_standard_room,medium,medium,0.36,0,21450,false,inventory_dp_pressure_proxy
booking,松尾ハウス,2026-08-21,2026-07-24T10:00:06+09:00,2026-07-25T14:00:06+09:00,28,available,available,11500,11500,0,0,same_price_available,noise,assumed_room_only,confirmed_two_person_standard_room,high,high,1,0,11500,false,inventory_dp_pressure_proxy
booking,源泉湯宿 蔵王プラザホテル,2026-08-21,2026-07-24T08:00:06+09:00,2026-07-27T00:00:01+09:00,64,available,available,30800,30800,0,0,same_price_available,noise,assumed_room_only,probable_two_person_standard_room,medium,medium,0.36,0,30800,false,inventory_dp_pressure_proxy
booking,蔵王・和歌（うた）の宿 わかまつや,2026-08-21,2026-07-19T18:00:06+09:00,2026-07-24T12:00:06+09:00,114,available,available,32972,28538,-4434,-0.1345,price_down_available,strong,assumed_room_only,confirmed_two_person_standard_room,high,high,1,-1,28538,false,inventory_dp_pressure_proxy
booking,蔵王四季のホテル,2026-08-21,2026-07-25T12:00:06+09:00,2026-07-26T22:00:06+09:00,34,available,available,35200,35200,0,0,same_price_available,noise,assumed_room_only,confirmed_two_person_standard_room,high,high,1,0,35200,false,inventory_dp_pressure_proxy
booking,蔵王国際ホテル,2026-08-21,2026-07-27T20:00:05+09:00,2026-07-29T20:00:08+09:00,48,available,available,33000,33000,0,0,same_price_available,noise,assumed_room_only,confirmed_two_person_standard_room,high,high,1,0,33000,false,inventory_dp_pressure_proxy
jalan,HAMMOND,2026-08-21,2026-07-19T14:00:06+09:00,2026-07-21T18:00:06+09:00,52,available,available,,,,,not_comparable,none,confirmed_room_only,excluded_large_room,low,low,0,0,,false,inventory_dp_pressure_proxy
jalan,JURIN,2026-08-21,2026-07-20T06:00:06+09:00,2026-07-21T08:00:06+09:00,26,available,unavailable,,,,,not_comparable,none,unknown_meal_basis,unknown_room_basis,low,low,0,0,,false,inventory_dp_pressure_proxy
jalan,ONSEN & STAY OAKHILL,2026-08-21,2026-07-18T20:00:06+09:00,2026-07-19T20:00:05+09:00,24,available,available,,,,,not_comparable,none,unknown_meal_basis,unknown_room_basis,low,low,0,0,,false,inventory_dp_pressure_proxy
jalan,おおみや旅館,2026-08-21,2026-07-20T16:00:06+09:00,2026-07-21T16:00:06+09:00,24,available,available,,,,,not_comparable,none,confirmed_room_only,excluded_large_room,low,low,0,0,,false,inventory_dp_pressure_proxy
jalan,ホテル松金屋アネックス,2026-08-21,2026-07-20T12:00:05+09:00,2026-07-21T12:00:06+09:00,24,available,sold_out,,,,,not_comparable,none,unknown_meal_basis,unknown_room_basis,low,low,0,0,,false,inventory_dp_pressure_proxy
jalan,ル・ベール蔵王,2026-08-21,2026-07-20T04:00:06+09:00,2026-07-21T06:00:06+09:00,26,available,available,,,,,not_comparable,none,confirmed_room_only,unknown_room_basis,low,low,0,0,,false,inventory_dp_pressure_proxy
jalan,吉田屋,2026-08-21,2026-07-20T02:00:06+09:00,2026-07-21T04:00:06+09:00,26,available,available,,,,,not_comparable,none,confirmed_room_only,unknown_room_basis,low,low,0,0,,false,inventory_dp_pressure_proxy
jalan,名湯舎 創,2026-08-21,,2026-07-22T22:00:06+09:00,,unknown,available,,,,,not_comparable,none,confirmed_room_only,excluded_large_room,low,low,0,0,,false,inventory_dp_pressure_proxy
jalan,源泉湯宿 蔵王プラザホテル,2026-08-21,2026-07-19T16:00:00+09:00,2026-07-21T22:00:06+09:00,54,available,available,,,,,not_comparable,none,meal_included,unknown_room_basis,low,low,0,0,,false,inventory_dp_pressure_proxy
jalan,蔵王・和歌（うた）の宿 わかまつや,2026-08-21,2026-07-20T08:00:06+09:00,2026-07-21T10:00:07+09:00,26,available,available,,,,,not_comparable,none,unknown_meal_basis,unknown_room_basis,low,low,0,0,,false,inventory_dp_pressure_proxy
jalan,蔵王アストリアホテル,2026-08-21,2026-07-15T08:00:07+09:00,2026-07-17T02:00:06+09:00,42,available,available,,,,,not_comparable,none,unknown_meal_basis,unknown_room_basis,low,low,0,0,,false,inventory_dp_pressure_proxy
booking,HAMMOND,2026-08-22,2026-07-31T10:00:06+09:00,2026-08-01T20:00:06+09:00,34,available,available,24221,28215,3994,0.1649,price_up_available,strong,assumed_room_only,confirmed_two_person_standard_room,high,high,1,1,28215,false,inventory_dp_pressure_proxy
booking,JURIN,2026-08-22,2026-07-30T08:00:06+09:00,2026-08-01T02:00:07+09:00,42,available,available,34749,34749,0,0,same_price_available,noise,assumed_room_only,confirmed_two_person_standard_room,high,high,1,0,34749,false,inventory_dp_pressure_proxy
booking,ＫＫＲ蔵王 白銀荘,2026-08-22,2026-07-29T12:00:06+09:00,2026-07-30T20:00:06+09:00,32,available,available,27700,27700,0,0,same_price_available,noise,assumed_room_only,probable_two_person_standard_room,medium,medium,0.36,0,27700,false,inventory_dp_pressure_proxy
booking,ONSEN & STAY OAKHILL,2026-08-22,2026-07-31T04:00:06+09:00,2026-08-01T10:00:08+09:00,30,available,available,32670,32670,0,0,same_price_available,noise,assumed_room_only,confirmed_two_person_standard_room,high,high,1,0,32670,false,inventory_dp_pressure_proxy
booking,おおみや旅館,2026-08-22,2026-07-31T16:00:06+09:00,2026-08-01T22:00:06+09:00,30,available,available,27720,27720,0,0,same_price_available,noise,assumed_room_only,confirmed_two_person_standard_room,high,high,1,0,27720,false,inventory_dp_pressure_proxy
booking,たかみや瑠璃倶楽,2026-08-22,2026-07-24T12:00:06+09:00,2026-07-28T16:00:06+09:00,100,available,available,28571,28571,0,0,same_price_available,noise,assumed_room_only,confirmed_two_person_standard_room,high,high,1,0,28571,false,inventory_dp_pressure_proxy
booking,ペンションぷうたろう,2026-08-22,2026-07-30T18:00:06+09:00,2026-07-31T18:00:05+09:00,24,available,available,16245,16245,0,0,same_price_available,noise,assumed_room_only,confirmed_two_person_standard_room,high,high,1,0,16245,false,inventory_dp_pressure_proxy
booking,ペンション木いちご,2026-08-22,2026-08-01T00:00:02+09:00,2026-08-02T02:00:05+09:00,26,available,available,16600,16600,0,0,same_price_available,noise,assumed_room_only,confirmed_two_person_standard_room,high,high,1,0,16600,false,inventory_dp_pressure_proxy
booking,ホテル松金屋アネックス,2026-08-22,2026-07-31T12:00:05+09:00,2026-08-01T16:00:05+09:00,28,unknown,unknown,,,,,not_comparable,none,assumed_room_only,unknown_room_basis,low,low,0,0,,false,inventory_dp_pressure_proxy
booking,ル・ベール蔵王,2026-08-22,2026-07-30T10:00:06+09:00,2026-07-31T20:00:06+09:00,34,available,available,41000,20588,-20412,-0.4979,price_down_available,strong,assumed_room_only,confirmed_two_person_standard_room,high,high,1,-1,20588,false,inventory_dp_pressure_proxy
booking,ロッジスガノ,2026-08-22,2026-07-17T02:00:06+09:00,2026-07-30T16:00:06+09:00,326,sold_out,available,,31360,,,newly_available,none,assumed_room_only,confirmed_two_person_standard_room,high,high,1,-0.5,31360,false,inventory_dp_pressure_proxy
booking,ロッジまつぽっくり,2026-08-22,2026-07-30T22:00:06+09:00,2026-08-01T08:00:07+09:00,34,sold_out,sold_out,,,,,not_comparable,none,assumed_room_only,unknown_room_basis,low,low,0,0,,false,inventory_dp_pressure_proxy
booking,吉田屋,2026-08-22,2026-07-30T14:00:04+09:00,2026-07-31T14:00:06+09:00,24,available,available,27456,24710,-2746,-0.1,price_down_available,strong,assumed_room_only,probable_two_person_standard_room,medium,medium,0.36,-0.36,24710,false,inventory_dp_pressure_proxy
booking,名湯リゾート ルーセントタカミヤ,2026-08-22,2026-07-29T20:00:08+09:00,2026-07-31T22:00:06+09:00,50,available,available,31746,31746,0,0,same_price_available,noise,assumed_room_only,probable_two_person_standard_room,medium,medium,0.36,0,31746,false,inventory_dp_pressure_proxy
booking,名湯舎 創,2026-08-22,2026-07-16T14:00:05+09:00,2026-07-17T16:00:05+09:00,26,available,available,26598,,0,0,same_price_available,noise,assumed_room_only,probable_two_person_standard_room,medium,medium,0.36,0,26598,false,inventory_dp_pressure_proxy
booking,松尾ハウス,2026-08-22,2026-07-24T08:00:06+09:00,2026-07-25T18:00:06+09:00,34,available,available,,,,,unknown,none,assumed_room_only,confirmed_two_person_standard_room,high,high,1,0,11500,false,inventory_dp_pressure_proxy
booking,深山荘 高見屋,2026-08-22,2026-07-16T10:00:01+09:00,2026-07-20T04:00:06+09:00,90,available,available,79200,59559,-19641,-0.248,price_down_available,strong,assumed_room_only,confirmed_two_person_standard_room,high,high,1,-1,59559,false,inventory_dp_pressure_proxy
booking,源泉湯宿 蔵王プラザホテル,2026-08-22,2026-07-26T20:00:06+09:00,2026-07-27T20:00:05+09:00,24,available,available,33000,33000,0,0,same_price_available,noise,assumed_room_only,probable_two_person_standard_room,medium,medium,0.36,0,33000,false,inventory_dp_pressure_proxy
booking,蔵王・和歌（うた）の宿 わかまつや,2026-08-22,2026-07-21T14:00:05+09:00,2026-07-24T14:00:05+09:00,72,available,available,249480,27028,-222452,-0.8917,price_down_available,strong,assumed_room_only,confirmed_two_person_standard_room,high,high,1,-1,27028,false,inventory_dp_pressure_proxy
booking,蔵王四季のホテル,2026-08-22,2026-07-25T16:00:06+09:00,2026-07-27T06:00:06+09:00,38,available,available,,,,,not_comparable,none,assumed_room_only,excluded_family_or_suite_room,low,low,0,0,,false,inventory_dp_pressure_proxy
booking,蔵王国際ホテル,2026-08-22,2026-07-27T04:00:06+09:00,2026-07-30T04:00:06+09:00,72,available,available,35640,35640,0,0,same_price_available,noise,assumed_room_only,confirmed_two_person_standard_room,high,high,1,0,35640,false,inventory_dp_pressure_proxy
booking,蔵王温泉 高砂屋旅館,2026-08-22,2026-06-16T20:00:06+09:00,2026-06-17T20:00:06+09:00,24,available,available,20000,,0,0,same_price_available,noise,assumed_room_only,probable_two_person_standard_room,medium,medium,0.36,0,20000,false,inventory_dp_pressure_proxy
jalan,ONSEN & STAY OAKHILL,2026-08-22,2026-07-19T02:00:06+09:00,2026-07-20T08:00:06+09:00,30,available,available,,,,,not_comparable,none,unknown_meal_basis,unknown_room_basis,low,low,0,0,,false,inventory_dp_pressure_proxy
jalan,おおみや旅館,2026-08-22,,2026-07-22T12:00:06+09:00,,unknown,available,,,,,not_comparable,none,confirmed_room_only,excluded_large_room,low,low,0,0,,false,inventory_dp_pressure_proxy
jalan,たかみや瑠璃倶楽,2026-08-22,2026-07-16T20:00:06+09:00,2026-07-19T12:00:03+09:00,64,available,available,,,,,not_comparable,none,confirmed_room_only,excluded_family_or_suite_room,low,low,0,0,,false,inventory_dp_pressure_proxy
jalan,ペンションぷうたろう,2026-08-22,,2026-07-24T18:00:06+09:00,,unknown,available,,,,,not_comparable,none,confirmed_room_only,unknown_room_basis,low,low,0,0,,false,inventory_dp_pressure_proxy
jalan,ル・ベール蔵王,2026-08-22,,2026-07-22T04:00:07+09:00,,unknown,available,,,,,not_comparable,none,confirmed_room_only,unknown_room_basis,low,low,0,0,,false,inventory_dp_pressure_proxy
jalan,吉田屋,2026-08-22,,2026-07-22T02:00:06+09:00,,unknown,available,,,,,not_comparable,none,confirmed_room_only,unknown_room_basis,low,low,0,0,,false,inventory_dp_pressure_proxy
jalan,名湯舎 創,2026-08-22,,2026-07-23T08:00:07+09:00,,unknown,available,,,,,not_comparable,none,meal_included,unknown_room_basis,low,low,0,0,,false,inventory_dp_pressure_proxy
jalan,深山荘 高見屋,2026-08-22,2026-07-17T04:00:06+09:00,2026-07-20T00:00:06+09:00,68,available,available,,,,,not_comparable,none,unknown_meal_basis,unknown_room_basis,low,low,0,0,,false,inventory_dp_pressure_proxy
jalan,蔵王四季のホテル,2026-08-22,2026-07-15T20:00:06+09:00,2026-07-17T08:00:06+09:00,36,available,available,,,,,not_comparable,none,unknown_meal_basis,unknown_room_basis,low,low,0,0,,false,inventory_dp_pressure_proxy
jalan,蔵王国際ホテル,2026-08-22,2026-07-19T06:00:06+09:00,2026-07-21T02:00:06+09:00,44,available,available,,,,,not_comparable,none,confirmed_room_only,unknown_room_basis,low,low,0,0,,false,inventory_dp_pressure_proxy
jalan,蔵王温泉 高砂屋旅館,2026-08-22,2026-07-21T22:00:06+09:00,2026-07-24T16:00:06+09:00,66,available,available,33000,,,,unknown,none,confirmed_room_only,confirmed_two_person_standard_room,high,high,1,0,33000,false,inventory_dp_pressure_proxy
booking,HAMMOND,2026-08-23,2026-07-31T12:00:05+09:00,2026-08-01T22:00:06+09:00,34,available,available,21780,21780,0,0,same_price_available,noise,assumed_room_only,confirmed_two_person_standard_room,high,high,1,0,21780,false,inventory_dp_pressure_proxy
booking,JURIN,2026-08-23,2026-07-30T08:00:06+09:00,2026-08-01T04:00:07+09:00,44,sold_out,sold_out,,,,,not_comparable,none,assumed_room_only,unknown_room_basis,low,low,0,0,,false,inventory_dp_pressure_proxy
booking,ＫＫＲ蔵王 白銀荘,2026-08-23,2026-07-30T02:00:06+09:00,2026-07-31T02:00:06+09:00,24,available,available,23700,23700,0,0,same_price_available,noise,assumed_room_only,probable_two_person_standard_room,medium,medium,0.36,0,23700,false,inventory_dp_pressure_proxy
booking,ONSEN & STAY OAKHILL,2026-08-23,2026-07-31T04:00:06+09:00,2026-08-01T14:00:07+09:00,34,available,available,29678,28302,-1376,-0.0464,price_down_available,meaningful,assumed_room_only,confirmed_two_person_standard_room,high,high,1,-1,28302,false,inventory_dp_pressure_proxy
booking,おおみや旅館,2026-08-23,2026-07-29T14:00:04+09:00,2026-08-01T10:00:08+09:00,68,available,available,25080,25080,0,0,same_price_available,noise,assumed_room_only,confirmed_two_person_standard_room,high,high,1,0,25080,false,inventory_dp_pressure_proxy
booking,たかみや瑠璃倶楽,2026-08-23,2026-07-24T14:00:05+09:00,2026-07-31T22:00:06+09:00,176,available,available,20849,20849,0,0,same_price_available,noise,assumed_room_only,confirmed_two_person_standard_room,high,high,1,0,20849,false,inventory_dp_pressure_proxy
booking,ペンションぷうたろう,2026-08-23,2026-07-30T18:00:06+09:00,2026-08-01T02:00:07+09:00,32,available,available,16245,16245,0,0,same_price_available,noise,assumed_room_only,confirmed_two_person_standard_room,high,high,1,0,16245,false,inventory_dp_pressure_proxy
booking,ペンション木いちご,2026-08-23,2026-07-30T10:00:06+09:00,2026-07-31T18:00:05+09:00,32,available,available,14600,14600,0,0,same_price_available,noise,assumed_room_only,confirmed_two_person_standard_room,high,high,1,0,14600,false,inventory_dp_pressure_proxy
booking,ホテル松金屋アネックス,2026-08-23,2026-07-30T20:00:06+09:00,2026-08-01T08:00:07+09:00,36,unknown,unknown,,,,,not_comparable,none,assumed_room_only,unknown_room_basis,low,low,0,0,,false,inventory_dp_pressure_proxy
booking,ル・ベール蔵王,2026-08-23,2026-07-30T12:00:06+09:00,2026-07-31T20:00:06+09:00,32,available,available,36000,19672,-16328,-0.4536,price_down_available,strong,assumed_room_only,confirmed_two_person_standard_room,high,high,1,-1,19672,false,inventory_dp_pressure_proxy
booking,ロッジスガノ,2026-08-23,2026-07-30T14:00:04+09:00,2026-07-31T16:00:06+09:00,26,available,available,24640,,,,unknown,none,assumed_room_only,confirmed_two_person_standard_room,high,high,1,0,24640,false,inventory_dp_pressure_proxy
booking,ロッジまつぽっくり,2026-08-23,2026-07-31T08:00:06+09:00,2026-08-01T16:00:05+09:00,32,sold_out,sold_out,,,,,not_comparable,none,assumed_room_only,unknown_room_basis,low,low,0,0,,false,inventory_dp_pressure_proxy
booking,吉田屋,2026-08-23,2026-07-29T12:00:06+09:00,2026-07-31T14:00:06+09:00,50,available,available,18533,18533,0,0,same_price_available,noise,assumed_room_only,probable_two_person_standard_room,medium,medium,0.36,0,18533,false,inventory_dp_pressure_proxy
booking,名湯リゾート ルーセントタカミヤ,2026-08-23,2026-08-01T00:00:02+09:00,2026-08-02T02:00:05+09:00,26,available,available,22394,24882,2488,0.1111,price_up_available,strong,assumed_room_only,confirmed_two_person_standard_room,high,high,1,1,24882,false,inventory_dp_pressure_proxy
booking,名湯舎 創,2026-08-23,2026-07-29T22:00:07+09:00,2026-07-30T22:00:06+09:00,24,sold_out,sold_out,,,,,not_comparable,none,assumed_room_only,unknown_room_basis,low,low,0,0,,false,inventory_dp_pressure_proxy
booking,松尾ハウス,2026-08-23,2026-07-25T04:00:06+09:00,2026-07-26T06:00:05+09:00,26,available,available,11000,11000,0,0,same_price_available,noise,assumed_room_only,confirmed_two_person_standard_room,high,high,1,0,11000,false,inventory_dp_pressure_proxy
booking,源泉湯宿 蔵王プラザホテル,2026-08-23,2026-07-27T06:00:06+09:00,2026-07-28T16:00:06+09:00,34,available,available,30800,30800,0,0,same_price_available,noise,assumed_room_only,probable_two_person_standard_room,medium,medium,0.36,0,30800,false,inventory_dp_pressure_proxy
booking,蔵王・和歌（うた）の宿 わかまつや,2026-08-23,2026-07-21T16:00:06+09:00,2026-07-24T16:00:06+09:00,72,available,available,145200,26697,-118503,-0.8161,price_down_available,strong,assumed_room_only,confirmed_two_person_standard_room,high,high,1,-1,26697,false,inventory_dp_pressure_proxy
booking,蔵王四季のホテル,2026-08-23,2026-07-25T02:00:06+09:00,2026-07-27T08:00:06+09:00,54,available,available,,,,,not_comparable,none,assumed_room_only,excluded_family_or_suite_room,low,low,0,0,,false,inventory_dp_pressure_proxy
booking,蔵王国際ホテル,2026-08-23,2026-07-27T02:00:06+09:00,2026-07-29T20:00:08+09:00,66,available,available,,,,,not_comparable,none,assumed_room_only,excluded_family_or_suite_room,low,low,0,0,,false,inventory_dp_pressure_proxy
jalan,HAMMOND,2026-08-23,2026-07-19T16:00:00+09:00,2026-07-21T22:00:06+09:00,54,available,available,,,,,not_comparable,none,confirmed_room_only,excluded_large_room,low,low,0,0,,false,inventory_dp_pressure_proxy
jalan,JURIN,2026-08-23,2026-07-22T12:00:06+09:00,2026-07-23T22:00:03+09:00,34,available,sold_out,,,,,not_comparable,none,unknown_meal_basis,unknown_room_basis,low,low,0,0,,false,inventory_dp_pressure_proxy
jalan,ＫＫＲ蔵王 白銀荘,2026-08-23,,2026-07-23T10:00:03+09:00,,unknown,available,,,,,not_comparable,none,unknown_meal_basis,unknown_room_basis,low,low,0,0,,false,inventory_dp_pressure_proxy
jalan,ONSEN & STAY OAKHILL,2026-08-23,2026-07-20T00:00:06+09:00,2026-07-23T08:00:07+09:00,80,available,available,,,,,not_comparable,none,unknown_meal_basis,unknown_room_basis,low,low,0,0,,false,inventory_dp_pressure_proxy
jalan,おおみや旅館,2026-08-23,2026-07-22T02:00:06+09:00,2026-07-23T06:00:06+09:00,28,available,available,,,,,not_comparable,none,confirmed_room_only,excluded_large_room,low,low,0,0,,false,inventory_dp_pressure_proxy
jalan,ペンションぷうたろう,2026-08-23,,2026-07-24T22:00:06+09:00,,unknown,available,,,,,not_comparable,none,confirmed_room_only,excluded_single_room,low,low,0,0,,false,inventory_dp_pressure_proxy
jalan,ホテル松金屋アネックス,2026-08-23,2026-07-21T20:00:06+09:00,2026-07-22T22:00:06+09:00,26,available,available,,,,,not_comparable,none,confirmed_room_only,excluded_large_room,low,low,0,0,,false,inventory_dp_pressure_proxy
jalan,ル・ベール蔵王,2026-08-23,2026-07-22T10:00:06+09:00,2026-07-23T18:00:06+09:00,32,available,available,,,,,not_comparable,none,confirmed_room_only,unknown_room_basis,low,low,0,0,,false,inventory_dp_pressure_proxy
jalan,吉田屋,2026-08-23,2026-07-22T08:00:03+09:00,2026-07-23T14:00:05+09:00,30,available,available,,,,,not_comparable,none,confirmed_room_only,excluded_single_room,low,low,0,0,,false,inventory_dp_pressure_proxy
jalan,名湯舎 創,2026-08-23,2026-07-22T16:00:06+09:00,2026-07-23T16:00:03+09:00,24,available,available,,,,,not_comparable,none,confirmed_room_only,unknown_room_basis,low,low,0,0,,false,inventory_dp_pressure_proxy
jalan,源泉湯宿 蔵王プラザホテル,2026-08-23,2026-07-17T16:00:05+09:00,2026-07-22T00:00:04+09:00,104,available,available,,,,,not_comparable,none,unknown_meal_basis,unknown_room_basis,low,low,0,0,,false,inventory_dp_pressure_proxy
jalan,蔵王・和歌（うた）の宿 わかまつや,2026-08-23,2026-07-21T18:00:06+09:00,2026-07-22T18:00:06+09:00,24,available,available,,,,,not_comparable,none,unknown_meal_basis,unknown_room_basis,low,low,0,0,,false,inventory_dp_pressure_proxy
jalan,蔵王アストリアホテル,2026-08-23,,2026-07-17T18:00:06+09:00,,unknown,available,,,,,not_comparable,none,unknown_meal_basis,unknown_room_basis,low,low,0,0,,false,inventory_dp_pressure_proxy
jalan,蔵王温泉 高砂屋旅館,2026-08-23,,2026-07-24T18:00:06+09:00,,unknown,available,,,,,not_comparable,none,unknown_meal_basis,unknown_room_basis,low,low,0,0,,false,inventory_dp_pressure_proxy
booking,HAMMOND,2026-08-24,2026-07-31T14:00:06+09:00,2026-08-02T02:00:05+09:00,36,available,available,21780,21780,0,0,same_price_available,noise,assumed_room_only,confirmed_two_person_standard_room,high,high,1,0,21780,false,inventory_dp_pressure_proxy
booking,JURIN,2026-08-24,2026-07-30T10:00:06+09:00,2026-08-01T00:00:02+09:00,38,available,available,,,,,unknown,none,assumed_room_only,confirmed_two_person_standard_room,high,high,1,0,31746,false,inventory_dp_pressure_proxy
booking,ＫＫＲ蔵王 白銀荘,2026-08-24,2026-07-29T14:00:04+09:00,2026-07-30T20:00:06+09:00,30,available,available,23700,23700,0,0,same_price_available,noise,assumed_room_only,probable_two_person_standard_room,medium,medium,0.36,0,23700,false,inventory_dp_pressure_proxy
booking,ONSEN & STAY OAKHILL,2026-08-24,2026-07-31T06:00:06+09:00,2026-08-01T22:00:06+09:00,40,available,available,17820,17820,0,0,same_price_available,noise,assumed_room_only,confirmed_two_person_standard_room,high,high,1,0,17820,false,inventory_dp_pressure_proxy
booking,おおみや旅館,2026-08-24,2026-07-31T04:00:06+09:00,2026-08-01T08:00:07+09:00,28,available,available,22440,22440,0,0,same_price_available,noise,assumed_room_only,confirmed_two_person_standard_room,high,high,1,0,22440,false,inventory_dp_pressure_proxy
booking,たかみや瑠璃倶楽,2026-08-24,2026-07-29T04:00:06+09:00,2026-08-01T14:00:07+09:00,82,available,available,20849,20849,0,0,same_price_available,noise,assumed_room_only,confirmed_two_person_standard_room,high,high,1,0,20849,false,inventory_dp_pressure_proxy
booking,ペンションぷうたろう,2026-08-24,2026-07-28T06:00:05+09:00,2026-07-31T16:00:06+09:00,82,available,available,16245,16245,0,0,same_price_available,noise,assumed_room_only,confirmed_two_person_standard_room,high,high,1,0,16245,false,inventory_dp_pressure_proxy
booking,ペンション木いちご,2026-08-24,2026-07-29T10:00:06+09:00,2026-08-01T10:00:08+09:00,72,available,available,14600,14600,0,0,same_price_available,noise,assumed_room_only,confirmed_two_person_standard_room,high,high,1,0,14600,false,inventory_dp_pressure_proxy
booking,ホテル松金屋アネックス,2026-08-24,2026-07-30T16:00:06+09:00,2026-07-31T18:00:05+09:00,26,unknown,unknown,,,,,not_comparable,none,assumed_room_only,unknown_room_basis,low,low,0,0,,false,inventory_dp_pressure_proxy
booking,ル・ベール蔵王,2026-08-24,2026-07-30T14:00:04+09:00,2026-07-31T22:00:06+09:00,32,available,available,36000,20668,-15332,-0.4259,price_down_available,strong,assumed_room_only,confirmed_two_person_standard_room,high,high,1,-1,20668,false,inventory_dp_pressure_proxy
booking,ロッジスガノ,2026-08-24,2026-07-30T18:00:06+09:00,2026-07-31T20:00:06+09:00,26,available,available,24640,24640,0,0,same_price_available,noise,assumed_room_only,confirmed_two_person_standard_room,high,high,1,0,24640,false,inventory_dp_pressure_proxy
booking,ロッジまつぽっくり,2026-08-24,2026-07-29T08:00:06+09:00,2026-08-01T12:00:07+09:00,76,sold_out,sold_out,,,,,not_comparable,none,assumed_room_only,unknown_room_basis,low,low,0,0,,false,inventory_dp_pressure_proxy
booking,吉田屋,2026-08-24,2026-07-30T08:00:06+09:00,2026-07-31T12:00:05+09:00,28,available,available,16830,16830,0,0,same_price_available,noise,assumed_room_only,confirmed_two_person_standard_room,high,high,1,0,16830,false,inventory_dp_pressure_proxy
booking,名湯リゾート ルーセントタカミヤ,2026-08-24,2026-07-30T22:00:06+09:00,2026-08-01T02:00:07+09:00,28,available,available,,,,,unknown,none,assumed_room_only,confirmed_two_person_standard_room,high,high,1,0,21450,false,inventory_dp_pressure_proxy
booking,名湯舎 創,2026-08-24,2026-07-31T02:00:06+09:00,2026-08-01T04:00:07+09:00,26,sold_out,sold_out,,,,,not_comparable,none,assumed_room_only,unknown_room_basis,low,low,0,0,,false,inventory_dp_pressure_proxy
booking,松尾ハウス,2026-08-24,2026-07-25T20:00:06+09:00,2026-07-26T20:00:06+09:00,24,available,available,11000,11000,0,0,same_price_available,noise,assumed_room_only,confirmed_two_person_standard_room,high,high,1,0,11000,false,inventory_dp_pressure_proxy
booking,源泉湯宿 蔵王プラザホテル,2026-08-24,2026-07-26T12:00:06+09:00,2026-07-28T10:00:06+09:00,46,sold_out,sold_out,,,,,not_comparable,none,assumed_room_only,unknown_room_basis,low,low,0,0,,false,inventory_dp_pressure_proxy
booking,蔵王四季のホテル,2026-08-24,2026-07-25T12:00:06+09:00,2026-07-27T08:00:06+09:00,44,available,available,,,,,not_comparable,none,assumed_room_only,excluded_large_room,low,low,0,0,,false,inventory_dp_pressure_proxy
booking,蔵王国際ホテル,2026-08-24,2026-07-27T02:00:06+09:00,2026-07-30T12:00:06+09:00,82,available,available,33000,33000,0,0,same_price_available,noise,assumed_room_only,confirmed_two_person_standard_room,high,high,1,0,33000,false,inventory_dp_pressure_proxy
booking,HAMMOND,2026-08-25,2026-07-30T12:00:06+09:00,2026-07-31T14:00:06+09:00,26,available,available,21780,,0,0,same_price_available,noise,assumed_room_only,probable_two_person_standard_room,medium,medium,0.36,0,21780,false,inventory_dp_pressure_proxy
booking,JURIN,2026-08-25,2026-07-30T10:00:06+09:00,2026-08-01T08:00:07+09:00,46,available,available,,,,,unknown,none,assumed_room_only,confirmed_two_person_standard_room,high,high,1,0,28571,false,inventory_dp_pressure_proxy
booking,ＫＫＲ蔵王 白銀荘,2026-08-25,2026-07-29T16:00:05+09:00,2026-07-30T22:00:06+09:00,30,available,available,23700,23700,0,0,same_price_available,noise,assumed_room_only,probable_two_person_standard_room,medium,medium,0.36,0,23700,false,inventory_dp_pressure_proxy
booking,ONSEN & STAY OAKHILL,2026-08-25,2026-07-31T06:00:06+09:00,2026-08-01T20:00:06+09:00,38,available,available,17820,17820,0,0,same_price_available,noise,assumed_room_only,confirmed_two_person_standard_room,high,high,1,0,17820,false,inventory_dp_pressure_proxy
booking,おおみや旅館,2026-08-25,2026-07-30T02:00:06+09:00,2026-07-31T20:00:06+09:00,42,available,available,22440,22440,0,0,same_price_available,noise,assumed_room_only,confirmed_two_person_standard_room,high,high,1,0,22440,false,inventory_dp_pressure_proxy
booking,たかみや瑠璃倶楽,2026-08-25,2026-07-29T02:00:05+09:00,2026-07-31T04:00:06+09:00,50,available,available,20849,20849,0,0,same_price_available,noise,assumed_room_only,confirmed_two_person_standard_room,high,high,1,0,20849,false,inventory_dp_pressure_proxy
booking,ペンションぷうたろう,2026-08-25,2026-07-29T08:00:06+09:00,2026-08-01T00:00:02+09:00,64,available,available,16245,16245,0,0,same_price_available,noise,assumed_room_only,probable_two_person_standard_room,medium,medium,0.36,0,16245,false,inventory_dp_pressure_proxy
booking,ペンション木いちご,2026-08-25,2026-07-30T00:00:02+09:00,2026-08-01T02:00:07+09:00,50,available,available,14600,14600,0,0,same_price_available,noise,assumed_room_only,confirmed_two_person_standard_room,high,high,1,0,14600,false,inventory_dp_pressure_proxy
booking,ホテル松金屋アネックス,2026-08-25,2026-07-30T18:00:06+09:00,2026-08-01T10:00:08+09:00,40,unknown,unknown,,,,,not_comparable,none,assumed_room_only,unknown_room_basis,low,low,0,0,,false,inventory_dp_pressure_proxy
booking,ル・ベール蔵王,2026-08-25,2026-07-30T14:00:04+09:00,2026-07-31T22:00:06+09:00,32,available,available,36000,20588,-15412,-0.4281,price_down_available,strong,assumed_room_only,confirmed_two_person_standard_room,high,high,1,-1,20588,false,inventory_dp_pressure_proxy
booking,ロッジスガノ,2026-08-25,2026-07-31T02:00:06+09:00,2026-08-01T16:00:05+09:00,38,available,available,,,,,not_comparable,none,assumed_room_only,excluded_family_or_suite_room,low,low,0,0,,false,inventory_dp_pressure_proxy
booking,ロッジまつぽっくり,2026-08-25,2026-07-31T08:00:06+09:00,2026-08-01T12:00:07+09:00,28,sold_out,sold_out,,,,,not_comparable,none,assumed_room_only,unknown_room_basis,low,low,0,0,,false,inventory_dp_pressure_proxy
booking,吉田屋,2026-08-25,2026-07-29T14:00:04+09:00,2026-07-31T16:00:06+09:00,50,available,available,16830,16830,0,0,same_price_available,noise,assumed_room_only,confirmed_two_person_standard_room,high,high,1,0,16830,false,inventory_dp_pressure_proxy
booking,名湯リゾート ルーセントタカミヤ,2026-08-25,2026-07-30T16:00:06+09:00,2026-08-01T04:00:07+09:00,36,available,available,25740,25740,0,0,same_price_available,noise,assumed_room_only,probable_two_person_standard_room,medium,medium,0.36,0,25740,false,inventory_dp_pressure_proxy
booking,名湯舎 創,2026-08-25,2026-07-28T06:00:05+09:00,2026-07-30T20:00:06+09:00,62,available,available,,,,,not_comparable,none,assumed_room_only,excluded_family_or_suite_room,low,low,0,0,,false,inventory_dp_pressure_proxy
booking,松尾ハウス,2026-08-25,,2026-07-26T10:00:06+09:00,,unknown,available,,10200,,,unknown,none,assumed_room_only,confirmed_two_person_standard_room,high,high,1,0,10200,false,inventory_dp_pressure_proxy
booking,深山荘 高見屋,2026-08-25,,2026-07-31T18:00:05+09:00,,unknown,available,,55440,,,unknown,none,assumed_room_only,probable_two_person_standard_room,medium,medium,0.36,0,55440,false,inventory_dp_pressure_proxy
booking,源泉湯宿 蔵王プラザホテル,2026-08-25,2026-07-27T00:00:01+09:00,2026-07-28T10:00:06+09:00,34,sold_out,sold_out,,,,,not_comparable,none,assumed_room_only,unknown_room_basis,low,low,0,0,,false,inventory_dp_pressure_proxy
booking,蔵王四季のホテル,2026-08-25,,2026-07-27T10:00:02+09:00,,unknown,available,,33880,,,unknown,none,assumed_room_only,confirmed_two_person_standard_room,high,high,1,0,33880,false,inventory_dp_pressure_proxy
booking,蔵王国際ホテル,2026-08-25,2026-07-27T06:00:06+09:00,2026-07-30T08:00:06+09:00,74,available,available,33000,33000,0,0,same_price_available,noise,assumed_room_only,confirmed_two_person_standard_room,high,high,1,0,33000,false,inventory_dp_pressure_proxy
jalan,ＫＫＲ蔵王 白銀荘,2026-08-25,,2026-07-26T14:00:06+09:00,,unknown,available,,,,,not_comparable,none,unknown_meal_basis,unknown_room_basis,low,low,0,0,,false,inventory_dp_pressure_proxy
jalan,ペンションぷうたろう,2026-08-25,,2026-07-26T22:00:06+09:00,,unknown,available,,,,,not_comparable,none,confirmed_room_only,excluded_single_room,low,low,0,0,,false,inventory_dp_pressure_proxy
booking,HAMMOND,2026-08-26,2026-07-30T08:00:06+09:00,2026-07-31T18:00:05+09:00,34,available,available,18464,18464,0,0,same_price_available,noise,assumed_room_only,confirmed_two_person_standard_room,high,high,1,0,18464,false,inventory_dp_pressure_proxy
booking,JURIN,2026-08-26,2026-07-30T12:00:06+09:00,2026-08-01T10:00:08+09:00,46,available,available,28571,28571,0,0,same_price_available,noise,assumed_room_only,confirmed_two_person_standard_room,high,high,1,0,28571,false,inventory_dp_pressure_proxy
booking,ＫＫＲ蔵王 白銀荘,2026-08-26,2026-07-29T16:00:05+09:00,2026-07-31T02:00:06+09:00,34,available,available,23700,23700,0,0,same_price_available,noise,assumed_room_only,probable_two_person_standard_room,medium,medium,0.36,0,23700,false,inventory_dp_pressure_proxy
booking,ONSEN & STAY OAKHILL,2026-08-26,2026-07-31T08:00:06+09:00,2026-08-01T20:00:06+09:00,36,available,available,17820,17820,0,0,same_price_available,noise,assumed_room_only,confirmed_two_person_standard_room,high,high,1,0,17820,false,inventory_dp_pressure_proxy
booking,おおみや旅館,2026-08-26,2026-07-28T10:00:06+09:00,2026-08-01T02:00:07+09:00,88,available,available,22440,22440,0,0,same_price_available,noise,assumed_room_only,confirmed_two_person_standard_room,high,high,1,0,22440,false,inventory_dp_pressure_proxy
booking,たかみや瑠璃倶楽,2026-08-26,2026-07-29T14:00:04+09:00,2026-07-31T14:00:06+09:00,48,available,available,20849,20849,0,0,same_price_available,noise,assumed_room_only,confirmed_two_person_standard_room,high,high,1,0,20849,false,inventory_dp_pressure_proxy
booking,ペンションぷうたろう,2026-08-26,2026-07-27T20:00:05+09:00,2026-07-29T10:00:06+09:00,38,available,available,16245,16245,0,0,same_price_available,noise,assumed_room_only,confirmed_two_person_standard_room,high,high,1,0,16245,false,inventory_dp_pressure_proxy
booking,ペンション木いちご,2026-08-26,2026-07-30T14:00:04+09:00,2026-07-31T22:00:06+09:00,32,available,available,14600,14600,0,0,same_price_available,noise,assumed_room_only,confirmed_two_person_standard_room,high,high,1,0,14600,false,inventory_dp_pressure_proxy
booking,ホテル松金屋アネックス,2026-08-26,2026-07-30T22:00:06+09:00,2026-08-01T12:00:07+09:00,38,unknown,unknown,,,,,not_comparable,none,assumed_room_only,unknown_room_basis,low,low,0,0,,false,inventory_dp_pressure_proxy
booking,ル・ベール蔵王,2026-08-26,2026-07-30T16:00:06+09:00,2026-08-01T00:00:02+09:00,32,available,available,36000,20623,-15377,-0.4271,price_down_available,strong,assumed_room_only,confirmed_two_person_standard_room,high,high,1,-1,20623,false,inventory_dp_pressure_proxy
booking,ロッジスガノ,2026-08-26,2026-07-29T18:00:06+09:00,2026-07-30T20:00:06+09:00,26,available,available,,,,,not_comparable,none,assumed_room_only,excluded_family_or_suite_room,low,low,0,0,,false,inventory_dp_pressure_proxy
booking,ロッジまつぽっくり,2026-08-26,2026-07-31T06:00:06+09:00,2026-08-01T16:00:05+09:00,34,available,available,,,,,not_comparable,none,assumed_room_only,excluded_family_or_suite_room,low,low,0,0,,false,inventory_dp_pressure_proxy
booking,吉田屋,2026-08-26,2026-07-30T10:00:06+09:00,2026-07-31T16:00:06+09:00,30,available,available,16830,16830,0,0,same_price_available,noise,assumed_room_only,confirmed_two_person_standard_room,high,high,1,0,16830,false,inventory_dp_pressure_proxy
booking,名湯リゾート ルーセントタカミヤ,2026-08-26,2026-07-30T18:00:06+09:00,2026-08-01T04:00:07+09:00,34,available,available,19305,19305,0,0,same_price_available,noise,assumed_room_only,confirmed_two_person_standard_room,high,high,1,0,19305,false,inventory_dp_pressure_proxy
booking,名湯舎 創,2026-08-26,2026-07-31T04:00:06+09:00,2026-08-01T08:00:07+09:00,28,sold_out,sold_out,,,,,not_comparable,none,assumed_room_only,unknown_room_basis,low,low,0,0,,false,inventory_dp_pressure_proxy
booking,深山荘 高見屋,2026-08-26,2026-07-31T20:00:06+09:00,2026-08-01T22:00:06+09:00,26,available,available,53460,53460,0,0,same_price_available,noise,assumed_room_only,confirmed_two_person_standard_room,high,high,1,0,53460,false,inventory_dp_pressure_proxy
booking,源泉湯宿 蔵王プラザホテル,2026-08-26,2026-07-27T08:00:06+09:00,2026-07-28T22:00:03+09:00,38,sold_out,sold_out,,,,,not_comparable,none,assumed_room_only,unknown_room_basis,low,low,0,0,,false,inventory_dp_pressure_proxy
booking,蔵王四季のホテル,2026-08-26,,2026-07-27T18:00:05+09:00,,unknown,available,,,,,not_comparable,none,assumed_room_only,excluded_family_or_suite_room,low,low,0,0,,false,inventory_dp_pressure_proxy
booking,蔵王国際ホテル,2026-08-26,2026-07-28T04:00:05+09:00,2026-07-30T02:00:06+09:00,46,available,available,33000,33000,0,0,same_price_available,noise,assumed_room_only,confirmed_two_person_standard_room,high,high,1,0,33000,false,inventory_dp_pressure_proxy
booking,HAMMOND,2026-08-27,2026-07-30T10:00:06+09:00,2026-07-31T20:00:06+09:00,34,available,available,21780,21780,0,0,same_price_available,noise,assumed_room_only,probable_two_person_standard_room,medium,medium,0.36,0,21780,false,inventory_dp_pressure_proxy
booking,JURIN,2026-08-27,2026-07-29T08:00:06+09:00,2026-07-30T12:00:06+09:00,28,available,available,28571,,0,0,same_price_available,noise,assumed_room_only,confirmed_two_person_standard_room,high,high,1,0,28571,false,inventory_dp_pressure_proxy
booking,ＫＫＲ蔵王 白銀荘,2026-08-27,2026-07-31T04:00:06+09:00,2026-08-02T02:00:05+09:00,46,available,available,23700,23700,0,0,same_price_available,noise,assumed_room_only,probable_two_person_standard_room,medium,medium,0.36,0,23700,false,inventory_dp_pressure_proxy
booking,ONSEN & STAY OAKHILL,2026-08-27,2026-07-30T02:00:06+09:00,2026-07-31T08:00:06+09:00,30,available,available,17820,17820,0,0,same_price_available,noise,assumed_room_only,confirmed_two_person_standard_room,high,high,1,0,17820,false,inventory_dp_pressure_proxy
booking,おおみや旅館,2026-08-27,2026-07-29T16:00:05+09:00,2026-08-01T12:00:07+09:00,68,available,available,22440,22440,0,0,same_price_available,noise,assumed_room_only,confirmed_two_person_standard_room,high,high,1,0,22440,false,inventory_dp_pressure_proxy
booking,たかみや瑠璃倶楽,2026-08-27,2026-07-30T22:00:06+09:00,2026-07-31T22:00:06+09:00,24,available,available,23166,20849,-2317,-0.1,price_down_available,strong,assumed_room_only,confirmed_two_person_standard_room,high,high,1,-1,20849,false,inventory_dp_pressure_proxy
booking,ペンションぷうたろう,2026-08-27,2026-07-29T04:00:06+09:00,2026-08-01T04:00:07+09:00,72,available,available,16245,16245,0,0,same_price_available,noise,assumed_room_only,probable_two_person_standard_room,medium,medium,0.36,0,16245,false,inventory_dp_pressure_proxy
booking,ペンション木いちご,2026-08-27,2026-07-29T12:00:06+09:00,2026-07-30T20:00:06+09:00,32,available,available,14600,14600,0,0,same_price_available,noise,assumed_room_only,confirmed_two_person_standard_room,high,high,1,0,14600,false,inventory_dp_pressure_proxy
booking,ホテル松金屋アネックス,2026-08-27,2026-07-30T14:00:04+09:00,2026-08-01T10:00:08+09:00,44,unknown,unknown,,,,,not_comparable,none,assumed_room_only,unknown_room_basis,low,low,0,0,,false,inventory_dp_pressure_proxy
booking,ル・ベール蔵王,2026-08-27,2026-07-30T16:00:06+09:00,2026-08-01T02:00:07+09:00,34,available,available,36000,20781,-15219,-0.4228,price_down_available,strong,assumed_room_only,confirmed_two_person_standard_room,high,high,1,-1,20781,false,inventory_dp_pressure_proxy
booking,ロッジスガノ,2026-08-27,2026-07-31T02:00:06+09:00,2026-08-01T14:00:07+09:00,36,available,available,,24640,,,unknown,none,assumed_room_only,confirmed_two_person_standard_room,high,high,1,0,24640,false,inventory_dp_pressure_proxy
booking,ロッジまつぽっくり,2026-08-27,2026-07-31T16:00:06+09:00,2026-08-01T20:00:06+09:00,28,available,available,,,,,not_comparable,none,assumed_room_only,excluded_family_or_suite_room,low,low,0,0,,false,inventory_dp_pressure_proxy
booking,吉田屋,2026-08-27,2026-07-29T02:00:05+09:00,2026-07-31T10:00:06+09:00,56,available,available,16830,18700,1870,0.1111,price_up_available,strong,assumed_room_only,probable_two_person_standard_room,medium,medium,0.36,0.36,18700,false,inventory_dp_pressure_proxy
booking,名湯リゾート ルーセントタカミヤ,2026-08-27,2026-07-30T18:00:06+09:00,2026-08-01T08:00:07+09:00,38,available,available,,,,,not_comparable,none,assumed_room_only,excluded_family_or_suite_room,low,low,0,0,,false,inventory_dp_pressure_proxy
booking,名湯舎 創,2026-08-27,2026-07-29T22:00:07+09:00,2026-07-31T06:00:06+09:00,32,available,available,,,,,not_comparable,none,assumed_room_only,excluded_family_or_suite_room,low,low,0,0,,false,inventory_dp_pressure_proxy
booking,深山荘 高見屋,2026-08-27,,2026-08-01T22:00:06+09:00,,unknown,available,,53460,,,unknown,none,assumed_room_only,confirmed_two_person_standard_room,high,high,1,0,53460,false,inventory_dp_pressure_proxy
booking,源泉湯宿 蔵王プラザホテル,2026-08-27,2026-07-28T08:00:06+09:00,2026-07-29T14:00:04+09:00,30,sold_out,sold_out,,,,,not_comparable,none,assumed_room_only,unknown_room_basis,low,low,0,0,,false,inventory_dp_pressure_proxy
booking,蔵王国際ホテル,2026-08-27,2026-07-28T16:00:06+09:00,2026-07-30T04:00:06+09:00,36,available,available,33000,33000,0,0,same_price_available,noise,assumed_room_only,confirmed_two_person_standard_room,high,high,1,0,33000,false,inventory_dp_pressure_proxy
booking,HAMMOND,2026-08-28,2026-07-30T14:00:04+09:00,2026-07-31T20:00:06+09:00,30,available,available,24200,21780,-2420,-0.1,price_down_available,strong,assumed_room_only,probable_two_person_standard_room,medium,medium,0.36,-0.36,21780,false,inventory_dp_pressure_proxy
booking,JURIN,2026-08-28,2026-07-30T16:00:06+09:00,2026-08-01T10:00:08+09:00,42,available,available,28571,28571,0,0,same_price_available,noise,assumed_room_only,confirmed_two_person_standard_room,high,high,1,0,28571,false,inventory_dp_pressure_proxy
booking,ＫＫＲ蔵王 白銀荘,2026-08-28,2026-07-29T18:00:06+09:00,2026-07-31T04:00:06+09:00,34,available,available,23700,23700,0,0,same_price_available,noise,assumed_room_only,probable_two_person_standard_room,medium,medium,0.36,0,23700,false,inventory_dp_pressure_proxy
booking,ONSEN & STAY OAKHILL,2026-08-28,2026-07-30T04:00:06+09:00,2026-07-31T10:00:06+09:00,30,available,available,20007,17414,-2593,-0.1296,price_down_available,strong,assumed_room_only,confirmed_two_person_standard_room,high,high,1,-1,17414,false,inventory_dp_pressure_proxy
booking,おおみや旅館,2026-08-28,2026-07-31T06:00:06+09:00,2026-08-01T12:00:07+09:00,30,available,available,25080,25080,0,0,same_price_available,noise,assumed_room_only,confirmed_two_person_standard_room,high,high,1,0,25080,false,inventory_dp_pressure_proxy
booking,たかみや瑠璃倶楽,2026-08-28,2026-07-29T08:00:06+09:00,2026-07-31T08:00:06+09:00,48,available,available,20849,20849,0,0,same_price_available,noise,assumed_room_only,confirmed_two_person_standard_room,high,high,1,0,20849,false,inventory_dp_pressure_proxy
booking,ペンションぷうたろう,2026-08-28,,2026-07-29T06:00:06+09:00,,unknown,available,,17100,,,unknown,none,assumed_room_only,confirmed_two_person_standard_room,high,high,1,0,17100,false,inventory_dp_pressure_proxy
booking,ペンション木いちご,2026-08-28,2026-07-29T04:00:06+09:00,2026-08-01T08:00:07+09:00,76,available,available,14600,14600,0,0,same_price_available,noise,assumed_room_only,confirmed_two_person_standard_room,high,high,1,0,14600,false,inventory_dp_pressure_proxy
booking,ホテル松金屋アネックス,2026-08-28,2026-07-30T22:00:06+09:00,2026-08-01T14:00:07+09:00,40,sold_out,sold_out,,,,,not_comparable,none,assumed_room_only,unknown_room_basis,low,low,0,0,,false,inventory_dp_pressure_proxy
booking,ル・ベール蔵王,2026-08-28,2026-07-30T18:00:06+09:00,2026-08-01T02:00:07+09:00,32,available,available,27431,21684,-5747,-0.2095,price_down_available,strong,assumed_room_only,confirmed_two_person_standard_room,high,high,1,-1,21684,false,inventory_dp_pressure_proxy
booking,ロッジスガノ,2026-08-28,2026-07-31T22:00:06+09:00,2026-08-02T02:00:05+09:00,28,available,available,24640,,,,unknown,none,assumed_room_only,confirmed_two_person_standard_room,high,high,1,0,24640,false,inventory_dp_pressure_proxy
booking,ロッジまつぽっくり,2026-08-28,2026-07-29T20:00:08+09:00,2026-08-01T04:00:07+09:00,56,available,available,,,,,not_comparable,none,assumed_room_only,excluded_family_or_suite_room,low,low,0,0,,false,inventory_dp_pressure_proxy
booking,吉田屋,2026-08-28,2026-07-30T08:00:06+09:00,2026-07-31T18:00:05+09:00,34,sold_out,sold_out,,,,,not_comparable,none,assumed_room_only,unknown_room_basis,low,low,0,0,,false,inventory_dp_pressure_proxy
booking,名湯リゾート ルーセントタカミヤ,2026-08-28,2026-07-30T20:00:06+09:00,2026-08-01T16:00:05+09:00,44,available,available,19305,24882,5577,0.2889,price_up_available,strong,assumed_room_only,confirmed_two_person_standard_room,high,high,1,1,24882,false,inventory_dp_pressure_proxy
booking,名湯舎 創,2026-08-28,2026-07-25T08:00:05+09:00,2026-07-26T08:00:03+09:00,24,available,available,21450,,-2145,-0.1,price_down_available,strong,assumed_room_only,confirmed_two_person_standard_room,high,high,1,-1,19305,false,inventory_dp_pressure_proxy
booking,深山荘 高見屋,2026-08-28,,2026-08-01T20:00:06+09:00,,unknown,available,,55440,,,unknown,none,assumed_room_only,confirmed_two_person_standard_room,high,high,1,0,55440,false,inventory_dp_pressure_proxy
booking,源泉湯宿 蔵王プラザホテル,2026-08-28,2026-07-28T02:00:01+09:00,2026-07-29T16:00:05+09:00,38,sold_out,sold_out,,,,,not_comparable,none,assumed_room_only,unknown_room_basis,low,low,0,0,,false,inventory_dp_pressure_proxy
booking,蔵王・和歌（うた）の宿 わかまつや,2026-08-28,2026-07-24T06:00:06+09:00,2026-07-25T10:00:06+09:00,28,available,available,43560,145200,101640,2.3333,price_up_available,strong,assumed_room_only,confirmed_two_person_standard_room,high,high,1,1,145200,false,inventory_dp_pressure_proxy
booking,蔵王国際ホテル,2026-08-28,2026-07-29T12:00:06+09:00,2026-07-31T02:00:06+09:00,38,available,available,33000,33000,0,0,same_price_available,noise,assumed_room_only,confirmed_two_person_standard_room,high,high,1,0,33000,false,inventory_dp_pressure_proxy
jalan,HAMMOND,2026-08-28,2026-07-25T02:00:06+09:00,2026-07-28T06:00:05+09:00,76,available,available,,,,,not_comparable,none,confirmed_room_only,excluded_large_room,low,low,0,0,,false,inventory_dp_pressure_proxy
jalan,JURIN,2026-08-28,2026-07-27T18:00:05+09:00,2026-07-28T22:00:03+09:00,28,available,available,,,,,not_comparable,none,confirmed_room_only,excluded_family_or_suite_room,low,low,0,0,,false,inventory_dp_pressure_proxy
jalan,ＫＫＲ蔵王 白銀荘,2026-08-28,2026-07-26T06:00:05+09:00,2026-07-27T06:00:06+09:00,24,available,unavailable,,,,,not_comparable,none,unknown_meal_basis,unknown_room_basis,low,low,0,0,,false,inventory_dp_pressure_proxy
jalan,ONSEN & STAY OAKHILL,2026-08-28,2026-07-20T02:00:06+09:00,2026-07-23T10:00:03+09:00,80,available,available,,,,,not_comparable,none,unknown_meal_basis,unknown_room_basis,low,low,0,0,,false,inventory_dp_pressure_proxy
jalan,おおみや旅館,2026-08-28,2026-07-25T00:00:02+09:00,2026-07-27T22:00:06+09:00,70,available,available,22990,25080,2090,0.0909,price_up_available,strong,confirmed_room_only,confirmed_two_person_standard_room,high,high,1,1,25080,false,inventory_dp_pressure_proxy
jalan,ホテル松金屋アネックス,2026-08-28,2026-07-27T10:00:02+09:00,2026-07-28T10:00:06+09:00,24,sold_out,sold_out,,,,,not_comparable,none,unknown_meal_basis,unknown_room_basis,low,low,0,0,,false,inventory_dp_pressure_proxy
jalan,ル・ベール蔵王,2026-08-28,2026-07-27T04:00:06+09:00,2026-07-28T04:00:05+09:00,24,unavailable,available,,,,,not_comparable,none,confirmed_room_only,unknown_room_basis,low,low,0,0,,false,inventory_dp_pressure_proxy
jalan,吉田屋,2026-08-28,2026-07-27T20:00:05+09:00,2026-07-28T20:00:06+09:00,24,sold_out,sold_out,,,,,not_comparable,none,unknown_meal_basis,unknown_room_basis,low,low,0,0,,false,inventory_dp_pressure_proxy
jalan,名湯舎 創,2026-08-28,2026-07-24T18:00:06+09:00,2026-07-26T10:00:06+09:00,40,available,available,,,,,not_comparable,none,confirmed_room_only,unknown_room_basis,low,low,0,0,,false,inventory_dp_pressure_proxy
jalan,源泉湯宿 蔵王プラザホテル,2026-08-28,2026-07-25T04:00:06+09:00,2026-07-28T08:00:06+09:00,76,sold_out,sold_out,,,,,not_comparable,none,unknown_meal_basis,unknown_room_basis,low,low,0,0,,false,inventory_dp_pressure_proxy
jalan,蔵王・和歌（うた）の宿 わかまつや,2026-08-28,2026-07-27T00:00:01+09:00,2026-07-28T00:00:05+09:00,24,available,available,,,,,not_comparable,none,unknown_meal_basis,unknown_room_basis,low,low,0,0,,false,inventory_dp_pressure_proxy
jalan,蔵王アストリアホテル,2026-08-28,2026-07-17T22:00:05+09:00,2026-07-28T12:00:06+09:00,254,available,available,,,,,not_comparable,none,unknown_meal_basis,unknown_room_basis,low,low,0,0,,false,inventory_dp_pressure_proxy
booking,HAMMOND,2026-08-29,2026-07-30T08:00:06+09:00,2026-07-31T08:00:06+09:00,24,available,available,29700,29700,0,0,same_price_available,noise,assumed_room_only,probable_two_person_standard_room,medium,medium,0.36,0,29700,false,inventory_dp_pressure_proxy
booking,JURIN,2026-08-29,2026-07-31T02:00:06+09:00,2026-08-01T14:00:07+09:00,36,available,available,34749,34749,0,0,same_price_available,noise,assumed_room_only,confirmed_two_person_standard_room,high,high,1,0,34749,false,inventory_dp_pressure_proxy
booking,ＫＫＲ蔵王 白銀荘,2026-08-29,2026-07-31T10:00:06+09:00,2026-08-01T22:00:06+09:00,36,available,available,27700,27700,0,0,same_price_available,noise,assumed_room_only,probable_two_person_standard_room,medium,medium,0.36,0,27700,false,inventory_dp_pressure_proxy
booking,ONSEN & STAY OAKHILL,2026-08-29,2026-07-30T14:00:04+09:00,2026-07-31T18:00:05+09:00,28,available,available,36300,32670,-3630,-0.1,price_down_available,strong,assumed_room_only,confirmed_two_person_standard_room,high,high,1,-1,32670,false,inventory_dp_pressure_proxy
booking,おおみや旅館,2026-08-29,2026-07-29T20:00:08+09:00,2026-08-01T20:00:06+09:00,72,available,available,27720,27720,0,0,same_price_available,noise,assumed_room_only,confirmed_two_person_standard_room,high,high,1,0,27720,false,inventory_dp_pressure_proxy
booking,たかみや瑠璃倶楽,2026-08-29,2026-07-28T12:00:06+09:00,2026-07-29T12:00:06+09:00,24,available,available,23938,,0,0,same_price_available,noise,assumed_room_only,confirmed_two_person_standard_room,high,high,1,0,23938,false,inventory_dp_pressure_proxy
booking,ペンションぷうたろう,2026-08-29,2026-07-27T20:00:05+09:00,2026-07-29T04:00:06+09:00,32,available,available,16245,16245,0,0,same_price_available,noise,assumed_room_only,confirmed_two_person_standard_room,high,high,1,0,16245,false,inventory_dp_pressure_proxy
booking,ペンション木いちご,2026-08-29,2026-07-28T18:00:05+09:00,2026-07-29T22:00:07+09:00,28,available,available,16600,16600,0,0,same_price_available,noise,assumed_room_only,confirmed_two_person_standard_room,high,high,1,0,16600,false,inventory_dp_pressure_proxy
booking,ホテル松金屋アネックス,2026-08-29,2026-07-30T18:00:06+09:00,2026-08-01T16:00:05+09:00,46,sold_out,sold_out,,,,,not_comparable,none,assumed_room_only,unknown_room_basis,low,low,0,0,,false,inventory_dp_pressure_proxy
booking,ル・ベール蔵王,2026-08-29,2026-07-30T20:00:06+09:00,2026-08-01T04:00:07+09:00,32,available,available,20748,20757,9,0.0004,noise,noise,assumed_room_only,confirmed_two_person_standard_room,high,high,1,0,20757,false,inventory_dp_pressure_proxy
booking,ロッジスガノ,2026-08-29,2026-07-05T04:00:06+09:00,2026-07-30T02:00:06+09:00,598,available,available,22500,,8860,0.3938,price_up_available,strong,assumed_room_only,confirmed_two_person_standard_room,high,high,1,1,31360,false,inventory_dp_pressure_proxy
booking,ロッジまつぽっくり,2026-08-29,2026-07-29T18:00:06+09:00,2026-08-01T08:00:07+09:00,62,available,available,,,,,not_comparable,none,assumed_room_only,excluded_family_or_suite_room,low,low,0,0,,false,inventory_dp_pressure_proxy
booking,吉田屋,2026-08-29,2026-07-30T16:00:06+09:00,2026-07-31T20:00:06+09:00,28,sold_out,sold_out,,,,,not_comparable,none,assumed_room_only,unknown_room_basis,low,low,0,0,,false,inventory_dp_pressure_proxy
booking,名湯リゾート ルーセントタカミヤ,2026-08-29,2026-07-30T22:00:06+09:00,2026-08-01T10:00:08+09:00,36,available,available,28314,25483,-2831,-0.1,price_down_available,strong,assumed_room_only,confirmed_two_person_standard_room,high,high,1,-1,25483,false,inventory_dp_pressure_proxy
booking,名湯舎 創,2026-08-29,2026-07-25T20:00:06+09:00,2026-07-27T00:00:01+09:00,28,available,available,26598,,-2660,-0.1,price_down_available,strong,assumed_room_only,probable_two_person_standard_room,medium,medium,0.36,-0.36,23938,false,inventory_dp_pressure_proxy
booking,松尾ハウス,2026-08-29,2026-07-25T00:00:02+09:00,2026-07-26T08:00:03+09:00,32,available,available,11500,11500,0,0,same_price_available,noise,assumed_room_only,confirmed_two_person_standard_room,high,high,1,0,11500,false,inventory_dp_pressure_proxy
booking,深山荘 高見屋,2026-08-29,2026-07-21T10:00:07+09:00,2026-07-31T22:00:06+09:00,252,available,available,55164,63360,8196,0.1486,price_up_available,strong,assumed_room_only,confirmed_two_person_standard_room,high,high,1,1,63360,false,inventory_dp_pressure_proxy
booking,源泉湯宿 蔵王プラザホテル,2026-08-29,2026-07-28T06:00:05+09:00,2026-07-29T06:00:06+09:00,24,available,available,24200,24200,0,0,same_price_available,noise,assumed_room_only,confirmed_two_person_standard_room,high,high,1,0,24200,false,inventory_dp_pressure_proxy
booking,蔵王・和歌（うた）の宿 わかまつや,2026-08-29,2026-07-24T02:00:06+09:00,2026-07-25T06:00:06+09:00,28,sold_out,sold_out,,,,,not_comparable,none,assumed_room_only,unknown_room_basis,low,low,0,0,,false,inventory_dp_pressure_proxy
booking,蔵王四季のホテル,2026-08-29,2026-07-27T10:00:02+09:00,2026-07-28T10:00:06+09:00,24,available,available,,,,,unknown,none,assumed_room_only,confirmed_two_person_standard_room,high,high,1,0,31987,false,inventory_dp_pressure_proxy
booking,蔵王国際ホテル,2026-08-29,2026-07-29T08:00:06+09:00,2026-07-30T10:00:06+09:00,26,available,available,35640,35640,0,0,same_price_available,noise,assumed_room_only,confirmed_two_person_standard_room,high,high,1,0,35640,false,inventory_dp_pressure_proxy
booking,蔵王温泉 高砂屋旅館,2026-08-29,2026-07-19T12:00:03+09:00,2026-07-21T12:00:06+09:00,48,available,available,,,,,unknown,none,assumed_room_only,probable_two_person_standard_room,medium,medium,0.36,0,20000,false,inventory_dp_pressure_proxy
jalan,ＫＫＲ蔵王 白銀荘,2026-08-29,2026-07-23T18:00:06+09:00,2026-07-26T14:00:06+09:00,68,available,available,,,,,not_comparable,none,confirmed_room_only,unknown_room_basis,low,low,0,0,,false,inventory_dp_pressure_proxy
jalan,ONSEN & STAY OAKHILL,2026-08-29,2026-07-20T18:00:06+09:00,2026-07-23T14:00:05+09:00,68,available,available,,,,,not_comparable,none,confirmed_room_only,excluded_family_or_suite_room,low,low,0,0,,false,inventory_dp_pressure_proxy
jalan,おおみや旅館,2026-08-29,,2026-07-22T12:00:06+09:00,,unknown,available,,,,,not_comparable,none,confirmed_room_only,excluded_large_room,low,low,0,0,,false,inventory_dp_pressure_proxy
jalan,たかみや瑠璃倶楽,2026-08-29,2026-07-20T04:00:06+09:00,2026-07-28T00:00:05+09:00,188,available,available,,,,,not_comparable,none,unknown_meal_basis,unknown_room_basis,low,low,0,0,,false,inventory_dp_pressure_proxy
jalan,ペンションぷうたろう,2026-08-29,2026-07-26T16:00:05+09:00,2026-07-27T16:00:06+09:00,24,available,available,17600,17600,0,0,same_price_available,noise,confirmed_room_only,confirmed_two_person_standard_room,high,high,1,0,17600,false,inventory_dp_pressure_proxy
jalan,ペンション木いちご,2026-08-29,2026-07-13T18:00:00+09:00,2026-07-16T06:00:01+09:00,60,available,available,,,,,not_comparable,none,confirmed_room_only,excluded_large_room,low,low,0,0,,false,inventory_dp_pressure_proxy
jalan,ホテル松金屋アネックス,2026-08-29,,2026-07-22T10:00:06+09:00,,unknown,sold_out,,,,,not_comparable,none,unknown_meal_basis,unknown_room_basis,low,low,0,0,,false,inventory_dp_pressure_proxy
jalan,ル・ベール蔵王,2026-08-29,,2026-07-24T16:00:06+09:00,,unknown,available,,,,,not_comparable,none,confirmed_room_only,unknown_room_basis,low,low,0,0,,false,inventory_dp_pressure_proxy
jalan,吉田屋,2026-08-29,2026-07-22T04:00:07+09:00,2026-07-29T16:00:05+09:00,180,sold_out,sold_out,,,,,not_comparable,none,unknown_meal_basis,unknown_room_basis,low,low,0,0,,false,inventory_dp_pressure_proxy
jalan,名湯舎 創,2026-08-29,2026-07-22T20:00:06+09:00,2026-07-24T04:00:05+09:00,32,available,available,,,,,not_comparable,none,meal_included,unknown_room_basis,low,low,0,0,,false,inventory_dp_pressure_proxy
jalan,深山荘 高見屋,2026-08-29,2026-07-20T08:00:06+09:00,2026-07-28T02:00:01+09:00,186,available,available,,,,,not_comparable,none,unknown_meal_basis,unknown_room_basis,low,low,0,0,,false,inventory_dp_pressure_proxy
jalan,蔵王四季のホテル,2026-08-29,2026-07-15T22:00:05+09:00,2026-07-17T10:00:06+09:00,36,available,available,,,,,not_comparable,none,unknown_meal_basis,unknown_room_basis,low,low,0,0,,false,inventory_dp_pressure_proxy
jalan,蔵王国際ホテル,2026-08-29,2026-07-25T08:00:05+09:00,2026-07-27T14:00:05+09:00,54,available,available,,,,,not_comparable,none,confirmed_room_only,unknown_room_basis,low,low,0,0,,false,inventory_dp_pressure_proxy
jalan,蔵王温泉 高砂屋旅館,2026-08-29,2026-07-23T08:00:07+09:00,2026-07-24T18:00:06+09:00,34,available,available,,,,,unknown,none,confirmed_room_only,confirmed_two_person_standard_room,high,high,1,0,33000,false,inventory_dp_pressure_proxy
booking,HAMMOND,2026-08-30,2026-07-12T22:00:06+09:00,2026-07-31T22:00:06+09:00,456,available,available,13326,16335,3009,0.2258,price_up_available,strong,assumed_room_only,confirmed_two_person_standard_room,high,high,1,1,16335,false,inventory_dp_pressure_proxy
booking,JURIN,2026-08-30,2026-07-13T22:00:01+09:00,2026-08-01T16:00:05+09:00,450,available,available,31746,28571,-3175,-0.1,price_down_available,strong,assumed_room_only,confirmed_two_person_standard_room,high,high,1,-1,28571,false,inventory_dp_pressure_proxy
booking,ＫＫＲ蔵王 白銀荘,2026-08-30,2026-07-21T02:00:06+09:00,2026-07-31T08:00:06+09:00,246,available,available,23700,23700,0,0,same_price_available,noise,assumed_room_only,probable_two_person_standard_room,medium,medium,0.36,0,23700,false,inventory_dp_pressure_proxy
booking,ONSEN & STAY OAKHILL,2026-08-30,2026-07-30T12:00:06+09:00,2026-07-31T12:00:05+09:00,24,available,available,17820,17820,0,0,same_price_available,noise,assumed_room_only,confirmed_two_person_standard_room,high,high,1,0,17820,false,inventory_dp_pressure_proxy
booking,おおみや旅館,2026-08-30,2026-07-31T10:00:06+09:00,2026-08-01T22:00:06+09:00,36,available,available,25080,25080,0,0,same_price_available,noise,assumed_room_only,confirmed_two_person_standard_room,high,high,1,0,25080,false,inventory_dp_pressure_proxy
booking,たかみや瑠璃倶楽,2026-08-30,,2026-07-31T16:00:06+09:00,,unknown,available,,20849,,,unknown,none,assumed_room_only,confirmed_two_person_standard_room,high,high,1,0,20849,false,inventory_dp_pressure_proxy
booking,ホテル松金屋アネックス,2026-08-30,2026-07-31T02:00:06+09:00,2026-08-01T20:00:06+09:00,42,unknown,unknown,,,,,not_comparable,none,assumed_room_only,unknown_room_basis,low,low,0,0,,false,inventory_dp_pressure_proxy
booking,ル・ベール蔵王,2026-08-30,2026-07-30T22:00:06+09:00,2026-08-01T04:00:07+09:00,30,available,available,36000,19877,-16123,-0.4479,price_down_available,strong,assumed_room_only,confirmed_two_person_standard_room,high,high,1,-1,19877,false,inventory_dp_pressure_proxy
booking,ロッジスガノ,2026-08-30,2026-07-31T04:00:06+09:00,2026-08-01T08:00:07+09:00,28,available,available,24640,,,,unknown,none,assumed_room_only,confirmed_two_person_standard_room,high,high,1,0,24640,false,inventory_dp_pressure_proxy
booking,ロッジまつぽっくり,2026-08-30,,2026-08-01T14:00:07+09:00,,unknown,available,,,,,not_comparable,none,assumed_room_only,excluded_family_or_suite_room,low,low,0,0,,false,inventory_dp_pressure_proxy
booking,吉田屋,2026-08-30,2026-07-30T10:00:06+09:00,2026-07-31T20:00:06+09:00,34,available,available,16830,16830,0,0,same_price_available,noise,assumed_room_only,confirmed_two_person_standard_room,high,high,1,0,16830,false,inventory_dp_pressure_proxy
booking,名湯リゾート ルーセントタカミヤ,2026-08-30,,2026-08-01T12:00:07+09:00,,unknown,available,,19305,,,unknown,none,assumed_room_only,confirmed_two_person_standard_room,high,high,1,0,19305,false,inventory_dp_pressure_proxy
booking,名湯舎 創,2026-08-30,2026-07-26T02:00:06+09:00,2026-07-28T16:00:06+09:00,62,available,available,16216,,1545,0.0953,price_up_available,strong,assumed_room_only,probable_two_person_standard_room,medium,medium,0.36,0.36,17761,false,inventory_dp_pressure_proxy
booking,深山荘 高見屋,2026-08-30,2026-08-01T00:00:02+09:00,2026-08-02T02:00:05+09:00,26,available,available,51480,51480,0,0,same_price_available,noise,assumed_room_only,confirmed_two_person_standard_room,high,high,1,0,51480,false,inventory_dp_pressure_proxy
booking,源泉湯宿 蔵王プラザホテル,2026-08-30,2026-07-28T06:00:05+09:00,2026-07-29T06:00:06+09:00,24,available,available,30800,30800,0,0,same_price_available,noise,assumed_room_only,probable_two_person_standard_room,medium,medium,0.36,0,30800,false,inventory_dp_pressure_proxy
booking,蔵王・和歌（うた）の宿 わかまつや,2026-08-30,2026-07-25T04:00:06+09:00,2026-07-30T20:00:06+09:00,136,available,available,43560,43560,0,0,same_price_available,noise,assumed_room_only,confirmed_two_person_standard_room,high,high,1,0,43560,false,inventory_dp_pressure_proxy
booking,蔵王国際ホテル,2026-08-30,,2026-07-31T06:00:06+09:00,,unknown,available,,33000,,,unknown,none,assumed_room_only,confirmed_two_person_standard_room,high,high,1,0,33000,false,inventory_dp_pressure_proxy
jalan,HAMMOND,2026-08-30,2026-07-28T10:00:06+09:00,2026-07-29T22:00:07+09:00,36,available,available,,,,,not_comparable,none,confirmed_room_only,excluded_large_room,low,low,0,0,,false,inventory_dp_pressure_proxy
jalan,JURIN,2026-08-30,2026-07-27T22:00:06+09:00,2026-07-29T04:00:06+09:00,30,available,available,,,,,not_comparable,none,meal_included,unknown_room_basis,low,low,0,0,,false,inventory_dp_pressure_proxy
jalan,ＫＫＲ蔵王 白銀荘,2026-08-30,2026-07-27T04:00:06+09:00,2026-07-28T04:00:05+09:00,24,unavailable,available,,,,,not_comparable,none,unknown_meal_basis,unknown_room_basis,low,low,0,0,,false,inventory_dp_pressure_proxy
jalan,ONSEN & STAY OAKHILL,2026-08-30,2026-07-23T12:00:06+09:00,2026-07-30T02:00:06+09:00,158,available,available,,,,,not_comparable,none,unknown_meal_basis,unknown_room_basis,low,low,0,0,,false,inventory_dp_pressure_proxy
jalan,おおみや旅館,2026-08-30,2026-07-28T00:00:05+09:00,2026-07-29T18:00:06+09:00,42,available,available,,,,,not_comparable,none,confirmed_room_only,excluded_large_room,low,low,0,0,,false,inventory_dp_pressure_proxy
jalan,ホテル松金屋アネックス,2026-08-30,2026-07-28T14:00:06+09:00,2026-07-29T16:00:05+09:00,26,available,available,,,,,not_comparable,none,confirmed_room_only,excluded_large_room,low,low,0,0,,false,inventory_dp_pressure_proxy
jalan,ル・ベール蔵王,2026-08-30,2026-07-29T12:00:06+09:00,2026-07-30T18:00:06+09:00,30,available,available,,,,,not_comparable,none,confirmed_room_only,unknown_room_basis,low,low,0,0,,false,inventory_dp_pressure_proxy
jalan,吉田屋,2026-08-30,2026-07-29T08:00:06+09:00,2026-07-30T16:00:06+09:00,32,available,available,,,,,not_comparable,none,confirmed_room_only,unknown_room_basis,low,low,0,0,,false,inventory_dp_pressure_proxy
jalan,名湯舎 創,2026-08-30,2026-07-25T02:00:06+09:00,2026-07-26T12:00:06+09:00,34,available,available,,,,,not_comparable,none,confirmed_room_only,excluded_large_room,low,low,0,0,,false,inventory_dp_pressure_proxy
jalan,源泉湯宿 蔵王プラザホテル,2026-08-30,2026-07-28T18:00:05+09:00,2026-07-30T00:00:02+09:00,30,available,available,,,,,not_comparable,none,confirmed_room_only,excluded_large_room,low,low,0,0,,false,inventory_dp_pressure_proxy
jalan,蔵王・和歌（うた）の宿 わかまつや,2026-08-30,2026-07-28T02:00:01+09:00,2026-07-29T14:00:04+09:00,36,available,available,,,,,not_comparable,none,unknown_meal_basis,unknown_room_basis,low,low,0,0,,false,inventory_dp_pressure_proxy
jalan,蔵王アストリアホテル,2026-08-30,,2026-07-29T10:00:06+09:00,,unknown,available,,,,,not_comparable,none,unknown_meal_basis,unknown_room_basis,low,low,0,0,,false,inventory_dp_pressure_proxy
booking,HAMMOND,2026-08-31,,2026-08-01T00:00:02+09:00,,unknown,available,,13860,,,unknown,none,assumed_room_only,confirmed_two_person_standard_room,high,high,1,0,13860,false,inventory_dp_pressure_proxy
booking,おおみや旅館,2026-08-31,,2026-08-01T14:00:07+09:00,,unknown,available,,22440,,,unknown,none,assumed_room_only,confirmed_two_person_standard_room,high,high,1,0,22440,false,inventory_dp_pressure_proxy
booking,たかみや瑠璃倶楽,2026-08-31,,2026-08-01T10:00:08+09:00,,unknown,available,,20849,,,unknown,none,assumed_room_only,confirmed_two_person_standard_room,high,high,1,0,20849,false,inventory_dp_pressure_proxy
booking,ペンション木いちご,2026-08-31,,2026-08-01T16:00:05+09:00,,unknown,available,,14600,,,unknown,none,assumed_room_only,confirmed_two_person_standard_room,high,high,1,0,14600,false,inventory_dp_pressure_proxy
booking,ホテル松金屋アネックス,2026-08-31,,2026-08-01T22:00:06+09:00,,unknown,unknown,,,,,not_comparable,none,assumed_room_only,unknown_room_basis,low,low,0,0,,false,inventory_dp_pressure_proxy
booking,ル・ベール蔵王,2026-08-31,,2026-08-01T08:00:07+09:00,,unknown,available,,36000,,,unknown,none,assumed_room_only,confirmed_two_person_standard_room,high,high,1,0,36000,false,inventory_dp_pressure_proxy
booking,ロッジスガノ,2026-08-31,,2026-08-01T04:00:07+09:00,,unknown,available,,24640,,,unknown,none,assumed_room_only,confirmed_two_person_standard_room,high,high,1,0,24640,false,inventory_dp_pressure_proxy
booking,ロッジまつぽっくり,2026-08-31,,2026-08-01T20:00:06+09:00,,unknown,available,,,,,not_comparable,none,assumed_room_only,excluded_family_or_suite_room,low,low,0,0,,false,inventory_dp_pressure_proxy
booking,吉田屋,2026-08-31,,2026-08-01T02:00:07+09:00,,unknown,available,,16830,,,unknown,none,assumed_room_only,confirmed_two_person_standard_room,high,high,1,0,16830,false,inventory_dp_pressure_proxy
booking,名湯リゾート ルーセントタカミヤ,2026-08-31,,2026-08-01T12:00:07+09:00,,unknown,available,,17761,,,unknown,none,assumed_room_only,confirmed_two_person_standard_room,high,high,1,0,17761,false,inventory_dp_pressure_proxy
booking,深山荘 高見屋,2026-08-31,,2026-08-02T02:00:05+09:00,,unknown,available,,51480,,,unknown,none,assumed_room_only,confirmed_two_person_standard_room,high,high,1,0,51480,false,inventory_dp_pressure_proxy
booking,ロッジまつぽっくり,2026-09-01,,2026-08-02T02:00:05+09:00,,unknown,available,,,,,not_comparable,none,assumed_room_only,excluded_family_or_suite_room,low,low,0,0,,false,inventory_dp_pressure_proxy
booking,HAMMOND,2026-09-04,2026-07-30T12:00:06+09:00,2026-08-01T04:00:07+09:00,40,available,available,12821,12821,0,0,same_price_available,noise,assumed_room_only,confirmed_two_person_standard_room,high,high,1,0,12821,false,inventory_dp_pressure_proxy
booking,JURIN,2026-09-04,2026-07-19T00:00:02+09:00,2026-07-30T16:00:06+09:00,280,available,available,,,,,not_comparable,none,assumed_room_only,excluded_family_or_suite_room,low,low,0,0,,false,inventory_dp_pressure_proxy
booking,ＫＫＲ蔵王 白銀荘,2026-09-04,2026-07-31T08:00:06+09:00,2026-08-01T10:00:08+09:00,26,available,available,23700,23700,0,0,same_price_available,noise,assumed_room_only,probable_two_person_standard_room,medium,medium,0.36,0,23700,false,inventory_dp_pressure_proxy
booking,ONSEN & STAY OAKHILL,2026-09-04,2026-07-27T12:00:06+09:00,2026-07-31T20:00:06+09:00,104,available,available,,,,,not_comparable,none,assumed_room_only,excluded_single_room,low,low,0,0,,false,inventory_dp_pressure_proxy
booking,おおみや旅館,2026-09-04,2026-07-23T08:00:07+09:00,2026-08-01T16:00:05+09:00,224,available,available,22440,25080,2640,0.1176,price_up_available,strong,assumed_room_only,confirmed_two_person_standard_room,high,high,1,1,25080,false,inventory_dp_pressure_proxy
booking,ホテル松金屋アネックス,2026-09-04,2026-07-31T02:00:06+09:00,2026-08-01T14:00:07+09:00,36,unknown,unknown,,,,,not_comparable,none,assumed_room_only,unknown_room_basis,low,low,0,0,,false,inventory_dp_pressure_proxy
booking,ル・ベール蔵王,2026-09-04,2026-07-26T22:00:06+09:00,2026-08-01T08:00:07+09:00,130,available,available,26325,34000,7675,0.2915,price_up_available,strong,assumed_room_only,confirmed_two_person_standard_room,high,high,1,1,34000,false,inventory_dp_pressure_proxy
booking,吉田屋,2026-09-04,2026-07-18T10:00:05+09:00,2026-07-31T22:00:06+09:00,324,available,available,18700,16830,-1870,-0.1,price_down_available,strong,assumed_room_only,confirmed_two_person_standard_room,high,high,1,-1,16830,false,inventory_dp_pressure_proxy
booking,名湯舎 創,2026-09-04,2026-07-23T02:00:06+09:00,2026-07-24T18:00:06+09:00,40,available,available,19305,19305,0,0,same_price_available,noise,assumed_room_only,confirmed_two_person_standard_room,high,high,1,0,19305,false,inventory_dp_pressure_proxy
booking,源泉湯宿 蔵王プラザホテル,2026-09-04,2026-07-29T08:00:06+09:00,2026-07-30T08:00:06+09:00,24,sold_out,sold_out,,,,,not_comparable,none,assumed_room_only,unknown_room_basis,low,low,0,0,,false,inventory_dp_pressure_proxy
booking,蔵王・和歌（うた）の宿 わかまつや,2026-09-04,2026-07-25T08:00:05+09:00,2026-07-31T12:00:05+09:00,148,available,available,50077,107250,57173,1.1417,price_up_available,strong,assumed_room_only,confirmed_two_person_standard_room,high,high,1,1,107250,false,inventory_dp_pressure_proxy
jalan,HAMMOND,2026-09-04,2026-07-28T12:00:06+09:00,2026-07-30T04:00:06+09:00,40,available,available,,,,,not_comparable,none,confirmed_room_only,excluded_large_room,low,low,0,0,,false,inventory_dp_pressure_proxy
jalan,JURIN,2026-09-04,2026-07-31T06:00:06+09:00,2026-08-02T02:00:05+09:00,44,available,available,,,,,not_comparable,none,meal_included,unknown_room_basis,low,low,0,0,,false,inventory_dp_pressure_proxy
jalan,ＫＫＲ蔵王 白銀荘,2026-09-04,2026-07-26T06:00:05+09:00,2026-07-27T06:00:06+09:00,24,available,unavailable,,,,,not_comparable,none,unknown_meal_basis,unknown_room_basis,low,low,0,0,,false,inventory_dp_pressure_proxy
jalan,ONSEN & STAY OAKHILL,2026-09-04,2026-07-23T14:00:05+09:00,2026-07-30T14:00:04+09:00,168,available,available,,,,,not_comparable,none,unknown_meal_basis,unknown_room_basis,low,low,0,0,,false,inventory_dp_pressure_proxy
jalan,おおみや旅館,2026-09-04,2026-07-29T22:00:07+09:00,2026-07-31T14:00:06+09:00,40,available,available,,,,,unknown,none,confirmed_room_only,confirmed_two_person_standard_room,high,high,1,0,20900,false,inventory_dp_pressure_proxy
jalan,ホテル松金屋アネックス,2026-09-04,2026-07-29T20:00:08+09:00,2026-07-30T22:00:06+09:00,26,available,available,,,,,not_comparable,none,confirmed_room_only,excluded_large_room,low,low,0,0,,false,inventory_dp_pressure_proxy
jalan,ル・ベール蔵王,2026-09-04,2026-07-31T18:00:05+09:00,2026-08-01T22:00:06+09:00,28,available,available,,,,,not_comparable,none,confirmed_room_only,unknown_room_basis,low,low,0,0,,false,inventory_dp_pressure_proxy
jalan,吉田屋,2026-09-04,2026-07-31T10:00:06+09:00,2026-08-01T20:00:06+09:00,34,available,available,,,,,not_comparable,none,confirmed_room_only,unknown_room_basis,low,low,0,0,,false,inventory_dp_pressure_proxy
jalan,名湯舎 創,2026-09-04,2026-07-24T20:00:06+09:00,2026-07-26T12:00:06+09:00,40,available,available,,,,,not_comparable,none,confirmed_room_only,unknown_room_basis,low,low,0,0,,false,inventory_dp_pressure_proxy
jalan,源泉湯宿 蔵王プラザホテル,2026-09-04,2026-07-28T20:00:06+09:00,2026-07-30T06:00:06+09:00,34,sold_out,sold_out,,,,,not_comparable,none,unknown_meal_basis,unknown_room_basis,low,low,0,0,,false,inventory_dp_pressure_proxy
jalan,蔵王・和歌（うた）の宿 わかまつや,2026-09-04,2026-07-29T18:00:06+09:00,2026-07-30T20:00:06+09:00,26,available,available,,,,,not_comparable,none,unknown_meal_basis,unknown_room_basis,low,low,0,0,,false,inventory_dp_pressure_proxy
jalan,蔵王アストリアホテル,2026-09-04,,2026-07-29T06:00:06+09:00,,unknown,available,,,,,not_comparable,none,meal_included,unknown_room_basis,low,low,0,0,,false,inventory_dp_pressure_proxy
booking,HAMMOND,2026-09-05,,2026-07-12T23:49:00+09:00,,unknown,available,,18032,,,unknown,none,assumed_room_only,confirmed_two_person_standard_room,high,high,1,0,18032,false,inventory_dp_pressure_proxy
booking,JURIN,2026-09-05,2026-07-14T02:00:06+09:00,2026-07-30T18:00:06+09:00,400,available,available,35178,31660,-3518,-0.1,price_down_available,strong,assumed_room_only,confirmed_two_person_standard_room,high,high,1,-1,31660,false,inventory_dp_pressure_proxy
booking,ＫＫＲ蔵王 白銀荘,2026-09-05,2026-07-21T02:00:06+09:00,2026-07-31T12:00:05+09:00,250,available,available,27700,27700,0,0,same_price_available,noise,assumed_room_only,probable_two_person_standard_room,medium,medium,0.36,0,27700,false,inventory_dp_pressure_proxy
booking,ONSEN & STAY OAKHILL,2026-09-05,2026-07-21T06:00:06+09:00,2026-07-28T00:00:05+09:00,162,available,available,,34457,,,unknown,none,assumed_room_only,confirmed_two_person_standard_room,high,high,1,0,34457,false,inventory_dp_pressure_proxy
booking,おおみや旅館,2026-09-05,2026-07-30T16:00:06+09:00,2026-08-02T02:00:05+09:00,58,available,available,27720,27720,0,0,same_price_available,noise,assumed_room_only,probable_two_person_standard_room,medium,medium,0.36,0,27720,false,inventory_dp_pressure_proxy
booking,たかみや瑠璃倶楽,2026-09-05,2026-07-30T10:00:06+09:00,2026-07-31T10:00:06+09:00,24,available,available,23938,26598,2660,0.1111,price_up_available,strong,assumed_room_only,confirmed_two_person_standard_room,high,high,1,1,26598,false,inventory_dp_pressure_proxy
booking,ペンションぷうたろう,2026-09-05,2026-07-28T02:00:01+09:00,2026-07-29T08:00:06+09:00,30,available,available,18810,18050,-760,-0.0404,price_down_available,meaningful,assumed_room_only,probable_two_person_standard_room,medium,medium,0.36,-0.36,18050,false,inventory_dp_pressure_proxy
booking,ペンション木いちご,2026-09-05,2026-07-28T20:00:06+09:00,2026-07-29T20:00:08+09:00,24,available,available,16600,16600,0,0,same_price_available,noise,assumed_room_only,confirmed_two_person_standard_room,high,high,1,0,16600,false,inventory_dp_pressure_proxy
booking,ホテル松金屋アネックス,2026-09-05,2026-07-31T04:00:06+09:00,2026-08-01T20:00:06+09:00,40,sold_out,sold_out,,,,,not_comparable,none,assumed_room_only,unknown_room_basis,low,low,0,0,,false,inventory_dp_pressure_proxy
booking,ル・ベール蔵王,2026-09-05,2026-07-27T00:00:01+09:00,2026-08-01T10:00:08+09:00,130,available,available,29409,20760,-8649,-0.2941,price_down_available,strong,assumed_room_only,confirmed_two_person_standard_room,high,high,1,-1,20760,false,inventory_dp_pressure_proxy
booking,ロッジスガノ,2026-09-05,2026-07-05T16:00:05+09:00,2026-08-01T12:00:07+09:00,644,available,sold_out,22500,,0,0,sold_out_after_same_price,noise,assumed_room_only,probable_two_person_standard_room,medium,medium,0.36,0.36,22500,false,inventory_dp_pressure_proxy
booking,ロッジまつぽっくり,2026-09-05,2026-07-31T14:00:06+09:00,2026-08-01T22:00:06+09:00,32,available,available,,,,,not_comparable,none,assumed_room_only,excluded_family_or_suite_room,low,low,0,0,,false,inventory_dp_pressure_proxy
booking,吉田屋,2026-09-05,2026-07-18T12:00:01+09:00,2026-07-31T22:00:06+09:00,322,available,available,24024,21622,-2402,-0.1,price_down_available,strong,assumed_room_only,confirmed_two_person_standard_room,high,high,1,-1,21622,false,inventory_dp_pressure_proxy
booking,名湯リゾート ルーセントタカミヤ,2026-09-05,2026-07-30T20:00:06+09:00,2026-08-01T14:00:07+09:00,42,available,available,31680,31680,0,0,same_price_available,noise,assumed_room_only,confirmed_two_person_standard_room,high,high,1,0,31680,false,inventory_dp_pressure_proxy
booking,名湯舎 創,2026-09-05,2026-07-23T08:00:07+09:00,2026-07-25T02:00:06+09:00,42,available,available,25483,25483,0,0,same_price_available,noise,assumed_room_only,confirmed_two_person_standard_room,high,high,1,0,25483,false,inventory_dp_pressure_proxy
booking,松尾ハウス,2026-09-05,2026-07-25T08:00:05+09:00,2026-07-26T08:00:03+09:00,24,available,available,11500,11500,0,0,same_price_available,noise,assumed_room_only,confirmed_two_person_standard_room,high,high,1,0,11500,false,inventory_dp_pressure_proxy
booking,深山荘 高見屋,2026-09-05,2026-07-20T10:00:01+09:00,2026-08-01T00:00:02+09:00,278,available,available,39590,50638,11048,0.2791,price_up_available,strong,assumed_room_only,confirmed_two_person_standard_room,high,high,1,1,50638,false,inventory_dp_pressure_proxy
booking,源泉湯宿 蔵王プラザホテル,2026-09-05,2026-07-28T12:00:06+09:00,2026-07-29T18:00:06+09:00,30,available,available,24200,24200,0,0,same_price_available,noise,assumed_room_only,confirmed_two_person_standard_room,high,high,1,0,24200,false,inventory_dp_pressure_proxy
booking,蔵王・和歌（うた）の宿 わかまつや,2026-09-05,2026-07-24T10:00:06+09:00,2026-07-25T10:00:06+09:00,24,available,available,150480,27951,-122529,-0.8143,price_down_available,strong,assumed_room_only,confirmed_two_person_standard_room,high,high,1,-1,27951,false,inventory_dp_pressure_proxy
booking,蔵王四季のホテル,2026-09-05,2026-07-27T12:00:06+09:00,2026-07-28T16:00:06+09:00,28,available,available,,,,,not_comparable,none,assumed_room_only,excluded_large_room,low,low,0,0,,false,inventory_dp_pressure_proxy
booking,蔵王国際ホテル,2026-09-05,2026-07-29T12:00:06+09:00,2026-07-30T14:00:04+09:00,26,available,available,35640,35640,0,0,same_price_available,noise,assumed_room_only,confirmed_two_person_standard_room,high,high,1,0,35640,false,inventory_dp_pressure_proxy
booking,蔵王温泉 高砂屋旅館,2026-09-05,2026-07-05T20:00:06+09:00,2026-08-01T08:00:07+09:00,636,available,sold_out,30800,,0,0,sold_out_after_same_price,noise,assumed_room_only,probable_two_person_standard_room,medium,medium,0.36,0.36,30800,false,inventory_dp_pressure_proxy
jalan,JURIN,2026-09-05,,2026-07-29T16:00:05+09:00,,unknown,available,,,,,not_comparable,none,meal_included,unknown_room_basis,low,low,0,0,,false,inventory_dp_pressure_proxy
jalan,ＫＫＲ蔵王 白銀荘,2026-09-05,2026-07-24T00:00:02+09:00,2026-07-26T16:00:05+09:00,64,available,available,,,,,not_comparable,none,confirmed_room_only,unknown_room_basis,low,low,0,0,,false,inventory_dp_pressure_proxy
jalan,ONSEN & STAY OAKHILL,2026-09-05,2026-07-20T12:00:05+09:00,2026-07-23T16:00:03+09:00,76,unavailable,available,,,,,not_comparable,none,unknown_meal_basis,unknown_room_basis,low,low,0,0,,false,inventory_dp_pressure_proxy
jalan,おおみや旅館,2026-09-05,,2026-07-22T14:00:06+09:00,,unknown,available,,,,,not_comparable,none,confirmed_room_only,excluded_large_room,low,low,0,0,,false,inventory_dp_pressure_proxy
jalan,たかみや瑠璃倶楽,2026-09-05,2026-07-30T08:00:06+09:00,2026-07-31T20:00:06+09:00,36,available,available,,,,,not_comparable,none,confirmed_room_only,excluded_family_or_suite_room,low,low,0,0,,false,inventory_dp_pressure_proxy
jalan,ペンションぷうたろう,2026-09-05,2026-07-25T04:00:06+09:00,2026-07-26T06:00:05+09:00,26,available,available,17600,,0,0,same_price_available,noise,confirmed_room_only,confirmed_two_person_standard_room,high,high,1,0,17600,false,inventory_dp_pressure_proxy
jalan,ペンション木いちご,2026-09-05,2026-07-16T08:00:01+09:00,2026-07-18T04:00:05+09:00,44,available,available,,,,,not_comparable,none,confirmed_room_only,excluded_large_room,low,low,0,0,,false,inventory_dp_pressure_proxy
jalan,ホテル松金屋アネックス,2026-09-05,,2026-07-22T12:00:06+09:00,,unknown,available,,,,,not_comparable,none,unknown_meal_basis,unknown_room_basis,low,low,0,0,,false,inventory_dp_pressure_proxy
jalan,ル・ベール蔵王,2026-09-05,2026-07-24T14:00:05+09:00,2026-07-31T00:00:02+09:00,154,available,available,,,,,not_comparable,none,confirmed_room_only,unknown_room_basis,low,low,0,0,,false,inventory_dp_pressure_proxy
jalan,吉田屋,2026-09-05,2026-07-30T02:00:06+09:00,2026-07-31T02:00:06+09:00,24,available,available,,,,,not_comparable,none,confirmed_room_only,unknown_room_basis,low,low,0,0,,false,inventory_dp_pressure_proxy
jalan,名湯舎 創,2026-09-05,2026-07-24T04:00:05+09:00,2026-07-26T20:00:06+09:00,64,available,available,,,,,not_comparable,none,confirmed_room_only,unknown_room_basis,low,low,0,0,,false,inventory_dp_pressure_proxy
jalan,深山荘 高見屋,2026-09-05,2026-07-29T00:00:02+09:00,2026-07-30T22:00:06+09:00,46,available,available,,,,,not_comparable,none,unknown_meal_basis,unknown_room_basis,low,low,0,0,,false,inventory_dp_pressure_proxy
jalan,蔵王四季のホテル,2026-09-05,2026-07-20T06:00:06+09:00,2026-07-26T04:00:06+09:00,142,available,available,,,,,not_comparable,none,confirmed_room_only,excluded_family_or_suite_room,low,low,0,0,,false,inventory_dp_pressure_proxy
jalan,蔵王国際ホテル,2026-09-05,2026-07-30T00:00:02+09:00,2026-07-31T18:00:05+09:00,42,available,available,,,,,not_comparable,none,confirmed_room_only,excluded_family_or_suite_room,low,low,0,0,,false,inventory_dp_pressure_proxy
jalan,蔵王温泉 高砂屋旅館,2026-09-05,2026-07-23T12:00:06+09:00,2026-07-24T20:00:06+09:00,32,sold_out,sold_out,,,,,not_comparable,none,unknown_meal_basis,unknown_room_basis,low,low,0,0,,false,inventory_dp_pressure_proxy
booking,JURIN,2026-09-06,2026-07-19T00:00:02+09:00,2026-07-30T18:00:06+09:00,282,sold_out,sold_out,,,,,not_comparable,none,assumed_room_only,unknown_room_basis,low,low,0,0,,false,inventory_dp_pressure_proxy
booking,ＫＫＲ蔵王 白銀荘,2026-09-06,,2026-07-31T12:00:05+09:00,,unknown,available,,23700,,,unknown,none,assumed_room_only,probable_two_person_standard_room,medium,medium,0.36,0,23700,false,inventory_dp_pressure_proxy
booking,ONSEN & STAY OAKHILL,2026-09-06,2026-07-21T06:00:06+09:00,2026-07-31T16:00:06+09:00,250,available,available,,30312,,,unknown,none,assumed_room_only,confirmed_two_person_standard_room,high,high,1,0,30312,false,inventory_dp_pressure_proxy
booking,おおみや旅館,2026-09-06,2026-07-27T04:00:06+09:00,2026-07-31T08:00:06+09:00,100,available,available,25080,25080,0,0,same_price_available,noise,assumed_room_only,confirmed_two_person_standard_room,high,high,1,0,25080,false,inventory_dp_pressure_proxy
booking,ホテル松金屋アネックス,2026-09-06,2026-07-31T04:00:06+09:00,2026-08-01T22:00:06+09:00,42,unknown,unknown,,,,,not_comparable,none,assumed_room_only,unknown_room_basis,low,low,0,0,,false,inventory_dp_pressure_proxy
booking,ル・ベール蔵王,2026-09-06,2026-07-19T02:00:06+09:00,2026-08-01T10:00:08+09:00,320,available,available,26225,18964,-7261,-0.2769,price_down_available,strong,assumed_room_only,confirmed_two_person_standard_room,high,high,1,-1,18964,false,inventory_dp_pressure_proxy
booking,吉田屋,2026-09-06,2026-07-18T14:00:06+09:00,2026-08-01T04:00:07+09:00,326,available,available,18700,16830,-1870,-0.1,price_down_available,strong,assumed_room_only,confirmed_two_person_standard_room,high,high,1,-1,16830,false,inventory_dp_pressure_proxy
booking,名湯舎 創,2026-09-06,2026-07-23T10:00:03+09:00,2026-07-25T02:00:06+09:00,40,available,sold_out,17761,,-1973,-0.1,sold_out_after_price_down,strong,assumed_room_only,confirmed_two_person_standard_room,high,high,1,0.5,17761,false,inventory_dp_pressure_proxy
booking,源泉湯宿 蔵王プラザホテル,2026-09-06,2026-07-28T14:00:06+09:00,2026-07-29T20:00:08+09:00,30,available,available,31900,31900,0,0,same_price_available,noise,assumed_room_only,probable_two_person_standard_room,medium,medium,0.36,0,31900,false,inventory_dp_pressure_proxy
booking,蔵王・和歌（うた）の宿 わかまつや,2026-09-06,2026-07-25T12:00:06+09:00,2026-07-31T14:00:06+09:00,146,available,available,33632,145200,111568,3.3173,price_up_available,strong,assumed_room_only,confirmed_two_person_standard_room,high,high,1,1,145200,false,inventory_dp_pressure_proxy
jalan,HAMMOND,2026-09-06,2026-07-29T02:00:05+09:00,2026-07-30T20:00:06+09:00,42,available,available,,,,,not_comparable,none,confirmed_room_only,excluded_large_room,low,low,0,0,,false,inventory_dp_pressure_proxy
jalan,JURIN,2026-09-06,2026-07-30T08:00:06+09:00,2026-07-31T10:00:06+09:00,26,sold_out,sold_out,,,,,not_comparable,none,unknown_meal_basis,unknown_room_basis,low,low,0,0,,false,inventory_dp_pressure_proxy
jalan,ＫＫＲ蔵王 白銀荘,2026-09-06,2026-07-26T08:00:03+09:00,2026-07-27T08:00:06+09:00,24,available,available,,,,,not_comparable,none,unknown_meal_basis,unknown_room_basis,low,low,0,0,,false,inventory_dp_pressure_proxy
jalan,ONSEN & STAY OAKHILL,2026-09-06,2026-07-23T16:00:03+09:00,2026-07-31T00:00:02+09:00,176,available,available,,,,,not_comparable,none,unknown_meal_basis,unknown_room_basis,low,low,0,0,,false,inventory_dp_pressure_proxy
jalan,おおみや旅館,2026-09-06,2026-07-30T14:00:04+09:00,2026-07-31T22:00:06+09:00,32,available,available,,,,,not_comparable,none,confirmed_room_only,excluded_large_room,low,low,0,0,,false,inventory_dp_pressure_proxy
jalan,ホテル松金屋アネックス,2026-09-06,2026-07-29T00:00:02+09:00,2026-07-30T10:00:06+09:00,34,available,available,,,,,not_comparable,none,confirmed_room_only,excluded_large_room,low,low,0,0,,false,inventory_dp_pressure_proxy
jalan,ル・ベール蔵王,2026-09-06,2026-07-31T02:00:06+09:00,2026-08-01T12:00:07+09:00,34,available,available,,,,,not_comparable,none,confirmed_room_only,unknown_room_basis,low,low,0,0,,false,inventory_dp_pressure_proxy
jalan,吉田屋,2026-09-06,2026-07-31T20:00:06+09:00,2026-08-02T02:00:05+09:00,30,available,available,,,,,not_comparable,none,confirmed_room_only,unknown_room_basis,low,low,0,0,,false,inventory_dp_pressure_proxy
jalan,名湯舎 創,2026-09-06,2026-07-24T22:00:06+09:00,2026-07-26T14:00:06+09:00,40,sold_out,sold_out,,,,,not_comparable,none,unknown_meal_basis,unknown_room_basis,low,low,0,0,,false,inventory_dp_pressure_proxy
jalan,源泉湯宿 蔵王プラザホテル,2026-09-06,,2026-07-30T22:00:06+09:00,,unknown,available,,,,,not_comparable,none,meal_included,unknown_room_basis,low,low,0,0,,false,inventory_dp_pressure_proxy
jalan,蔵王・和歌（うた）の宿 わかまつや,2026-09-06,2026-07-25T04:00:06+09:00,2026-07-30T04:00:06+09:00,120,available,available,,,,,not_comparable,none,unknown_meal_basis,unknown_room_basis,low,low,0,0,,false,inventory_dp_pressure_proxy
booking,JURIN,2026-09-11,,2026-07-30T20:00:06+09:00,,unknown,available,,28571,,,unknown,none,assumed_room_only,confirmed_two_person_standard_room,high,high,1,0,28571,false,inventory_dp_pressure_proxy
booking,ＫＫＲ蔵王 白銀荘,2026-09-11,,2026-07-31T14:00:06+09:00,,unknown,available,,23700,,,unknown,none,assumed_room_only,probable_two_person_standard_room,medium,medium,0.36,0,23700,false,inventory_dp_pressure_proxy
booking,ONSEN & STAY OAKHILL,2026-09-11,2026-07-21T08:00:06+09:00,2026-07-31T22:00:06+09:00,254,available,available,,28874,,,unknown,none,assumed_room_only,confirmed_two_person_standard_room,high,high,1,0,28874,false,inventory_dp_pressure_proxy
booking,おおみや旅館,2026-09-11,2026-07-23T10:00:03+09:00,2026-07-26T04:00:06+09:00,66,available,available,25080,25080,0,0,same_price_available,noise,assumed_room_only,probable_two_person_standard_room,medium,medium,0.36,0,25080,false,inventory_dp_pressure_proxy
booking,ホテル松金屋アネックス,2026-09-11,2026-07-31T06:00:06+09:00,2026-08-02T02:00:05+09:00,44,unknown,unknown,,,,,not_comparable,none,assumed_room_only,unknown_room_basis,low,low,0,0,,false,inventory_dp_pressure_proxy
booking,ル・ベール蔵王,2026-09-11,2026-07-19T04:00:02+09:00,2026-08-01T12:00:07+09:00,320,available,available,26292,19867,-6425,-0.2444,price_down_available,strong,assumed_room_only,confirmed_two_person_standard_room,high,high,1,-1,19867,false,inventory_dp_pressure_proxy
booking,吉田屋,2026-09-11,2026-07-18T16:00:06+09:00,2026-08-01T08:00:07+09:00,328,available,available,18700,16830,-1870,-0.1,price_down_available,strong,assumed_room_only,confirmed_two_person_standard_room,high,high,1,-1,16830,false,inventory_dp_pressure_proxy
booking,名湯舎 創,2026-09-11,2026-07-23T12:00:06+09:00,2026-07-25T06:00:06+09:00,42,sold_out,sold_out,,,,,not_comparable,none,assumed_room_only,unknown_room_basis,low,low,0,0,,false,inventory_dp_pressure_proxy
booking,源泉湯宿 蔵王プラザホテル,2026-09-11,2026-07-28T16:00:06+09:00,2026-07-30T00:00:02+09:00,32,available,available,30800,30800,0,0,same_price_available,noise,assumed_room_only,probable_two_person_standard_room,medium,medium,0.36,0,30800,false,inventory_dp_pressure_proxy
booking,蔵王・和歌（うた）の宿 わかまつや,2026-09-11,2026-07-24T10:00:06+09:00,2026-07-25T12:00:06+09:00,26,available,available,145200,43560,-101640,-0.7,price_down_available,strong,assumed_room_only,confirmed_two_person_standard_room,high,high,1,-1,43560,false,inventory_dp_pressure_proxy
jalan,HAMMOND,2026-09-11,2026-07-29T04:00:06+09:00,2026-07-31T02:00:06+09:00,46,available,available,,,,,not_comparable,none,confirmed_room_only,excluded_large_room,low,low,0,0,,false,inventory_dp_pressure_proxy
jalan,JURIN,2026-09-11,2026-07-29T12:00:06+09:00,2026-07-31T12:00:05+09:00,48,available,available,,,,,not_comparable,none,meal_included,unknown_room_basis,low,low,0,0,,false,inventory_dp_pressure_proxy
jalan,ＫＫＲ蔵王 白銀荘,2026-09-11,2026-07-26T10:00:06+09:00,2026-07-27T10:00:02+09:00,24,available,available,,,,,not_comparable,none,unknown_meal_basis,unknown_room_basis,low,low,0,0,,false,inventory_dp_pressure_proxy
jalan,ONSEN & STAY OAKHILL,2026-09-11,2026-07-23T18:00:06+09:00,2026-07-31T08:00:06+09:00,182,available,available,,,,,not_comparable,none,unknown_meal_basis,unknown_room_basis,low,low,0,0,,false,inventory_dp_pressure_proxy
jalan,おおみや旅館,2026-09-11,2026-07-25T22:00:06+09:00,2026-07-30T16:00:06+09:00,114,available,available,,,,,not_comparable,none,confirmed_room_only,excluded_large_room,low,low,0,0,,false,inventory_dp_pressure_proxy
jalan,ホテル松金屋アネックス,2026-09-11,2026-07-29T02:00:05+09:00,2026-07-31T00:00:02+09:00,46,available,available,,,,,not_comparable,none,confirmed_room_only,excluded_large_room,low,low,0,0,,false,inventory_dp_pressure_proxy
jalan,ル・ベール蔵王,2026-09-11,2026-07-29T16:00:05+09:00,2026-07-30T22:00:06+09:00,30,available,available,,,,,not_comparable,none,confirmed_room_only,unknown_room_basis,low,low,0,0,,false,inventory_dp_pressure_proxy
jalan,吉田屋,2026-09-11,2026-07-31T20:00:06+09:00,2026-08-01T22:00:06+09:00,26,available,available,,,,,not_comparable,none,confirmed_room_only,unknown_room_basis,low,low,0,0,,false,inventory_dp_pressure_proxy
jalan,名湯舎 創,2026-09-11,2026-07-24T06:00:06+09:00,2026-07-26T16:00:05+09:00,58,sold_out,sold_out,,,,,not_comparable,none,unknown_meal_basis,unknown_room_basis,low,low,0,0,,false,inventory_dp_pressure_proxy
jalan,源泉湯宿 蔵王プラザホテル,2026-09-11,,2026-07-31T04:00:06+09:00,,unknown,available,,,,,not_comparable,none,meal_included,unknown_room_basis,low,low,0,0,,false,inventory_dp_pressure_proxy
jalan,蔵王・和歌（うた）の宿 わかまつや,2026-09-11,,2026-07-30T06:00:06+09:00,,unknown,available,,,,,not_comparable,none,unknown_meal_basis,unknown_room_basis,low,low,0,0,,false,inventory_dp_pressure_proxy
booking,JURIN,2026-09-12,,2026-07-31T06:00:06+09:00,,unknown,available,,35178,,,unknown,none,assumed_room_only,confirmed_two_person_standard_room,high,high,1,0,35178,false,inventory_dp_pressure_proxy
booking,ＫＫＲ蔵王 白銀荘,2026-09-12,,2026-07-31T14:00:06+09:00,,unknown,available,,27700,,,unknown,none,assumed_room_only,probable_two_person_standard_room,medium,medium,0.36,0,27700,false,inventory_dp_pressure_proxy
booking,ONSEN & STAY OAKHILL,2026-09-12,,2026-07-21T08:00:06+09:00,,unknown,available,,,,,not_comparable,none,assumed_room_only,excluded_single_room,low,low,0,0,,false,inventory_dp_pressure_proxy
booking,おおみや旅館,2026-09-12,2026-07-23T12:00:06+09:00,2026-07-26T06:00:05+09:00,66,available,available,33000,33000,0,0,same_price_available,noise,assumed_room_only,probable_two_person_standard_room,medium,medium,0.36,0,33000,false,inventory_dp_pressure_proxy
booking,たかみや瑠璃倶楽,2026-09-12,2026-07-30T16:00:06+09:00,2026-07-31T18:00:05+09:00,26,available,available,23938,23938,0,0,same_price_available,noise,assumed_room_only,confirmed_two_person_standard_room,high,high,1,0,23938,false,inventory_dp_pressure_proxy
booking,ペンションぷうたろう,2026-09-12,2026-07-28T04:00:05+09:00,2026-07-29T10:00:06+09:00,30,available,available,20900,18810,-2090,-0.1,price_down_available,strong,assumed_room_only,confirmed_two_person_standard_room,high,high,1,-1,18810,false,inventory_dp_pressure_proxy
booking,ペンション木いちご,2026-09-12,2026-07-28T00:00:05+09:00,2026-07-29T14:00:04+09:00,38,available,available,16600,16600,0,0,same_price_available,noise,assumed_room_only,confirmed_two_person_standard_room,high,high,1,0,16600,false,inventory_dp_pressure_proxy
booking,ホテル松金屋アネックス,2026-09-12,2026-07-31T16:00:06+09:00,2026-08-02T02:00:05+09:00,34,unknown,unknown,,,,,not_comparable,none,assumed_room_only,unknown_room_basis,low,low,0,0,,false,inventory_dp_pressure_proxy
booking,ル・ベール蔵王,2026-09-12,2026-07-19T06:00:06+09:00,2026-08-01T12:00:07+09:00,318,available,available,29064,20768,-8296,-0.2854,price_down_available,strong,assumed_room_only,confirmed_two_person_standard_room,high,high,1,-1,20768,false,inventory_dp_pressure_proxy
booking,ロッジスガノ,2026-09-12,2026-07-04T16:00:06+09:00,2026-08-01T10:00:08+09:00,666,available,sold_out,22500,,0,0,sold_out_after_same_price,noise,assumed_room_only,probable_two_person_standard_room,medium,medium,0.36,0.36,22500,false,inventory_dp_pressure_proxy
booking,ロッジまつぽっくり,2026-09-12,2026-07-28T02:00:01+09:00,2026-08-01T22:00:06+09:00,116,available,available,,,,,not_comparable,none,assumed_room_only,excluded_family_or_suite_room,low,low,0,0,,false,inventory_dp_pressure_proxy
booking,名湯リゾート ルーセントタカミヤ,2026-09-12,2026-07-31T02:00:06+09:00,2026-08-01T20:00:06+09:00,42,available,available,22394,22394,0,0,same_price_available,noise,assumed_room_only,confirmed_two_person_standard_room,high,high,1,0,22394,false,inventory_dp_pressure_proxy
booking,名湯舎 創,2026-09-12,2026-07-18T06:00:05+09:00,2026-07-23T14:00:05+09:00,128,available,available,28314,25483,-2831,-0.1,price_down_available,strong,assumed_room_only,confirmed_two_person_standard_room,high,high,1,-1,25483,false,inventory_dp_pressure_proxy
booking,松尾ハウス,2026-09-12,2026-07-25T06:00:06+09:00,2026-07-26T10:00:06+09:00,28,available,available,11500,10664,-836,-0.0727,price_down_available,strong,assumed_room_only,confirmed_two_person_standard_room,high,high,1,-1,10664,false,inventory_dp_pressure_proxy
booking,深山荘 高見屋,2026-09-12,2026-07-06T20:00:05+09:00,2026-08-01T02:00:07+09:00,606,available,sold_out,92400,,49280,1.1429,sold_out_after_price_up,strong,assumed_room_only,probable_two_person_standard_room,medium,medium,0.36,0.54,92400,false,inventory_dp_pressure_proxy
booking,源泉湯宿 蔵王プラザホテル,2026-09-12,2026-07-28T18:00:05+09:00,2026-07-30T02:00:06+09:00,32,available,available,25300,25300,0,0,same_price_available,noise,assumed_room_only,confirmed_two_person_standard_room,high,high,1,0,25300,false,inventory_dp_pressure_proxy
booking,蔵王・和歌（うた）の宿 わかまつや,2026-09-12,2026-07-22T04:00:07+09:00,2026-07-24T12:00:06+09:00,56,unknown,available,,28538,,,unknown,none,assumed_room_only,confirmed_two_person_standard_room,high,high,1,0,28538,false,inventory_dp_pressure_proxy
booking,蔵王四季のホテル,2026-09-12,2026-07-22T16:00:06+09:00,2026-07-27T14:00:05+09:00,118,available,available,,,,,not_comparable,none,assumed_room_only,excluded_family_or_suite_room,low,low,0,0,,false,inventory_dp_pressure_proxy
booking,蔵王国際ホテル,2026-09-12,2026-07-29T18:00:06+09:00,2026-07-30T18:00:06+09:00,24,available,available,29473,38280,8807,0.2988,price_up_available,strong,assumed_room_only,confirmed_two_person_standard_room,high,high,1,1,38280,false,inventory_dp_pressure_proxy
booking,蔵王温泉 高砂屋旅館,2026-09-12,2026-07-21T16:00:06+09:00,2026-08-01T14:00:07+09:00,262,available,available,,,,,unknown,none,assumed_room_only,probable_two_person_standard_room,medium,medium,0.36,0,20000,false,inventory_dp_pressure_proxy
jalan,JURIN,2026-09-12,,2026-07-29T20:00:08+09:00,,unknown,available,,,,,not_comparable,none,meal_included,unknown_room_basis,low,low,0,0,,false,inventory_dp_pressure_proxy
jalan,ＫＫＲ蔵王 白銀荘,2026-09-12,2026-07-24T02:00:06+09:00,2026-07-26T18:00:04+09:00,64,available,available,,,,,not_comparable,none,confirmed_room_only,unknown_room_basis,low,low,0,0,,false,inventory_dp_pressure_proxy
jalan,ONSEN & STAY OAKHILL,2026-09-12,2026-07-20T20:00:06+09:00,2026-07-23T18:00:06+09:00,70,available,available,,,,,not_comparable,none,unknown_meal_basis,unknown_room_basis,low,low,0,0,,false,inventory_dp_pressure_proxy
jalan,おおみや旅館,2026-09-12,,2026-07-22T18:00:06+09:00,,unknown,available,,,,,not_comparable,none,confirmed_room_only,excluded_large_room,low,low,0,0,,false,inventory_dp_pressure_proxy
jalan,たかみや瑠璃倶楽,2026-09-12,2026-07-28T12:00:06+09:00,2026-07-30T20:00:06+09:00,56,available,available,,,,,not_comparable,none,confirmed_room_only,excluded_family_or_suite_room,low,low,0,0,,false,inventory_dp_pressure_proxy
jalan,ペンションぷうたろう,2026-09-12,2026-07-25T22:00:06+09:00,2026-07-28T22:00:03+09:00,72,available,available,17600,17600,0,0,same_price_available,noise,confirmed_room_only,confirmed_two_person_standard_room,high,high,1,0,17600,false,inventory_dp_pressure_proxy
jalan,ペンション木いちご,2026-09-12,2026-07-16T08:00:01+09:00,2026-07-18T18:00:06+09:00,58,available,available,,,,,not_comparable,none,confirmed_room_only,excluded_large_room,low,low,0,0,,false,inventory_dp_pressure_proxy
jalan,ホテル松金屋アネックス,2026-09-12,2026-07-23T00:00:03+09:00,2026-07-29T04:00:06+09:00,148,available,available,,,,,not_comparable,none,confirmed_room_only,excluded_large_room,low,low,0,0,,false,inventory_dp_pressure_proxy
jalan,ル・ベール蔵王,2026-09-12,2026-07-24T18:00:06+09:00,2026-07-31T10:00:06+09:00,160,available,available,,,,,not_comparable,none,confirmed_room_only,unknown_room_basis,low,low,0,0,,false,inventory_dp_pressure_proxy
jalan,吉田屋,2026-09-12,2026-07-30T04:00:06+09:00,2026-07-31T04:00:06+09:00,24,available,available,,,,,not_comparable,none,confirmed_room_only,unknown_room_basis,low,low,0,0,,false,inventory_dp_pressure_proxy
jalan,名湯舎 創,2026-09-12,2026-07-24T08:00:06+09:00,2026-07-27T02:00:06+09:00,66,available,unavailable,,,,,not_comparable,none,unknown_meal_basis,unknown_room_basis,low,low,0,0,,false,inventory_dp_pressure_proxy
jalan,深山荘 高見屋,2026-09-12,2026-07-28T16:00:06+09:00,2026-07-29T22:00:07+09:00,30,available,available,,,,,not_comparable,none,unknown_meal_basis,unknown_room_basis,low,low,0,0,,false,inventory_dp_pressure_proxy
jalan,蔵王四季のホテル,2026-09-12,2026-07-27T20:00:05+09:00,2026-07-28T20:00:06+09:00,24,available,available,,,,,not_comparable,none,confirmed_room_only,excluded_family_or_suite_room,low,low,0,0,,false,inventory_dp_pressure_proxy
jalan,蔵王国際ホテル,2026-09-12,2026-07-30T14:00:04+09:00,2026-07-31T22:00:06+09:00,32,available,available,,,,,not_comparable,none,confirmed_room_only,excluded_family_or_suite_room,low,low,0,0,,false,inventory_dp_pressure_proxy
jalan,蔵王温泉 高砂屋旅館,2026-09-12,2026-07-23T20:00:06+09:00,2026-07-24T20:00:06+09:00,24,available,available,,,,,unknown,none,confirmed_room_only,confirmed_two_person_standard_room,high,high,1,0,33000,false,inventory_dp_pressure_proxy
booking,JURIN,2026-09-13,,2026-07-30T22:00:06+09:00,,unknown,sold_out,,,,,not_comparable,none,assumed_room_only,unknown_room_basis,low,low,0,0,,false,inventory_dp_pressure_proxy
booking,ＫＫＲ蔵王 白銀荘,2026-09-13,,2026-07-31T16:00:06+09:00,,unknown,available,,23700,,,unknown,none,assumed_room_only,probable_two_person_standard_room,medium,medium,0.36,0,23700,false,inventory_dp_pressure_proxy
booking,ONSEN & STAY OAKHILL,2026-09-13,,2026-07-21T10:00:07+09:00,,unknown,available,,,,,not_comparable,none,assumed_room_only,excluded_single_room,low,low,0,0,,false,inventory_dp_pressure_proxy
booking,おおみや旅館,2026-09-13,2026-07-23T16:00:03+09:00,2026-07-26T06:00:05+09:00,62,available,available,25080,25080,0,0,same_price_available,noise,assumed_room_only,probable_two_person_standard_room,medium,medium,0.36,0,25080,false,inventory_dp_pressure_proxy
booking,ホテル松金屋アネックス,2026-09-13,,2026-07-23T08:00:07+09:00,,unknown,unknown,,,,,not_comparable,none,assumed_room_only,unknown_room_basis,low,low,0,0,,false,inventory_dp_pressure_proxy
booking,ル・ベール蔵王,2026-09-13,2026-07-19T06:00:06+09:00,2026-08-01T14:00:07+09:00,320,available,available,34000,18989,-15011,-0.4415,price_down_available,strong,assumed_room_only,confirmed_two_person_standard_room,high,high,1,-1,18989,false,inventory_dp_pressure_proxy
booking,名湯舎 創,2026-09-13,2026-07-18T06:00:05+09:00,2026-07-23T14:00:05+09:00,128,available,available,,17761,,,unknown,none,assumed_room_only,confirmed_two_person_standard_room,high,high,1,0,17761,false,inventory_dp_pressure_proxy
booking,源泉湯宿 蔵王プラザホテル,2026-09-13,2026-07-28T18:00:05+09:00,2026-07-30T04:00:06+09:00,34,sold_out,sold_out,,,,,not_comparable,none,assumed_room_only,unknown_room_basis,low,low,0,0,,false,inventory_dp_pressure_proxy
booking,蔵王・和歌（うた）の宿 わかまつや,2026-09-13,2026-07-22T02:00:06+09:00,2026-07-24T18:00:06+09:00,64,available,available,32909,32959,50,0.0015,noise,noise,assumed_room_only,confirmed_two_person_standard_room,high,high,1,0,32959,false,inventory_dp_pressure_proxy
jalan,JURIN,2026-09-13,2026-07-29T18:00:06+09:00,2026-07-31T18:00:05+09:00,48,sold_out,sold_out,,,,,not_comparable,none,unknown_meal_basis,unknown_room_basis,low,low,0,0,,false,inventory_dp_pressure_proxy
jalan,ＫＫＲ蔵王 白銀荘,2026-09-13,2026-07-24T04:00:05+09:00,2026-07-26T16:00:05+09:00,60,available,available,,,,,not_comparable,none,unknown_meal_basis,unknown_room_basis,low,low,0,0,,false,inventory_dp_pressure_proxy
jalan,ONSEN & STAY OAKHILL,2026-09-13,2026-07-20T22:00:06+09:00,2026-07-23T20:00:06+09:00,70,available,available,,,,,not_comparable,none,unknown_meal_basis,unknown_room_basis,low,low,0,0,,false,inventory_dp_pressure_proxy
jalan,おおみや旅館,2026-09-13,,2026-07-22T18:00:06+09:00,,unknown,available,,,,,not_comparable,none,confirmed_room_only,excluded_large_room,low,low,0,0,,false,inventory_dp_pressure_proxy
jalan,ホテル松金屋アネックス,2026-09-13,2026-07-23T02:00:06+09:00,2026-07-29T06:00:06+09:00,148,available,available,,,,,not_comparable,none,confirmed_room_only,excluded_large_room,low,low,0,0,,false,inventory_dp_pressure_proxy
jalan,ル・ベール蔵王,2026-09-13,2026-07-31T00:00:02+09:00,2026-08-01T20:00:06+09:00,44,available,available,,,,,not_comparable,none,confirmed_room_only,unknown_room_basis,low,low,0,0,,false,inventory_dp_pressure_proxy
jalan,吉田屋,2026-09-13,2026-07-31T06:00:06+09:00,2026-08-01T12:00:07+09:00,30,available,available,,,,,not_comparable,none,confirmed_room_only,unknown_room_basis,low,low,0,0,,false,inventory_dp_pressure_proxy
jalan,名湯舎 創,2026-09-13,2026-07-24T06:00:06+09:00,2026-07-26T22:00:06+09:00,64,available,available,,,,,not_comparable,none,confirmed_room_only,unknown_room_basis,low,low,0,0,,false,inventory_dp_pressure_proxy
booking,JURIN,2026-09-18,,2026-07-31T02:00:06+09:00,,unknown,available,,28571,,,unknown,none,assumed_room_only,confirmed_two_person_standard_room,high,high,1,0,28571,false,inventory_dp_pressure_proxy
booking,ＫＫＲ蔵王 白銀荘,2026-09-18,,2026-07-31T16:00:06+09:00,,unknown,available,,23700,,,unknown,none,assumed_room_only,probable_two_person_standard_room,medium,medium,0.36,0,23700,false,inventory_dp_pressure_proxy
booking,ONSEN & STAY OAKHILL,2026-09-18,,2026-07-21T10:00:07+09:00,,unknown,available,,,,,not_comparable,none,assumed_room_only,excluded_single_room,low,low,0,0,,false,inventory_dp_pressure_proxy
booking,おおみや旅館,2026-09-18,2026-07-23T14:00:05+09:00,2026-07-26T10:00:06+09:00,68,available,available,27280,25296,-1984,-0.0727,price_down_available,strong,assumed_room_only,probable_two_person_standard_room,medium,medium,0.36,-0.36,25296,false,inventory_dp_pressure_proxy
booking,ホテル松金屋アネックス,2026-09-18,,2026-07-23T10:00:03+09:00,,unknown,unknown,,,,,not_comparable,none,assumed_room_only,unknown_room_basis,low,low,0,0,,false,inventory_dp_pressure_proxy
booking,ル・ベール蔵王,2026-09-18,2026-07-19T08:00:06+09:00,2026-08-01T14:00:07+09:00,318,available,available,36000,21701,-14299,-0.3972,price_down_available,strong,assumed_room_only,confirmed_two_person_standard_room,high,high,1,-1,21701,false,inventory_dp_pressure_proxy
booking,名湯舎 創,2026-09-18,,2026-07-23T16:00:03+09:00,,unknown,available,,31746,,,unknown,none,assumed_room_only,confirmed_two_person_standard_room,high,high,1,0,31746,false,inventory_dp_pressure_proxy
booking,源泉湯宿 蔵王プラザホテル,2026-09-18,2026-07-28T20:00:06+09:00,2026-07-30T12:00:06+09:00,40,available,available,28600,28600,0,0,same_price_available,noise,assumed_room_only,confirmed_two_person_standard_room,high,high,1,0,28600,false,inventory_dp_pressure_proxy
booking,蔵王・和歌（うた）の宿 わかまつや,2026-09-18,2026-07-22T06:00:06+09:00,2026-07-24T18:00:06+09:00,60,available,available,23263,145200,121937,5.2417,price_up_available,strong,assumed_room_only,confirmed_two_person_standard_room,high,high,1,1,145200,false,inventory_dp_pressure_proxy
jalan,JURIN,2026-09-18,,2026-07-29T18:00:06+09:00,,unknown,available,,,,,not_comparable,none,unknown_meal_basis,unknown_room_basis,low,low,0,0,,false,inventory_dp_pressure_proxy
jalan,ＫＫＲ蔵王 白銀荘,2026-09-18,2026-07-24T04:00:05+09:00,2026-07-26T20:00:06+09:00,64,available,available,,,,,not_comparable,none,unknown_meal_basis,unknown_room_basis,low,low,0,0,,false,inventory_dp_pressure_proxy
jalan,ONSEN & STAY OAKHILL,2026-09-18,2026-07-20T22:00:06+09:00,2026-07-23T20:00:06+09:00,70,available,available,,,,,not_comparable,none,unknown_meal_basis,unknown_room_basis,low,low,0,0,,false,inventory_dp_pressure_proxy
jalan,おおみや旅館,2026-09-18,,2026-07-22T20:00:06+09:00,,unknown,available,,,,,not_comparable,none,confirmed_room_only,excluded_large_room,low,low,0,0,,false,inventory_dp_pressure_proxy
jalan,ル・ベール蔵王,2026-09-18,2026-07-31T06:00:06+09:00,2026-08-02T02:00:05+09:00,44,available,available,,,,,not_comparable,none,confirmed_room_only,unknown_room_basis,low,low,0,0,,false,inventory_dp_pressure_proxy
jalan,吉田屋,2026-09-18,2026-07-31T04:00:06+09:00,2026-08-01T20:00:06+09:00,40,available,available,,,,,not_comparable,none,confirmed_room_only,unknown_room_basis,low,low,0,0,,false,inventory_dp_pressure_proxy
jalan,名湯舎 創,2026-09-18,2026-07-24T08:00:06+09:00,2026-07-27T04:00:06+09:00,68,available,unavailable,,,,,not_comparable,none,unknown_meal_basis,unknown_room_basis,low,low,0,0,,false,inventory_dp_pressure_proxy
booking,ＫＫＲ蔵王 白銀荘,2026-09-19,,2026-07-31T18:00:05+09:00,,unknown,sold_out,,,,,not_comparable,none,assumed_room_only,unknown_room_basis,low,low,0,0,,false,inventory_dp_pressure_proxy
booking,ONSEN & STAY OAKHILL,2026-09-19,,2026-07-21T12:00:06+09:00,,unknown,available,,41425,,,unknown,none,assumed_room_only,confirmed_two_person_standard_room,high,high,1,0,41425,false,inventory_dp_pressure_proxy
booking,おおみや旅館,2026-09-19,2026-07-23T14:00:05+09:00,2026-07-26T16:00:05+09:00,74,available,available,47740,38280,-9460,-0.1982,price_down_available,strong,assumed_room_only,probable_two_person_standard_room,medium,medium,0.36,-0.36,38280,false,inventory_dp_pressure_proxy
booking,たかみや瑠璃倶楽,2026-09-19,2026-07-02T06:00:06+09:00,2026-07-05T14:00:06+09:00,80,available,available,41418,,18,0.0004,noise,noise,assumed_room_only,confirmed_two_person_standard_room,high,high,1,0,41436,false,inventory_dp_pressure_proxy
booking,ペンションぷうたろう,2026-09-19,2026-07-28T06:00:05+09:00,2026-07-29T16:00:05+09:00,34,available,available,25000,23750,-1250,-0.05,price_down_available,strong,assumed_room_only,probable_two_person_standard_room,medium,medium,0.36,-0.36,23750,false,inventory_dp_pressure_proxy
booking,ペンション木いちご,2026-09-19,2026-07-28T00:00:05+09:00,2026-07-29T12:00:06+09:00,36,available,available,16600,16600,0,0,same_price_available,noise,assumed_room_only,confirmed_two_person_standard_room,high,high,1,0,16600,false,inventory_dp_pressure_proxy
booking,ホテル松金屋アネックス,2026-09-19,,2026-07-23T10:00:03+09:00,,unknown,unknown,,,,,not_comparable,none,assumed_room_only,unknown_room_basis,low,low,0,0,,false,inventory_dp_pressure_proxy
booking,ル・ベール蔵王,2026-09-19,2026-07-19T10:00:06+09:00,2026-08-01T16:00:05+09:00,318,available,available,38000,22605,-15395,-0.4051,price_down_available,strong,assumed_room_only,confirmed_two_person_standard_room,high,high,1,-1,22605,false,inventory_dp_pressure_proxy
booking,ロッジスガノ,2026-09-19,2026-07-05T22:00:06+09:00,2026-08-01T20:00:06+09:00,646,available,sold_out,22500,,0,0,sold_out_after_same_price,noise,assumed_room_only,probable_two_person_standard_room,medium,medium,0.36,0.36,22500,false,inventory_dp_pressure_proxy
booking,ロッジまつぽっくり,2026-09-19,2026-07-28T10:00:06+09:00,2026-08-02T02:00:05+09:00,112,available,available,,,,,not_comparable,none,assumed_room_only,excluded_family_or_suite_room,low,low,0,0,,false,inventory_dp_pressure_proxy
booking,名湯リゾート ルーセントタカミヤ,2026-09-19,2026-07-23T06:00:06+09:00,2026-07-26T18:00:04+09:00,84,available,available,34749,34749,0,0,same_price_available,noise,assumed_room_only,confirmed_two_person_standard_room,high,high,1,0,34749,false,inventory_dp_pressure_proxy
booking,名湯舎 創,2026-09-19,,2026-07-23T18:00:06+09:00,,unknown,available,,33205,,,unknown,none,assumed_room_only,probable_two_person_standard_room,medium,medium,0.36,0,33205,false,inventory_dp_pressure_proxy
booking,松尾ハウス,2026-09-19,2026-07-25T10:00:06+09:00,2026-07-26T12:00:06+09:00,26,available,available,11500,11500,0,0,same_price_available,noise,assumed_room_only,confirmed_two_person_standard_room,high,high,1,0,11500,false,inventory_dp_pressure_proxy
booking,深山荘 高見屋,2026-09-19,2026-07-20T12:00:05+09:00,2026-08-01T02:00:07+09:00,278,available,available,70571,63720,-6851,-0.0971,price_down_available,strong,assumed_room_only,confirmed_two_person_standard_room,high,high,1,-1,63720,false,inventory_dp_pressure_proxy
booking,源泉湯宿 蔵王プラザホテル,2026-09-19,2026-07-27T20:00:05+09:00,2026-07-29T02:00:05+09:00,30,available,available,48400,48400,0,0,same_price_available,noise,assumed_room_only,probable_two_person_standard_room,medium,medium,0.36,0,48400,false,inventory_dp_pressure_proxy
booking,蔵王・和歌（うた）の宿 わかまつや,2026-09-19,2026-07-22T08:00:03+09:00,2026-07-24T22:00:06+09:00,62,available,available,50993,50125,-868,-0.017,noise,noise,assumed_room_only,confirmed_two_person_standard_room,high,high,1,0,50125,false,inventory_dp_pressure_proxy
booking,蔵王四季のホテル,2026-09-19,2026-07-22T18:00:06+09:00,2026-07-27T16:00:06+09:00,118,available,available,,,,,unknown,none,assumed_room_only,probable_two_person_standard_room,medium,medium,0.36,0,70700,false,inventory_dp_pressure_proxy
booking,蔵王国際ホテル,2026-09-19,2026-07-30T14:00:04+09:00,2026-07-31T14:00:06+09:00,24,available,available,63140,63140,0,0,same_price_available,noise,assumed_room_only,confirmed_two_person_standard_room,high,high,1,0,63140,false,inventory_dp_pressure_proxy
booking,蔵王温泉 高砂屋旅館,2026-09-19,2026-07-21T14:00:05+09:00,2026-08-01T10:00:08+09:00,260,available,available,,,,,not_comparable,none,assumed_room_only,excluded_family_or_suite_room,low,low,0,0,,false,inventory_dp_pressure_proxy
jalan,JURIN,2026-09-19,,2026-07-30T02:00:06+09:00,,unknown,sold_out,,,,,not_comparable,none,unknown_meal_basis,unknown_room_basis,low,low,0,0,,false,inventory_dp_pressure_proxy
jalan,ＫＫＲ蔵王 白銀荘,2026-09-19,2026-07-24T06:00:06+09:00,2026-07-27T00:00:01+09:00,66,sold_out,sold_out,,,,,not_comparable,none,unknown_meal_basis,unknown_room_basis,low,low,0,0,,false,inventory_dp_pressure_proxy
jalan,ONSEN & STAY OAKHILL,2026-09-19,2026-07-19T16:00:00+09:00,2026-07-23T22:00:03+09:00,102,available,available,,,,,not_comparable,none,confirmed_room_only,excluded_family_or_suite_room,low,low,0,0,,false,inventory_dp_pressure_proxy
jalan,おおみや旅館,2026-09-19,,2026-07-22T22:00:06+09:00,,unknown,available,,,,,not_comparable,none,confirmed_room_only,excluded_large_room,low,low,0,0,,false,inventory_dp_pressure_proxy
jalan,たかみや瑠璃倶楽,2026-09-19,2026-07-30T10:00:06+09:00,2026-07-31T12:00:05+09:00,26,available,available,,,,,not_comparable,none,confirmed_room_only,excluded_family_or_suite_room,low,low,0,0,,false,inventory_dp_pressure_proxy
jalan,ペンションぷうたろう,2026-09-19,2026-07-27T08:00:06+09:00,2026-07-28T08:00:06+09:00,24,available,available,19800,19800,0,0,same_price_available,noise,confirmed_room_only,confirmed_two_person_standard_room,high,high,1,0,19800,false,inventory_dp_pressure_proxy
jalan,ペンション木いちご,2026-09-19,2026-07-16T14:00:05+09:00,2026-07-18T22:00:06+09:00,56,available,available,,,,,not_comparable,none,confirmed_room_only,excluded_large_room,low,low,0,0,,false,inventory_dp_pressure_proxy
jalan,ル・ベール蔵王,2026-09-19,2026-07-25T00:00:02+09:00,2026-07-31T06:00:06+09:00,150,available,available,,,,,not_comparable,none,confirmed_room_only,unknown_room_basis,low,low,0,0,,false,inventory_dp_pressure_proxy
jalan,吉田屋,2026-09-19,2026-07-29T08:00:06+09:00,2026-07-30T22:00:06+09:00,38,available,available,,,,,not_comparable,none,confirmed_room_only,unknown_room_basis,low,low,0,0,,false,inventory_dp_pressure_proxy
jalan,名湯舎 創,2026-09-19,2026-07-23T12:00:06+09:00,2026-07-24T12:00:06+09:00,24,available,available,,,,,not_comparable,none,meal_included,unknown_room_basis,low,low,0,0,,false,inventory_dp_pressure_proxy
jalan,深山荘 高見屋,2026-09-19,2026-07-30T16:00:06+09:00,2026-07-31T16:00:06+09:00,24,available,available,,,,,not_comparable,none,unknown_meal_basis,unknown_room_basis,low,low,0,0,,false,inventory_dp_pressure_proxy
jalan,蔵王四季のホテル,2026-09-19,2026-07-27T02:00:06+09:00,2026-07-28T02:00:01+09:00,24,unavailable,available,,,,,not_comparable,none,confirmed_room_only,excluded_family_or_suite_room,low,low,0,0,,false,inventory_dp_pressure_proxy
jalan,蔵王国際ホテル,2026-09-19,2026-07-31T04:00:06+09:00,2026-08-01T12:00:07+09:00,32,available,available,,,,,not_comparable,none,confirmed_room_only,excluded_family_or_suite_room,low,low,0,0,,false,inventory_dp_pressure_proxy
jalan,蔵王温泉 高砂屋旅館,2026-09-19,2026-07-24T02:00:06+09:00,2026-07-25T02:00:06+09:00,24,available,available,,,,,unknown,none,confirmed_room_only,confirmed_two_person_standard_room,high,high,1,0,37400,false,inventory_dp_pressure_proxy
booking,ＫＫＲ蔵王 白銀荘,2026-09-20,,2026-07-31T18:00:05+09:00,,unknown,sold_out,,,,,not_comparable,none,assumed_room_only,unknown_room_basis,low,low,0,0,,false,inventory_dp_pressure_proxy
booking,ONSEN & STAY OAKHILL,2026-09-20,,2026-07-21T12:00:06+09:00,,unknown,available,,41425,,,unknown,none,assumed_room_only,confirmed_two_person_standard_room,high,high,1,0,41425,false,inventory_dp_pressure_proxy
booking,おおみや旅館,2026-09-20,2026-07-23T16:00:03+09:00,2026-07-26T16:00:05+09:00,72,available,available,47740,47740,0,0,same_price_available,noise,assumed_room_only,probable_two_person_standard_room,medium,medium,0.36,0,47740,false,inventory_dp_pressure_proxy
booking,たかみや瑠璃倶楽,2026-09-20,2026-07-30T22:00:06+09:00,2026-08-01T00:00:02+09:00,26,available,available,,,,,unknown,none,assumed_room_only,confirmed_two_person_standard_room,high,high,1,0,50621,false,inventory_dp_pressure_proxy
booking,ペンションぷうたろう,2026-09-20,2026-07-28T08:00:06+09:00,2026-07-29T20:00:08+09:00,36,available,available,,,,,unknown,none,assumed_room_only,probable_two_person_standard_room,medium,medium,0.36,0,23750,false,inventory_dp_pressure_proxy
booking,ペンション木いちご,2026-09-20,2026-07-27T00:00:01+09:00,2026-07-29T16:00:05+09:00,64,available,available,16600,16600,0,0,same_price_available,noise,assumed_room_only,confirmed_two_person_standard_room,high,high,1,0,16600,false,inventory_dp_pressure_proxy
booking,ホテル松金屋アネックス,2026-09-20,,2026-07-23T12:00:06+09:00,,unknown,unknown,,,,,not_comparable,none,assumed_room_only,unknown_room_basis,low,low,0,0,,false,inventory_dp_pressure_proxy
booking,ル・ベール蔵王,2026-09-20,2026-06-15T20:00:05+09:00,2026-08-01T16:00:05+09:00,1124,available,available,38000,22605,-15395,-0.4051,price_down_available,strong,assumed_room_only,confirmed_two_person_standard_room,high,high,1,-1,22605,false,inventory_dp_pressure_proxy
booking,ロッジスガノ,2026-09-20,2026-07-03T10:00:06+09:00,2026-08-02T02:00:05+09:00,712,available,sold_out,22500,,0,0,sold_out_after_same_price,noise,assumed_room_only,probable_two_person_standard_room,medium,medium,0.36,0.36,22500,false,inventory_dp_pressure_proxy
booking,ロッジまつぽっくり,2026-09-20,2026-07-22T12:00:06+09:00,2026-07-24T02:00:06+09:00,38,available,available,,,,,not_comparable,none,assumed_room_only,excluded_family_or_suite_room,low,low,0,0,,false,inventory_dp_pressure_proxy
booking,名湯リゾート ルーセントタカミヤ,2026-09-20,2026-07-23T08:00:07+09:00,2026-07-26T20:00:06+09:00,84,available,available,57420,57420,0,0,same_price_available,noise,assumed_room_only,confirmed_two_person_standard_room,high,high,1,0,57420,false,inventory_dp_pressure_proxy
booking,名湯舎 創,2026-09-20,,2026-07-23T18:00:06+09:00,,unknown,available,,44015,,,unknown,none,assumed_room_only,confirmed_two_person_standard_room,high,high,1,0,44015,false,inventory_dp_pressure_proxy
booking,松尾ハウス,2026-09-20,2026-07-25T14:00:06+09:00,2026-07-26T14:00:06+09:00,24,available,available,11500,11500,0,0,same_price_available,noise,assumed_room_only,confirmed_two_person_standard_room,high,high,1,0,11500,false,inventory_dp_pressure_proxy
booking,深山荘 高見屋,2026-09-20,2026-07-20T12:00:05+09:00,2026-08-01T04:00:07+09:00,280,available,available,105600,84429,-21171,-0.2005,price_down_available,strong,assumed_room_only,confirmed_two_person_standard_room,high,high,1,-1,84429,false,inventory_dp_pressure_proxy
booking,源泉湯宿 蔵王プラザホテル,2026-09-20,2026-07-27T22:00:06+09:00,2026-07-29T02:00:05+09:00,28,available,available,48400,48400,0,0,same_price_available,noise,assumed_room_only,probable_two_person_standard_room,medium,medium,0.36,0,48400,false,inventory_dp_pressure_proxy
booking,蔵王・和歌（うた）の宿 わかまつや,2026-09-20,2026-07-22T08:00:03+09:00,2026-07-24T20:00:06+09:00,60,available,available,55772,51143,-4629,-0.083,price_down_available,strong,assumed_room_only,confirmed_two_person_standard_room,high,high,1,-1,51143,false,inventory_dp_pressure_proxy
booking,蔵王四季のホテル,2026-09-20,2026-07-22T18:00:06+09:00,2026-07-27T16:00:06+09:00,118,available,available,,,,,not_comparable,none,assumed_room_only,excluded_family_or_suite_room,low,low,0,0,,false,inventory_dp_pressure_proxy
booking,蔵王国際ホテル,2026-09-20,2026-07-30T00:00:02+09:00,2026-07-31T02:00:06+09:00,26,available,available,66220,66220,0,0,same_price_available,noise,assumed_room_only,confirmed_two_person_standard_room,high,high,1,0,66220,false,inventory_dp_pressure_proxy
booking,蔵王温泉 高砂屋旅館,2026-09-20,2026-07-21T14:00:05+09:00,2026-08-01T12:00:07+09:00,262,available,available,,25800,,,unknown,none,assumed_room_only,confirmed_two_person_standard_room,high,high,1,0,25800,false,inventory_dp_pressure_proxy
jalan,ＫＫＲ蔵王 白銀荘,2026-09-20,2026-07-24T06:00:06+09:00,2026-07-26T18:00:04+09:00,60,sold_out,sold_out,,,,,not_comparable,none,unknown_meal_basis,unknown_room_basis,low,low,0,0,,false,inventory_dp_pressure_proxy
jalan,ONSEN & STAY OAKHILL,2026-09-20,2026-07-19T20:00:05+09:00,2026-07-23T22:00:03+09:00,98,available,available,,,,,not_comparable,none,confirmed_room_only,excluded_family_or_suite_room,low,low,0,0,,false,inventory_dp_pressure_proxy
jalan,おおみや旅館,2026-09-20,,2026-07-22T22:00:06+09:00,,unknown,available,,,,,not_comparable,none,confirmed_room_only,excluded_large_room,low,low,0,0,,false,inventory_dp_pressure_proxy
jalan,たかみや瑠璃倶楽,2026-09-20,2026-07-30T14:00:04+09:00,2026-07-31T14:00:06+09:00,24,available,available,,,,,not_comparable,none,confirmed_room_only,excluded_family_or_suite_room,low,low,0,0,,false,inventory_dp_pressure_proxy
jalan,ペンションぷうたろう,2026-09-20,2026-07-27T08:00:06+09:00,2026-07-28T10:00:06+09:00,26,available,available,22000,22000,0,0,same_price_available,noise,confirmed_room_only,confirmed_two_person_standard_room,high,high,1,0,22000,false,inventory_dp_pressure_proxy
jalan,ペンション木いちご,2026-09-20,2026-07-16T10:00:01+09:00,2026-07-19T00:00:02+09:00,62,available,available,,,,,not_comparable,none,confirmed_room_only,excluded_large_room,low,low,0,0,,false,inventory_dp_pressure_proxy
jalan,ル・ベール蔵王,2026-09-20,2026-07-25T02:00:06+09:00,2026-07-31T08:00:06+09:00,150,available,available,,,,,not_comparable,none,confirmed_room_only,unknown_room_basis,low,low,0,0,,false,inventory_dp_pressure_proxy
jalan,吉田屋,2026-09-20,2026-07-30T06:00:06+09:00,2026-07-31T06:00:06+09:00,24,available,available,,,,,not_comparable,none,confirmed_room_only,unknown_room_basis,low,low,0,0,,false,inventory_dp_pressure_proxy
jalan,名湯舎 創,2026-09-20,2026-07-23T06:00:06+09:00,2026-07-24T12:00:06+09:00,30,available,available,,,,,not_comparable,none,confirmed_room_only,excluded_single_room,low,low,0,0,,false,inventory_dp_pressure_proxy
jalan,深山荘 高見屋,2026-09-20,2026-07-30T18:00:06+09:00,2026-07-31T20:00:06+09:00,26,available,available,,,,,not_comparable,none,unknown_meal_basis,unknown_room_basis,low,low,0,0,,false,inventory_dp_pressure_proxy
jalan,蔵王四季のホテル,2026-09-20,2026-07-27T04:00:06+09:00,2026-07-28T04:00:05+09:00,24,unavailable,available,,,,,not_comparable,none,confirmed_room_only,excluded_family_or_suite_room,low,low,0,0,,false,inventory_dp_pressure_proxy
jalan,蔵王国際ホテル,2026-09-20,2026-07-31T12:00:05+09:00,2026-08-01T20:00:06+09:00,32,available,available,,,,,not_comparable,none,confirmed_room_only,excluded_family_or_suite_room,low,low,0,0,,false,inventory_dp_pressure_proxy
jalan,蔵王温泉 高砂屋旅館,2026-09-20,2026-07-23T14:00:05+09:00,2026-07-24T14:00:05+09:00,24,available,available,37400,37400,0,0,same_price_available,noise,confirmed_room_only,confirmed_two_person_standard_room,high,high,1,0,37400,false,inventory_dp_pressure_proxy
booking,ＫＫＲ蔵王 白銀荘,2026-09-21,,2026-07-31T20:00:06+09:00,,unknown,sold_out,,,,,not_comparable,none,assumed_room_only,unknown_room_basis,low,low,0,0,,false,inventory_dp_pressure_proxy
booking,ONSEN & STAY OAKHILL,2026-09-21,,2026-07-21T14:00:05+09:00,,unknown,available,,41425,,,unknown,none,assumed_room_only,confirmed_two_person_standard_room,high,high,1,0,41425,false,inventory_dp_pressure_proxy
booking,おおみや旅館,2026-09-21,2026-07-23T18:00:06+09:00,2026-07-26T18:00:04+09:00,72,available,available,50820,50820,0,0,same_price_available,noise,assumed_room_only,confirmed_two_person_standard_room,high,high,1,0,50820,false,inventory_dp_pressure_proxy
booking,たかみや瑠璃倶楽,2026-09-21,2026-07-03T10:00:06+09:00,2026-07-04T14:00:05+09:00,28,available,available,42508,,-30,-0.0007,noise,noise,assumed_room_only,confirmed_two_person_standard_room,high,high,1,0,42478,false,inventory_dp_pressure_proxy
booking,ペンションぷうたろう,2026-09-21,2026-07-29T16:00:05+09:00,2026-07-31T14:35:15+09:00,46.59,available,available,23750,21375,-2375,-0.1,price_down_available,strong,assumed_room_only,confirmed_two_person_standard_room,high,high,1,-1,21375,false,inventory_dp_pressure_proxy
booking,ペンション木いちご,2026-09-21,2026-07-27T02:00:06+09:00,2026-07-29T18:00:06+09:00,64,available,available,16600,16600,0,0,same_price_available,noise,assumed_room_only,confirmed_two_person_standard_room,high,high,1,0,16600,false,inventory_dp_pressure_proxy
booking,ホテル松金屋アネックス,2026-09-21,,2026-07-23T12:00:06+09:00,,unknown,unknown,,,,,not_comparable,none,assumed_room_only,unknown_room_basis,low,low,0,0,,false,inventory_dp_pressure_proxy
booking,ル・ベール蔵王,2026-09-21,2026-06-20T13:25:41+09:00,2026-08-01T20:00:06+09:00,1014.57,available,available,38000,22605,-15395,-0.4051,price_down_available,strong,assumed_room_only,confirmed_two_person_standard_room,high,high,1,-1,22605,false,inventory_dp_pressure_proxy
booking,ロッジスガノ,2026-09-21,2026-07-05T08:00:03+09:00,2026-07-31T12:00:05+09:00,628,available,sold_out,22500,,0,0,sold_out_after_same_price,noise,assumed_room_only,probable_two_person_standard_room,medium,medium,0.36,0.36,22500,false,inventory_dp_pressure_proxy
booking,ロッジまつぽっくり,2026-09-21,2026-07-24T02:00:06+09:00,2026-07-28T14:35:12+09:00,108.58,available,available,,,,,not_comparable,none,assumed_room_only,excluded_family_or_suite_room,low,low,0,0,,false,inventory_dp_pressure_proxy
booking,名湯リゾート ルーセントタカミヤ,2026-09-21,2026-07-23T08:00:07+09:00,2026-07-27T00:00:01+09:00,88,available,available,34749,34749,0,0,same_price_available,noise,assumed_room_only,confirmed_two_person_standard_room,high,high,1,0,34749,false,inventory_dp_pressure_proxy
booking,名湯舎 創,2026-09-21,,2026-07-23T22:00:03+09:00,,unknown,available,,34749,,,unknown,none,assumed_room_only,confirmed_two_person_standard_room,high,high,1,0,34749,false,inventory_dp_pressure_proxy
booking,松尾ハウス,2026-09-21,2026-07-25T18:00:06+09:00,2026-07-26T20:00:06+09:00,26,available,available,,,,,not_comparable,none,assumed_room_only,excluded_large_room,low,low,0,0,,false,inventory_dp_pressure_proxy
booking,深山荘 高見屋,2026-09-21,2026-07-05T14:00:06+09:00,2026-08-01T04:00:07+09:00,638,available,sold_out,70400,,0,0,sold_out_after_same_price,noise,assumed_room_only,probable_two_person_standard_room,medium,medium,0.36,0.36,70400,false,inventory_dp_pressure_proxy
booking,源泉湯宿 蔵王プラザホテル,2026-09-21,2026-07-29T04:00:06+09:00,2026-07-31T14:35:15+09:00,58.59,available,available,48400,48400,0,0,same_price_available,noise,assumed_room_only,probable_two_person_standard_room,medium,medium,0.36,0,48400,false,inventory_dp_pressure_proxy
booking,蔵王・和歌（うた）の宿 わかまつや,2026-09-21,,2026-07-24T22:00:06+09:00,,unknown,available,,50262,,,unknown,none,assumed_room_only,confirmed_two_person_standard_room,high,high,1,0,50262,false,inventory_dp_pressure_proxy
booking,蔵王四季のホテル,2026-09-21,2026-07-22T20:00:06+09:00,2026-07-27T18:00:05+09:00,118,available,available,,,,,not_comparable,none,assumed_room_only,excluded_family_or_suite_room,low,low,0,0,,false,inventory_dp_pressure_proxy
booking,蔵王国際ホテル,2026-09-21,2026-07-30T00:00:02+09:00,2026-07-31T04:00:06+09:00,28,available,available,66220,66220,0,0,same_price_available,noise,assumed_room_only,confirmed_two_person_standard_room,high,high,1,0,66220,false,inventory_dp_pressure_proxy
booking,蔵王温泉 高砂屋旅館,2026-09-21,2026-07-21T16:00:06+09:00,2026-08-01T16:00:05+09:00,264,available,available,,,,,not_comparable,none,assumed_room_only,excluded_family_or_suite_room,low,low,0,0,,false,inventory_dp_pressure_proxy
jalan,ＫＫＲ蔵王 白銀荘,2026-09-21,2026-07-24T08:00:06+09:00,2026-07-27T04:00:06+09:00,68,sold_out,unavailable,,,,,not_comparable,none,unknown_meal_basis,unknown_room_basis,low,low,0,0,,false,inventory_dp_pressure_proxy
jalan,ONSEN & STAY OAKHILL,2026-09-21,,2026-07-24T04:00:05+09:00,,unknown,available,,,,,not_comparable,none,unknown_meal_basis,unknown_room_basis,low,low,0,0,,false,inventory_dp_pressure_proxy
jalan,おおみや旅館,2026-09-21,,2026-07-23T00:00:03+09:00,,unknown,available,,,,,not_comparable,none,confirmed_room_only,excluded_large_room,low,low,0,0,,false,inventory_dp_pressure_proxy
jalan,たかみや瑠璃倶楽,2026-09-21,2026-07-31T16:00:06+09:00,2026-08-02T02:00:05+09:00,34,available,available,,,,,not_comparable,none,confirmed_room_only,excluded_family_or_suite_room,low,low,0,0,,false,inventory_dp_pressure_proxy
jalan,ペンションぷうたろう,2026-09-21,2026-07-26T10:00:06+09:00,2026-07-27T10:00:02+09:00,24,available,available,22000,,0,0,same_price_available,noise,confirmed_room_only,confirmed_two_person_standard_room,high,high,1,0,22000,false,inventory_dp_pressure_proxy
jalan,ペンション木いちご,2026-09-21,2026-07-16T14:00:05+09:00,2026-07-19T02:00:06+09:00,60,available,available,,,,,not_comparable,none,confirmed_room_only,excluded_large_room,low,low,0,0,,false,inventory_dp_pressure_proxy
jalan,ル・ベール蔵王,2026-09-21,2026-07-25T02:00:06+09:00,2026-07-31T10:00:06+09:00,152,available,available,,,,,not_comparable,none,confirmed_room_only,unknown_room_basis,low,low,0,0,,false,inventory_dp_pressure_proxy
jalan,吉田屋,2026-09-21,2026-07-30T14:00:04+09:00,2026-07-31T14:00:06+09:00,24,available,available,,,,,not_comparable,none,confirmed_room_only,unknown_room_basis,low,low,0,0,,false,inventory_dp_pressure_proxy
jalan,名湯舎 創,2026-09-21,2026-07-23T10:00:03+09:00,2026-07-24T10:00:06+09:00,24,available,available,,,,,not_comparable,none,unknown_meal_basis,unknown_room_basis,low,low,0,0,,false,inventory_dp_pressure_proxy
jalan,深山荘 高見屋,2026-09-21,2026-07-30T20:00:06+09:00,2026-07-31T22:00:06+09:00,26,sold_out,sold_out,,,,,not_comparable,none,unknown_meal_basis,unknown_room_basis,low,low,0,0,,false,inventory_dp_pressure_proxy
jalan,蔵王四季のホテル,2026-09-21,2026-07-17T20:00:06+09:00,2026-07-28T08:00:06+09:00,252,available,available,,,,,not_comparable,none,confirmed_room_only,excluded_family_or_suite_room,low,low,0,0,,false,inventory_dp_pressure_proxy
jalan,蔵王国際ホテル,2026-09-21,2026-07-31T06:00:06+09:00,2026-08-01T22:00:06+09:00,40,available,available,,,,,not_comparable,none,confirmed_room_only,excluded_family_or_suite_room,low,low,0,0,,false,inventory_dp_pressure_proxy
jalan,蔵王温泉 高砂屋旅館,2026-09-21,2026-07-24T16:00:06+09:00,2026-07-25T16:00:06+09:00,24,available,available,,,,,not_comparable,none,unknown_meal_basis,unknown_room_basis,low,low,0,0,,false,inventory_dp_pressure_proxy
booking,ＫＫＲ蔵王 白銀荘,2026-09-22,,2026-07-31T20:00:06+09:00,,unknown,available,,31700,,,unknown,none,assumed_room_only,probable_two_person_standard_room,medium,medium,0.36,0,31700,false,inventory_dp_pressure_proxy
booking,ONSEN & STAY OAKHILL,2026-09-22,,2026-07-21T14:00:05+09:00,,unknown,available,,35575,,,unknown,none,assumed_room_only,confirmed_two_person_standard_room,high,high,1,0,35575,false,inventory_dp_pressure_proxy
booking,おおみや旅館,2026-09-22,2026-07-23T18:00:06+09:00,2026-07-31T14:35:15+09:00,188.59,available,available,38280,35640,-2640,-0.069,price_down_available,strong,assumed_room_only,probable_two_person_standard_room,medium,medium,0.36,-0.36,35640,false,inventory_dp_pressure_proxy
booking,たかみや瑠璃倶楽,2026-09-22,2026-07-31T02:00:06+09:00,2026-08-01T02:00:07+09:00,24,available,available,,,,,not_comparable,none,assumed_room_only,excluded_family_or_suite_room,low,low,0,0,,false,inventory_dp_pressure_proxy
booking,ペンションぷうたろう,2026-09-22,2026-07-30T00:00:02+09:00,2026-07-31T14:35:15+09:00,38.59,available,available,23750,21375,-2375,-0.1,price_down_available,strong,assumed_room_only,confirmed_two_person_standard_room,high,high,1,-1,21375,false,inventory_dp_pressure_proxy
booking,ペンション木いちご,2026-09-22,2026-07-27T06:00:06+09:00,2026-07-29T18:00:06+09:00,60,available,available,16600,16600,0,0,same_price_available,noise,assumed_room_only,confirmed_two_person_standard_room,high,high,1,0,16600,false,inventory_dp_pressure_proxy
booking,ホテル松金屋アネックス,2026-09-22,,2026-07-23T16:00:03+09:00,,unknown,unknown,,,,,not_comparable,none,assumed_room_only,unknown_room_basis,low,low,0,0,,false,inventory_dp_pressure_proxy
booking,ル・ベール蔵王,2026-09-22,2026-06-20T13:25:41+09:00,2026-08-01T20:00:06+09:00,1014.57,available,available,28127,22605,-5522,-0.1963,price_down_available,strong,assumed_room_only,confirmed_two_person_standard_room,high,high,1,-1,22605,false,inventory_dp_pressure_proxy
booking,ロッジスガノ,2026-09-22,2026-07-03T14:00:06+09:00,2026-07-31T12:00:05+09:00,670,available,sold_out,22500,,0,0,sold_out_after_same_price,noise,assumed_room_only,probable_two_person_standard_room,medium,medium,0.36,0.36,22500,false,inventory_dp_pressure_proxy
booking,ロッジまつぽっくり,2026-09-22,2026-07-24T04:00:05+09:00,2026-07-28T14:35:12+09:00,106.59,available,available,,,,,not_comparable,none,assumed_room_only,excluded_family_or_suite_room,low,low,0,0,,false,inventory_dp_pressure_proxy
booking,名湯リゾート ルーセントタカミヤ,2026-09-22,2026-07-20T12:00:05+09:00,2026-07-27T02:00:06+09:00,158,available,available,31746,28571,-3175,-0.1,price_down_available,strong,assumed_room_only,confirmed_two_person_standard_room,high,high,1,-1,28571,false,inventory_dp_pressure_proxy
booking,名湯舎 創,2026-09-22,,2026-07-23T22:00:03+09:00,,unknown,available,,43758,,,unknown,none,assumed_room_only,confirmed_two_person_standard_room,high,high,1,0,43758,false,inventory_dp_pressure_proxy
booking,松尾ハウス,2026-09-22,2026-07-25T20:00:06+09:00,2026-07-26T22:00:06+09:00,26,available,available,11500,11500,0,0,same_price_available,noise,assumed_room_only,confirmed_two_person_standard_room,high,high,1,0,11500,false,inventory_dp_pressure_proxy
booking,深山荘 高見屋,2026-09-22,2026-07-20T16:00:06+09:00,2026-08-01T08:00:07+09:00,280,available,available,65440,75240,9800,0.1498,price_up_available,strong,assumed_room_only,confirmed_two_person_standard_room,high,high,1,1,75240,false,inventory_dp_pressure_proxy
booking,源泉湯宿 蔵王プラザホテル,2026-09-22,2026-07-29T04:00:06+09:00,2026-07-31T14:35:15+09:00,58.59,available,available,48400,48400,0,0,same_price_available,noise,assumed_room_only,probable_two_person_standard_room,medium,medium,0.36,0,48400,false,inventory_dp_pressure_proxy
booking,蔵王・和歌（うた）の宿 わかまつや,2026-09-22,,2026-07-25T06:00:06+09:00,,unknown,available,,42405,,,unknown,none,assumed_room_only,confirmed_two_person_standard_room,high,high,1,0,42405,false,inventory_dp_pressure_proxy
booking,蔵王四季のホテル,2026-09-22,2026-07-22T20:00:06+09:00,2026-07-27T20:00:05+09:00,120,available,available,,,,,not_comparable,none,assumed_room_only,excluded_large_room,low,low,0,0,,false,inventory_dp_pressure_proxy
booking,蔵王国際ホテル,2026-09-22,2026-07-29T22:00:07+09:00,2026-07-30T22:00:06+09:00,24,available,available,60060,60060,0,0,same_price_available,noise,assumed_room_only,confirmed_two_person_standard_room,high,high,1,0,60060,false,inventory_dp_pressure_proxy
booking,蔵王温泉 高砂屋旅館,2026-09-22,2026-07-21T18:00:06+09:00,2026-08-01T22:00:06+09:00,268,available,available,,,,,unknown,none,assumed_room_only,probable_two_person_standard_room,medium,medium,0.36,0,16364,false,inventory_dp_pressure_proxy
jalan,ＫＫＲ蔵王 白銀荘,2026-09-22,2026-07-24T08:00:06+09:00,2026-07-26T20:00:06+09:00,60,available,available,33700,33700,0,0,same_price_available,noise,confirmed_room_only,confirmed_two_person_standard_room,high,high,1,0,33700,false,inventory_dp_pressure_proxy
jalan,ONSEN & STAY OAKHILL,2026-09-22,,2026-07-24T00:00:02+09:00,,unknown,available,,,,,not_comparable,none,confirmed_room_only,excluded_family_or_suite_room,low,low,0,0,,false,inventory_dp_pressure_proxy
jalan,おおみや旅館,2026-09-22,,2026-07-23T00:00:03+09:00,,unknown,available,,,,,not_comparable,none,confirmed_room_only,excluded_large_room,low,low,0,0,,false,inventory_dp_pressure_proxy
jalan,たかみや瑠璃倶楽,2026-09-22,2026-07-30T18:00:06+09:00,2026-07-31T18:00:05+09:00,24,available,available,,,,,not_comparable,none,confirmed_room_only,excluded_family_or_suite_room,low,low,0,0,,false,inventory_dp_pressure_proxy
jalan,ペンションぷうたろう,2026-09-22,2026-07-27T14:00:05+09:00,2026-07-28T20:00:06+09:00,30,available,available,,,,,unknown,none,confirmed_room_only,confirmed_two_person_standard_room,high,high,1,0,22000,false,inventory_dp_pressure_proxy
jalan,ペンション木いちご,2026-09-22,2026-06-23T02:00:06+09:00,2026-07-16T16:00:06+09:00,566,available,available,,,,,not_comparable,none,confirmed_room_only,excluded_large_room,low,low,0,0,,false,inventory_dp_pressure_proxy
jalan,ル・ベール蔵王,2026-09-22,2026-07-25T04:00:06+09:00,2026-07-31T14:00:06+09:00,154,available,available,,,,,not_comparable,none,confirmed_room_only,unknown_room_basis,low,low,0,0,,false,inventory_dp_pressure_proxy
jalan,吉田屋,2026-09-22,2026-07-29T14:00:04+09:00,2026-07-31T00:00:02+09:00,34,available,available,,,,,not_comparable,none,confirmed_room_only,unknown_room_basis,low,low,0,0,,false,inventory_dp_pressure_proxy
jalan,名湯舎 創,2026-09-22,2026-07-23T10:00:03+09:00,2026-07-24T16:00:06+09:00,30,available,available,,,,,not_comparable,none,unknown_meal_basis,unknown_room_basis,low,low,0,0,,false,inventory_dp_pressure_proxy
jalan,深山荘 高見屋,2026-09-22,2026-07-31T04:00:06+09:00,2026-08-01T12:00:07+09:00,32,available,available,,,,,not_comparable,none,unknown_meal_basis,unknown_room_basis,low,low,0,0,,false,inventory_dp_pressure_proxy
jalan,蔵王四季のホテル,2026-09-22,2026-07-17T16:00:05+09:00,2026-07-28T10:00:06+09:00,258,available,available,,,,,not_comparable,none,confirmed_room_only,excluded_family_or_suite_room,low,low,0,0,,false,inventory_dp_pressure_proxy
jalan,蔵王国際ホテル,2026-09-22,2026-07-30T08:00:06+09:00,2026-07-31T08:00:06+09:00,24,available,available,,,,,not_comparable,none,confirmed_room_only,excluded_family_or_suite_room,low,low,0,0,,false,inventory_dp_pressure_proxy
jalan,蔵王温泉 高砂屋旅館,2026-09-22,2026-07-24T06:00:06+09:00,2026-07-25T08:00:05+09:00,26,available,available,,,,,not_comparable,none,unknown_meal_basis,unknown_room_basis,low,low,0,0,,false,inventory_dp_pressure_proxy
booking,ＫＫＲ蔵王 白銀荘,2026-09-23,,2026-07-31T22:00:06+09:00,,unknown,available,,31700,,,unknown,none,assumed_room_only,probable_two_person_standard_room,medium,medium,0.36,0,31700,false,inventory_dp_pressure_proxy
booking,おおみや旅館,2026-09-23,2026-07-17T16:00:05+09:00,2026-07-23T20:00:06+09:00,148,available,available,25080,25080,0,0,same_price_available,noise,assumed_room_only,probable_two_person_standard_room,medium,medium,0.36,0,25080,false,inventory_dp_pressure_proxy
booking,たかみや瑠璃倶楽,2026-09-23,2026-07-31T06:00:06+09:00,2026-08-01T08:00:07+09:00,26,available,available,23760,20849,-2911,-0.1225,price_down_available,strong,assumed_room_only,confirmed_two_person_standard_room,high,high,1,-1,20849,false,inventory_dp_pressure_proxy
booking,ペンションぷうたろう,2026-09-23,2026-07-19T08:00:06+09:00,2026-07-28T16:00:06+09:00,224,available,available,20900,18810,-2090,-0.1,price_down_available,strong,assumed_room_only,probable_two_person_standard_room,medium,medium,0.36,-0.36,18810,false,inventory_dp_pressure_proxy
booking,ペンション木いちご,2026-09-23,2026-07-27T04:00:06+09:00,2026-07-30T00:00:02+09:00,68,available,available,14600,14600,0,0,same_price_available,noise,assumed_room_only,confirmed_two_person_standard_room,high,high,1,0,14600,false,inventory_dp_pressure_proxy
booking,ホテル松金屋アネックス,2026-09-23,,2026-07-23T16:00:03+09:00,,unknown,sold_out,,,,,not_comparable,none,assumed_room_only,unknown_room_basis,low,low,0,0,,false,inventory_dp_pressure_proxy
booking,ル・ベール蔵王,2026-09-23,2026-07-24T14:35:12+09:00,2026-08-01T22:00:06+09:00,199.41,available,available,36000,36000,0,0,same_price_available,noise,assumed_room_only,confirmed_two_person_standard_room,high,high,1,0,36000,false,inventory_dp_pressure_proxy
booking,ロッジスガノ,2026-09-23,2026-07-30T14:00:04+09:00,2026-07-31T14:00:06+09:00,24,sold_out,sold_out,,,,,not_comparable,none,assumed_room_only,unknown_room_basis,low,low,0,0,,false,inventory_dp_pressure_proxy
booking,ロッジまつぽっくり,2026-09-23,2026-07-18T00:00:01+09:00,2026-07-24T04:00:05+09:00,148,available,available,,,,,not_comparable,none,assumed_room_only,excluded_family_or_suite_room,low,low,0,0,,false,inventory_dp_pressure_proxy
booking,名湯リゾート ルーセントタカミヤ,2026-09-23,2026-07-19T06:00:06+09:00,2026-07-20T14:00:06+09:00,32,available,available,21450,21450,0,0,same_price_available,noise,assumed_room_only,confirmed_two_person_standard_room,high,high,1,0,21450,false,inventory_dp_pressure_proxy
booking,松尾ハウス,2026-09-23,2026-07-25T22:00:06+09:00,2026-07-27T00:00:01+09:00,26,available,available,11500,11500,0,0,same_price_available,noise,assumed_room_only,confirmed_two_person_standard_room,high,high,1,0,11500,false,inventory_dp_pressure_proxy
booking,深山荘 高見屋,2026-09-23,2026-07-04T18:00:06+09:00,2026-08-01T10:00:08+09:00,664,available,available,66000,59400,-6600,-0.1,price_down_available,strong,assumed_room_only,probable_two_person_standard_room,medium,medium,0.36,-0.36,59400,false,inventory_dp_pressure_proxy
booking,源泉湯宿 蔵王プラザホテル,2026-09-23,2026-07-28T02:00:01+09:00,2026-07-29T08:00:06+09:00,30,sold_out,sold_out,,,,,not_comparable,none,assumed_room_only,unknown_room_basis,low,low,0,0,,false,inventory_dp_pressure_proxy
booking,蔵王四季のホテル,2026-09-23,2026-07-22T22:00:06+09:00,2026-07-27T20:00:05+09:00,118,available,available,,,,,not_comparable,none,assumed_room_only,excluded_large_room,low,low,0,0,,false,inventory_dp_pressure_proxy
booking,蔵王国際ホテル,2026-09-23,2026-07-30T02:00:06+09:00,2026-07-31T04:00:06+09:00,26,available,available,33000,33000,0,0,same_price_available,noise,assumed_room_only,confirmed_two_person_standard_room,high,high,1,0,33000,false,inventory_dp_pressure_proxy
booking,蔵王温泉 高砂屋旅館,2026-09-23,2026-07-21T18:00:06+09:00,2026-08-01T20:00:06+09:00,266,available,available,,,,,not_comparable,none,assumed_room_only,excluded_family_or_suite_room,low,low,0,0,,false,inventory_dp_pressure_proxy
jalan,ＫＫＲ蔵王 白銀荘,2026-09-23,2026-07-24T10:00:06+09:00,2026-07-26T22:00:06+09:00,60,available,available,,,,,not_comparable,none,unknown_meal_basis,unknown_room_basis,low,low,0,0,,false,inventory_dp_pressure_proxy
jalan,ONSEN & STAY OAKHILL,2026-09-23,,2026-07-24T00:00:02+09:00,,unknown,available,,,,,not_comparable,none,unknown_meal_basis,unknown_room_basis,low,low,0,0,,false,inventory_dp_pressure_proxy
jalan,おおみや旅館,2026-09-23,,2026-07-23T02:00:06+09:00,,unknown,available,,,,,not_comparable,none,confirmed_room_only,excluded_large_room,low,low,0,0,,false,inventory_dp_pressure_proxy
jalan,たかみや瑠璃倶楽,2026-09-23,2026-07-29T02:00:05+09:00,2026-07-30T20:00:06+09:00,42,available,available,,,,,not_comparable,none,confirmed_room_only,excluded_family_or_suite_room,low,low,0,0,,false,inventory_dp_pressure_proxy
jalan,ペンションぷうたろう,2026-09-23,2026-07-25T08:00:05+09:00,2026-07-26T12:00:06+09:00,28,available,available,17600,,0,0,same_price_available,noise,confirmed_room_only,confirmed_two_person_standard_room,high,high,1,0,17600,false,inventory_dp_pressure_proxy
jalan,ペンション木いちご,2026-09-23,,2026-07-16T16:00:06+09:00,,unknown,available,,,,,not_comparable,none,confirmed_room_only,excluded_large_room,low,low,0,0,,false,inventory_dp_pressure_proxy
jalan,ル・ベール蔵王,2026-09-23,2026-07-25T06:00:06+09:00,2026-07-31T12:00:05+09:00,150,available,available,,,,,not_comparable,none,confirmed_room_only,unknown_room_basis,low,low,0,0,,false,inventory_dp_pressure_proxy
jalan,吉田屋,2026-09-23,2026-07-29T18:00:06+09:00,2026-07-31T00:00:02+09:00,30,available,available,,,,,not_comparable,none,confirmed_room_only,unknown_room_basis,low,low,0,0,,false,inventory_dp_pressure_proxy
jalan,名湯舎 創,2026-09-23,2026-07-23T14:00:05+09:00,2026-07-24T16:00:06+09:00,26,available,available,,,,,not_comparable,none,confirmed_room_only,excluded_large_room,low,low,0,0,,false,inventory_dp_pressure_proxy
jalan,深山荘 高見屋,2026-09-23,2026-07-29T06:00:06+09:00,2026-07-31T02:00:06+09:00,44,available,available,,,,,not_comparable,none,unknown_meal_basis,unknown_room_basis,low,low,0,0,,false,inventory_dp_pressure_proxy
jalan,蔵王四季のホテル,2026-09-23,2026-07-17T18:00:06+09:00,2026-07-28T14:00:06+09:00,260,available,available,,,,,not_comparable,none,confirmed_room_only,excluded_family_or_suite_room,low,low,0,0,,false,inventory_dp_pressure_proxy
jalan,蔵王国際ホテル,2026-09-23,2026-07-31T16:00:06+09:00,2026-08-02T02:00:05+09:00,34,available,available,,,,,not_comparable,none,confirmed_room_only,excluded_family_or_suite_room,low,low,0,0,,false,inventory_dp_pressure_proxy
jalan,蔵王温泉 高砂屋旅館,2026-09-23,2026-07-23T22:00:03+09:00,2026-07-24T22:00:06+09:00,24,available,available,,,,,not_comparable,none,unknown_meal_basis,unknown_room_basis,low,low,0,0,,false,inventory_dp_pressure_proxy
booking,ＫＫＲ蔵王 白銀荘,2026-09-25,,2026-07-31T22:00:06+09:00,,unknown,available,,23700,,,unknown,none,assumed_room_only,probable_two_person_standard_room,medium,medium,0.36,0,23700,false,inventory_dp_pressure_proxy
booking,おおみや旅館,2026-09-25,2026-07-17T16:00:05+09:00,2026-07-23T22:00:03+09:00,150,available,available,25080,25080,0,0,same_price_available,noise,assumed_room_only,probable_two_person_standard_room,medium,medium,0.36,0,25080,false,inventory_dp_pressure_proxy
booking,ホテル松金屋アネックス,2026-09-25,,2026-07-23T20:00:06+09:00,,unknown,sold_out,,,,,not_comparable,none,assumed_room_only,unknown_room_basis,low,low,0,0,,false,inventory_dp_pressure_proxy
booking,ル・ベール蔵王,2026-09-25,,2026-08-01T22:00:06+09:00,,unknown,available,,19892,,,unknown,none,assumed_room_only,confirmed_two_person_standard_room,high,high,1,0,19892,false,inventory_dp_pressure_proxy
booking,源泉湯宿 蔵王プラザホテル,2026-09-25,,2026-07-28T12:00:06+09:00,,unknown,sold_out,,,,,not_comparable,none,assumed_room_only,unknown_room_basis,low,low,0,0,,false,inventory_dp_pressure_proxy
jalan,ＫＫＲ蔵王 白銀荘,2026-09-25,2026-07-24T16:00:06+09:00,2026-07-26T22:00:06+09:00,54,available,available,,,,,not_comparable,none,unknown_meal_basis,unknown_room_basis,low,low,0,0,,false,inventory_dp_pressure_proxy
jalan,ONSEN & STAY OAKHILL,2026-09-25,,2026-07-24T02:00:06+09:00,,unknown,available,,,,,not_comparable,none,unknown_meal_basis,unknown_room_basis,low,low,0,0,,false,inventory_dp_pressure_proxy
jalan,おおみや旅館,2026-09-25,,2026-07-23T06:00:06+09:00,,unknown,available,,,,,not_comparable,none,confirmed_room_only,excluded_large_room,low,low,0,0,,false,inventory_dp_pressure_proxy
jalan,ル・ベール蔵王,2026-09-25,2026-07-25T08:00:05+09:00,2026-07-31T12:00:05+09:00,148,available,available,,,,,not_comparable,none,confirmed_room_only,unknown_room_basis,low,low,0,0,,false,inventory_dp_pressure_proxy
jalan,吉田屋,2026-09-25,2026-07-29T20:00:08+09:00,2026-07-31T02:00:06+09:00,30,available,available,,,,,not_comparable,none,confirmed_room_only,unknown_room_basis,low,low,0,0,,false,inventory_dp_pressure_proxy
jalan,名湯舎 創,2026-09-25,2026-07-23T14:00:05+09:00,2026-07-24T14:00:05+09:00,24,available,available,,,,,not_comparable,none,confirmed_room_only,excluded_large_room,low,low,0,0,,false,inventory_dp_pressure_proxy
booking,ＫＫＲ蔵王 白銀荘,2026-09-26,,2026-08-01T00:00:02+09:00,,unknown,available,,27700,,,unknown,none,assumed_room_only,probable_two_person_standard_room,medium,medium,0.36,0,27700,false,inventory_dp_pressure_proxy
booking,おおみや旅館,2026-09-26,2026-07-17T18:00:06+09:00,2026-07-24T04:00:05+09:00,154,available,available,27720,27720,0,0,same_price_available,noise,assumed_room_only,probable_two_person_standard_room,medium,medium,0.36,0,27720,false,inventory_dp_pressure_proxy
booking,たかみや瑠璃倶楽,2026-09-26,2026-07-31T10:00:06+09:00,2026-08-01T12:00:07+09:00,26,available,available,26598,23938,-2660,-0.1,price_down_available,strong,assumed_room_only,confirmed_two_person_standard_room,high,high,1,-1,23938,false,inventory_dp_pressure_proxy
booking,ペンションぷうたろう,2026-09-26,2026-07-19T06:00:06+09:00,2026-07-28T18:00:05+09:00,228,available,available,20900,18810,-2090,-0.1,price_down_available,strong,assumed_room_only,confirmed_two_person_standard_room,high,high,1,-1,18810,false,inventory_dp_pressure_proxy
booking,ペンション木いちご,2026-09-26,2026-07-27T06:00:06+09:00,2026-07-30T02:00:06+09:00,68,available,available,16600,16600,0,0,same_price_available,noise,assumed_room_only,confirmed_two_person_standard_room,high,high,1,0,16600,false,inventory_dp_pressure_proxy
booking,ホテル松金屋アネックス,2026-09-26,,2026-07-23T20:00:06+09:00,,unknown,unknown,,,,,not_comparable,none,assumed_room_only,unknown_room_basis,low,low,0,0,,false,inventory_dp_pressure_proxy
booking,ル・ベール蔵王,2026-09-26,,2026-08-02T02:00:05+09:00,,unknown,available,,20796,,,unknown,none,assumed_room_only,confirmed_two_person_standard_room,high,high,1,0,20796,false,inventory_dp_pressure_proxy
booking,ロッジスガノ,2026-09-26,2026-07-30T16:00:06+09:00,2026-07-31T18:00:05+09:00,26,sold_out,sold_out,,,,,not_comparable,none,assumed_room_only,unknown_room_basis,low,low,0,0,,false,inventory_dp_pressure_proxy
booking,ロッジまつぽっくり,2026-09-26,2026-07-18T02:00:06+09:00,2026-07-24T06:00:06+09:00,148,available,available,,,,,not_comparable,none,assumed_room_only,excluded_family_or_suite_room,low,low,0,0,,false,inventory_dp_pressure_proxy
booking,名湯リゾート ルーセントタカミヤ,2026-09-26,2026-07-19T08:00:06+09:00,2026-07-20T16:00:06+09:00,32,available,available,24882,24882,0,0,same_price_available,noise,assumed_room_only,confirmed_two_person_standard_room,high,high,1,0,24882,false,inventory_dp_pressure_proxy
booking,松尾ハウス,2026-09-26,2026-07-25T22:00:06+09:00,2026-07-27T00:00:01+09:00,26,available,available,11500,11500,0,0,same_price_available,noise,assumed_room_only,confirmed_two_person_standard_room,high,high,1,0,11500,false,inventory_dp_pressure_proxy
booking,深山荘 高見屋,2026-09-26,2026-07-04T20:00:05+09:00,2026-07-05T22:00:06+09:00,26,available,available,51584,,18816,0.3648,price_up_available,strong,assumed_room_only,confirmed_two_person_standard_room,high,high,1,1,70400,false,inventory_dp_pressure_proxy
booking,源泉湯宿 蔵王プラザホテル,2026-09-26,,2026-07-28T14:00:06+09:00,,unknown,available,,34100,,,unknown,none,assumed_room_only,probable_two_person_standard_room,medium,medium,0.36,0,34100,false,inventory_dp_pressure_proxy
booking,蔵王四季のホテル,2026-09-26,2026-07-22T22:00:06+09:00,2026-07-27T22:00:06+09:00,120,available,available,,,,,not_comparable,none,assumed_room_only,excluded_family_or_suite_room,low,low,0,0,,false,inventory_dp_pressure_proxy
booking,蔵王国際ホテル,2026-09-26,2026-07-30T08:00:06+09:00,2026-07-31T08:00:06+09:00,24,available,available,38280,38280,0,0,same_price_available,noise,assumed_room_only,confirmed_two_person_standard_room,high,high,1,0,38280,false,inventory_dp_pressure_proxy
booking,蔵王温泉 高砂屋旅館,2026-09-26,2026-07-19T20:00:05+09:00,2026-07-21T20:00:06+09:00,48,available,available,,,,,unknown,none,assumed_room_only,probable_two_person_standard_room,medium,medium,0.36,0,30800,false,inventory_dp_pressure_proxy
jalan,ＫＫＲ蔵王 白銀荘,2026-09-26,,2026-07-27T02:00:06+09:00,,unknown,unavailable,,,,,not_comparable,none,unknown_meal_basis,unknown_room_basis,low,low,0,0,,false,inventory_dp_pressure_proxy
jalan,ONSEN & STAY OAKHILL,2026-09-26,,2026-07-24T08:00:06+09:00,,unknown,available,,,,,not_comparable,none,unknown_meal_basis,unknown_room_basis,low,low,0,0,,false,inventory_dp_pressure_proxy
jalan,おおみや旅館,2026-09-26,,2026-07-23T10:00:03+09:00,,unknown,available,,,,,not_comparable,none,confirmed_room_only,excluded_large_room,low,low,0,0,,false,inventory_dp_pressure_proxy
jalan,たかみや瑠璃倶楽,2026-09-26,2026-07-30T22:00:06+09:00,2026-07-31T22:00:06+09:00,24,available,available,,,,,not_comparable,none,confirmed_room_only,excluded_family_or_suite_room,low,low,0,0,,false,inventory_dp_pressure_proxy
jalan,ペンションぷうたろう,2026-09-26,2026-07-27T16:00:06+09:00,2026-07-29T06:00:06+09:00,38,available,available,17600,17600,0,0,same_price_available,noise,confirmed_room_only,confirmed_two_person_standard_room,high,high,1,0,17600,false,inventory_dp_pressure_proxy
jalan,ペンション木いちご,2026-09-26,,2026-07-16T18:00:06+09:00,,unknown,available,,,,,not_comparable,none,confirmed_room_only,excluded_large_room,low,low,0,0,,false,inventory_dp_pressure_proxy
jalan,ル・ベール蔵王,2026-09-26,2026-07-25T08:00:05+09:00,2026-07-31T16:00:06+09:00,152,available,available,,,,,not_comparable,none,confirmed_room_only,unknown_room_basis,low,low,0,0,,false,inventory_dp_pressure_proxy
jalan,吉田屋,2026-09-26,2026-07-29T20:00:08+09:00,2026-07-31T12:00:05+09:00,40,available,available,,,,,not_comparable,none,confirmed_room_only,unknown_room_basis,low,low,0,0,,false,inventory_dp_pressure_proxy
jalan,名湯舎 創,2026-09-26,2026-07-23T16:00:03+09:00,2026-07-24T18:00:06+09:00,26,available,available,,,,,not_comparable,none,confirmed_room_only,unknown_room_basis,low,low,0,0,,false,inventory_dp_pressure_proxy
jalan,深山荘 高見屋,2026-09-26,2026-07-29T08:00:06+09:00,2026-07-31T06:00:06+09:00,46,available,available,,,,,not_comparable,none,unknown_meal_basis,unknown_room_basis,low,low,0,0,,false,inventory_dp_pressure_proxy
jalan,蔵王四季のホテル,2026-09-26,2026-07-17T20:00:06+09:00,2026-07-28T16:00:06+09:00,260,available,available,,,,,not_comparable,none,confirmed_room_only,excluded_family_or_suite_room,low,low,0,0,,false,inventory_dp_pressure_proxy
jalan,蔵王国際ホテル,2026-09-26,2026-07-31T20:00:06+09:00,2026-08-01T22:00:06+09:00,26,available,available,,,,,not_comparable,none,confirmed_room_only,excluded_family_or_suite_room,low,low,0,0,,false,inventory_dp_pressure_proxy
jalan,蔵王温泉 高砂屋旅館,2026-09-26,2026-07-24T10:00:06+09:00,2026-07-25T10:00:06+09:00,24,available,available,,,,,unknown,none,confirmed_room_only,confirmed_two_person_standard_room,high,high,1,0,33000,false,inventory_dp_pressure_proxy
booking,ＫＫＲ蔵王 白銀荘,2026-09-27,,2026-08-01T00:00:02+09:00,,unknown,available,,23700,,,unknown,none,assumed_room_only,probable_two_person_standard_room,medium,medium,0.36,0,23700,false,inventory_dp_pressure_proxy
booking,源泉湯宿 蔵王プラザホテル,2026-09-27,,2026-07-29T10:00:06+09:00,,unknown,available,,31900,,,unknown,none,assumed_room_only,probable_two_person_standard_room,medium,medium,0.36,0,31900,false,inventory_dp_pressure_proxy
jalan,ＫＫＲ蔵王 白銀荘,2026-09-27,,2026-07-27T02:00:06+09:00,,unknown,unavailable,,,,,not_comparable,none,unknown_meal_basis,unknown_room_basis,low,low,0,0,,false,inventory_dp_pressure_proxy
jalan,ONSEN & STAY OAKHILL,2026-09-27,,2026-07-24T06:00:06+09:00,,unknown,available,,,,,not_comparable,none,unknown_meal_basis,unknown_room_basis,low,low,0,0,,false,inventory_dp_pressure_proxy
jalan,ル・ベール蔵王,2026-09-27,2026-07-25T10:00:06+09:00,2026-07-31T14:00:06+09:00,148,available,available,,,,,not_comparable,none,confirmed_room_only,unknown_room_basis,low,low,0,0,,false,inventory_dp_pressure_proxy
jalan,吉田屋,2026-09-27,2026-07-29T22:00:07+09:00,2026-07-31T08:00:06+09:00,34,available,available,,,,,not_comparable,none,confirmed_room_only,unknown_room_basis,low,low,0,0,,false,inventory_dp_pressure_proxy
jalan,名湯舎 創,2026-09-27,2026-07-23T18:00:06+09:00,2026-07-24T20:00:06+09:00,26,available,available,,,,,not_comparable,none,confirmed_room_only,unknown_room_basis,low,low,0,0,,false,inventory_dp_pressure_proxy
booking,ＫＫＲ蔵王 白銀荘,2026-10-02,,2026-08-01T02:00:07+09:00,,unknown,available,,23700,,,unknown,none,assumed_room_only,probable_two_person_standard_room,medium,medium,0.36,0,23700,false,inventory_dp_pressure_proxy
booking,源泉湯宿 蔵王プラザホテル,2026-10-02,,2026-07-29T10:00:06+09:00,,unknown,sold_out,,,,,not_comparable,none,assumed_room_only,unknown_room_basis,low,low,0,0,,false,inventory_dp_pressure_proxy
jalan,ＫＫＲ蔵王 白銀荘,2026-10-02,,2026-07-27T08:00:06+09:00,,unknown,available,,,,,not_comparable,none,unknown_meal_basis,unknown_room_basis,low,low,0,0,,false,inventory_dp_pressure_proxy
jalan,ル・ベール蔵王,2026-10-02,2026-07-25T10:00:06+09:00,2026-07-31T16:00:06+09:00,150,available,available,,,,,not_comparable,none,confirmed_room_only,unknown_room_basis,low,low,0,0,,false,inventory_dp_pressure_proxy
jalan,吉田屋,2026-10-02,2026-07-29T22:00:07+09:00,2026-07-31T08:00:06+09:00,34,available,available,,,,,not_comparable,none,confirmed_room_only,unknown_room_basis,low,low,0,0,,false,inventory_dp_pressure_proxy
jalan,名湯舎 創,2026-10-02,2026-07-23T20:00:06+09:00,2026-07-24T22:00:06+09:00,26,sold_out,sold_out,,,,,not_comparable,none,unknown_meal_basis,unknown_room_basis,low,low,0,0,,false,inventory_dp_pressure_proxy
booking,ＫＫＲ蔵王 白銀荘,2026-10-03,,2026-08-01T02:00:07+09:00,,unknown,available,,27700,,,unknown,none,assumed_room_only,probable_two_person_standard_room,medium,medium,0.36,0,27700,false,inventory_dp_pressure_proxy
booking,たかみや瑠璃倶楽,2026-10-03,2026-07-30T08:00:06+09:00,2026-08-01T14:00:07+09:00,54,available,available,30376,27720,-2656,-0.0874,price_down_available,strong,assumed_room_only,confirmed_two_person_standard_room,high,high,1,-1,27720,false,inventory_dp_pressure_proxy
booking,ペンションぷうたろう,2026-10-03,2026-07-19T10:00:06+09:00,2026-07-28T20:00:06+09:00,226,available,available,24700,23940,-760,-0.0308,price_down_available,meaningful,assumed_room_only,probable_two_person_standard_room,medium,medium,0.36,-0.36,23940,false,inventory_dp_pressure_proxy
booking,ペンション木いちご,2026-10-03,2026-07-27T08:00:06+09:00,2026-07-30T02:00:06+09:00,66,sold_out,sold_out,,,,,not_comparable,none,assumed_room_only,unknown_room_basis,low,low,0,0,,false,inventory_dp_pressure_proxy
booking,ロッジスガノ,2026-10-03,2026-07-29T16:00:05+09:00,2026-07-31T04:00:06+09:00,36,sold_out,sold_out,,,,,not_comparable,none,assumed_room_only,unknown_room_basis,low,low,0,0,,false,inventory_dp_pressure_proxy
booking,ロッジまつぽっくり,2026-10-03,,2026-07-24T08:00:06+09:00,,unknown,available,,,,,not_comparable,none,assumed_room_only,excluded_family_or_suite_room,low,low,0,0,,false,inventory_dp_pressure_proxy
booking,名湯リゾート ルーセントタカミヤ,2026-10-03,2026-07-19T08:00:06+09:00,2026-07-20T16:00:06+09:00,32,available,available,19945,19953,8,0.0004,noise,noise,assumed_room_only,confirmed_two_person_standard_room,high,high,1,0,19953,false,inventory_dp_pressure_proxy
booking,松尾ハウス,2026-10-03,2026-07-26T00:00:01+09:00,2026-07-27T04:00:06+09:00,28,sold_out,sold_out,,,,,not_comparable,none,assumed_room_only,unknown_room_basis,low,low,0,0,,false,inventory_dp_pressure_proxy
booking,深山荘 高見屋,2026-10-03,2026-07-20T18:00:06+09:00,2026-08-01T12:00:07+09:00,282,available,available,,63222,,,unknown,none,assumed_room_only,confirmed_two_person_standard_room,high,high,1,0,63222,false,inventory_dp_pressure_proxy
booking,蔵王四季のホテル,2026-10-03,2026-07-23T02:00:06+09:00,2026-07-28T00:00:05+09:00,118,available,available,,,,,not_comparable,none,assumed_room_only,excluded_family_or_suite_room,low,low,0,0,,false,inventory_dp_pressure_proxy
booking,蔵王国際ホテル,2026-10-03,2026-07-30T10:00:06+09:00,2026-07-31T10:00:06+09:00,24,available,available,47740,47740,0,0,same_price_available,noise,assumed_room_only,confirmed_two_person_standard_room,high,high,1,0,47740,false,inventory_dp_pressure_proxy
booking,蔵王温泉 高砂屋旅館,2026-10-03,2026-07-19T22:00:05+09:00,2026-07-21T20:00:06+09:00,46,available,available,,,,,not_comparable,none,assumed_room_only,excluded_family_or_suite_room,low,low,0,0,,false,inventory_dp_pressure_proxy
jalan,ＫＫＲ蔵王 白銀荘,2026-10-03,,2026-07-27T10:00:02+09:00,,unknown,available,,,,,not_comparable,none,confirmed_room_only,unknown_room_basis,low,low,0,0,,false,inventory_dp_pressure_proxy
jalan,たかみや瑠璃倶楽,2026-10-03,2026-07-29T06:00:06+09:00,2026-07-30T22:00:06+09:00,40,available,available,,,,,not_comparable,none,confirmed_room_only,excluded_family_or_suite_room,low,low,0,0,,false,inventory_dp_pressure_proxy
jalan,ペンションぷうたろう,2026-10-03,2026-07-26T14:00:06+09:00,2026-07-27T18:00:05+09:00,28,available,available,19800,,,,unknown,none,confirmed_room_only,confirmed_two_person_standard_room,high,high,1,0,19800,false,inventory_dp_pressure_proxy
jalan,ペンション木いちご,2026-10-03,,2026-07-16T20:00:06+09:00,,unknown,sold_out,,,,,not_comparable,none,unknown_meal_basis,unknown_room_basis,low,low,0,0,,false,inventory_dp_pressure_proxy
jalan,ル・ベール蔵王,2026-10-03,2026-07-25T12:00:06+09:00,2026-07-31T18:00:05+09:00,150,available,available,,,,,not_comparable,none,confirmed_room_only,unknown_room_basis,low,low,0,0,,false,inventory_dp_pressure_proxy
jalan,吉田屋,2026-10-03,2026-07-30T00:00:02+09:00,2026-07-31T12:00:05+09:00,36,available,available,,,,,not_comparable,none,confirmed_room_only,unknown_room_basis,low,low,0,0,,false,inventory_dp_pressure_proxy
jalan,名湯舎 創,2026-10-03,2026-07-23T22:00:03+09:00,2026-07-25T00:00:02+09:00,26,available,available,,,,,not_comparable,none,confirmed_room_only,unknown_room_basis,low,low,0,0,,false,inventory_dp_pressure_proxy
jalan,深山荘 高見屋,2026-10-03,2026-07-29T10:00:06+09:00,2026-07-31T06:00:06+09:00,44,available,available,,,,,not_comparable,none,unknown_meal_basis,unknown_room_basis,low,low,0,0,,false,inventory_dp_pressure_proxy
jalan,蔵王四季のホテル,2026-10-03,2026-07-17T22:00:05+09:00,2026-07-28T18:00:05+09:00,260,available,available,,,,,not_comparable,none,confirmed_room_only,excluded_family_or_suite_room,low,low,0,0,,false,inventory_dp_pressure_proxy
jalan,蔵王国際ホテル,2026-10-03,2026-07-31T22:00:06+09:00,2026-08-02T02:00:05+09:00,28,available,available,,,,,not_comparable,none,confirmed_room_only,excluded_family_or_suite_room,low,low,0,0,,false,inventory_dp_pressure_proxy
jalan,蔵王温泉 高砂屋旅館,2026-10-03,2026-07-22T04:00:07+09:00,2026-07-24T22:00:06+09:00,66,available,available,33000,,,,unknown,none,confirmed_room_only,confirmed_two_person_standard_room,high,high,1,0,33000,false,inventory_dp_pressure_proxy
booking,ＫＫＲ蔵王 白銀荘,2026-10-04,,2026-08-01T04:00:07+09:00,,unknown,available,,23700,,,unknown,none,assumed_room_only,probable_two_person_standard_room,medium,medium,0.36,0,23700,false,inventory_dp_pressure_proxy
jalan,ＫＫＲ蔵王 白銀荘,2026-10-04,,2026-07-27T12:00:06+09:00,,unknown,available,,,,,not_comparable,none,unknown_meal_basis,unknown_room_basis,low,low,0,0,,false,inventory_dp_pressure_proxy
jalan,ル・ベール蔵王,2026-10-04,2026-07-25T12:00:06+09:00,2026-07-31T20:00:06+09:00,152,available,available,,,,,not_comparable,none,confirmed_room_only,unknown_room_basis,low,low,0,0,,false,inventory_dp_pressure_proxy
jalan,吉田屋,2026-10-04,2026-07-30T00:00:02+09:00,2026-07-31T14:00:06+09:00,38,available,available,,,,,not_comparable,none,confirmed_room_only,unknown_room_basis,low,low,0,0,,false,inventory_dp_pressure_proxy
jalan,名湯舎 創,2026-10-04,2026-07-24T00:00:02+09:00,2026-07-25T00:00:02+09:00,24,available,available,,,,,not_comparable,none,confirmed_room_only,excluded_large_room,low,low,0,0,,false,inventory_dp_pressure_proxy
booking,ＫＫＲ蔵王 白銀荘,2026-10-09,,2026-08-01T08:00:07+09:00,,unknown,available,,23700,,,unknown,none,assumed_room_only,probable_two_person_standard_room,medium,medium,0.36,0,23700,false,inventory_dp_pressure_proxy
jalan,ＫＫＲ蔵王 白銀荘,2026-10-09,,2026-07-27T12:00:06+09:00,,unknown,available,,,,,not_comparable,none,unknown_meal_basis,unknown_room_basis,low,low,0,0,,false,inventory_dp_pressure_proxy
jalan,ル・ベール蔵王,2026-10-09,2026-07-25T14:00:06+09:00,2026-07-31T20:00:06+09:00,150,available,available,,,,,not_comparable,none,confirmed_room_only,unknown_room_basis,low,low,0,0,,false,inventory_dp_pressure_proxy
jalan,吉田屋,2026-10-09,2026-07-30T02:00:06+09:00,2026-07-31T16:00:06+09:00,38,available,available,,,,,not_comparable,none,confirmed_room_only,unknown_room_basis,low,low,0,0,,false,inventory_dp_pressure_proxy
jalan,名湯舎 創,2026-10-09,2026-07-24T00:00:02+09:00,2026-07-25T02:00:06+09:00,26,available,available,,,,,not_comparable,none,meal_included,unknown_room_basis,low,low,0,0,,false,inventory_dp_pressure_proxy
booking,たかみや瑠璃倶楽,2026-10-10,2026-07-30T12:00:06+09:00,2026-07-31T16:00:06+09:00,28,available,available,39749,40959,1210,0.0304,price_up_available,meaningful,assumed_room_only,confirmed_two_person_standard_room,high,high,1,1,40959,false,inventory_dp_pressure_proxy
booking,ペンションぷうたろう,2026-10-10,,2026-07-19T12:00:03+09:00,,unknown,available,,26600,,,unknown,none,assumed_room_only,probable_two_person_standard_room,medium,medium,0.36,0,26600,false,inventory_dp_pressure_proxy
booking,ペンション木いちご,2026-10-10,2026-07-27T08:00:06+09:00,2026-07-30T04:00:06+09:00,68,sold_out,sold_out,,,,,not_comparable,none,assumed_room_only,unknown_room_basis,low,low,0,0,,false,inventory_dp_pressure_proxy
booking,ル・ベール蔵王,2026-10-10,2026-06-14T22:00:06+09:00,2026-07-24T14:35:12+09:00,952.59,available,available,31417,43000,11583,0.3687,price_up_available,strong,assumed_room_only,confirmed_two_person_standard_room,high,high,1,1,43000,false,inventory_dp_pressure_proxy
booking,ロッジスガノ,2026-10-10,2026-07-29T20:00:08+09:00,2026-08-01T00:00:02+09:00,52,sold_out,sold_out,,,,,not_comparable,none,assumed_room_only,unknown_room_basis,low,low,0,0,,false,inventory_dp_pressure_proxy
booking,ロッジまつぽっくり,2026-10-10,,2026-07-24T08:00:06+09:00,,unknown,available,,,,,not_comparable,none,assumed_room_only,excluded_family_or_suite_room,low,low,0,0,,false,inventory_dp_pressure_proxy
booking,名湯リゾート ルーセントタカミヤ,2026-10-10,2026-07-19T10:00:06+09:00,2026-07-20T18:00:06+09:00,32,available,available,,,,,not_comparable,none,assumed_room_only,excluded_family_or_suite_room,low,low,0,0,,false,inventory_dp_pressure_proxy
booking,松尾ハウス,2026-10-10,2026-07-26T00:00:01+09:00,2026-07-27T06:00:06+09:00,30,sold_out,sold_out,,,,,not_comparable,none,assumed_room_only,unknown_room_basis,low,low,0,0,,false,inventory_dp_pressure_proxy
booking,深山荘 高見屋,2026-10-10,2026-07-20T20:00:06+09:00,2026-08-01T16:00:05+09:00,284,available,available,88000,88000,0,0,same_price_available,noise,assumed_room_only,confirmed_two_person_standard_room,high,high,1,0,88000,false,inventory_dp_pressure_proxy
booking,蔵王四季のホテル,2026-10-10,2026-07-23T02:00:06+09:00,2026-07-28T00:00:05+09:00,118,available,available,,,,,unknown,none,assumed_room_only,probable_two_person_standard_room,medium,medium,0.36,0,77740,false,inventory_dp_pressure_proxy
booking,蔵王国際ホテル,2026-10-10,2026-07-29T04:00:06+09:00,2026-07-30T16:00:06+09:00,36,available,available,69300,69300,0,0,same_price_available,noise,assumed_room_only,confirmed_two_person_standard_room,high,high,1,0,69300,false,inventory_dp_pressure_proxy
booking,蔵王温泉 高砂屋旅館,2026-10-10,2026-07-20T02:00:06+09:00,2026-07-21T22:00:06+09:00,44,available,available,,,,,not_comparable,none,assumed_room_only,excluded_family_or_suite_room,low,low,0,0,,false,inventory_dp_pressure_proxy
jalan,HAMMOND,2026-10-10,,2026-06-05T00:29:41+09:00,,unknown,available,,,,,not_comparable,none,unknown_meal_basis,unknown_room_basis,low,low,0,0,,false,inventory_dp_pressure_proxy
jalan,JURIN,2026-10-10,,2026-06-05T00:29:41+09:00,,unknown,unavailable,,,,,not_comparable,none,unknown_meal_basis,unknown_room_basis,low,low,0,0,,false,inventory_dp_pressure_proxy
jalan,market_aggregate,2026-10-10,,2026-06-01T23:07:31+09:00,,unknown,available,,,,,not_comparable,none,unknown_meal_basis,unknown_room_basis,low,low,0,0,,false,inventory_dp_pressure_proxy
jalan,たかみや瑠璃倶楽,2026-10-10,2026-07-29T08:00:06+09:00,2026-07-31T00:00:02+09:00,40,available,available,,,,,not_comparable,none,confirmed_room_only,excluded_family_or_suite_room,low,low,0,0,,false,inventory_dp_pressure_proxy
jalan,ペンションぷうたろう,2026-10-10,2026-07-26T14:00:06+09:00,2026-07-27T20:00:05+09:00,30,available,available,22000,22000,0,0,same_price_available,noise,confirmed_room_only,confirmed_two_person_standard_room,high,high,1,0,22000,false,inventory_dp_pressure_proxy
jalan,ペンション木いちご,2026-10-10,2026-07-11T20:00:06+09:00,2026-07-16T22:00:04+09:00,122,sold_out,sold_out,,,,,not_comparable,none,unknown_meal_basis,unknown_room_basis,low,low,0,0,,false,inventory_dp_pressure_proxy
jalan,ル・ベール蔵王,2026-10-10,,2026-06-05T00:29:41+09:00,,unknown,available,,,,,not_comparable,none,unknown_meal_basis,unknown_room_basis,low,low,0,0,,false,inventory_dp_pressure_proxy
jalan,吉田屋,2026-10-10,2026-07-30T10:00:06+09:00,2026-07-31T22:00:06+09:00,36,available,available,,,,,not_comparable,none,confirmed_room_only,unknown_room_basis,low,low,0,0,,false,inventory_dp_pressure_proxy
jalan,名湯舎 創,2026-10-10,,2026-07-24T02:00:06+09:00,,unknown,available,,,,,not_comparable,none,meal_included,unknown_room_basis,low,low,0,0,,false,inventory_dp_pressure_proxy
jalan,深山荘 高見屋,2026-10-10,2026-07-29T14:00:04+09:00,2026-07-31T08:00:06+09:00,42,available,available,,,,,not_comparable,none,unknown_meal_basis,unknown_room_basis,low,low,0,0,,false,inventory_dp_pressure_proxy
jalan,蔵王四季のホテル,2026-10-10,2026-07-16T12:00:06+09:00,2026-07-17T22:00:05+09:00,34,available,available,,,,,not_comparable,none,confirmed_room_only,excluded_family_or_suite_room,low,low,0,0,,false,inventory_dp_pressure_proxy
jalan,蔵王国際ホテル,2026-10-10,2026-07-30T20:00:06+09:00,2026-08-01T12:00:07+09:00,40,available,available,,,,,not_comparable,none,confirmed_room_only,excluded_family_or_suite_room,low,low,0,0,,false,inventory_dp_pressure_proxy
jalan,蔵王温泉 高砂屋旅館,2026-10-10,2026-07-22T06:00:06+09:00,2026-07-25T00:00:02+09:00,66,available,available,37400,,,,unknown,none,confirmed_room_only,confirmed_two_person_standard_room,high,high,1,0,37400,false,inventory_dp_pressure_proxy
booking,たかみや瑠璃倶楽,2026-10-11,2026-07-25T08:00:05+09:00,2026-07-29T06:00:06+09:00,94,available,available,40434,,-1634,-0.0404,price_down_available,meaningful,assumed_room_only,confirmed_two_person_standard_room,high,high,1,-1,38800,false,inventory_dp_pressure_proxy
booking,ペンションぷうたろう,2026-10-11,,2026-07-19T12:00:03+09:00,,unknown,available,,24700,,,unknown,none,assumed_room_only,confirmed_two_person_standard_room,high,high,1,0,24700,false,inventory_dp_pressure_proxy
booking,ペンション木いちご,2026-10-11,2026-07-27T10:00:02+09:00,2026-07-30T04:00:06+09:00,66,sold_out,sold_out,,,,,not_comparable,none,assumed_room_only,unknown_room_basis,low,low,0,0,,false,inventory_dp_pressure_proxy
booking,ロッジスガノ,2026-10-11,2026-07-29T20:00:08+09:00,2026-08-01T00:00:02+09:00,52,sold_out,sold_out,,,,,not_comparable,none,assumed_room_only,unknown_room_basis,low,low,0,0,,false,inventory_dp_pressure_proxy
booking,ロッジまつぽっくり,2026-10-11,,2026-07-24T10:00:06+09:00,,unknown,available,,,,,not_comparable,none,assumed_room_only,excluded_family_or_suite_room,low,low,0,0,,false,inventory_dp_pressure_proxy
booking,名湯リゾート ルーセントタカミヤ,2026-10-11,2026-07-19T10:00:06+09:00,2026-07-20T18:00:06+09:00,32,available,available,22516,36630,14114,0.6268,price_up_available,strong,assumed_room_only,confirmed_two_person_standard_room,high,high,1,1,36630,false,inventory_dp_pressure_proxy
booking,松尾ハウス,2026-10-11,2026-07-24T20:00:06+09:00,2026-07-26T02:00:06+09:00,30,sold_out,sold_out,,,,,not_comparable,none,assumed_room_only,unknown_room_basis,low,low,0,0,,false,inventory_dp_pressure_proxy
booking,深山荘 高見屋,2026-10-11,2026-06-26T02:00:05+09:00,2026-07-20T22:00:06+09:00,596,available,sold_out,62931,,-18469,-0.2269,sold_out_after_price_down,strong,assumed_room_only,confirmed_two_person_standard_room,high,high,1,0.5,62931,false,inventory_dp_pressure_proxy
booking,蔵王四季のホテル,2026-10-11,2026-07-23T04:00:05+09:00,2026-07-28T02:00:01+09:00,118,available,available,,,,,not_comparable,none,assumed_room_only,excluded_family_or_suite_room,low,low,0,0,,false,inventory_dp_pressure_proxy
booking,蔵王国際ホテル,2026-10-11,2026-07-27T18:00:05+09:00,2026-07-30T16:00:06+09:00,70,available,available,69300,69300,0,0,same_price_available,noise,assumed_room_only,confirmed_two_person_standard_room,high,high,1,0,69300,false,inventory_dp_pressure_proxy
booking,蔵王温泉 高砂屋旅館,2026-10-11,2026-07-12T08:00:06+09:00,2026-07-20T00:00:06+09:00,184,available,available,,,,,not_comparable,none,assumed_room_only,excluded_family_or_suite_room,low,low,0,0,,false,inventory_dp_pressure_proxy
jalan,たかみや瑠璃倶楽,2026-10-11,2026-07-29T10:00:06+09:00,2026-07-31T00:00:02+09:00,38,available,available,,,,,not_comparable,none,confirmed_room_only,excluded_family_or_suite_room,low,low,0,0,,false,inventory_dp_pressure_proxy
jalan,ペンションぷうたろう,2026-10-11,2026-07-26T16:00:05+09:00,2026-07-27T20:00:05+09:00,28,available,available,22000,22000,0,0,same_price_available,noise,confirmed_room_only,confirmed_two_person_standard_room,high,high,1,0,22000,false,inventory_dp_pressure_proxy
jalan,ペンション木いちご,2026-10-11,2026-07-12T20:00:06+09:00,2026-07-17T00:00:06+09:00,100,sold_out,sold_out,,,,,not_comparable,none,unknown_meal_basis,unknown_room_basis,low,low,0,0,,false,inventory_dp_pressure_proxy
jalan,吉田屋,2026-10-11,2026-07-12T22:00:06+09:00,2026-07-30T08:00:06+09:00,418,available,available,,,,,not_comparable,none,confirmed_room_only,unknown_room_basis,low,low,0,0,,false,inventory_dp_pressure_proxy
jalan,名湯舎 創,2026-10-11,,2026-07-24T14:00:05+09:00,,unknown,available,,,,,not_comparable,none,meal_included,unknown_room_basis,low,low,0,0,,false,inventory_dp_pressure_proxy
jalan,深山荘 高見屋,2026-10-11,2026-07-29T12:00:06+09:00,2026-07-31T08:00:06+09:00,44,sold_out,available,,,,,not_comparable,none,unknown_meal_basis,unknown_room_basis,low,low,0,0,,false,inventory_dp_pressure_proxy
jalan,蔵王四季のホテル,2026-10-11,2026-07-16T10:00:01+09:00,2026-07-18T00:00:01+09:00,38,available,available,,,,,not_comparable,none,confirmed_room_only,excluded_family_or_suite_room,low,low,0,0,,false,inventory_dp_pressure_proxy
jalan,蔵王国際ホテル,2026-10-11,2026-07-29T00:00:02+09:00,2026-07-30T20:00:06+09:00,44,available,available,,,,,not_comparable,none,confirmed_room_only,excluded_family_or_suite_room,low,low,0,0,,false,inventory_dp_pressure_proxy
jalan,蔵王温泉 高砂屋旅館,2026-10-11,2026-07-22T08:00:03+09:00,2026-07-25T00:00:02+09:00,64,available,available,37400,,,,unknown,none,confirmed_room_only,confirmed_two_person_standard_room,high,high,1,0,37400,false,inventory_dp_pressure_proxy
booking,たかみや瑠璃倶楽,2026-10-12,2026-07-30T14:00:04+09:00,2026-07-31T20:00:06+09:00,30,available,available,30800,27720,-3080,-0.1,price_down_available,strong,assumed_room_only,confirmed_two_person_standard_room,high,high,1,-1,27720,false,inventory_dp_pressure_proxy
booking,ペンションぷうたろう,2026-10-12,,2026-07-19T10:00:06+09:00,,unknown,available,,24700,,,unknown,none,assumed_room_only,confirmed_two_person_standard_room,high,high,1,0,24700,false,inventory_dp_pressure_proxy
booking,ペンション木いちご,2026-10-12,2026-07-23T14:00:05+09:00,2026-07-27T12:00:06+09:00,94,sold_out,sold_out,,,,,not_comparable,none,assumed_room_only,unknown_room_basis,low,low,0,0,,false,inventory_dp_pressure_proxy
booking,ロッジスガノ,2026-10-12,2026-07-29T22:00:07+09:00,2026-08-01T02:00:07+09:00,52,sold_out,sold_out,,,,,not_comparable,none,assumed_room_only,unknown_room_basis,low,low,0,0,,false,inventory_dp_pressure_proxy
booking,ロッジまつぽっくり,2026-10-12,,2026-07-24T12:00:06+09:00,,unknown,available,,,,,not_comparable,none,assumed_room_only,excluded_family_or_suite_room,low,low,0,0,,false,inventory_dp_pressure_proxy
booking,名湯リゾート ルーセントタカミヤ,2026-10-12,2026-07-19T12:00:03+09:00,2026-07-20T22:00:06+09:00,34,available,available,14803,24750,9947,0.672,price_up_available,strong,assumed_room_only,confirmed_two_person_standard_room,high,high,1,1,24750,false,inventory_dp_pressure_proxy
booking,松尾ハウス,2026-10-12,2026-07-24T20:00:06+09:00,2026-07-26T02:00:06+09:00,30,sold_out,sold_out,,,,,not_comparable,none,assumed_room_only,unknown_room_basis,low,low,0,0,,false,inventory_dp_pressure_proxy
booking,深山荘 高見屋,2026-10-12,,2026-07-21T00:00:01+09:00,,unknown,available,,53460,,,unknown,none,assumed_room_only,probable_two_person_standard_room,medium,medium,0.36,0,53460,false,inventory_dp_pressure_proxy
booking,蔵王四季のホテル,2026-10-12,2026-07-23T04:00:05+09:00,2026-07-28T04:00:05+09:00,120,available,available,,,,,not_comparable,none,assumed_room_only,excluded_large_room,low,low,0,0,,false,inventory_dp_pressure_proxy
booking,蔵王国際ホテル,2026-10-12,2026-07-27T20:00:05+09:00,2026-07-30T18:00:06+09:00,70,available,available,47740,47740,0,0,same_price_available,noise,assumed_room_only,confirmed_two_person_standard_room,high,high,1,0,47740,false,inventory_dp_pressure_proxy
booking,蔵王温泉 高砂屋旅館,2026-10-12,,2026-07-20T06:00:06+09:00,,unknown,available,,,,,not_comparable,none,assumed_room_only,excluded_family_or_suite_room,low,low,0,0,,false,inventory_dp_pressure_proxy
jalan,たかみや瑠璃倶楽,2026-10-12,2026-07-29T12:00:06+09:00,2026-07-31T04:00:06+09:00,40,available,available,,,,,not_comparable,none,confirmed_room_only,excluded_family_or_suite_room,low,low,0,0,,false,inventory_dp_pressure_proxy
jalan,ペンションぷうたろう,2026-10-12,2026-07-25T14:00:06+09:00,2026-07-26T18:00:04+09:00,28,available,available,19800,,0,0,same_price_available,noise,confirmed_room_only,confirmed_two_person_standard_room,high,high,1,0,19800,false,inventory_dp_pressure_proxy
jalan,ペンション木いちご,2026-10-12,,2026-07-17T00:00:06+09:00,,unknown,sold_out,,,,,not_comparable,none,unknown_meal_basis,unknown_room_basis,low,low,0,0,,false,inventory_dp_pressure_proxy
jalan,吉田屋,2026-10-12,2026-07-12T00:00:06+09:00,2026-07-13T00:00:02+09:00,24,available,available,,,,,not_comparable,none,unknown_meal_basis,unknown_room_basis,low,low,0,0,,false,inventory_dp_pressure_proxy
jalan,深山荘 高見屋,2026-10-12,2026-07-29T14:00:04+09:00,2026-07-31T10:00:06+09:00,44,available,available,,,,,not_comparable,none,unknown_meal_basis,unknown_room_basis,low,low,0,0,,false,inventory_dp_pressure_proxy
jalan,蔵王四季のホテル,2026-10-12,2026-07-16T14:00:05+09:00,2026-07-18T00:00:01+09:00,34,available,available,,,,,not_comparable,none,confirmed_room_only,excluded_family_or_suite_room,low,low,0,0,,false,inventory_dp_pressure_proxy
jalan,蔵王国際ホテル,2026-10-12,2026-07-29T00:00:02+09:00,2026-07-30T22:00:06+09:00,46,available,available,,,,,not_comparable,none,confirmed_room_only,excluded_family_or_suite_room,low,low,0,0,,false,inventory_dp_pressure_proxy
jalan,蔵王温泉 高砂屋旅館,2026-10-12,2026-07-22T08:00:03+09:00,2026-07-25T02:00:06+09:00,66,available,available,,,,,not_comparable,none,unknown_meal_basis,unknown_room_basis,low,low,0,0,,false,inventory_dp_pressure_proxy
booking,たかみや瑠璃倶楽,2026-10-17,2026-07-30T18:00:06+09:00,2026-08-01T00:00:02+09:00,30,available,available,33660,33660,0,0,same_price_available,noise,assumed_room_only,confirmed_two_person_standard_room,high,high,1,0,33660,false,inventory_dp_pressure_proxy
booking,ペンションぷうたろう,2026-10-17,,2026-07-19T14:00:06+09:00,,unknown,available,,24700,,,unknown,none,assumed_room_only,confirmed_two_person_standard_room,high,high,1,0,24700,false,inventory_dp_pressure_proxy
booking,ペンション木いちご,2026-10-17,,2026-07-27T14:00:05+09:00,,unknown,sold_out,,,,,not_comparable,none,assumed_room_only,unknown_room_basis,low,low,0,0,,false,inventory_dp_pressure_proxy
booking,ロッジスガノ,2026-10-17,2026-07-30T00:00:02+09:00,2026-08-01T02:00:07+09:00,50,sold_out,sold_out,,,,,not_comparable,none,assumed_room_only,unknown_room_basis,low,low,0,0,,false,inventory_dp_pressure_proxy
booking,ロッジまつぽっくり,2026-10-17,,2026-07-24T12:00:06+09:00,,unknown,available,,,,,not_comparable,none,assumed_room_only,excluded_family_or_suite_room,low,low,0,0,,false,inventory_dp_pressure_proxy
booking,名湯リゾート ルーセントタカミヤ,2026-10-17,,2026-07-19T12:00:03+09:00,,unknown,available,,19945,,,unknown,none,assumed_room_only,confirmed_two_person_standard_room,high,high,1,0,19945,false,inventory_dp_pressure_proxy
booking,松尾ハウス,2026-10-17,2026-07-24T22:00:06+09:00,2026-07-26T04:00:06+09:00,30,sold_out,sold_out,,,,,not_comparable,none,assumed_room_only,unknown_room_basis,low,low,0,0,,false,inventory_dp_pressure_proxy
booking,深山荘 高見屋,2026-10-17,2026-07-11T14:00:06+09:00,2026-07-21T00:00:01+09:00,226,available,available,,,,,unknown,none,assumed_room_only,confirmed_two_person_standard_room,high,high,1,0,56451,false,inventory_dp_pressure_proxy
booking,蔵王四季のホテル,2026-10-17,2026-07-23T06:00:06+09:00,2026-07-28T04:00:05+09:00,118,available,available,,,,,not_comparable,none,assumed_room_only,excluded_large_room,low,low,0,0,,false,inventory_dp_pressure_proxy
booking,蔵王国際ホテル,2026-10-17,2026-07-27T22:00:06+09:00,2026-07-30T20:00:06+09:00,70,available,available,60060,60060,0,0,same_price_available,noise,assumed_room_only,confirmed_two_person_standard_room,high,high,1,0,60060,false,inventory_dp_pressure_proxy
booking,蔵王温泉 高砂屋旅館,2026-10-17,2026-07-12T08:00:06+09:00,2026-07-20T08:00:06+09:00,192,available,available,,,,,not_comparable,none,assumed_room_only,excluded_family_or_suite_room,low,low,0,0,,false,inventory_dp_pressure_proxy
jalan,こけしの宿 招仙閣,2026-10-17,2026-07-13T16:00:01+09:00,2026-07-15T14:00:06+09:00,46,available,available,,,,,not_comparable,none,confirmed_room_only,excluded_single_room,low,low,0,0,,false,inventory_dp_pressure_proxy
jalan,たかみや瑠璃倶楽,2026-10-17,2026-07-29T14:00:04+09:00,2026-07-31T02:00:06+09:00,36,available,available,,,,,not_comparable,none,confirmed_room_only,excluded_family_or_suite_room,low,low,0,0,,false,inventory_dp_pressure_proxy
jalan,ペンションぷうたろう,2026-10-17,2026-07-26T18:00:04+09:00,2026-07-28T00:00:05+09:00,30,available,available,19800,19800,0,0,same_price_available,noise,confirmed_room_only,confirmed_two_person_standard_room,high,high,1,0,19800,false,inventory_dp_pressure_proxy
jalan,ペンション木いちご,2026-10-17,2026-07-17T18:00:06+09:00,2026-07-18T18:00:06+09:00,24,sold_out,sold_out,,,,,not_comparable,none,unknown_meal_basis,unknown_room_basis,low,low,0,0,,false,inventory_dp_pressure_proxy
jalan,ペンション櫻,2026-10-17,2026-07-15T04:00:06+09:00,2026-07-17T04:00:06+09:00,48,available,available,16000,16000,0,0,same_price_available,noise,confirmed_room_only,confirmed_two_person_standard_room,high,high,1,0,16000,false,inventory_dp_pressure_proxy
jalan,吉田屋,2026-10-17,2026-07-11T06:00:06+09:00,2026-07-12T06:00:06+09:00,24,available,available,,,,,not_comparable,none,unknown_meal_basis,unknown_room_basis,low,low,0,0,,false,inventory_dp_pressure_proxy
jalan,名湯リゾート ルーセントタカミヤ,2026-10-17,2026-07-16T14:00:05+09:00,2026-07-18T00:00:01+09:00,34,available,available,,,,,not_comparable,none,unknown_meal_basis,unknown_room_basis,low,low,0,0,,false,inventory_dp_pressure_proxy
jalan,深山荘 高見屋,2026-10-17,2026-07-29T16:00:05+09:00,2026-07-31T10:00:06+09:00,42,available,available,,,,,not_comparable,none,unknown_meal_basis,unknown_room_basis,low,low,0,0,,false,inventory_dp_pressure_proxy
jalan,蔵王四季のホテル,2026-10-17,2026-07-16T20:00:06+09:00,2026-07-18T02:00:06+09:00,30,available,available,,,,,not_comparable,none,confirmed_room_only,excluded_family_or_suite_room,low,low,0,0,,false,inventory_dp_pressure_proxy
jalan,蔵王国際ホテル,2026-10-17,2026-07-29T02:00:05+09:00,2026-07-31T00:00:02+09:00,46,available,available,,,,,not_comparable,none,confirmed_room_only,excluded_family_or_suite_room,low,low,0,0,,false,inventory_dp_pressure_proxy
jalan,蔵王温泉 高砂屋旅館,2026-10-17,2026-07-22T10:00:06+09:00,2026-07-25T04:00:06+09:00,66,available,available,,,,,unknown,none,confirmed_room_only,confirmed_two_person_standard_room,high,high,1,0,33000,false,inventory_dp_pressure_proxy
booking,たかみや瑠璃倶楽,2026-10-24,2026-07-31T04:00:06+09:00,2026-08-01T04:00:07+09:00,24,available,available,33660,33660,0,0,same_price_available,noise,assumed_room_only,confirmed_two_person_standard_room,high,high,1,0,33660,false,inventory_dp_pressure_proxy
booking,ペンション木いちご,2026-10-24,,2026-07-27T16:00:06+09:00,,unknown,sold_out,,,,,not_comparable,none,assumed_room_only,unknown_room_basis,low,low,0,0,,false,inventory_dp_pressure_proxy
booking,ロッジスガノ,2026-10-24,2026-07-26T08:00:03+09:00,2026-07-30T00:00:02+09:00,88,sold_out,sold_out,,,,,not_comparable,none,assumed_room_only,unknown_room_basis,low,low,0,0,,false,inventory_dp_pressure_proxy
booking,ロッジまつぽっくり,2026-10-24,,2026-07-24T14:00:05+09:00,,unknown,available,,,,,not_comparable,none,assumed_room_only,excluded_family_or_suite_room,low,low,0,0,,false,inventory_dp_pressure_proxy
booking,名湯リゾート ルーセントタカミヤ,2026-10-24,,2026-07-19T14:00:06+09:00,,unknown,available,,19945,,,unknown,none,assumed_room_only,confirmed_two_person_standard_room,high,high,1,0,19945,false,inventory_dp_pressure_proxy
booking,松尾ハウス,2026-10-24,2026-07-25T02:00:06+09:00,2026-07-26T14:00:06+09:00,36,sold_out,sold_out,,,,,not_comparable,none,assumed_room_only,unknown_room_basis,low,low,0,0,,false,inventory_dp_pressure_proxy
booking,深山荘 高見屋,2026-10-24,2026-07-12T16:00:06+09:00,2026-07-21T04:00:06+09:00,204,available,available,79200,71280,-7920,-0.1,price_down_available,strong,assumed_room_only,confirmed_two_person_standard_room,high,high,1,-1,71280,false,inventory_dp_pressure_proxy
booking,蔵王四季のホテル,2026-10-24,2026-07-16T04:00:01+09:00,2026-07-28T06:00:05+09:00,290,available,available,,,,,not_comparable,none,assumed_room_only,excluded_family_or_suite_room,low,low,0,0,,false,inventory_dp_pressure_proxy
booking,蔵王国際ホテル,2026-10-24,2026-07-28T00:00:05+09:00,2026-07-30T20:00:06+09:00,68,available,available,60060,60060,0,0,same_price_available,noise,assumed_room_only,confirmed_two_person_standard_room,high,high,1,0,60060,false,inventory_dp_pressure_proxy
booking,蔵王温泉 高砂屋旅館,2026-10-24,,2026-07-11T16:00:06+09:00,,unknown,available,,,,,not_comparable,none,assumed_room_only,excluded_family_or_suite_room,low,low,0,0,,false,inventory_dp_pressure_proxy
jalan,ONSEN & STAY OAKHILL,2026-10-24,,2026-07-24T02:00:06+09:00,,unknown,available,,,,,not_comparable,none,confirmed_room_only,excluded_family_or_suite_room,low,low,0,0,,false,inventory_dp_pressure_proxy
jalan,おおみや旅館,2026-10-24,,2026-07-23T08:00:07+09:00,,unknown,available,,,,,not_comparable,none,confirmed_room_only,excluded_large_room,low,low,0,0,,false,inventory_dp_pressure_proxy
jalan,こけしの宿 招仙閣,2026-10-24,2026-07-13T22:00:01+09:00,2026-07-16T00:00:01+09:00,50,available,available,,,,,not_comparable,none,confirmed_room_only,unknown_room_basis,low,low,0,0,,false,inventory_dp_pressure_proxy
jalan,たかみや瑠璃倶楽,2026-10-24,2026-07-29T16:00:05+09:00,2026-07-31T06:00:06+09:00,38,available,available,,,,,not_comparable,none,confirmed_room_only,excluded_family_or_suite_room,low,low,0,0,,false,inventory_dp_pressure_proxy
jalan,ペンションぷうたろう,2026-10-24,2026-07-26T20:00:06+09:00,2026-07-28T02:00:01+09:00,30,available,available,19800,19800,0,0,same_price_available,noise,confirmed_room_only,confirmed_two_person_standard_room,high,high,1,0,19800,false,inventory_dp_pressure_proxy
jalan,ペンション木いちご,2026-10-24,2026-07-21T14:00:05+09:00,2026-07-23T20:00:06+09:00,54,sold_out,sold_out,,,,,not_comparable,none,unknown_meal_basis,unknown_room_basis,low,low,0,0,,false,inventory_dp_pressure_proxy
jalan,ペンション櫻,2026-10-24,2026-07-15T12:00:07+09:00,2026-07-17T10:00:06+09:00,46,available,available,16000,16000,0,0,same_price_available,noise,confirmed_room_only,confirmed_two_person_standard_room,high,high,1,0,16000,false,inventory_dp_pressure_proxy
jalan,ル・ベール蔵王,2026-10-24,,2026-07-25T18:00:06+09:00,,unknown,available,,,,,not_comparable,none,confirmed_room_only,unknown_room_basis,low,low,0,0,,false,inventory_dp_pressure_proxy
jalan,吉田屋,2026-10-24,2026-07-12T08:00:06+09:00,2026-07-23T04:00:05+09:00,260,available,available,,,,,not_comparable,none,confirmed_room_only,unknown_room_basis,low,low,0,0,,false,inventory_dp_pressure_proxy
jalan,名湯リゾート ルーセントタカミヤ,2026-10-24,2026-07-19T06:00:06+09:00,2026-07-21T02:00:06+09:00,44,available,available,,,,,not_comparable,none,unknown_meal_basis,unknown_room_basis,low,low,0,0,,false,inventory_dp_pressure_proxy
jalan,名湯舎 創,2026-10-24,,2026-07-25T06:00:06+09:00,,unknown,available,,,,,not_comparable,none,confirmed_room_only,excluded_large_room,low,low,0,0,,false,inventory_dp_pressure_proxy
jalan,深山荘 高見屋,2026-10-24,2026-07-29T18:00:06+09:00,2026-07-31T12:00:05+09:00,42,available,available,,,,,not_comparable,none,unknown_meal_basis,unknown_room_basis,low,low,0,0,,false,inventory_dp_pressure_proxy
jalan,蔵王四季のホテル,2026-10-24,2026-07-23T14:00:05+09:00,2026-07-24T22:00:06+09:00,32,available,available,,,,,not_comparable,none,confirmed_room_only,excluded_family_or_suite_room,low,low,0,0,,false,inventory_dp_pressure_proxy
jalan,蔵王国際ホテル,2026-10-24,2026-07-29T04:00:06+09:00,2026-07-31T10:00:06+09:00,54,available,available,,,,,not_comparable,none,confirmed_room_only,excluded_family_or_suite_room,low,low,0,0,,false,inventory_dp_pressure_proxy
jalan,蔵王温泉 高砂屋旅館,2026-10-24,2026-07-14T00:00:06+09:00,2026-07-21T16:00:06+09:00,184,available,available,33000,,0,0,same_price_available,noise,confirmed_room_only,confirmed_two_person_standard_room,high,high,1,0,33000,false,inventory_dp_pressure_proxy
booking,たかみや瑠璃倶楽,2026-10-31,2026-07-29T14:00:04+09:00,2026-07-30T20:00:06+09:00,30,available,available,33660,33660,0,0,same_price_available,noise,assumed_room_only,confirmed_two_person_standard_room,high,high,1,0,33660,false,inventory_dp_pressure_proxy
booking,ペンションぷうたろう,2026-10-31,,2026-07-19T14:00:06+09:00,,unknown,available,,24700,,,unknown,none,assumed_room_only,confirmed_two_person_standard_room,high,high,1,0,24700,false,inventory_dp_pressure_proxy
booking,ロッジスガノ,2026-10-31,2026-07-26T08:00:03+09:00,2026-07-30T02:00:06+09:00,90,sold_out,sold_out,,,,,not_comparable,none,assumed_room_only,unknown_room_basis,low,low,0,0,,false,inventory_dp_pressure_proxy
booking,ロッジまつぽっくり,2026-10-31,,2026-07-24T16:00:06+09:00,,unknown,available,,,,,not_comparable,none,assumed_room_only,excluded_family_or_suite_room,low,low,0,0,,false,inventory_dp_pressure_proxy
booking,名湯リゾート ルーセントタカミヤ,2026-10-31,,2026-07-19T16:00:00+09:00,,unknown,available,,19953,,,unknown,none,assumed_room_only,confirmed_two_person_standard_room,high,high,1,0,19953,false,inventory_dp_pressure_proxy
booking,松尾ハウス,2026-10-31,2026-07-25T02:00:06+09:00,2026-07-26T16:00:05+09:00,38,sold_out,sold_out,,,,,not_comparable,none,assumed_room_only,unknown_room_basis,low,low,0,0,,false,inventory_dp_pressure_proxy
booking,深山荘 高見屋,2026-10-31,,2026-07-21T06:00:06+09:00,,unknown,available,,75240,,,unknown,none,assumed_room_only,probable_two_person_standard_room,medium,medium,0.36,0,75240,false,inventory_dp_pressure_proxy
booking,蔵王四季のホテル,2026-10-31,2026-07-16T06:00:01+09:00,2026-07-28T06:00:05+09:00,288,available,available,,,,,not_comparable,none,assumed_room_only,excluded_family_or_suite_room,low,low,0,0,,false,inventory_dp_pressure_proxy
booking,蔵王国際ホテル,2026-10-31,2026-07-28T00:00:05+09:00,2026-07-30T22:00:06+09:00,70,available,available,47127,48128,1001,0.0212,price_up_available,meaningful,assumed_room_only,confirmed_two_person_standard_room,high,high,1,1,48128,false,inventory_dp_pressure_proxy
jalan,ＫＫＲ蔵王 白銀荘,2026-10-31,,2026-07-27T14:00:05+09:00,,unknown,available,,,,,not_comparable,none,confirmed_room_only,unknown_room_basis,low,low,0,0,,false,inventory_dp_pressure_proxy
jalan,ONSEN & STAY OAKHILL,2026-10-31,,2026-07-24T04:00:05+09:00,,unknown,available,,,,,not_comparable,none,confirmed_room_only,excluded_family_or_suite_room,low,low,0,0,,false,inventory_dp_pressure_proxy
jalan,おおみや旅館,2026-10-31,,2026-07-23T10:00:03+09:00,,unknown,available,,,,,not_comparable,none,confirmed_room_only,excluded_large_room,low,low,0,0,,false,inventory_dp_pressure_proxy
jalan,こけしの宿 招仙閣,2026-10-31,2026-07-15T20:00:06+09:00,2026-07-31T20:00:06+09:00,384,available,available,,,,,not_comparable,none,confirmed_room_only,unknown_room_basis,low,low,0,0,,false,inventory_dp_pressure_proxy
jalan,たかみや瑠璃倶楽,2026-10-31,2026-07-31T02:00:06+09:00,2026-08-01T12:00:07+09:00,34,available,available,,,,,not_comparable,none,confirmed_room_only,excluded_family_or_suite_room,low,low,0,0,,false,inventory_dp_pressure_proxy
jalan,ペンションぷうたろう,2026-10-31,2026-07-28T04:00:05+09:00,2026-07-29T04:00:06+09:00,24,available,available,19800,19800,0,0,same_price_available,noise,confirmed_room_only,confirmed_two_person_standard_room,high,high,1,0,19800,false,inventory_dp_pressure_proxy
jalan,ペンション木いちご,2026-10-31,2026-07-28T22:00:03+09:00,2026-07-31T08:00:06+09:00,58,sold_out,sold_out,,,,,not_comparable,none,unknown_meal_basis,unknown_room_basis,low,low,0,0,,false,inventory_dp_pressure_proxy
jalan,ペンション櫻,2026-10-31,2026-07-13T12:00:06+09:00,2026-07-15T14:00:06+09:00,50,available,available,16000,,0,0,same_price_available,noise,confirmed_room_only,confirmed_two_person_standard_room,high,high,1,0,16000,false,inventory_dp_pressure_proxy
jalan,ル・ベール蔵王,2026-10-31,2026-07-25T16:00:06+09:00,2026-07-31T22:00:06+09:00,150,available,available,,,,,not_comparable,none,confirmed_room_only,excluded_single_room,low,low,0,0,,false,inventory_dp_pressure_proxy
jalan,吉田屋,2026-10-31,2026-07-30T08:00:06+09:00,2026-07-31T10:00:06+09:00,26,available,available,,,,,not_comparable,none,confirmed_room_only,unknown_room_basis,low,low,0,0,,false,inventory_dp_pressure_proxy
jalan,名湯リゾート ルーセントタカミヤ,2026-10-31,2026-07-28T16:00:06+09:00,2026-07-31T14:00:06+09:00,70,available,available,,,,,not_comparable,none,confirmed_room_only,excluded_large_room,low,low,0,0,,false,inventory_dp_pressure_proxy
jalan,名湯舎 創,2026-10-31,,2026-07-25T06:00:06+09:00,,unknown,available,,,,,not_comparable,none,meal_included,unknown_room_basis,low,low,0,0,,false,inventory_dp_pressure_proxy
jalan,深山荘 高見屋,2026-10-31,2026-07-31T16:00:06+09:00,2026-08-01T22:00:06+09:00,30,available,available,,,,,not_comparable,none,unknown_meal_basis,unknown_room_basis,low,low,0,0,,false,inventory_dp_pressure_proxy
jalan,蔵王四季のホテル,2026-10-31,2026-07-30T10:00:06+09:00,2026-07-31T12:00:05+09:00,26,available,available,,,,,not_comparable,none,confirmed_room_only,excluded_family_or_suite_room,low,low,0,0,,false,inventory_dp_pressure_proxy
jalan,蔵王国際ホテル,2026-10-31,2026-07-31T04:00:06+09:00,2026-08-01T20:00:06+09:00,40,available,available,,,,,not_comparable,none,confirmed_room_only,excluded_family_or_suite_room,low,low,0,0,,false,inventory_dp_pressure_proxy
jalan,蔵王温泉 高砂屋旅館,2026-10-31,2026-07-25T14:00:06+09:00,2026-07-26T14:00:06+09:00,24,available,available,,,,,not_comparable,none,unknown_meal_basis,unknown_room_basis,low,low,0,0,,false,inventory_dp_pressure_proxy
jalan,ＫＫＲ蔵王 白銀荘,2026-11-03,,2026-07-27T14:00:05+09:00,,unknown,sold_out,,,,,not_comparable,none,unknown_meal_basis,unknown_room_basis,low,low,0,0,,false,inventory_dp_pressure_proxy
jalan,ONSEN & STAY OAKHILL,2026-11-03,,2026-07-24T06:00:06+09:00,,unknown,available,,,,,not_comparable,none,unknown_meal_basis,unknown_room_basis,low,low,0,0,,false,inventory_dp_pressure_proxy
jalan,おおみや旅館,2026-11-03,,2026-07-23T12:00:06+09:00,,unknown,available,,,,,not_comparable,none,confirmed_room_only,excluded_large_room,low,low,0,0,,false,inventory_dp_pressure_proxy
jalan,ル・ベール蔵王,2026-11-03,2026-07-25T18:00:06+09:00,2026-07-31T22:00:06+09:00,148,available,available,,,,,not_comparable,none,confirmed_room_only,excluded_single_room,low,low,0,0,,false,inventory_dp_pressure_proxy
jalan,吉田屋,2026-11-03,2026-07-30T14:00:04+09:00,2026-07-31T16:00:06+09:00,26,available,available,,,,,not_comparable,none,confirmed_room_only,unknown_room_basis,low,low,0,0,,false,inventory_dp_pressure_proxy
jalan,名湯舎 創,2026-11-03,,2026-07-25T04:00:06+09:00,,unknown,available,,,,,not_comparable,none,confirmed_room_only,excluded_large_room,low,low,0,0,,false,inventory_dp_pressure_proxy
booking,たかみや瑠璃倶楽,2026-11-07,2026-07-24T22:00:06+09:00,2026-07-29T16:00:05+09:00,114,available,available,33660,33660,0,0,same_price_available,noise,assumed_room_only,confirmed_two_person_standard_room,high,high,1,0,33660,false,inventory_dp_pressure_proxy
booking,ロッジスガノ,2026-11-07,,2026-07-26T10:00:06+09:00,,unknown,sold_out,,,,,not_comparable,none,assumed_room_only,unknown_room_basis,low,low,0,0,,false,inventory_dp_pressure_proxy
booking,ロッジまつぽっくり,2026-11-07,,2026-07-24T18:00:06+09:00,,unknown,available,,,,,not_comparable,none,assumed_room_only,excluded_family_or_suite_room,low,low,0,0,,false,inventory_dp_pressure_proxy
booking,名湯リゾート ルーセントタカミヤ,2026-11-07,,2026-07-19T18:00:06+09:00,,unknown,available,,19945,,,unknown,none,assumed_room_only,confirmed_two_person_standard_room,high,high,1,0,19945,false,inventory_dp_pressure_proxy
booking,松尾ハウス,2026-11-07,2026-07-25T04:00:06+09:00,2026-07-26T16:00:05+09:00,36,sold_out,sold_out,,,,,not_comparable,none,assumed_room_only,unknown_room_basis,low,low,0,0,,false,inventory_dp_pressure_proxy
booking,深山荘 高見屋,2026-11-07,,2026-07-21T06:00:06+09:00,,unknown,available,,62172,,,unknown,none,assumed_room_only,confirmed_two_person_standard_room,high,high,1,0,62172,false,inventory_dp_pressure_proxy
booking,蔵王四季のホテル,2026-11-07,2026-07-16T06:00:01+09:00,2026-07-28T08:00:06+09:00,290,available,available,,,,,not_comparable,none,assumed_room_only,excluded_family_or_suite_room,low,low,0,0,,false,inventory_dp_pressure_proxy
booking,蔵王国際ホテル,2026-11-07,2026-07-28T02:00:01+09:00,2026-07-31T06:00:06+09:00,76,available,available,50820,50820,0,0,same_price_available,noise,assumed_room_only,confirmed_two_person_standard_room,high,high,1,0,50820,false,inventory_dp_pressure_proxy
jalan,ＫＫＲ蔵王 白銀荘,2026-11-07,,2026-07-27T18:00:05+09:00,,unknown,sold_out,,,,,not_comparable,none,unknown_meal_basis,unknown_room_basis,low,low,0,0,,false,inventory_dp_pressure_proxy
jalan,ONSEN & STAY OAKHILL,2026-11-07,,2026-07-24T08:00:06+09:00,,unknown,available,,,,,not_comparable,none,confirmed_room_only,excluded_family_or_suite_room,low,low,0,0,,false,inventory_dp_pressure_proxy
jalan,おおみや旅館,2026-11-07,,2026-07-23T14:00:05+09:00,,unknown,available,,,,,not_comparable,none,confirmed_room_only,excluded_large_room,low,low,0,0,,false,inventory_dp_pressure_proxy
jalan,こけしの宿 招仙閣,2026-11-07,,2026-07-16T04:00:01+09:00,,unknown,sold_out,,,,,not_comparable,none,unknown_meal_basis,unknown_room_basis,low,low,0,0,,false,inventory_dp_pressure_proxy
jalan,たかみや瑠璃倶楽,2026-11-07,2026-07-31T08:00:06+09:00,2026-08-01T12:00:07+09:00,28,available,available,,,,,not_comparable,none,confirmed_room_only,excluded_family_or_suite_room,low,low,0,0,,false,inventory_dp_pressure_proxy
jalan,ペンションぷうたろう,2026-11-07,2026-07-29T00:00:02+09:00,2026-07-30T00:00:02+09:00,24,sold_out,sold_out,,,,,not_comparable,none,unknown_meal_basis,unknown_room_basis,low,low,0,0,,false,inventory_dp_pressure_proxy
jalan,ペンション木いちご,2026-11-07,2026-07-31T12:00:05+09:00,2026-08-02T02:00:05+09:00,38,sold_out,sold_out,,,,,not_comparable,none,unknown_meal_basis,unknown_room_basis,low,low,0,0,,false,inventory_dp_pressure_proxy
jalan,ペンション櫻,2026-11-07,2026-07-14T00:00:06+09:00,2026-07-15T16:00:06+09:00,40,available,available,16000,16000,0,0,same_price_available,noise,confirmed_room_only,confirmed_two_person_standard_room,high,high,1,0,16000,false,inventory_dp_pressure_proxy
jalan,吉田屋,2026-11-07,2026-07-12T23:49:00+09:00,2026-07-31T18:00:05+09:00,450.18,available,available,,,,,not_comparable,none,confirmed_room_only,unknown_room_basis,low,low,0,0,,false,inventory_dp_pressure_proxy
jalan,名湯リゾート ルーセントタカミヤ,2026-11-07,2026-07-19T06:00:06+09:00,2026-07-31T22:00:06+09:00,304,available,available,,,,,not_comparable,none,unknown_meal_basis,unknown_room_basis,low,low,0,0,,false,inventory_dp_pressure_proxy
jalan,名湯舎 創,2026-11-07,,2026-07-25T08:00:05+09:00,,unknown,available,,,,,not_comparable,none,meal_included,unknown_room_basis,low,low,0,0,,false,inventory_dp_pressure_proxy
jalan,深山荘 高見屋,2026-11-07,2026-07-31T20:00:06+09:00,2026-08-01T20:00:06+09:00,24,available,available,,,,,not_comparable,none,unknown_meal_basis,unknown_room_basis,low,low,0,0,,false,inventory_dp_pressure_proxy
jalan,蔵王四季のホテル,2026-11-07,2026-07-31T14:00:06+09:00,2026-08-01T22:00:06+09:00,32,available,available,,,,,not_comparable,none,confirmed_room_only,excluded_family_or_suite_room,low,low,0,0,,false,inventory_dp_pressure_proxy
jalan,蔵王国際ホテル,2026-11-07,2026-07-30T10:00:06+09:00,2026-07-31T10:00:06+09:00,24,available,available,,,,,not_comparable,none,confirmed_room_only,excluded_family_or_suite_room,low,low,0,0,,false,inventory_dp_pressure_proxy
jalan,蔵王温泉 高砂屋旅館,2026-11-07,2026-07-24T10:00:06+09:00,2026-07-25T10:00:06+09:00,24,available,available,,,,,not_comparable,none,unknown_meal_basis,unknown_room_basis,low,low,0,0,,false,inventory_dp_pressure_proxy
booking,たかみや瑠璃倶楽,2026-11-21,2026-07-30T00:00:02+09:00,2026-07-31T06:00:06+09:00,30,available,available,33660,33660,0,0,same_price_available,noise,assumed_room_only,confirmed_two_person_standard_room,high,high,1,0,33660,false,inventory_dp_pressure_proxy
booking,ロッジスガノ,2026-11-21,,2026-07-26T10:00:06+09:00,,unknown,sold_out,,,,,not_comparable,none,assumed_room_only,unknown_room_basis,low,low,0,0,,false,inventory_dp_pressure_proxy
booking,ロッジまつぽっくり,2026-11-21,,2026-07-24T20:00:06+09:00,,unknown,available,,,,,not_comparable,none,assumed_room_only,excluded_family_or_suite_room,low,low,0,0,,false,inventory_dp_pressure_proxy
booking,名湯リゾート ルーセントタカミヤ,2026-11-21,,2026-07-19T18:00:06+09:00,,unknown,available,,36300,,,unknown,none,assumed_room_only,confirmed_two_person_standard_room,high,high,1,0,36300,false,inventory_dp_pressure_proxy
booking,松尾ハウス,2026-11-21,,2026-07-25T06:00:06+09:00,,unknown,sold_out,,,,,not_comparable,none,assumed_room_only,unknown_room_basis,low,low,0,0,,false,inventory_dp_pressure_proxy
booking,蔵王四季のホテル,2026-11-21,2026-07-16T08:00:01+09:00,2026-07-28T08:00:06+09:00,288,available,available,,,,,not_comparable,none,assumed_room_only,excluded_family_or_suite_room,low,low,0,0,,false,inventory_dp_pressure_proxy
booking,蔵王国際ホテル,2026-11-21,2026-07-28T04:00:05+09:00,2026-07-31T08:00:06+09:00,76,available,available,60060,60060,0,0,same_price_available,noise,assumed_room_only,confirmed_two_person_standard_room,high,high,1,0,60060,false,inventory_dp_pressure_proxy
jalan,ONSEN & STAY OAKHILL,2026-11-21,,2026-07-24T10:00:06+09:00,,unknown,available,,,,,not_comparable,none,confirmed_room_only,excluded_family_or_suite_room,low,low,0,0,,false,inventory_dp_pressure_proxy
jalan,たかみや瑠璃倶楽,2026-11-21,2026-07-31T10:00:06+09:00,2026-08-01T20:00:06+09:00,34,available,available,,,,,not_comparable,none,confirmed_room_only,excluded_family_or_suite_room,low,low,0,0,,false,inventory_dp_pressure_proxy
jalan,ペンションぷうたろう,2026-11-21,2026-07-28T06:00:05+09:00,2026-07-29T08:00:06+09:00,26,sold_out,sold_out,,,,,not_comparable,none,unknown_meal_basis,unknown_room_basis,low,low,0,0,,false,inventory_dp_pressure_proxy
jalan,ペンション木いちご,2026-11-21,2026-07-20T12:00:05+09:00,2026-07-31T02:00:06+09:00,254,unavailable,sold_out,,,,,not_comparable,none,unknown_meal_basis,unknown_room_basis,low,low,0,0,,false,inventory_dp_pressure_proxy
jalan,ペンション櫻,2026-11-21,2026-07-14T02:00:06+09:00,2026-07-15T18:00:06+09:00,40,available,available,16000,16000,0,0,same_price_available,noise,confirmed_room_only,confirmed_two_person_standard_room,high,high,1,0,16000,false,inventory_dp_pressure_proxy
jalan,ル・ベール蔵王,2026-11-21,,2026-07-25T20:00:06+09:00,,unknown,available,,,,,not_comparable,none,confirmed_room_only,unknown_room_basis,low,low,0,0,,false,inventory_dp_pressure_proxy
jalan,吉田屋,2026-11-21,2026-07-12T12:00:00+09:00,2026-07-30T20:00:06+09:00,440,available,available,,,,,not_comparable,none,confirmed_room_only,excluded_single_room,low,low,0,0,,false,inventory_dp_pressure_proxy
jalan,名湯リゾート ルーセントタカミヤ,2026-11-21,2026-07-20T04:00:06+09:00,2026-08-01T12:00:07+09:00,296,available,available,,,,,not_comparable,none,unknown_meal_basis,unknown_room_basis,low,low,0,0,,false,inventory_dp_pressure_proxy
jalan,名湯舎 創,2026-11-21,,2026-07-25T04:00:06+09:00,,unknown,available,,,,,not_comparable,none,meal_included,unknown_room_basis,low,low,0,0,,false,inventory_dp_pressure_proxy
jalan,深山荘 高見屋,2026-11-21,2026-07-31T22:00:06+09:00,2026-08-01T22:00:06+09:00,24,available,available,,,,,not_comparable,none,unknown_meal_basis,unknown_room_basis,low,low,0,0,,false,inventory_dp_pressure_proxy
jalan,蔵王四季のホテル,2026-11-21,2026-07-31T16:00:06+09:00,2026-08-02T02:00:05+09:00,34,available,available,,,,,not_comparable,none,confirmed_room_only,excluded_family_or_suite_room,low,low,0,0,,false,inventory_dp_pressure_proxy
jalan,蔵王国際ホテル,2026-11-21,2026-07-30T06:00:06+09:00,2026-07-31T12:00:05+09:00,30,available,available,,,,,not_comparable,none,confirmed_room_only,excluded_family_or_suite_room,low,low,0,0,,false,inventory_dp_pressure_proxy
jalan,蔵王温泉 高砂屋旅館,2026-11-21,2026-07-24T12:00:06+09:00,2026-07-25T12:00:06+09:00,24,available,available,,,,,not_comparable,none,unknown_meal_basis,unknown_room_basis,low,low,0,0,,false,inventory_dp_pressure_proxy
booking,たかみや瑠璃倶楽,2026-11-22,2026-07-20T10:00:01+09:00,2026-07-25T12:00:06+09:00,122,available,available,37400,33660,-3740,-0.1,price_down_available,strong,assumed_room_only,confirmed_two_person_standard_room,high,high,1,-1,33660,false,inventory_dp_pressure_proxy
booking,名湯リゾート ルーセントタカミヤ,2026-11-22,,2026-07-19T22:00:05+09:00,,unknown,available,,36300,,,unknown,none,assumed_room_only,confirmed_two_person_standard_room,high,high,1,0,36300,false,inventory_dp_pressure_proxy
booking,蔵王四季のホテル,2026-11-22,2026-07-16T08:00:01+09:00,2026-07-28T10:00:06+09:00,290,available,available,,,,,not_comparable,none,assumed_room_only,excluded_family_or_suite_room,low,low,0,0,,false,inventory_dp_pressure_proxy
booking,蔵王国際ホテル,2026-11-22,2026-07-28T06:00:05+09:00,2026-07-31T10:00:06+09:00,76,available,available,56980,56980,0,0,same_price_available,noise,assumed_room_only,confirmed_two_person_standard_room,high,high,1,0,56980,false,inventory_dp_pressure_proxy
jalan,ONSEN & STAY OAKHILL,2026-11-22,,2026-07-24T10:00:06+09:00,,unknown,available,,,,,not_comparable,none,confirmed_room_only,excluded_family_or_suite_room,low,low,0,0,,false,inventory_dp_pressure_proxy
jalan,たかみや瑠璃倶楽,2026-11-22,2026-07-31T16:00:06+09:00,2026-08-01T20:00:06+09:00,28,available,available,,,,,not_comparable,none,confirmed_room_only,excluded_family_or_suite_room,low,low,0,0,,false,inventory_dp_pressure_proxy
jalan,ペンションぷうたろう,2026-11-22,2026-07-28T02:00:01+09:00,2026-07-29T08:00:06+09:00,30,sold_out,sold_out,,,,,not_comparable,none,unknown_meal_basis,unknown_room_basis,low,low,0,0,,false,inventory_dp_pressure_proxy
jalan,ペンション木いちご,2026-11-22,2026-07-28T08:00:06+09:00,2026-07-31T04:00:06+09:00,68,sold_out,sold_out,,,,,not_comparable,none,unknown_meal_basis,unknown_room_basis,low,low,0,0,,false,inventory_dp_pressure_proxy
jalan,ペンション櫻,2026-11-22,2026-07-14T04:00:06+09:00,2026-07-15T22:00:05+09:00,42,available,available,16000,16000,0,0,same_price_available,noise,confirmed_room_only,confirmed_two_person_standard_room,high,high,1,0,16000,false,inventory_dp_pressure_proxy
jalan,吉田屋,2026-11-22,2026-07-30T18:00:06+09:00,2026-07-31T18:00:05+09:00,24,available,available,,,,,not_comparable,none,confirmed_room_only,unknown_room_basis,low,low,0,0,,false,inventory_dp_pressure_proxy
jalan,名湯リゾート ルーセントタカミヤ,2026-11-22,2026-07-20T02:00:06+09:00,2026-08-01T22:00:06+09:00,308,available,available,,,,,not_comparable,none,unknown_meal_basis,unknown_room_basis,low,low,0,0,,false,inventory_dp_pressure_proxy
jalan,名湯舎 創,2026-11-22,,2026-07-25T08:00:05+09:00,,unknown,available,,,,,not_comparable,none,meal_included,unknown_room_basis,low,low,0,0,,false,inventory_dp_pressure_proxy
jalan,深山荘 高見屋,2026-11-22,2026-07-31T02:00:06+09:00,2026-08-01T12:00:07+09:00,34,available,available,,,,,not_comparable,none,unknown_meal_basis,unknown_room_basis,low,low,0,0,,false,inventory_dp_pressure_proxy
jalan,蔵王四季のホテル,2026-11-22,2026-07-31T20:00:06+09:00,2026-08-02T02:00:05+09:00,30,available,available,,,,,not_comparable,none,confirmed_room_only,excluded_family_or_suite_room,low,low,0,0,,false,inventory_dp_pressure_proxy
jalan,蔵王国際ホテル,2026-11-22,2026-07-30T10:00:06+09:00,2026-07-31T14:00:06+09:00,28,available,available,,,,,not_comparable,none,confirmed_room_only,excluded_family_or_suite_room,low,low,0,0,,false,inventory_dp_pressure_proxy
jalan,蔵王温泉 高砂屋旅館,2026-11-22,2026-07-25T06:00:06+09:00,2026-07-26T08:00:03+09:00,26,available,available,,,,,not_comparable,none,unknown_meal_basis,unknown_room_basis,low,low,0,0,,false,inventory_dp_pressure_proxy
jalan,ONSEN & STAY OAKHILL,2026-11-23,,2026-07-24T12:00:06+09:00,,unknown,available,,,,,not_comparable,none,unknown_meal_basis,unknown_room_basis,low,low,0,0,,false,inventory_dp_pressure_proxy
jalan,吉田屋,2026-11-23,2026-07-12T02:00:05+09:00,2026-07-31T22:00:06+09:00,476,available,available,,,,,not_comparable,none,confirmed_room_only,unknown_room_basis,low,low,0,0,,false,inventory_dp_pressure_proxy
jalan,名湯舎 創,2026-11-23,,2026-07-25T10:00:06+09:00,,unknown,available,,,,,not_comparable,none,confirmed_room_only,excluded_large_room,low,low,0,0,,false,inventory_dp_pressure_proxy
booking,深山荘 高見屋,2026-12-12,,2026-06-04T16:16:23+09:00,,unknown,available,,59700,,,unknown,none,assumed_room_only,probable_two_person_standard_room,medium,medium,0.36,0,59700,false,inventory_dp_pressure_proxy
booking,蔵王四季のホテル,2026-12-12,,2026-06-04T16:16:23+09:00,,unknown,available,,61900,,,unknown,none,assumed_room_only,probable_two_person_standard_room,medium,medium,0.36,0,61900,false,inventory_dp_pressure_proxy
booking,蔵王国際ホテル,2026-12-12,,2026-06-04T16:16:23+09:00,,unknown,available,,51120,,,unknown,none,assumed_room_only,probable_two_person_standard_room,medium,medium,0.36,0,51120,false,inventory_dp_pressure_proxy
jalan,market_aggregate,2026-12-12,,2026-06-01T23:07:31+09:00,,unknown,unavailable,,,,,not_comparable,none,unknown_meal_basis,unknown_room_basis,low,low,0,0,,false,inventory_dp_pressure_proxy
booking,たかみや瑠璃倶楽,2026-12-19,,2026-07-25T14:00:06+09:00,,unknown,available,,37620,,,unknown,none,assumed_room_only,confirmed_two_person_standard_room,high,high,1,0,37620,false,inventory_dp_pressure_proxy
booking,蔵王国際ホテル,2026-12-19,,2026-07-31T12:00:05+09:00,,unknown,available,,75680,,,unknown,none,assumed_room_only,confirmed_two_person_standard_room,high,high,1,0,75680,false,inventory_dp_pressure_proxy
jalan,ONSEN & STAY OAKHILL,2026-12-19,,2026-07-24T14:00:05+09:00,,unknown,available,,,,,not_comparable,none,confirmed_room_only,excluded_family_or_suite_room,low,low,0,0,,false,inventory_dp_pressure_proxy
jalan,たかみや瑠璃倶楽,2026-12-19,2026-07-31T18:00:05+09:00,2026-08-01T22:00:06+09:00,28,available,available,,,,,not_comparable,none,confirmed_room_only,excluded_family_or_suite_room,low,low,0,0,,false,inventory_dp_pressure_proxy
jalan,ペンションぷうたろう,2026-12-19,2026-07-28T04:00:05+09:00,2026-07-29T10:00:06+09:00,30,sold_out,sold_out,,,,,not_comparable,none,unknown_meal_basis,unknown_room_basis,low,low,0,0,,false,inventory_dp_pressure_proxy
jalan,ペンション木いちご,2026-12-19,2026-07-28T02:00:01+09:00,2026-07-31T16:00:06+09:00,86,sold_out,sold_out,,,,,not_comparable,none,unknown_meal_basis,unknown_room_basis,low,low,0,0,,false,inventory_dp_pressure_proxy
jalan,ペンション櫻,2026-12-19,2026-07-14T06:00:06+09:00,2026-07-16T00:00:01+09:00,42,sold_out,available,,,,,not_comparable,none,confirmed_room_only,excluded_single_room,low,low,0,0,,false,inventory_dp_pressure_proxy
jalan,吉田屋,2026-12-19,2026-07-10T16:00:06+09:00,2026-07-12T04:00:06+09:00,36,available,available,,,,,not_comparable,none,unknown_meal_basis,unknown_room_basis,low,low,0,0,,false,inventory_dp_pressure_proxy
jalan,名湯リゾート ルーセントタカミヤ,2026-12-19,2026-07-20T04:00:06+09:00,2026-08-02T02:00:05+09:00,310,sold_out,sold_out,,,,,not_comparable,none,unknown_meal_basis,unknown_room_basis,low,low,0,0,,false,inventory_dp_pressure_proxy
jalan,深山荘 高見屋,2026-12-19,2026-07-31T00:00:02+09:00,2026-08-01T20:00:06+09:00,44,available,available,,,,,not_comparable,none,unknown_meal_basis,unknown_room_basis,low,low,0,0,,false,inventory_dp_pressure_proxy
jalan,蔵王四季のホテル,2026-12-19,2026-07-31T04:00:06+09:00,2026-08-01T12:00:07+09:00,32,available,available,,,,,not_comparable,none,unknown_meal_basis,unknown_room_basis,low,low,0,0,,false,inventory_dp_pressure_proxy
jalan,蔵王国際ホテル,2026-12-19,2026-07-30T14:00:04+09:00,2026-07-31T14:00:06+09:00,24,available,available,,,,,not_comparable,none,meal_included,unknown_room_basis,low,low,0,0,,false,inventory_dp_pressure_proxy
jalan,蔵王温泉 高砂屋旅館,2026-12-19,2026-07-25T06:00:06+09:00,2026-07-26T06:00:05+09:00,24,available,available,,,,,not_comparable,none,meal_included,unknown_room_basis,low,low,0,0,,false,inventory_dp_pressure_proxy
jalan,たかみや瑠璃倶楽,2026-12-26,2026-07-31T04:00:06+09:00,2026-08-01T22:00:06+09:00,42,sold_out,sold_out,,,,,not_comparable,none,unknown_meal_basis,unknown_room_basis,low,low,0,0,,false,inventory_dp_pressure_proxy
jalan,ペンションぷうたろう,2026-12-26,2026-07-28T06:00:05+09:00,2026-07-29T10:00:06+09:00,28,sold_out,sold_out,,,,,not_comparable,none,unknown_meal_basis,unknown_room_basis,low,low,0,0,,false,inventory_dp_pressure_proxy
jalan,ペンション木いちご,2026-12-26,2026-07-21T04:00:06+09:00,2026-07-31T20:00:06+09:00,256,sold_out,sold_out,,,,,not_comparable,none,unknown_meal_basis,unknown_room_basis,low,low,0,0,,false,inventory_dp_pressure_proxy
jalan,ペンション櫻,2026-12-26,2026-07-14T10:00:06+09:00,2026-07-16T02:00:01+09:00,40,sold_out,sold_out,,,,,not_comparable,none,unknown_meal_basis,unknown_room_basis,low,low,0,0,,false,inventory_dp_pressure_proxy
jalan,吉田屋,2026-12-26,2026-07-11T02:00:05+09:00,2026-07-12T10:00:06+09:00,32,sold_out,sold_out,,,,,not_comparable,none,unknown_meal_basis,unknown_room_basis,low,low,0,0,,false,inventory_dp_pressure_proxy
jalan,名湯リゾート ルーセントタカミヤ,2026-12-26,2026-07-19T02:00:06+09:00,2026-08-01T20:00:06+09:00,330,sold_out,sold_out,,,,,not_comparable,none,unknown_meal_basis,unknown_room_basis,low,low,0,0,,false,inventory_dp_pressure_proxy
jalan,深山荘 高見屋,2026-12-26,2026-07-31T00:00:02+09:00,2026-08-02T02:00:05+09:00,50,sold_out,sold_out,,,,,not_comparable,none,unknown_meal_basis,unknown_room_basis,low,low,0,0,,false,inventory_dp_pressure_proxy
jalan,蔵王四季のホテル,2026-12-26,2026-07-31T06:00:06+09:00,2026-08-01T12:00:07+09:00,30,available,available,,,,,not_comparable,none,unknown_meal_basis,unknown_room_basis,low,low,0,0,,false,inventory_dp_pressure_proxy
jalan,蔵王国際ホテル,2026-12-26,2026-07-30T18:00:06+09:00,2026-07-31T18:00:05+09:00,24,sold_out,sold_out,,,,,not_comparable,none,unknown_meal_basis,unknown_room_basis,low,low,0,0,,false,inventory_dp_pressure_proxy
jalan,蔵王温泉 高砂屋旅館,2026-12-26,2026-07-23T20:00:06+09:00,2026-07-25T08:00:05+09:00,36,sold_out,sold_out,,,,,not_comparable,none,unknown_meal_basis,unknown_room_basis,low,low,0,0,,false,inventory_dp_pressure_proxy
jalan,たかみや瑠璃倶楽,2026-12-28,2026-07-31T22:00:06+09:00,2026-08-02T02:00:05+09:00,28,sold_out,sold_out,,,,,not_comparable,none,unknown_meal_basis,unknown_room_basis,low,low,0,0,,false,inventory_dp_pressure_proxy
jalan,ペンションぷうたろう,2026-12-28,2026-07-28T08:00:06+09:00,2026-07-29T12:00:06+09:00,28,sold_out,sold_out,,,,,not_comparable,none,unknown_meal_basis,unknown_room_basis,low,low,0,0,,false,inventory_dp_pressure_proxy
jalan,ペンション木いちご,2026-12-28,2026-07-19T14:00:06+09:00,2026-08-01T12:00:07+09:00,310,sold_out,sold_out,,,,,not_comparable,none,unknown_meal_basis,unknown_room_basis,low,low,0,0,,false,inventory_dp_pressure_proxy
jalan,ペンション櫻,2026-12-28,,2026-07-16T04:00:01+09:00,,unknown,sold_out,,,,,not_comparable,none,unknown_meal_basis,unknown_room_basis,low,low,0,0,,false,inventory_dp_pressure_proxy
jalan,吉田屋,2026-12-28,2026-07-09T16:00:06+09:00,2026-07-11T04:00:06+09:00,36,sold_out,sold_out,,,,,not_comparable,none,unknown_meal_basis,unknown_room_basis,low,low,0,0,,false,inventory_dp_pressure_proxy
jalan,名湯リゾート ルーセントタカミヤ,2026-12-28,2026-07-16T00:00:01+09:00,2026-07-19T12:00:03+09:00,84,available,sold_out,,,,,not_comparable,none,unknown_meal_basis,unknown_room_basis,low,low,0,0,,false,inventory_dp_pressure_proxy
jalan,深山荘 高見屋,2026-12-28,2026-07-29T22:00:07+09:00,2026-07-31T04:00:06+09:00,30,sold_out,sold_out,,,,,not_comparable,none,unknown_meal_basis,unknown_room_basis,low,low,0,0,,false,inventory_dp_pressure_proxy
jalan,蔵王四季のホテル,2026-12-28,2026-07-31T08:00:06+09:00,2026-08-01T20:00:06+09:00,36,available,available,,,,,not_comparable,none,unknown_meal_basis,unknown_room_basis,low,low,0,0,,false,inventory_dp_pressure_proxy
jalan,蔵王国際ホテル,2026-12-28,2026-07-29T10:00:06+09:00,2026-07-30T22:00:06+09:00,36,available,available,,,,,not_comparable,none,unknown_meal_basis,unknown_room_basis,low,low,0,0,,false,inventory_dp_pressure_proxy
jalan,蔵王温泉 高砂屋旅館,2026-12-28,2026-07-23T22:00:03+09:00,2026-07-25T12:00:06+09:00,38,available,available,,,,,not_comparable,none,meal_included,unknown_room_basis,low,low,0,0,,false,inventory_dp_pressure_proxy
jalan,たかみや瑠璃倶楽,2026-12-29,2026-07-29T22:00:07+09:00,2026-07-31T06:00:06+09:00,32,sold_out,sold_out,,,,,not_comparable,none,unknown_meal_basis,unknown_room_basis,low,low,0,0,,false,inventory_dp_pressure_proxy
jalan,ペンションぷうたろう,2026-12-29,2026-07-28T10:00:06+09:00,2026-07-29T14:00:04+09:00,28,sold_out,sold_out,,,,,not_comparable,none,unknown_meal_basis,unknown_room_basis,low,low,0,0,,false,inventory_dp_pressure_proxy
jalan,ペンション木いちご,2026-12-29,2026-07-18T22:00:06+09:00,2026-07-20T00:00:06+09:00,26,sold_out,sold_out,,,,,not_comparable,none,unknown_meal_basis,unknown_room_basis,low,low,0,0,,false,inventory_dp_pressure_proxy
jalan,吉田屋,2026-12-29,,2026-07-12T14:00:01+09:00,,unknown,sold_out,,,,,not_comparable,none,unknown_meal_basis,unknown_room_basis,low,low,0,0,,false,inventory_dp_pressure_proxy
jalan,名湯リゾート ルーセントタカミヤ,2026-12-29,2026-07-14T02:00:06+09:00,2026-07-16T00:00:01+09:00,46,sold_out,sold_out,,,,,not_comparable,none,unknown_meal_basis,unknown_room_basis,low,low,0,0,,false,inventory_dp_pressure_proxy
jalan,深山荘 高見屋,2026-12-29,2026-07-31T12:00:05+09:00,2026-08-02T02:00:05+09:00,38,sold_out,sold_out,,,,,not_comparable,none,unknown_meal_basis,unknown_room_basis,low,low,0,0,,false,inventory_dp_pressure_proxy
jalan,蔵王四季のホテル,2026-12-29,2026-07-31T10:00:06+09:00,2026-08-01T22:00:06+09:00,36,available,available,,,,,not_comparable,none,unknown_meal_basis,unknown_room_basis,low,low,0,0,,false,inventory_dp_pressure_proxy
jalan,蔵王国際ホテル,2026-12-29,2026-07-29T12:00:06+09:00,2026-07-31T02:00:06+09:00,38,sold_out,sold_out,,,,,not_comparable,none,unknown_meal_basis,unknown_room_basis,low,low,0,0,,false,inventory_dp_pressure_proxy
jalan,蔵王温泉 高砂屋旅館,2026-12-29,2026-07-24T00:00:02+09:00,2026-07-25T14:00:06+09:00,38,sold_out,sold_out,,,,,not_comparable,none,unknown_meal_basis,unknown_room_basis,low,low,0,0,,false,inventory_dp_pressure_proxy
jalan,たかみや瑠璃倶楽,2026-12-30,2026-07-30T08:00:06+09:00,2026-07-31T08:00:06+09:00,24,sold_out,sold_out,,,,,not_comparable,none,unknown_meal_basis,unknown_room_basis,low,low,0,0,,false,inventory_dp_pressure_proxy
jalan,ペンションぷうたろう,2026-12-30,2026-07-28T14:00:06+09:00,2026-07-29T20:00:08+09:00,30,sold_out,sold_out,,,,,not_comparable,none,unknown_meal_basis,unknown_room_basis,low,low,0,0,,false,inventory_dp_pressure_proxy
jalan,ペンション木いちご,2026-12-30,2026-07-18T20:00:06+09:00,2026-07-19T20:00:05+09:00,24,sold_out,sold_out,,,,,not_comparable,none,unknown_meal_basis,unknown_room_basis,low,low,0,0,,false,inventory_dp_pressure_proxy
jalan,名湯リゾート ルーセントタカミヤ,2026-12-30,2026-07-14T04:00:06+09:00,2026-07-16T02:00:01+09:00,46,sold_out,sold_out,,,,,not_comparable,none,unknown_meal_basis,unknown_room_basis,low,low,0,0,,false,inventory_dp_pressure_proxy
jalan,深山荘 高見屋,2026-12-30,2026-07-30T00:00:02+09:00,2026-07-31T14:00:06+09:00,38,sold_out,sold_out,,,,,not_comparable,none,unknown_meal_basis,unknown_room_basis,low,low,0,0,,false,inventory_dp_pressure_proxy
jalan,蔵王四季のホテル,2026-12-30,2026-07-30T18:00:06+09:00,2026-07-31T22:00:06+09:00,28,available,available,,,,,not_comparable,none,unknown_meal_basis,unknown_room_basis,low,low,0,0,,false,inventory_dp_pressure_proxy
jalan,蔵王国際ホテル,2026-12-30,2026-07-29T12:00:06+09:00,2026-07-31T00:00:02+09:00,36,sold_out,sold_out,,,,,not_comparable,none,unknown_meal_basis,unknown_room_basis,low,low,0,0,,false,inventory_dp_pressure_proxy
jalan,蔵王温泉 高砂屋旅館,2026-12-30,2026-07-24T04:00:05+09:00,2026-07-25T16:00:06+09:00,36,sold_out,sold_out,,,,,not_comparable,none,unknown_meal_basis,unknown_room_basis,low,low,0,0,,false,inventory_dp_pressure_proxy
jalan,たかみや瑠璃倶楽,2026-12-31,2026-07-29T18:00:06+09:00,2026-07-31T10:00:06+09:00,40,sold_out,sold_out,,,,,not_comparable,none,unknown_meal_basis,unknown_room_basis,low,low,0,0,,false,inventory_dp_pressure_proxy
jalan,ペンションぷうたろう,2026-12-31,2026-07-28T16:00:06+09:00,2026-07-29T22:00:07+09:00,30,sold_out,sold_out,,,,,not_comparable,none,unknown_meal_basis,unknown_room_basis,low,low,0,0,,false,inventory_dp_pressure_proxy
jalan,ペンション木いちご,2026-12-31,2026-07-17T08:00:06+09:00,2026-07-19T04:00:02+09:00,44,sold_out,sold_out,,,,,not_comparable,none,unknown_meal_basis,unknown_room_basis,low,low,0,0,,false,inventory_dp_pressure_proxy
jalan,名湯リゾート ルーセントタカミヤ,2026-12-31,,2026-07-16T04:00:01+09:00,,unknown,sold_out,,,,,not_comparable,none,unknown_meal_basis,unknown_room_basis,low,low,0,0,,false,inventory_dp_pressure_proxy
jalan,深山荘 高見屋,2026-12-31,2026-07-30T04:00:06+09:00,2026-07-31T14:00:06+09:00,34,sold_out,sold_out,,,,,not_comparable,none,unknown_meal_basis,unknown_room_basis,low,low,0,0,,false,inventory_dp_pressure_proxy
jalan,蔵王四季のホテル,2026-12-31,2026-07-29T06:00:06+09:00,2026-07-30T20:00:06+09:00,38,sold_out,sold_out,,,,,not_comparable,none,unknown_meal_basis,unknown_room_basis,low,low,0,0,,false,inventory_dp_pressure_proxy
jalan,蔵王国際ホテル,2026-12-31,2026-07-29T20:00:08+09:00,2026-07-31T02:00:06+09:00,30,sold_out,sold_out,,,,,not_comparable,none,unknown_meal_basis,unknown_room_basis,low,low,0,0,,false,inventory_dp_pressure_proxy
jalan,蔵王温泉 高砂屋旅館,2026-12-31,2026-07-24T00:00:02+09:00,2026-07-25T18:00:06+09:00,42,sold_out,sold_out,,,,,not_comparable,none,unknown_meal_basis,unknown_room_basis,low,low,0,0,,false,inventory_dp_pressure_proxy
jalan,たかみや瑠璃倶楽,2027-01-01,2026-07-29T20:00:08+09:00,2026-07-31T12:00:05+09:00,40,sold_out,sold_out,,,,,not_comparable,none,unknown_meal_basis,unknown_room_basis,low,low,0,0,,false,inventory_dp_pressure_proxy
jalan,ペンションぷうたろう,2027-01-01,2026-07-28T18:00:05+09:00,2026-07-30T02:00:06+09:00,32,sold_out,sold_out,,,,,not_comparable,none,unknown_meal_basis,unknown_room_basis,low,low,0,0,,false,inventory_dp_pressure_proxy
jalan,ペンション木いちご,2027-01-01,2026-07-17T10:00:06+09:00,2026-07-19T08:00:06+09:00,46,sold_out,sold_out,,,,,not_comparable,none,unknown_meal_basis,unknown_room_basis,low,low,0,0,,false,inventory_dp_pressure_proxy
jalan,名湯リゾート ルーセントタカミヤ,2027-01-01,,2026-07-16T04:00:01+09:00,,unknown,sold_out,,,,,not_comparable,none,unknown_meal_basis,unknown_room_basis,low,low,0,0,,false,inventory_dp_pressure_proxy
jalan,深山荘 高見屋,2027-01-01,2026-07-30T06:00:06+09:00,2026-07-31T18:00:05+09:00,36,sold_out,sold_out,,,,,not_comparable,none,unknown_meal_basis,unknown_room_basis,low,low,0,0,,false,inventory_dp_pressure_proxy
jalan,蔵王四季のホテル,2027-01-01,2026-07-28T22:00:03+09:00,2026-07-30T20:00:06+09:00,46,sold_out,sold_out,,,,,not_comparable,none,unknown_meal_basis,unknown_room_basis,low,low,0,0,,false,inventory_dp_pressure_proxy
jalan,蔵王国際ホテル,2027-01-01,2026-07-29T10:00:06+09:00,2026-07-31T06:00:06+09:00,44,sold_out,sold_out,,,,,not_comparable,none,unknown_meal_basis,unknown_room_basis,low,low,0,0,,false,inventory_dp_pressure_proxy
jalan,蔵王温泉 高砂屋旅館,2027-01-01,2026-07-24T02:00:06+09:00,2026-07-25T18:00:06+09:00,40,sold_out,sold_out,,,,,not_comparable,none,unknown_meal_basis,unknown_room_basis,low,low,0,0,,false,inventory_dp_pressure_proxy
jalan,たかみや瑠璃倶楽,2027-01-02,2026-07-30T00:00:02+09:00,2026-07-31T14:00:06+09:00,38,sold_out,sold_out,,,,,not_comparable,none,unknown_meal_basis,unknown_room_basis,low,low,0,0,,false,inventory_dp_pressure_proxy
jalan,ペンションぷうたろう,2027-01-02,2026-07-27T18:00:05+09:00,2026-07-28T18:00:05+09:00,24,sold_out,sold_out,,,,,not_comparable,none,unknown_meal_basis,unknown_room_basis,low,low,0,0,,false,inventory_dp_pressure_proxy
jalan,ペンション木いちご,2027-01-02,2026-07-17T10:00:06+09:00,2026-07-19T08:00:06+09:00,46,sold_out,sold_out,,,,,not_comparable,none,unknown_meal_basis,unknown_room_basis,low,low,0,0,,false,inventory_dp_pressure_proxy
jalan,深山荘 高見屋,2027-01-02,2026-07-30T04:00:06+09:00,2026-07-31T18:00:05+09:00,38,sold_out,sold_out,,,,,not_comparable,none,unknown_meal_basis,unknown_room_basis,low,low,0,0,,false,inventory_dp_pressure_proxy
jalan,蔵王四季のホテル,2027-01-02,2026-07-28T22:00:03+09:00,2026-07-30T22:00:06+09:00,48,available,available,,,,,not_comparable,none,unknown_meal_basis,unknown_room_basis,low,low,0,0,,false,inventory_dp_pressure_proxy
jalan,蔵王国際ホテル,2027-01-02,2026-07-29T14:00:04+09:00,2026-07-31T08:00:06+09:00,42,sold_out,sold_out,,,,,not_comparable,none,unknown_meal_basis,unknown_room_basis,low,low,0,0,,false,inventory_dp_pressure_proxy
jalan,蔵王温泉 高砂屋旅館,2027-01-02,2026-07-24T06:00:06+09:00,2026-07-25T20:00:06+09:00,38,sold_out,sold_out,,,,,not_comparable,none,unknown_meal_basis,unknown_room_basis,low,low,0,0,,false,inventory_dp_pressure_proxy
jalan,たかみや瑠璃倶楽,2027-01-03,2026-07-30T04:00:06+09:00,2026-07-31T20:00:06+09:00,40,sold_out,sold_out,,,,,not_comparable,none,unknown_meal_basis,unknown_room_basis,low,low,0,0,,false,inventory_dp_pressure_proxy
jalan,ペンションぷうたろう,2027-01-03,2026-07-21T20:00:06+09:00,2026-07-28T16:00:06+09:00,164,sold_out,sold_out,,,,,not_comparable,none,unknown_meal_basis,unknown_room_basis,low,low,0,0,,false,inventory_dp_pressure_proxy
jalan,ペンション木いちご,2027-01-03,2026-07-17T12:00:06+09:00,2026-07-19T12:00:03+09:00,48,sold_out,sold_out,,,,,not_comparable,none,unknown_meal_basis,unknown_room_basis,low,low,0,0,,false,inventory_dp_pressure_proxy
jalan,深山荘 高見屋,2027-01-03,2026-07-28T20:00:06+09:00,2026-07-30T02:00:06+09:00,30,sold_out,sold_out,,,,,not_comparable,none,unknown_meal_basis,unknown_room_basis,low,low,0,0,,false,inventory_dp_pressure_proxy
jalan,蔵王四季のホテル,2027-01-03,2026-07-29T00:00:02+09:00,2026-07-30T22:00:06+09:00,46,available,available,,,,,not_comparable,none,unknown_meal_basis,unknown_room_basis,low,low,0,0,,false,inventory_dp_pressure_proxy
jalan,蔵王国際ホテル,2027-01-03,2026-07-29T16:00:05+09:00,2026-07-31T16:00:06+09:00,48,sold_out,sold_out,,,,,not_comparable,none,unknown_meal_basis,unknown_room_basis,low,low,0,0,,false,inventory_dp_pressure_proxy
jalan,蔵王温泉 高砂屋旅館,2027-01-03,2026-07-24T08:00:06+09:00,2026-07-25T20:00:06+09:00,36,available,available,,,,,not_comparable,none,meal_included,unknown_room_basis,low,low,0,0,,false,inventory_dp_pressure_proxy
jalan,たかみや瑠璃倶楽,2027-01-09,2026-07-29T04:00:06+09:00,2026-07-30T04:00:06+09:00,24,sold_out,sold_out,,,,,not_comparable,none,unknown_meal_basis,unknown_room_basis,low,low,0,0,,false,inventory_dp_pressure_proxy
jalan,ペンションぷうたろう,2027-01-09,,2026-07-28T20:00:06+09:00,,unknown,sold_out,,,,,not_comparable,none,unknown_meal_basis,unknown_room_basis,low,low,0,0,,false,inventory_dp_pressure_proxy
jalan,ペンション木いちご,2027-01-09,2026-07-17T12:00:06+09:00,2026-07-19T12:00:03+09:00,48,sold_out,sold_out,,,,,not_comparable,none,unknown_meal_basis,unknown_room_basis,low,low,0,0,,false,inventory_dp_pressure_proxy
jalan,深山荘 高見屋,2027-01-09,2026-07-29T08:00:06+09:00,2026-07-30T08:00:06+09:00,24,sold_out,sold_out,,,,,not_comparable,none,unknown_meal_basis,unknown_room_basis,low,low,0,0,,false,inventory_dp_pressure_proxy
jalan,蔵王四季のホテル,2027-01-09,2026-07-29T02:00:05+09:00,2026-07-31T00:00:02+09:00,46,available,available,,,,,not_comparable,none,unknown_meal_basis,unknown_room_basis,low,low,0,0,,false,inventory_dp_pressure_proxy
jalan,蔵王国際ホテル,2027-01-09,2026-07-29T14:00:04+09:00,2026-07-31T20:00:06+09:00,54,sold_out,sold_out,,,,,not_comparable,none,unknown_meal_basis,unknown_room_basis,low,low,0,0,,false,inventory_dp_pressure_proxy
jalan,蔵王温泉 高砂屋旅館,2027-01-09,2026-07-24T08:00:06+09:00,2026-07-25T22:00:06+09:00,38,available,available,,,,,not_comparable,none,meal_included,unknown_room_basis,low,low,0,0,,false,inventory_dp_pressure_proxy
jalan,たかみや瑠璃倶楽,2027-01-10,2026-07-27T02:00:06+09:00,2026-07-29T22:00:07+09:00,68,unavailable,sold_out,,,,,not_comparable,none,unknown_meal_basis,unknown_room_basis,low,low,0,0,,false,inventory_dp_pressure_proxy
jalan,ペンションぷうたろう,2027-01-10,,2026-07-28T22:00:03+09:00,,unknown,available,,,,,not_comparable,none,unknown_meal_basis,unknown_room_basis,low,low,0,0,,false,inventory_dp_pressure_proxy
jalan,ペンション木いちご,2027-01-10,2026-07-17T14:00:06+09:00,2026-07-19T16:00:00+09:00,50,sold_out,sold_out,,,,,not_comparable,none,unknown_meal_basis,unknown_room_basis,low,low,0,0,,false,inventory_dp_pressure_proxy
jalan,深山荘 高見屋,2027-01-10,2026-07-29T10:00:06+09:00,2026-07-30T10:00:06+09:00,24,sold_out,sold_out,,,,,not_comparable,none,unknown_meal_basis,unknown_room_basis,low,low,0,0,,false,inventory_dp_pressure_proxy
jalan,蔵王四季のホテル,2027-01-10,2026-07-29T04:00:06+09:00,2026-07-31T02:00:06+09:00,46,available,available,,,,,not_comparable,none,unknown_meal_basis,unknown_room_basis,low,low,0,0,,false,inventory_dp_pressure_proxy
jalan,蔵王国際ホテル,2027-01-10,2026-07-26T18:00:04+09:00,2026-07-29T18:00:06+09:00,72,sold_out,sold_out,,,,,not_comparable,none,unknown_meal_basis,unknown_room_basis,low,low,0,0,,false,inventory_dp_pressure_proxy
jalan,蔵王温泉 高砂屋旅館,2027-01-10,2026-07-24T12:00:06+09:00,2026-07-25T22:00:06+09:00,34,available,available,,,,,not_comparable,none,meal_included,unknown_room_basis,low,low,0,0,,false,inventory_dp_pressure_proxy
jalan,たかみや瑠璃倶楽,2027-01-11,2026-07-27T02:00:06+09:00,2026-07-30T00:00:02+09:00,70,unavailable,sold_out,,,,,not_comparable,none,unknown_meal_basis,unknown_room_basis,low,low,0,0,,false,inventory_dp_pressure_proxy
jalan,ペンションぷうたろう,2027-01-11,,2026-07-29T00:00:02+09:00,,unknown,sold_out,,,,,not_comparable,none,unknown_meal_basis,unknown_room_basis,low,low,0,0,,false,inventory_dp_pressure_proxy
jalan,ペンション木いちご,2027-01-11,2026-07-17T16:00:05+09:00,2026-07-19T16:00:00+09:00,48,sold_out,sold_out,,,,,not_comparable,none,unknown_meal_basis,unknown_room_basis,low,low,0,0,,false,inventory_dp_pressure_proxy
jalan,深山荘 高見屋,2027-01-11,2026-07-27T06:00:06+09:00,2026-07-30T06:00:06+09:00,72,unavailable,sold_out,,,,,not_comparable,none,unknown_meal_basis,unknown_room_basis,low,low,0,0,,false,inventory_dp_pressure_proxy
jalan,蔵王四季のホテル,2027-01-11,2026-07-29T06:00:06+09:00,2026-07-31T02:00:06+09:00,44,available,available,,,,,not_comparable,none,unknown_meal_basis,unknown_room_basis,low,low,0,0,,false,inventory_dp_pressure_proxy
jalan,蔵王国際ホテル,2027-01-11,2026-07-24T14:00:05+09:00,2026-07-29T16:00:05+09:00,122,sold_out,sold_out,,,,,not_comparable,none,unknown_meal_basis,unknown_room_basis,low,low,0,0,,false,inventory_dp_pressure_proxy
jalan,蔵王温泉 高砂屋旅館,2027-01-11,2026-07-23T04:00:05+09:00,2026-07-26T00:00:01+09:00,68,available,available,,,,,not_comparable,none,meal_included,unknown_room_basis,low,low,0,0,,false,inventory_dp_pressure_proxy
jalan,たかみや瑠璃倶楽,2027-01-16,2026-07-27T04:00:06+09:00,2026-07-30T02:00:06+09:00,70,unavailable,sold_out,,,,,not_comparable,none,unknown_meal_basis,unknown_room_basis,low,low,0,0,,false,inventory_dp_pressure_proxy
jalan,ペンション木いちご,2027-01-16,2026-07-17T18:00:06+09:00,2026-07-20T02:00:06+09:00,56,sold_out,sold_out,,,,,not_comparable,none,unknown_meal_basis,unknown_room_basis,low,low,0,0,,false,inventory_dp_pressure_proxy
jalan,深山荘 高見屋,2027-01-16,2026-07-27T08:00:06+09:00,2026-07-30T08:00:06+09:00,72,sold_out,sold_out,,,,,not_comparable,none,unknown_meal_basis,unknown_room_basis,low,low,0,0,,false,inventory_dp_pressure_proxy
jalan,蔵王四季のホテル,2027-01-16,2026-07-28T00:00:05+09:00,2026-07-31T04:00:06+09:00,76,available,available,,,,,not_comparable,none,unknown_meal_basis,unknown_room_basis,low,low,0,0,,false,inventory_dp_pressure_proxy
jalan,蔵王国際ホテル,2027-01-16,2026-07-24T16:00:06+09:00,2026-07-29T18:00:06+09:00,122,available,available,,,,,not_comparable,none,meal_included,unknown_room_basis,low,low,0,0,,false,inventory_dp_pressure_proxy
jalan,蔵王温泉 高砂屋旅館,2027-01-16,2026-07-23T06:00:06+09:00,2026-07-26T00:00:01+09:00,66,available,available,,,,,not_comparable,none,meal_included,unknown_room_basis,low,low,0,0,,false,inventory_dp_pressure_proxy
jalan,たかみや瑠璃倶楽,2027-01-23,2026-07-27T04:00:06+09:00,2026-07-30T02:00:06+09:00,70,unavailable,sold_out,,,,,not_comparable,none,unknown_meal_basis,unknown_room_basis,low,low,0,0,,false,inventory_dp_pressure_proxy
jalan,ペンション木いちご,2027-01-23,2026-07-15T02:00:06+09:00,2026-07-18T00:00:01+09:00,70,sold_out,sold_out,,,,,not_comparable,none,unknown_meal_basis,unknown_room_basis,low,low,0,0,,false,inventory_dp_pressure_proxy
jalan,深山荘 高見屋,2027-01-23,2026-07-27T08:00:06+09:00,2026-07-30T10:00:06+09:00,74,sold_out,sold_out,,,,,not_comparable,none,unknown_meal_basis,unknown_room_basis,low,low,0,0,,false,inventory_dp_pressure_proxy
jalan,蔵王四季のホテル,2027-01-23,2026-07-28T02:00:01+09:00,2026-07-31T08:00:06+09:00,78,available,available,,,,,not_comparable,none,unknown_meal_basis,unknown_room_basis,low,low,0,0,,false,inventory_dp_pressure_proxy
jalan,蔵王国際ホテル,2027-01-23,2026-07-24T16:00:06+09:00,2026-07-29T20:00:08+09:00,124,available,available,,,,,not_comparable,none,meal_included,unknown_room_basis,low,low,0,0,,false,inventory_dp_pressure_proxy
jalan,蔵王温泉 高砂屋旅館,2027-01-23,2026-07-23T08:00:07+09:00,2026-07-26T02:00:06+09:00,66,sold_out,sold_out,,,,,not_comparable,none,unknown_meal_basis,unknown_room_basis,low,low,0,0,,false,inventory_dp_pressure_proxy
jalan,たかみや瑠璃倶楽,2027-01-30,2026-07-27T08:00:06+09:00,2026-07-30T06:00:06+09:00,70,sold_out,sold_out,,,,,not_comparable,none,unknown_meal_basis,unknown_room_basis,low,low,0,0,,false,inventory_dp_pressure_proxy
jalan,ペンション木いちご,2027-01-30,2026-07-12T23:49:00+09:00,2026-07-14T16:00:06+09:00,40.19,sold_out,sold_out,,,,,not_comparable,none,unknown_meal_basis,unknown_room_basis,low,low,0,0,,false,inventory_dp_pressure_proxy
jalan,深山荘 高見屋,2027-01-30,2026-07-27T10:00:02+09:00,2026-07-30T14:00:04+09:00,76,sold_out,sold_out,,,,,not_comparable,none,unknown_meal_basis,unknown_room_basis,low,low,0,0,,false,inventory_dp_pressure_proxy
jalan,蔵王四季のホテル,2027-01-30,2026-07-15T04:00:06+09:00,2026-07-28T04:00:05+09:00,312,available,available,,,,,not_comparable,none,unknown_meal_basis,unknown_room_basis,low,low,0,0,,false,inventory_dp_pressure_proxy
jalan,蔵王国際ホテル,2027-01-30,2026-07-24T18:00:06+09:00,2026-07-29T22:00:07+09:00,124,available,available,,,,,not_comparable,none,meal_included,unknown_room_basis,low,low,0,0,,false,inventory_dp_pressure_proxy
jalan,蔵王温泉 高砂屋旅館,2027-01-30,2026-07-23T10:00:03+09:00,2026-07-26T02:00:06+09:00,64,sold_out,sold_out,,,,,not_comparable,none,unknown_meal_basis,unknown_room_basis,low,low,0,0,,false,inventory_dp_pressure_proxy
jalan,たかみや瑠璃倶楽,2027-02-06,,2026-07-27T10:00:02+09:00,,unknown,sold_out,,,,,not_comparable,none,unknown_meal_basis,unknown_room_basis,low,low,0,0,,false,inventory_dp_pressure_proxy
jalan,ペンション木いちご,2027-02-06,2026-07-12T00:00:06+09:00,2026-07-13T00:00:02+09:00,24,sold_out,sold_out,,,,,not_comparable,none,unknown_meal_basis,unknown_room_basis,low,low,0,0,,false,inventory_dp_pressure_proxy
jalan,深山荘 高見屋,2027-02-06,2026-07-27T14:00:05+09:00,2026-07-30T14:00:04+09:00,72,sold_out,sold_out,,,,,not_comparable,none,unknown_meal_basis,unknown_room_basis,low,low,0,0,,false,inventory_dp_pressure_proxy
jalan,蔵王四季のホテル,2027-02-06,2026-07-15T06:00:06+09:00,2026-07-28T06:00:05+09:00,312,available,available,,,,,not_comparable,none,unknown_meal_basis,unknown_room_basis,low,low,0,0,,false,inventory_dp_pressure_proxy
jalan,蔵王国際ホテル,2027-02-06,2026-07-24T10:00:06+09:00,2026-07-29T22:00:07+09:00,132,available,available,,,,,not_comparable,none,meal_included,unknown_room_basis,low,low,0,0,,false,inventory_dp_pressure_proxy
jalan,蔵王温泉 高砂屋旅館,2027-02-06,,2026-07-26T04:00:06+09:00,,unknown,sold_out,,,,,not_comparable,none,unknown_meal_basis,unknown_room_basis,low,low,0,0,,false,inventory_dp_pressure_proxy
jalan,たかみや瑠璃倶楽,2027-02-11,,2026-07-27T10:00:02+09:00,,unknown,sold_out,,,,,not_comparable,none,unknown_meal_basis,unknown_room_basis,low,low,0,0,,false,inventory_dp_pressure_proxy
jalan,ペンション木いちご,2027-02-11,2026-07-12T12:00:00+09:00,2026-07-13T14:00:07+09:00,26,sold_out,sold_out,,,,,not_comparable,none,unknown_meal_basis,unknown_room_basis,low,low,0,0,,false,inventory_dp_pressure_proxy
jalan,深山荘 高見屋,2027-02-11,2026-07-27T16:00:06+09:00,2026-07-30T18:00:06+09:00,74,sold_out,sold_out,,,,,not_comparable,none,unknown_meal_basis,unknown_room_basis,low,low,0,0,,false,inventory_dp_pressure_proxy
jalan,蔵王四季のホテル,2027-02-11,,2026-07-15T08:00:07+09:00,,unknown,available,,,,,not_comparable,none,unknown_meal_basis,unknown_room_basis,low,low,0,0,,false,inventory_dp_pressure_proxy
jalan,蔵王国際ホテル,2027-02-11,2026-07-24T18:00:06+09:00,2026-07-30T00:00:02+09:00,126,sold_out,available,,,,,not_comparable,none,meal_included,unknown_room_basis,low,low,0,0,,false,inventory_dp_pressure_proxy
jalan,蔵王温泉 高砂屋旅館,2027-02-11,,2026-07-26T04:00:06+09:00,,unknown,available,,,,,not_comparable,none,meal_included,unknown_room_basis,low,low,0,0,,false,inventory_dp_pressure_proxy
jalan,ペンション木いちご,2027-02-13,2026-07-12T14:00:01+09:00,2026-07-13T14:00:07+09:00,24,sold_out,sold_out,,,,,not_comparable,none,unknown_meal_basis,unknown_room_basis,low,low,0,0,,false,inventory_dp_pressure_proxy
jalan,蔵王国際ホテル,2027-02-13,2026-07-24T22:00:06+09:00,2026-07-30T02:00:06+09:00,124,available,available,,,,,not_comparable,none,meal_included,unknown_room_basis,low,low,0,0,,false,inventory_dp_pressure_proxy
jalan,ペンション木いちご,2027-02-20,,2026-07-12T16:00:06+09:00,,unknown,sold_out,,,,,not_comparable,none,unknown_meal_basis,unknown_room_basis,low,low,0,0,,false,inventory_dp_pressure_proxy
jalan,ペンション木いちご,2027-02-23,,2026-07-13T02:00:06+09:00,,unknown,sold_out,,,,,not_comparable,none,unknown_meal_basis,unknown_room_basis,low,low,0,0,,false,inventory_dp_pressure_proxy
