row_id,row_hash,shard_month,collected_date_jst,collected_at_jst,normalized_at_jst,source,source_phase,collector_stage,canonical_property_name,source_property_name,property_identity_match,source_property_id,source_slug_or_code,checkin,checkout,stay_nights,group_adults,no_rooms,group_children,currency,language,stay_scope,availability_status,sold_out_status,normalized_total_price,normalized_total_price_source,normalized_total_price_basis,normalized_total_price_confidence,basis_confidence,basis_note,source_primary_price,source_secondary_price_or_adder,source_computed_total,source_tax_or_fee_classification,source_classification,is_price_usable_for_dp_direct,is_price_usable_for_dp_directional,is_price_excluded_from_dp,dp_exclusion_reason,warning_flags,source_report_path,source_csv_path,debug_artifact_path,schema_version
2026-06-15|jalan|蔵王四季のホテル|yad322447|2027-01-01|2027-01-02|2_adults_1_room_1_night,493c88a15dbc7632d907cd5f726a6702e76ea83e05ba8bdb72e8fc1983cb02f1,2027_01,2026-06-15,2026-06-15T21:43:40+09:00,2026-06-15T21:43:40+09:00,jalan,AUTO-RUNNER10X,integrated_jalan_bounded_live,蔵王四季のホテル,国内旅行・海外旅行や宿・ホテルの宿泊予約はじゃらんnet　～日本最大級の宿・ホテル予約サイト～,true,yad322447,yad322447,2027-01-01,2027-01-02,1,2,1,0,JPY,ja,2_adults_1_room_1_night,sold_out,sold_out,,,missing_or_unclear,insufficient,insufficient,selected_date_calendar_sold_out,,,,missing_or_unclear,jalan_sold_out_excluded,false,false,true,sold_out_without_price,page_chrome_coupon_or_discount_evidence;tax_included_total_not_confirmed,,,/Users/gini/Documents/ZMI/zao-market-intelligence/.data/debug/auto-runner-market-refresh-rotating/20260615_214340/jalan/classification_decisions/yad322447_2027-01-01.json,zao_local_history_v1
2026-06-15|jalan|蔵王四季のホテル|yad322447|2027-01-02|2027-01-03|2_adults_1_room_1_night,f6577da1f4658bce633670af67999ddf3eb68e9341d21144f37fd544e098079e,2027_01,2026-06-15,2026-06-15T21:43:40+09:00,2026-06-15T21:43:40+09:00,jalan,AUTO-RUNNER10X,integrated_jalan_bounded_live,蔵王四季のホテル,国内旅行・海外旅行や宿・ホテルの宿泊予約はじゃらんnet　～日本最大級の宿・ホテル予約サイト～,true,yad322447,yad322447,2027-01-02,2027-01-03,1,2,1,0,JPY,ja,2_adults_1_room_1_night,available,not_sold_out_confirmed,160600,jalan_visible_total_tax_included,tax_included_total,B,B,Visible tax-included total usable as same-property directional price-pressure evidence; direct withheld due to non-hard gaps.,160600,,160600,tax_included_total,jalan_directional_tax_included_total,false,true,false,,page_chrome_coupon_or_discount_evidence,,,/Users/gini/Documents/ZMI/zao-market-intelligence/.data/debug/auto-runner-market-refresh-rotating/20260615_214340/jalan/classification_decisions/yad322447_2027-01-02.json,zao_local_history_v1
2026-06-15|jalan|蔵王四季のホテル|yad322447|2027-01-03|2027-01-04|2_adults_1_room_1_night,8d0c8f4654e1d554d38899737820b452586ff0fda20bfff2e29dfe6d043227fd,2027_01,2026-06-15,2026-06-15T22:00:05+09:00,2026-06-15T22:00:05+09:00,jalan,AUTO-RUNNER10X,integrated_jalan_bounded_live,蔵王四季のホテル,国内旅行・海外旅行や宿・ホテルの宿泊予約はじゃらんnet　～日本最大級の宿・ホテル予約サイト～,true,yad322447,yad322447,2027-01-03,2027-01-04,1,2,1,0,JPY,ja,2_adults_1_room_1_night,available,not_sold_out_confirmed,123200,jalan_visible_total_tax_included,tax_included_total,B,B,Visible tax-included total usable as same-property directional price-pressure evidence; direct withheld due to non-hard gaps.,123200,,123200,tax_included_total,jalan_directional_tax_included_total,false,true,false,,page_chrome_coupon_or_discount_evidence,,,/Users/gini/Documents/ZMI/zao-market-intelligence/.data/debug/auto-runner-market-refresh-rotating/20260615_220005/jalan/classification_decisions/yad322447_2027-01-03.json,zao_local_history_v1
2026-06-15|jalan|蔵王四季のホテル|yad322447|2027-01-09|2027-01-10|2_adults_1_room_1_night,ed48c146dbe6b26007a30bbca194095b9e26b10091d8a58f4bd41c5310df1676,2027_01,2026-06-15,2026-06-15T22:00:05+09:00,2026-06-15T22:00:05+09:00,jalan,AUTO-RUNNER10X,integrated_jalan_bounded_live,蔵王四季のホテル,国内旅行・海外旅行や宿・ホテルの宿泊予約はじゃらんnet　～日本最大級の宿・ホテル予約サイト～,true,yad322447,yad322447,2027-01-09,2027-01-10,1,2,1,0,JPY,ja,2_adults_1_room_1_night,available,not_sold_out_confirmed,138600,jalan_visible_total_tax_included,tax_included_total,B,B,Visible tax-included total usable as same-property directional price-pressure evidence; direct withheld due to non-hard gaps.,138600,,138600,tax_included_total,jalan_directional_tax_included_total,false,true,false,,page_chrome_coupon_or_discount_evidence,,,/Users/gini/Documents/ZMI/zao-market-intelligence/.data/debug/auto-runner-market-refresh-rotating/20260615_220005/jalan/classification_decisions/yad322447_2027-01-09.json,zao_local_history_v1
2026-06-15|jalan|ホテル喜らく|yad325153|2027-01-01|2027-01-02|2_adults_1_room_1_night,fbd6d737db95a6d4c898d37aaea3b7e747874fb8ff10afa5e461c9c23489fdff,2027_01,2026-06-15,2026-06-15T22:00:05+09:00,2026-06-15T22:00:05+09:00,jalan,AUTO-RUNNER10X,integrated_jalan_bounded_live,ホテル喜らく,国内旅行・海外旅行や宿・ホテルの宿泊予約はじゃらんnet　～日本最大級の宿・ホテル予約サイト～,true,yad325153,yad325153,2027-01-01,2027-01-02,1,2,1,0,JPY,ja,2_adults_1_room_1_night,sold_out,sold_out,,,missing_or_unclear,insufficient,insufficient,selected_date_calendar_sold_out,,,,missing_or_unclear,jalan_sold_out_excluded,false,false,true,sold_out_without_price,page_chrome_coupon_or_discount_evidence;tax_included_total_not_confirmed,,,/Users/gini/Documents/ZMI/zao-market-intelligence/.data/debug/auto-runner-market-refresh-rotating/20260615_220005/jalan/classification_decisions/yad325153_2027-01-01.json,zao_local_history_v1
2026-06-15|jalan|ホテル喜らく|yad325153|2027-01-02|2027-01-03|2_adults_1_room_1_night,98f41906165f519175010b087009f5ff65480752b044ad40bfc803d85dc618e0,2027_01,2026-06-15,2026-06-15T22:00:05+09:00,2026-06-15T22:00:05+09:00,jalan,AUTO-RUNNER10X,integrated_jalan_bounded_live,ホテル喜らく,国内旅行・海外旅行や宿・ホテルの宿泊予約はじゃらんnet　～日本最大級の宿・ホテル予約サイト～,true,yad325153,yad325153,2027-01-02,2027-01-03,1,2,1,0,JPY,ja,2_adults_1_room_1_night,sold_out,sold_out,,,missing_or_unclear,insufficient,insufficient,selected_date_calendar_sold_out,,,,missing_or_unclear,jalan_sold_out_excluded,false,false,true,sold_out_without_price,page_chrome_coupon_or_discount_evidence;tax_included_total_not_confirmed,,,/Users/gini/Documents/ZMI/zao-market-intelligence/.data/debug/auto-runner-market-refresh-rotating/20260615_220005/jalan/classification_decisions/yad325153_2027-01-02.json,zao_local_history_v1
2026-06-16|jalan|蔵王四季のホテル|yad322447|2027-01-10|2027-01-11|2_adults_1_room_1_night,34517683ad66c60c1472e2738fb99e05487b8b6b6773256eb4d185f7312906a1,2027_01,2026-06-16,2026-06-16T00:00:02+09:00,2026-06-16T00:00:02+09:00,jalan,AUTO-RUNNER10X,integrated_jalan_bounded_live,蔵王四季のホテル,国内旅行・海外旅行や宿・ホテルの宿泊予約はじゃらんnet　～日本最大級の宿・ホテル予約サイト～,true,yad322447,yad322447,2027-01-10,2027-01-11,1,2,1,0,JPY,ja,2_adults_1_room_1_night,available,not_sold_out_confirmed,132000,jalan_visible_total_tax_included,tax_included_total,B,B,Visible tax-included total usable as same-property directional price-pressure evidence; direct withheld due to non-hard gaps.,132000,,132000,tax_included_total,jalan_directional_tax_included_total,false,true,false,,page_chrome_coupon_or_discount_evidence,,,/Users/gini/Documents/ZMI/zao-market-intelligence/.data/debug/auto-runner-market-refresh-rotating/20260616_000002/jalan/classification_decisions/yad322447_2027-01-10.json,zao_local_history_v1
2026-06-16|jalan|蔵王四季のホテル|yad322447|2027-01-11|2027-01-12|2_adults_1_room_1_night,05b704794b93cbc68516272df70a463391eea28b77584b9e5b4f11d11929853c,2027_01,2026-06-16,2026-06-16T00:00:02+09:00,2026-06-16T00:00:02+09:00,jalan,AUTO-RUNNER10X,integrated_jalan_bounded_live,蔵王四季のホテル,国内旅行・海外旅行や宿・ホテルの宿泊予約はじゃらんnet　～日本最大級の宿・ホテル予約サイト～,true,yad322447,yad322447,2027-01-11,2027-01-12,1,2,1,0,JPY,ja,2_adults_1_room_1_night,available,not_sold_out_confirmed,99000,jalan_visible_total_tax_included,tax_included_total,B,B,Visible tax-included total usable as same-property directional price-pressure evidence; direct withheld due to non-hard gaps.,99000,,99000,tax_included_total,jalan_directional_tax_included_total,false,true,false,,page_chrome_coupon_or_discount_evidence,,,/Users/gini/Documents/ZMI/zao-market-intelligence/.data/debug/auto-runner-market-refresh-rotating/20260616_000002/jalan/classification_decisions/yad322447_2027-01-11.json,zao_local_history_v1
2026-06-16|jalan|ホテル喜らく|yad325153|2027-01-03|2027-01-04|2_adults_1_room_1_night,96e78994b7e5e0c39709ad3255ef7181b4b9f5d826bbea2aedf20547d2499764,2027_01,2026-06-16,2026-06-16T00:00:02+09:00,2026-06-16T00:00:02+09:00,jalan,AUTO-RUNNER10X,integrated_jalan_bounded_live,ホテル喜らく,国内旅行・海外旅行や宿・ホテルの宿泊予約はじゃらんnet　～日本最大級の宿・ホテル予約サイト～,true,yad325153,yad325153,2027-01-03,2027-01-04,1,2,1,0,JPY,ja,2_adults_1_room_1_night,sold_out,sold_out,,,missing_or_unclear,insufficient,insufficient,selected_date_calendar_sold_out,,,,missing_or_unclear,jalan_sold_out_excluded,false,false,true,sold_out_without_price,page_chrome_coupon_or_discount_evidence;tax_included_total_not_confirmed,,,/Users/gini/Documents/ZMI/zao-market-intelligence/.data/debug/auto-runner-market-refresh-rotating/20260616_000002/jalan/classification_decisions/yad325153_2027-01-03.json,zao_local_history_v1
2026-06-16|jalan|ホテル喜らく|yad325153|2027-01-09|2027-01-10|2_adults_1_room_1_night,71797c7349a948c42a1b5680e256d56613d89a5bb7b7b4d5a8a3d95a445c5b62,2027_01,2026-06-16,2026-06-16T00:00:02+09:00,2026-06-16T00:00:02+09:00,jalan,AUTO-RUNNER10X,integrated_jalan_bounded_live,ホテル喜らく,国内旅行・海外旅行や宿・ホテルの宿泊予約はじゃらんnet　～日本最大級の宿・ホテル予約サイト～,true,yad325153,yad325153,2027-01-09,2027-01-10,1,2,1,0,JPY,ja,2_adults_1_room_1_night,sold_out,sold_out,,,missing_or_unclear,insufficient,insufficient,selected_date_calendar_sold_out,,,,missing_or_unclear,jalan_sold_out_excluded,false,false,true,sold_out_without_price,page_chrome_coupon_or_discount_evidence;tax_included_total_not_confirmed,,,/Users/gini/Documents/ZMI/zao-market-intelligence/.data/debug/auto-runner-market-refresh-rotating/20260616_000002/jalan/classification_decisions/yad325153_2027-01-09.json,zao_local_history_v1
2026-06-16|jalan|ペンション木いちご|yad325769|2027-01-01|2027-01-02|2_adults_1_room_1_night,d270c6f5270d7ebd233b05b738d6a3ad5386e00a436e2b0af6939fc5c5ff17b6,2027_01,2026-06-16,2026-06-16T14:00:06+09:00,2026-06-16T14:00:06+09:00,jalan,AUTO-RUNNER10X,integrated_jalan_bounded_live,ペンション木いちご,国内旅行・海外旅行や宿・ホテルの宿泊予約はじゃらんnet　～日本最大級の宿・ホテル予約サイト～,true,yad325769,yad325769,2027-01-01,2027-01-02,1,2,1,0,JPY,ja,2_adults_1_room_1_night,sold_out,sold_out,,,missing_or_unclear,insufficient,insufficient,price_basis_or_date_scope_unclear,,,,missing_or_unclear,jalan_sold_out_excluded,false,false,true,sold_out_without_price,page_chrome_coupon_or_discount_evidence;tax_included_total_not_confirmed,,,/Users/gini/Documents/ZMI/zao-market-intelligence/.data/debug/auto-runner-market-refresh-rotating/20260616_140006/jalan/classification_decisions/yad325769_2027-01-01.json,zao_local_history_v1
2026-06-16|jalan|ペンション木いちご|yad325769|2027-01-02|2027-01-03|2_adults_1_room_1_night,eb507a5fea617187130facf426ca2e149b6aed5f9ac39a08b377c616a3883f56,2027_01,2026-06-16,2026-06-16T14:00:06+09:00,2026-06-16T14:00:06+09:00,jalan,AUTO-RUNNER10X,integrated_jalan_bounded_live,ペンション木いちご,国内旅行・海外旅行や宿・ホテルの宿泊予約はじゃらんnet　～日本最大級の宿・ホテル予約サイト～,true,yad325769,yad325769,2027-01-02,2027-01-03,1,2,1,0,JPY,ja,2_adults_1_room_1_night,sold_out,sold_out,,,missing_or_unclear,insufficient,insufficient,price_basis_or_date_scope_unclear,,,,missing_or_unclear,jalan_sold_out_excluded,false,false,true,sold_out_without_price,page_chrome_coupon_or_discount_evidence;tax_included_total_not_confirmed,,,/Users/gini/Documents/ZMI/zao-market-intelligence/.data/debug/auto-runner-market-refresh-rotating/20260616_140006/jalan/classification_decisions/yad325769_2027-01-02.json,zao_local_history_v1
2026-06-16|jalan|ペンション木いちご|yad325769|2027-01-03|2027-01-04|2_adults_1_room_1_night,371e3203e5741fb98f97b72420f59fed59f5b2f02e35f19002fd468a3ccd31fb,2027_01,2026-06-16,2026-06-16T16:00:06+09:00,2026-06-16T16:00:06+09:00,jalan,AUTO-RUNNER10X,integrated_jalan_bounded_live,ペンション木いちご,国内旅行・海外旅行や宿・ホテルの宿泊予約はじゃらんnet　～日本最大級の宿・ホテル予約サイト～,true,yad325769,yad325769,2027-01-03,2027-01-04,1,2,1,0,JPY,ja,2_adults_1_room_1_night,sold_out,sold_out,,,missing_or_unclear,insufficient,insufficient,selected_date_calendar_sold_out,,,,missing_or_unclear,jalan_sold_out_excluded,false,false,true,sold_out_without_price,page_chrome_coupon_or_discount_evidence;tax_included_total_not_confirmed,,,/Users/gini/Documents/ZMI/zao-market-intelligence/.data/debug/auto-runner-market-refresh-rotating/20260616_160006/jalan/classification_decisions/yad325769_2027-01-03.json,zao_local_history_v1
2026-06-16|jalan|ペンション木いちご|yad325769|2027-01-09|2027-01-10|2_adults_1_room_1_night,86a331fd555fc0448ba91c52baa14045248809ce929aa6dfba4965e6bc7e25e5,2027_01,2026-06-16,2026-06-16T18:00:06+09:00,2026-06-16T18:00:06+09:00,jalan,AUTO-RUNNER10X,integrated_jalan_bounded_live,ペンション木いちご,国内旅行・海外旅行や宿・ホテルの宿泊予約はじゃらんnet　～日本最大級の宿・ホテル予約サイト～,true,yad325769,yad325769,2027-01-09,2027-01-10,1,2,1,0,JPY,ja,2_adults_1_room_1_night,sold_out,sold_out,,,missing_or_unclear,insufficient,insufficient,selected_date_calendar_sold_out,,,,missing_or_unclear,jalan_sold_out_excluded,false,false,true,sold_out_without_price,page_chrome_coupon_or_discount_evidence;tax_included_total_not_confirmed,,,/Users/gini/Documents/ZMI/zao-market-intelligence/.data/debug/auto-runner-market-refresh-rotating/20260616_180006/jalan/classification_decisions/yad325769_2027-01-09.json,zao_local_history_v1
2026-06-16|jalan|ペンション木いちご|yad325769|2027-01-10|2027-01-11|2_adults_1_room_1_night,bc6fe9f5daea0784c42def48d0fa0e5d736e4f58c6942a330f10c93f95f90f3d,2027_01,2026-06-16,2026-06-16T18:00:06+09:00,2026-06-16T18:00:06+09:00,jalan,AUTO-RUNNER10X,integrated_jalan_bounded_live,ペンション木いちご,国内旅行・海外旅行や宿・ホテルの宿泊予約はじゃらんnet　～日本最大級の宿・ホテル予約サイト～,true,yad325769,yad325769,2027-01-10,2027-01-11,1,2,1,0,JPY,ja,2_adults_1_room_1_night,sold_out,sold_out,,,missing_or_unclear,insufficient,insufficient,selected_date_calendar_sold_out,,,,missing_or_unclear,jalan_sold_out_excluded,false,false,true,sold_out_without_price,page_chrome_coupon_or_discount_evidence;tax_included_total_not_confirmed,,,/Users/gini/Documents/ZMI/zao-market-intelligence/.data/debug/auto-runner-market-refresh-rotating/20260616_180006/jalan/classification_decisions/yad325769_2027-01-10.json,zao_local_history_v1
2026-06-21|jalan|ペンション木いちご|yad325769|2027-01-01|2027-01-02|2_adults_1_room_1_night,0be8482ac40cfa108f9048727680c4611b554fe9d48654b176d3a86ee1108e37,2027_01,2026-06-21,2026-06-21T04:00:05+09:00,2026-06-21T04:00:05+09:00,jalan,AUTO-RUNNER10X,integrated_jalan_bounded_live,ペンション木いちご,国内旅行・海外旅行や宿・ホテルの宿泊予約はじゃらんnet　～日本最大級の宿・ホテル予約サイト～,true,yad325769,yad325769,2027-01-01,2027-01-02,1,2,1,0,JPY,ja,2_adults_1_room_1_night,sold_out,sold_out,,,missing_or_unclear,insufficient,insufficient,selected_date_calendar_sold_out,,,,missing_or_unclear,jalan_sold_out_excluded,false,false,true,sold_out_without_price,page_chrome_coupon_or_discount_evidence;tax_included_total_not_confirmed,,,/Users/gini/Documents/ZMI/zao-market-intelligence/.data/debug/auto-runner-market-refresh-rotating/20260621_040005/jalan/classification_decisions/yad325769_2027-01-01.json,zao_local_history_v1
2026-06-21|jalan|ペンション木いちご|yad325769|2027-01-02|2027-01-03|2_adults_1_room_1_night,a22a0478aba90f171ed3c393e5c47f0e9c50b49c9f4497df344d499ab163aa38,2027_01,2026-06-21,2026-06-21T06:00:06+09:00,2026-06-21T06:00:06+09:00,jalan,AUTO-RUNNER10X,integrated_jalan_bounded_live,ペンション木いちご,国内旅行・海外旅行や宿・ホテルの宿泊予約はじゃらんnet　～日本最大級の宿・ホテル予約サイト～,true,yad325769,yad325769,2027-01-02,2027-01-03,1,2,1,0,JPY,ja,2_adults_1_room_1_night,sold_out,sold_out,,,missing_or_unclear,insufficient,insufficient,selected_date_calendar_sold_out,,,,missing_or_unclear,jalan_sold_out_excluded,false,false,true,sold_out_without_price,page_chrome_coupon_or_discount_evidence;tax_included_total_not_confirmed,,,/Users/gini/Documents/ZMI/zao-market-intelligence/.data/debug/auto-runner-market-refresh-rotating/20260621_060006/jalan/classification_decisions/yad325769_2027-01-02.json,zao_local_history_v1
2026-06-21|jalan|ペンション木いちご|yad325769|2027-01-03|2027-01-04|2_adults_1_room_1_night,0901857bcdacc27156f9a2359635d9712f75b88e691a5728537d9be60dd25fba,2027_01,2026-06-21,2026-06-21T06:00:06+09:00,2026-06-21T06:00:06+09:00,jalan,AUTO-RUNNER10X,integrated_jalan_bounded_live,ペンション木いちご,国内旅行・海外旅行や宿・ホテルの宿泊予約はじゃらんnet　～日本最大級の宿・ホテル予約サイト～,true,yad325769,yad325769,2027-01-03,2027-01-04,1,2,1,0,JPY,ja,2_adults_1_room_1_night,sold_out,sold_out,,,missing_or_unclear,insufficient,insufficient,selected_date_calendar_sold_out,,,,missing_or_unclear,jalan_sold_out_excluded,false,false,true,sold_out_without_price,page_chrome_coupon_or_discount_evidence;tax_included_total_not_confirmed,,,/Users/gini/Documents/ZMI/zao-market-intelligence/.data/debug/auto-runner-market-refresh-rotating/20260621_060006/jalan/classification_decisions/yad325769_2027-01-03.json,zao_local_history_v1
2026-06-21|jalan|ペンション木いちご|yad325769|2027-01-09|2027-01-10|2_adults_1_room_1_night,1774569b5fecb53b8271978b9f0fbd709f2410f57a7cc87bc2ced95a2e45ae92,2027_01,2026-06-21,2026-06-21T12:00:05+09:00,2026-06-21T12:00:05+09:00,jalan,AUTO-RUNNER10X,integrated_jalan_bounded_live,ペンション木いちご,国内旅行・海外旅行や宿・ホテルの宿泊予約はじゃらんnet　～日本最大級の宿・ホテル予約サイト～,true,yad325769,yad325769,2027-01-09,2027-01-10,1,2,1,0,JPY,ja,2_adults_1_room_1_night,sold_out,sold_out,,,missing_or_unclear,insufficient,insufficient,selected_date_calendar_sold_out,,,,missing_or_unclear,jalan_sold_out_excluded,false,false,true,sold_out_without_price,page_chrome_coupon_or_discount_evidence;tax_included_total_not_confirmed,,,/Users/gini/Documents/ZMI/zao-market-intelligence/.data/debug/auto-runner-market-refresh-rotating/20260621_120005/jalan/classification_decisions/yad325769_2027-01-09.json,zao_local_history_v1
2026-06-22|jalan|ペンション木いちご|yad325769|2027-01-01|2027-01-02|2_adults_1_room_1_night,7203baf78f2b6da5c543cbad6cf62e69d310ae7868557454381085b9b555fe8e,2027_01,2026-06-22,2026-06-22T06:00:06+09:00,2026-06-22T06:00:06+09:00,jalan,AUTO-RUNNER10X,integrated_jalan_bounded_live,ペンション木いちご,国内旅行・海外旅行や宿・ホテルの宿泊予約はじゃらんnet　～日本最大級の宿・ホテル予約サイト～,true,yad325769,yad325769,2027-01-01,2027-01-02,1,2,1,0,JPY,ja,2_adults_1_room_1_night,sold_out,sold_out,,,missing_or_unclear,insufficient,insufficient,selected_date_calendar_sold_out,,,,missing_or_unclear,jalan_sold_out_excluded,false,false,true,sold_out_without_price,page_chrome_coupon_or_discount_evidence;tax_included_total_not_confirmed,,,/Users/gini/Documents/ZMI/zao-market-intelligence/.data/debug/auto-runner-market-refresh-rotating/20260622_060006/jalan/classification_decisions/yad325769_2027-01-01.json,zao_local_history_v1
2026-06-22|jalan|ペンション木いちご|yad325769|2027-01-02|2027-01-03|2_adults_1_room_1_night,1b4f13005aa867c6ba9683c378884f506482829e77f501fcee44de738badc72b,2027_01,2026-06-22,2026-06-22T06:00:06+09:00,2026-06-22T06:00:06+09:00,jalan,AUTO-RUNNER10X,integrated_jalan_bounded_live,ペンション木いちご,国内旅行・海外旅行や宿・ホテルの宿泊予約はじゃらんnet　～日本最大級の宿・ホテル予約サイト～,true,yad325769,yad325769,2027-01-02,2027-01-03,1,2,1,0,JPY,ja,2_adults_1_room_1_night,sold_out,sold_out,,,missing_or_unclear,insufficient,insufficient,selected_date_calendar_sold_out,,,,missing_or_unclear,jalan_sold_out_excluded,false,false,true,sold_out_without_price,page_chrome_coupon_or_discount_evidence;tax_included_total_not_confirmed,,,/Users/gini/Documents/ZMI/zao-market-intelligence/.data/debug/auto-runner-market-refresh-rotating/20260622_060006/jalan/classification_decisions/yad325769_2027-01-02.json,zao_local_history_v1
2026-06-22|jalan|ペンション木いちご|yad325769|2027-01-03|2027-01-04|2_adults_1_room_1_night,7b89a4ee346fa73103c691c566e5a5c2e7867ff9ff7e0af4c10bbd00cca8e3eb,2027_01,2026-06-22,2026-06-22T08:00:06+09:00,2026-06-22T08:00:06+09:00,jalan,AUTO-RUNNER10X,integrated_jalan_bounded_live,ペンション木いちご,国内旅行・海外旅行や宿・ホテルの宿泊予約はじゃらんnet　～日本最大級の宿・ホテル予約サイト～,true,yad325769,yad325769,2027-01-03,2027-01-04,1,2,1,0,JPY,ja,2_adults_1_room_1_night,sold_out,sold_out,,,missing_or_unclear,insufficient,insufficient,selected_date_calendar_sold_out,,,,missing_or_unclear,jalan_sold_out_excluded,false,false,true,sold_out_without_price,page_chrome_coupon_or_discount_evidence;tax_included_total_not_confirmed,,,/Users/gini/Documents/ZMI/zao-market-intelligence/.data/debug/auto-runner-market-refresh-rotating/20260622_080006/jalan/classification_decisions/yad325769_2027-01-03.json,zao_local_history_v1
2026-06-22|jalan|ペンション木いちご|yad325769|2027-01-10|2027-01-11|2_adults_1_room_1_night,77e1ec6c0a7b5b9e7e311f8e7f9dd56f257b65ad23d8b65bfa7584f334f96531,2027_01,2026-06-22,2026-06-22T08:00:06+09:00,2026-06-22T08:00:06+09:00,jalan,AUTO-RUNNER10X,integrated_jalan_bounded_live,ペンション木いちご,国内旅行・海外旅行や宿・ホテルの宿泊予約はじゃらんnet　～日本最大級の宿・ホテル予約サイト～,true,yad325769,yad325769,2027-01-10,2027-01-11,1,2,1,0,JPY,ja,2_adults_1_room_1_night,sold_out,sold_out,,,missing_or_unclear,insufficient,insufficient,selected_date_calendar_sold_out,,,,missing_or_unclear,jalan_sold_out_excluded,false,false,true,sold_out_without_price,page_chrome_coupon_or_discount_evidence;tax_included_total_not_confirmed,,,/Users/gini/Documents/ZMI/zao-market-intelligence/.data/debug/auto-runner-market-refresh-rotating/20260622_080006/jalan/classification_decisions/yad325769_2027-01-10.json,zao_local_history_v1
2026-06-22|jalan|ペンション木いちご|yad325769|2027-01-11|2027-01-12|2_adults_1_room_1_night,e484654e1c97d629ba225a7b23ee1732cf2852f6115b842f054f5977f5bd8c3a,2027_01,2026-06-22,2026-06-22T10:00:05+09:00,2026-06-22T10:00:05+09:00,jalan,AUTO-RUNNER10X,integrated_jalan_bounded_live,ペンション木いちご,国内旅行・海外旅行や宿・ホテルの宿泊予約はじゃらんnet　～日本最大級の宿・ホテル予約サイト～,true,yad325769,yad325769,2027-01-11,2027-01-12,1,2,1,0,JPY,ja,2_adults_1_room_1_night,sold_out,sold_out,,,missing_or_unclear,insufficient,insufficient,selected_date_calendar_sold_out,,,,missing_or_unclear,jalan_sold_out_excluded,false,false,true,sold_out_without_price,page_chrome_coupon_or_discount_evidence;tax_included_total_not_confirmed,,,/Users/gini/Documents/ZMI/zao-market-intelligence/.data/debug/auto-runner-market-refresh-rotating/20260622_100005/jalan/classification_decisions/yad325769_2027-01-11.json,zao_local_history_v1
2026-06-22|jalan|ペンション木いちご|yad325769|2027-01-09|2027-01-10|2_adults_1_room_1_night,794c71f640f4a05fe93be14ca50f20a628f7d7a4ae37b85961f42c9092fd8249,2027_01,2026-06-22,2026-06-22T12:00:05+09:00,2026-06-22T12:00:05+09:00,jalan,AUTO-RUNNER10X,integrated_jalan_bounded_live,ペンション木いちご,国内旅行・海外旅行や宿・ホテルの宿泊予約はじゃらんnet　～日本最大級の宿・ホテル予約サイト～,true,yad325769,yad325769,2027-01-09,2027-01-10,1,2,1,0,JPY,ja,2_adults_1_room_1_night,sold_out,sold_out,,,missing_or_unclear,insufficient,insufficient,selected_date_calendar_sold_out,,,,missing_or_unclear,jalan_sold_out_excluded,false,false,true,sold_out_without_price,page_chrome_coupon_or_discount_evidence;tax_included_total_not_confirmed,,,/Users/gini/Documents/ZMI/zao-market-intelligence/.data/debug/auto-runner-market-refresh-rotating/20260622_120005/jalan/classification_decisions/yad325769_2027-01-09.json,zao_local_history_v1
2026-06-22|jalan|ペンション木いちご|yad325769|2027-01-16|2027-01-17|2_adults_1_room_1_night,fe853b259f44bd964579f24cb207d9ea9a9ae38940d13c4e21076e23b3c0d75b,2027_01,2026-06-22,2026-06-22T16:00:05+09:00,2026-06-22T16:00:05+09:00,jalan,AUTO-RUNNER10X,integrated_jalan_bounded_live,ペンション木いちご,国内旅行・海外旅行や宿・ホテルの宿泊予約はじゃらんnet　～日本最大級の宿・ホテル予約サイト～,true,yad325769,yad325769,2027-01-16,2027-01-17,1,2,1,0,JPY,ja,2_adults_1_room_1_night,sold_out,sold_out,,,missing_or_unclear,insufficient,insufficient,selected_date_calendar_sold_out,,,,missing_or_unclear,jalan_sold_out_excluded,false,false,true,sold_out_without_price,page_chrome_coupon_or_discount_evidence;tax_included_total_not_confirmed,,,/Users/gini/Documents/ZMI/zao-market-intelligence/.data/debug/auto-runner-market-refresh-rotating/20260622_160005/jalan/classification_decisions/yad325769_2027-01-16.json,zao_local_history_v1
2026-06-22|jalan|ペンション木いちご|yad325769|2027-01-23|2027-01-24|2_adults_1_room_1_night,1beb2be25f82eb6f1f4ff42a0f8fac0bc6cfd69dde425653a1f1b1ed01e0bb5c,2027_01,2026-06-22,2026-06-22T18:00:06+09:00,2026-06-22T18:00:06+09:00,jalan,AUTO-RUNNER10X,integrated_jalan_bounded_live,ペンション木いちご,国内旅行・海外旅行や宿・ホテルの宿泊予約はじゃらんnet　～日本最大級の宿・ホテル予約サイト～,true,yad325769,yad325769,2027-01-23,2027-01-24,1,2,1,0,JPY,ja,2_adults_1_room_1_night,sold_out,sold_out,,,missing_or_unclear,insufficient,insufficient,selected_date_calendar_sold_out,,,,missing_or_unclear,jalan_sold_out_excluded,false,false,true,sold_out_without_price,page_chrome_coupon_or_discount_evidence;tax_included_total_not_confirmed,,,/Users/gini/Documents/ZMI/zao-market-intelligence/.data/debug/auto-runner-market-refresh-rotating/20260622_180006/jalan/classification_decisions/yad325769_2027-01-23.json,zao_local_history_v1
2026-06-23|jalan|ペンション木いちご|yad325769|2027-01-01|2027-01-02|2_adults_1_room_1_night,67a22e865f537cdcc063769c343c04aa2d25fe12f119a720f571d6623ddfb29b,2027_01,2026-06-23,2026-06-23T06:00:05+09:00,2026-06-23T06:00:05+09:00,jalan,AUTO-RUNNER10X,integrated_jalan_bounded_live,ペンション木いちご,国内旅行・海外旅行や宿・ホテルの宿泊予約はじゃらんnet　～日本最大級の宿・ホテル予約サイト～,true,yad325769,yad325769,2027-01-01,2027-01-02,1,2,1,0,JPY,ja,2_adults_1_room_1_night,sold_out,sold_out,,,missing_or_unclear,insufficient,insufficient,selected_date_calendar_sold_out,,,,missing_or_unclear,jalan_sold_out_excluded,false,false,true,sold_out_without_price,page_chrome_coupon_or_discount_evidence;tax_included_total_not_confirmed,,,/Users/gini/Documents/ZMI/zao-market-intelligence/.data/debug/auto-runner-market-refresh-rotating/20260623_060005/jalan/classification_decisions/yad325769_2027-01-01.json,zao_local_history_v1
2026-06-23|jalan|ペンション木いちご|yad325769|2027-01-02|2027-01-03|2_adults_1_room_1_night,fbae4ebbefc85ea955c8f66c83ec3ea9edbb3c672be06a051758a4dc1e60158e,2027_01,2026-06-23,2026-06-23T06:00:05+09:00,2026-06-23T06:00:05+09:00,jalan,AUTO-RUNNER10X,integrated_jalan_bounded_live,ペンション木いちご,国内旅行・海外旅行や宿・ホテルの宿泊予約はじゃらんnet　～日本最大級の宿・ホテル予約サイト～,true,yad325769,yad325769,2027-01-02,2027-01-03,1,2,1,0,JPY,ja,2_adults_1_room_1_night,sold_out,sold_out,,,missing_or_unclear,insufficient,insufficient,selected_date_calendar_sold_out,,,,missing_or_unclear,jalan_sold_out_excluded,false,false,true,sold_out_without_price,page_chrome_coupon_or_discount_evidence;tax_included_total_not_confirmed,,,/Users/gini/Documents/ZMI/zao-market-intelligence/.data/debug/auto-runner-market-refresh-rotating/20260623_060005/jalan/classification_decisions/yad325769_2027-01-02.json,zao_local_history_v1
2026-06-23|jalan|ペンション木いちご|yad325769|2027-01-03|2027-01-04|2_adults_1_room_1_night,c6652f03f5ca3218e9cf712d9bbc2055bf0af71d1e77d0d7d660f91320078e85,2027_01,2026-06-23,2026-06-23T08:00:06+09:00,2026-06-23T08:00:06+09:00,jalan,AUTO-RUNNER10X,integrated_jalan_bounded_live,ペンション木いちご,国内旅行・海外旅行や宿・ホテルの宿泊予約はじゃらんnet　～日本最大級の宿・ホテル予約サイト～,true,yad325769,yad325769,2027-01-03,2027-01-04,1,2,1,0,JPY,ja,2_adults_1_room_1_night,sold_out,sold_out,,,missing_or_unclear,insufficient,insufficient,selected_date_calendar_sold_out,,,,missing_or_unclear,jalan_sold_out_excluded,false,false,true,sold_out_without_price,page_chrome_coupon_or_discount_evidence;tax_included_total_not_confirmed,,,/Users/gini/Documents/ZMI/zao-market-intelligence/.data/debug/auto-runner-market-refresh-rotating/20260623_080006/jalan/classification_decisions/yad325769_2027-01-03.json,zao_local_history_v1
2026-06-23|jalan|ペンション木いちご|yad325769|2027-01-10|2027-01-11|2_adults_1_room_1_night,6ef1765a6564292487df5888b97dcf7f5d85d970c3ea5fca1376c67a506f9903,2027_01,2026-06-23,2026-06-23T08:00:06+09:00,2026-06-23T08:00:06+09:00,jalan,AUTO-RUNNER10X,integrated_jalan_bounded_live,ペンション木いちご,国内旅行・海外旅行や宿・ホテルの宿泊予約はじゃらんnet　～日本最大級の宿・ホテル予約サイト～,true,yad325769,yad325769,2027-01-10,2027-01-11,1,2,1,0,JPY,ja,2_adults_1_room_1_night,sold_out,sold_out,,,missing_or_unclear,insufficient,insufficient,selected_date_calendar_sold_out,,,,missing_or_unclear,jalan_sold_out_excluded,false,false,true,sold_out_without_price,page_chrome_coupon_or_discount_evidence;tax_included_total_not_confirmed,,,/Users/gini/Documents/ZMI/zao-market-intelligence/.data/debug/auto-runner-market-refresh-rotating/20260623_080006/jalan/classification_decisions/yad325769_2027-01-10.json,zao_local_history_v1
2026-06-23|jalan|ペンション木いちご|yad325769|2027-01-09|2027-01-10|2_adults_1_room_1_night,ebcb83b870b866a9d323b7e82fd5017be0d2b4d44b17c223a1c32810eee74271,2027_01,2026-06-23,2026-06-23T12:00:06+09:00,2026-06-23T12:00:06+09:00,jalan,AUTO-RUNNER10X,integrated_jalan_bounded_live,ペンション木いちご,国内旅行・海外旅行や宿・ホテルの宿泊予約はじゃらんnet　～日本最大級の宿・ホテル予約サイト～,true,yad325769,yad325769,2027-01-09,2027-01-10,1,2,1,0,JPY,ja,2_adults_1_room_1_night,sold_out,sold_out,,,missing_or_unclear,insufficient,insufficient,selected_date_calendar_sold_out,,,,missing_or_unclear,jalan_sold_out_excluded,false,false,true,sold_out_without_price,page_chrome_coupon_or_discount_evidence;tax_included_total_not_confirmed,,,/Users/gini/Documents/ZMI/zao-market-intelligence/.data/debug/auto-runner-market-refresh-rotating/20260623_120006/jalan/classification_decisions/yad325769_2027-01-09.json,zao_local_history_v1
2026-06-23|jalan|ペンション木いちご|yad325769|2027-01-11|2027-01-12|2_adults_1_room_1_night,dacf89a64b7f78e12b4df0e4291e6d74bb3b141280fd40303e2954b326078ebe,2027_01,2026-06-23,2026-06-23T12:00:06+09:00,2026-06-23T12:00:06+09:00,jalan,AUTO-RUNNER10X,integrated_jalan_bounded_live,ペンション木いちご,国内旅行・海外旅行や宿・ホテルの宿泊予約はじゃらんnet　～日本最大級の宿・ホテル予約サイト～,true,yad325769,yad325769,2027-01-11,2027-01-12,1,2,1,0,JPY,ja,2_adults_1_room_1_night,sold_out,sold_out,,,missing_or_unclear,insufficient,insufficient,selected_date_calendar_sold_out,,,,missing_or_unclear,jalan_sold_out_excluded,false,false,true,sold_out_without_price,page_chrome_coupon_or_discount_evidence;tax_included_total_not_confirmed,,,/Users/gini/Documents/ZMI/zao-market-intelligence/.data/debug/auto-runner-market-refresh-rotating/20260623_120006/jalan/classification_decisions/yad325769_2027-01-11.json,zao_local_history_v1
2026-06-23|jalan|ペンション木いちご|yad325769|2027-01-16|2027-01-17|2_adults_1_room_1_night,e23320aad2b06d2539d31b6098c420a9158c969abcbd495bbf43c80da8c7ea01,2027_01,2026-06-23,2026-06-23T16:00:06+09:00,2026-06-23T16:00:06+09:00,jalan,AUTO-RUNNER10X,integrated_jalan_bounded_live,ペンション木いちご,国内旅行・海外旅行や宿・ホテルの宿泊予約はじゃらんnet　～日本最大級の宿・ホテル予約サイト～,true,yad325769,yad325769,2027-01-16,2027-01-17,1,2,1,0,JPY,ja,2_adults_1_room_1_night,sold_out,sold_out,,,missing_or_unclear,insufficient,insufficient,selected_date_calendar_sold_out,,,,missing_or_unclear,jalan_sold_out_excluded,false,false,true,sold_out_without_price,page_chrome_coupon_or_discount_evidence;tax_included_total_not_confirmed,,,/Users/gini/Documents/ZMI/zao-market-intelligence/.data/debug/auto-runner-market-refresh-rotating/20260623_160006/jalan/classification_decisions/yad325769_2027-01-16.json,zao_local_history_v1
2026-06-23|jalan|ペンション木いちご|yad325769|2027-01-23|2027-01-24|2_adults_1_room_1_night,28c176c677c1911d6055ab924971c0b43aa201c6b177a90efb24df5ef4493fcf,2027_01,2026-06-23,2026-06-23T18:00:05+09:00,2026-06-23T18:00:05+09:00,jalan,AUTO-RUNNER10X,integrated_jalan_bounded_live,ペンション木いちご,国内旅行・海外旅行や宿・ホテルの宿泊予約はじゃらんnet　～日本最大級の宿・ホテル予約サイト～,true,yad325769,yad325769,2027-01-23,2027-01-24,1,2,1,0,JPY,ja,2_adults_1_room_1_night,sold_out,sold_out,,,missing_or_unclear,insufficient,insufficient,selected_date_calendar_sold_out,,,,missing_or_unclear,jalan_sold_out_excluded,false,false,true,sold_out_without_price,page_chrome_coupon_or_discount_evidence;tax_included_total_not_confirmed,,,/Users/gini/Documents/ZMI/zao-market-intelligence/.data/debug/auto-runner-market-refresh-rotating/20260623_180005/jalan/classification_decisions/yad325769_2027-01-23.json,zao_local_history_v1
2026-06-24|jalan|ペンション木いちご|yad325769|2027-01-01|2027-01-02|2_adults_1_room_1_night,5256a594a85157a36a5950810ed08105bdcb5180a95e1bc577c2f65d45e7bd89,2027_01,2026-06-24,2026-06-24T06:00:06+09:00,2026-06-24T06:00:06+09:00,jalan,AUTO-RUNNER10X,integrated_jalan_bounded_live,ペンション木いちご,国内旅行・海外旅行や宿・ホテルの宿泊予約はじゃらんnet　～日本最大級の宿・ホテル予約サイト～,true,yad325769,yad325769,2027-01-01,2027-01-02,1,2,1,0,JPY,ja,2_adults_1_room_1_night,sold_out,sold_out,,,missing_or_unclear,insufficient,insufficient,selected_date_calendar_sold_out,,,,missing_or_unclear,jalan_sold_out_excluded,false,false,true,sold_out_without_price,page_chrome_coupon_or_discount_evidence;tax_included_total_not_confirmed,,,/Users/gini/Documents/ZMI/zao-market-intelligence/.data/debug/auto-runner-market-refresh-rotating/20260624_060006/jalan/classification_decisions/yad325769_2027-01-01.json,zao_local_history_v1
2026-06-24|jalan|ペンション木いちご|yad325769|2027-01-02|2027-01-03|2_adults_1_room_1_night,209aac488bc64163fe9891f84725dadb55816c739d0ad574f8c268eba7812398,2027_01,2026-06-24,2026-06-24T06:00:06+09:00,2026-06-24T06:00:06+09:00,jalan,AUTO-RUNNER10X,integrated_jalan_bounded_live,ペンション木いちご,国内旅行・海外旅行や宿・ホテルの宿泊予約はじゃらんnet　～日本最大級の宿・ホテル予約サイト～,true,yad325769,yad325769,2027-01-02,2027-01-03,1,2,1,0,JPY,ja,2_adults_1_room_1_night,sold_out,sold_out,,,missing_or_unclear,insufficient,insufficient,selected_date_calendar_sold_out,,,,missing_or_unclear,jalan_sold_out_excluded,false,false,true,sold_out_without_price,page_chrome_coupon_or_discount_evidence;tax_included_total_not_confirmed,,,/Users/gini/Documents/ZMI/zao-market-intelligence/.data/debug/auto-runner-market-refresh-rotating/20260624_060006/jalan/classification_decisions/yad325769_2027-01-02.json,zao_local_history_v1
2026-06-24|jalan|ペンション木いちご|yad325769|2027-01-03|2027-01-04|2_adults_1_room_1_night,3b85bd38ba79adefdd64f2f8d69f7405bf09ae319907626ab27d85ba69fb41cc,2027_01,2026-06-24,2026-06-24T08:00:05+09:00,2026-06-24T08:00:05+09:00,jalan,AUTO-RUNNER10X,integrated_jalan_bounded_live,ペンション木いちご,国内旅行・海外旅行や宿・ホテルの宿泊予約はじゃらんnet　～日本最大級の宿・ホテル予約サイト～,true,yad325769,yad325769,2027-01-03,2027-01-04,1,2,1,0,JPY,ja,2_adults_1_room_1_night,sold_out,sold_out,,,missing_or_unclear,insufficient,insufficient,selected_date_calendar_sold_out,,,,missing_or_unclear,jalan_sold_out_excluded,false,false,true,sold_out_without_price,page_chrome_coupon_or_discount_evidence;tax_included_total_not_confirmed,,,/Users/gini/Documents/ZMI/zao-market-intelligence/.data/debug/auto-runner-market-refresh-rotating/20260624_080005/jalan/classification_decisions/yad325769_2027-01-03.json,zao_local_history_v1
2026-06-24|jalan|ペンション木いちご|yad325769|2027-01-10|2027-01-11|2_adults_1_room_1_night,4a478261345adab3c172f6f85c09224b2467c9884891d79fd73f112978e3c287,2027_01,2026-06-24,2026-06-24T08:00:05+09:00,2026-06-24T08:00:05+09:00,jalan,AUTO-RUNNER10X,integrated_jalan_bounded_live,ペンション木いちご,国内旅行・海外旅行や宿・ホテルの宿泊予約はじゃらんnet　～日本最大級の宿・ホテル予約サイト～,true,yad325769,yad325769,2027-01-10,2027-01-11,1,2,1,0,JPY,ja,2_adults_1_room_1_night,sold_out,sold_out,,,missing_or_unclear,insufficient,insufficient,selected_date_calendar_sold_out,,,,missing_or_unclear,jalan_sold_out_excluded,false,false,true,sold_out_without_price,page_chrome_coupon_or_discount_evidence;tax_included_total_not_confirmed,,,/Users/gini/Documents/ZMI/zao-market-intelligence/.data/debug/auto-runner-market-refresh-rotating/20260624_080005/jalan/classification_decisions/yad325769_2027-01-10.json,zao_local_history_v1
2026-06-24|jalan|ペンション木いちご|yad325769|2027-01-30|2027-01-31|2_adults_1_room_1_night,440142ab6396aff1cb2eac230e86a09b9d1c4d401d1628430ad570cbf0aef354,2027_01,2026-06-24,2026-06-24T10:00:06+09:00,2026-06-24T10:00:06+09:00,jalan,AUTO-RUNNER10X,integrated_jalan_bounded_live,ペンション木いちご,国内旅行・海外旅行や宿・ホテルの宿泊予約はじゃらんnet　～日本最大級の宿・ホテル予約サイト～,true,yad325769,yad325769,2027-01-30,2027-01-31,1,2,1,0,JPY,ja,2_adults_1_room_1_night,sold_out,sold_out,,,missing_or_unclear,insufficient,insufficient,selected_date_calendar_sold_out,,,,missing_or_unclear,jalan_sold_out_excluded,false,false,true,sold_out_without_price,page_chrome_coupon_or_discount_evidence;tax_included_total_not_confirmed,,,/Users/gini/Documents/ZMI/zao-market-intelligence/.data/debug/auto-runner-market-refresh-rotating/20260624_100005/jalan/classification_decisions/yad325769_2027-01-30.json,zao_local_history_v1
2026-06-24|jalan|ペンション木いちご|yad325769|2027-01-09|2027-01-10|2_adults_1_room_1_night,ad95ee31cd7a6b3d6a358c4e4d3578c71585c6c1e046b56771c723b87f426b39,2027_01,2026-06-24,2026-06-24T12:00:06+09:00,2026-06-24T12:00:06+09:00,jalan,AUTO-RUNNER10X,integrated_jalan_bounded_live,ペンション木いちご,国内旅行・海外旅行や宿・ホテルの宿泊予約はじゃらんnet　～日本最大級の宿・ホテル予約サイト～,true,yad325769,yad325769,2027-01-09,2027-01-10,1,2,1,0,JPY,ja,2_adults_1_room_1_night,sold_out,sold_out,,,missing_or_unclear,insufficient,insufficient,selected_date_calendar_sold_out,,,,missing_or_unclear,jalan_sold_out_excluded,false,false,true,sold_out_without_price,page_chrome_coupon_or_discount_evidence;tax_included_total_not_confirmed,,,/Users/gini/Documents/ZMI/zao-market-intelligence/.data/debug/auto-runner-market-refresh-rotating/20260624_120006/jalan/classification_decisions/yad325769_2027-01-09.json,zao_local_history_v1
2026-06-24|jalan|ペンション木いちご|yad325769|2027-01-11|2027-01-12|2_adults_1_room_1_night,e4d000d73d7d0e0ff7d124445fbb9552216e479a520f4cbc20178b7d860eba24,2027_01,2026-06-24,2026-06-24T12:00:06+09:00,2026-06-24T12:00:06+09:00,jalan,AUTO-RUNNER10X,integrated_jalan_bounded_live,ペンション木いちご,国内旅行・海外旅行や宿・ホテルの宿泊予約はじゃらんnet　～日本最大級の宿・ホテル予約サイト～,true,yad325769,yad325769,2027-01-11,2027-01-12,1,2,1,0,JPY,ja,2_adults_1_room_1_night,sold_out,sold_out,,,missing_or_unclear,insufficient,insufficient,selected_date_calendar_sold_out,,,,missing_or_unclear,jalan_sold_out_excluded,false,false,true,sold_out_without_price,page_chrome_coupon_or_discount_evidence;tax_included_total_not_confirmed,,,/Users/gini/Documents/ZMI/zao-market-intelligence/.data/debug/auto-runner-market-refresh-rotating/20260624_120006/jalan/classification_decisions/yad325769_2027-01-11.json,zao_local_history_v1
2026-06-24|jalan|ホテル喜らく|yad325153|2027-01-01|2027-01-02|2_adults_1_room_1_night,658a719f29eff7a0103d398aaa31b2f368c589c7e4b2e03695fe2debfe60c67f,2027_01,2026-06-24,2026-06-24T16:00:05+09:00,2026-06-24T16:00:05+09:00,jalan,AUTO-RUNNER10X,integrated_jalan_bounded_live,ホテル喜らく,国内旅行・海外旅行や宿・ホテルの宿泊予約はじゃらんnet　～日本最大級の宿・ホテル予約サイト～,true,yad325153,yad325153,2027-01-01,2027-01-02,1,2,1,0,JPY,ja,2_adults_1_room_1_night,sold_out,sold_out,,,missing_or_unclear,insufficient,insufficient,selected_date_calendar_sold_out,,,,missing_or_unclear,jalan_sold_out_excluded,false,false,true,sold_out_without_price,page_chrome_coupon_or_discount_evidence;tax_included_total_not_confirmed,,,/Users/gini/Documents/ZMI/zao-market-intelligence/.data/debug/auto-runner-market-refresh-rotating/20260624_160005/jalan/classification_decisions/yad325153_2027-01-01.json,zao_local_history_v1
2026-06-24|jalan|ホテル喜らく|yad325153|2027-01-02|2027-01-03|2_adults_1_room_1_night,55868c360ba8a45df9458aa2235fe2cf2d8458b60f2ab7019816cea89f20191a,2027_01,2026-06-24,2026-06-24T16:00:05+09:00,2026-06-24T16:00:05+09:00,jalan,AUTO-RUNNER10X,integrated_jalan_bounded_live,ホテル喜らく,国内旅行・海外旅行や宿・ホテルの宿泊予約はじゃらんnet　～日本最大級の宿・ホテル予約サイト～,true,yad325153,yad325153,2027-01-02,2027-01-03,1,2,1,0,JPY,ja,2_adults_1_room_1_night,sold_out,sold_out,,,missing_or_unclear,insufficient,insufficient,selected_date_calendar_sold_out,,,,missing_or_unclear,jalan_sold_out_excluded,false,false,true,sold_out_without_price,page_chrome_coupon_or_discount_evidence;tax_included_total_not_confirmed,,,/Users/gini/Documents/ZMI/zao-market-intelligence/.data/debug/auto-runner-market-refresh-rotating/20260624_160005/jalan/classification_decisions/yad325153_2027-01-02.json,zao_local_history_v1
2026-06-24|jalan|ペンション木いちご|yad325769|2027-01-16|2027-01-17|2_adults_1_room_1_night,f362652bd2475b2578334bd68832e667343b695e80adbb95f5a5235df1a76a84,2027_01,2026-06-24,2026-06-24T16:00:05+09:00,2026-06-24T16:00:05+09:00,jalan,AUTO-RUNNER10X,integrated_jalan_bounded_live,ペンション木いちご,国内旅行・海外旅行や宿・ホテルの宿泊予約はじゃらんnet　～日本最大級の宿・ホテル予約サイト～,true,yad325769,yad325769,2027-01-16,2027-01-17,1,2,1,0,JPY,ja,2_adults_1_room_1_night,sold_out,sold_out,,,missing_or_unclear,insufficient,insufficient,selected_date_calendar_sold_out,,,,missing_or_unclear,jalan_sold_out_excluded,false,false,true,sold_out_without_price,page_chrome_coupon_or_discount_evidence;tax_included_total_not_confirmed,,,/Users/gini/Documents/ZMI/zao-market-intelligence/.data/debug/auto-runner-market-refresh-rotating/20260624_160005/jalan/classification_decisions/yad325769_2027-01-16.json,zao_local_history_v1
2026-06-24|jalan|ペンション木いちご|yad325769|2027-01-23|2027-01-24|2_adults_1_room_1_night,81ceead4e3175f25219fd9bcb38c2eb1c6dcd842f36ab489fd988ba63590f6b5,2027_01,2026-06-24,2026-06-24T18:00:06+09:00,2026-06-24T18:00:06+09:00,jalan,AUTO-RUNNER10X,integrated_jalan_bounded_live,ペンション木いちご,国内旅行・海外旅行や宿・ホテルの宿泊予約はじゃらんnet　～日本最大級の宿・ホテル予約サイト～,true,yad325769,yad325769,2027-01-23,2027-01-24,1,2,1,0,JPY,ja,2_adults_1_room_1_night,sold_out,sold_out,,,missing_or_unclear,insufficient,insufficient,selected_date_calendar_sold_out,,,,missing_or_unclear,jalan_sold_out_excluded,false,false,true,sold_out_without_price,page_chrome_coupon_or_discount_evidence;tax_included_total_not_confirmed,,,/Users/gini/Documents/ZMI/zao-market-intelligence/.data/debug/auto-runner-market-refresh-rotating/20260624_180006/jalan/classification_decisions/yad325769_2027-01-23.json,zao_local_history_v1
2026-06-24|jalan|ホテル喜らく|yad325153|2027-01-03|2027-01-04|2_adults_1_room_1_night,2bc61ad6863dff376f037ffc587ce71753144d5745054c65970739f0413470ab,2027_01,2026-06-24,2026-06-24T22:00:06+09:00,2026-06-24T22:00:06+09:00,jalan,AUTO-RUNNER10X,integrated_jalan_bounded_live,ホテル喜らく,国内旅行・海外旅行や宿・ホテルの宿泊予約はじゃらんnet　～日本最大級の宿・ホテル予約サイト～,true,yad325153,yad325153,2027-01-03,2027-01-04,1,2,1,0,JPY,ja,2_adults_1_room_1_night,sold_out,sold_out,,,missing_or_unclear,insufficient,insufficient,selected_date_calendar_sold_out,,,,missing_or_unclear,jalan_sold_out_excluded,false,false,true,sold_out_without_price,page_chrome_coupon_or_discount_evidence;tax_included_total_not_confirmed,,,/Users/gini/Documents/ZMI/zao-market-intelligence/.data/debug/auto-runner-market-refresh-rotating/20260624_220006/jalan/classification_decisions/yad325153_2027-01-03.json,zao_local_history_v1
2026-06-25|jalan|ホテル喜らく|yad325153|2027-01-09|2027-01-10|2_adults_1_room_1_night,a082f2fc80910ca44a33b002a0ca8d4ca12902543b9573518eab1d5ff5d41ff5,2027_01,2026-06-25,2026-06-25T00:00:06+09:00,2026-06-25T00:00:06+09:00,jalan,AUTO-RUNNER10X,integrated_jalan_bounded_live,ホテル喜らく,国内旅行・海外旅行や宿・ホテルの宿泊予約はじゃらんnet　～日本最大級の宿・ホテル予約サイト～,true,yad325153,yad325153,2027-01-09,2027-01-10,1,2,1,0,JPY,ja,2_adults_1_room_1_night,sold_out,sold_out,,,missing_or_unclear,insufficient,insufficient,selected_date_calendar_sold_out,,,,missing_or_unclear,jalan_sold_out_excluded,false,false,true,sold_out_without_price,page_chrome_coupon_or_discount_evidence;tax_included_total_not_confirmed,,,/Users/gini/Documents/ZMI/zao-market-intelligence/.data/debug/auto-runner-market-refresh-rotating/20260625_000006/jalan/classification_decisions/yad325153_2027-01-09.json,zao_local_history_v1
2026-06-25|jalan|ホテル喜らく|yad325153|2027-01-10|2027-01-11|2_adults_1_room_1_night,dfe2a263899074caf7629f392a8c2a955523714ebf6e0cdf130b349589750426,2027_01,2026-06-25,2026-06-25T04:00:01+09:00,2026-06-25T04:00:01+09:00,jalan,AUTO-RUNNER10X,integrated_jalan_bounded_live,ホテル喜らく,国内旅行・海外旅行や宿・ホテルの宿泊予約はじゃらんnet　～日本最大級の宿・ホテル予約サイト～,true,yad325153,yad325153,2027-01-10,2027-01-11,1,2,1,0,JPY,ja,2_adults_1_room_1_night,sold_out,sold_out,,,missing_or_unclear,insufficient,insufficient,selected_date_calendar_sold_out,,,,missing_or_unclear,jalan_sold_out_excluded,false,false,true,sold_out_without_price,page_chrome_coupon_or_discount_evidence;tax_included_total_not_confirmed,,,/Users/gini/Documents/ZMI/zao-market-intelligence/.data/debug/auto-runner-market-refresh-rotating/20260625_040001/jalan/classification_decisions/yad325153_2027-01-10.json,zao_local_history_v1
2026-06-25|jalan|ペンション木いちご|yad325769|2027-01-01|2027-01-02|2_adults_1_room_1_night,5c3ba884bec9966d9738d079f62b529a7b0ac842c1115a65aaaebcbaf82afa39,2027_01,2026-06-25,2026-06-25T06:00:06+09:00,2026-06-25T06:00:06+09:00,jalan,AUTO-RUNNER10X,integrated_jalan_bounded_live,ペンション木いちご,国内旅行・海外旅行や宿・ホテルの宿泊予約はじゃらんnet　～日本最大級の宿・ホテル予約サイト～,true,yad325769,yad325769,2027-01-01,2027-01-02,1,2,1,0,JPY,ja,2_adults_1_room_1_night,sold_out,sold_out,,,missing_or_unclear,insufficient,insufficient,selected_date_calendar_sold_out,,,,missing_or_unclear,jalan_sold_out_excluded,false,false,true,sold_out_without_price,page_chrome_coupon_or_discount_evidence;tax_included_total_not_confirmed,,,/Users/gini/Documents/ZMI/zao-market-intelligence/.data/debug/auto-runner-market-refresh-rotating/20260625_060006/jalan/classification_decisions/yad325769_2027-01-01.json,zao_local_history_v1
2026-06-25|jalan|ペンション木いちご|yad325769|2027-01-02|2027-01-03|2_adults_1_room_1_night,128531adf07af152e415f712824c7047f2a32508defde405164509402d60137f,2027_01,2026-06-25,2026-06-25T08:00:06+09:00,2026-06-25T08:00:06+09:00,jalan,AUTO-RUNNER10X,integrated_jalan_bounded_live,ペンション木いちご,国内旅行・海外旅行や宿・ホテルの宿泊予約はじゃらんnet　～日本最大級の宿・ホテル予約サイト～,true,yad325769,yad325769,2027-01-02,2027-01-03,1,2,1,0,JPY,ja,2_adults_1_room_1_night,sold_out,sold_out,,,missing_or_unclear,insufficient,insufficient,selected_date_calendar_sold_out,,,,missing_or_unclear,jalan_sold_out_excluded,false,false,true,sold_out_without_price,page_chrome_coupon_or_discount_evidence;tax_included_total_not_confirmed,,,/Users/gini/Documents/ZMI/zao-market-intelligence/.data/debug/auto-runner-market-refresh-rotating/20260625_080006/jalan/classification_decisions/yad325769_2027-01-02.json,zao_local_history_v1
2026-06-25|jalan|ペンション木いちご|yad325769|2027-01-03|2027-01-04|2_adults_1_room_1_night,6589e0d94fd5766e0c4a28e4de1bae185e829c5c9cebb64b6bc42a6274658156,2027_01,2026-06-25,2026-06-25T08:00:06+09:00,2026-06-25T08:00:06+09:00,jalan,AUTO-RUNNER10X,integrated_jalan_bounded_live,ペンション木いちご,国内旅行・海外旅行や宿・ホテルの宿泊予約はじゃらんnet　～日本最大級の宿・ホテル予約サイト～,true,yad325769,yad325769,2027-01-03,2027-01-04,1,2,1,0,JPY,ja,2_adults_1_room_1_night,sold_out,sold_out,,,missing_or_unclear,insufficient,insufficient,selected_date_calendar_sold_out,,,,missing_or_unclear,jalan_sold_out_excluded,false,false,true,sold_out_without_price,page_chrome_coupon_or_discount_evidence;tax_included_total_not_confirmed,,,/Users/gini/Documents/ZMI/zao-market-intelligence/.data/debug/auto-runner-market-refresh-rotating/20260625_080006/jalan/classification_decisions/yad325769_2027-01-03.json,zao_local_history_v1
2026-06-25|jalan|ペンション木いちご|yad325769|2027-01-10|2027-01-11|2_adults_1_room_1_night,6351033e23888bf274f9574d86628cd76c68ce602438ced7d26bf2ed42970d09,2027_01,2026-06-25,2026-06-25T10:00:06+09:00,2026-06-25T10:00:06+09:00,jalan,AUTO-RUNNER10X,integrated_jalan_bounded_live,ペンション木いちご,国内旅行・海外旅行や宿・ホテルの宿泊予約はじゃらんnet　～日本最大級の宿・ホテル予約サイト～,true,yad325769,yad325769,2027-01-10,2027-01-11,1,2,1,0,JPY,ja,2_adults_1_room_1_night,sold_out,sold_out,,,missing_or_unclear,insufficient,insufficient,selected_date_calendar_sold_out,,,,missing_or_unclear,jalan_sold_out_excluded,false,false,true,sold_out_without_price,page_chrome_coupon_or_discount_evidence;tax_included_total_not_confirmed,,,/Users/gini/Documents/ZMI/zao-market-intelligence/.data/debug/auto-runner-market-refresh-rotating/20260625_100006/jalan/classification_decisions/yad325769_2027-01-10.json,zao_local_history_v1
2026-06-25|jalan|ペンション木いちご|yad325769|2027-01-30|2027-01-31|2_adults_1_room_1_night,41f7fe53f586a927a5322b4fd97a1ddad9f6171f95bb49fbb61d251c7a084579,2027_01,2026-06-25,2026-06-25T10:00:06+09:00,2026-06-25T10:00:06+09:00,jalan,AUTO-RUNNER10X,integrated_jalan_bounded_live,ペンション木いちご,国内旅行・海外旅行や宿・ホテルの宿泊予約はじゃらんnet　～日本最大級の宿・ホテル予約サイト～,true,yad325769,yad325769,2027-01-30,2027-01-31,1,2,1,0,JPY,ja,2_adults_1_room_1_night,sold_out,sold_out,,,missing_or_unclear,insufficient,insufficient,selected_date_calendar_sold_out,,,,missing_or_unclear,jalan_sold_out_excluded,false,false,true,sold_out_without_price,page_chrome_coupon_or_discount_evidence;tax_included_total_not_confirmed,,,/Users/gini/Documents/ZMI/zao-market-intelligence/.data/debug/auto-runner-market-refresh-rotating/20260625_100006/jalan/classification_decisions/yad325769_2027-01-30.json,zao_local_history_v1
2026-06-25|jalan|ペンション木いちご|yad325769|2027-01-09|2027-01-10|2_adults_1_room_1_night,b0c9c60f76f4e15768240add66a2ac415b420b1b95a81b8b809136c4682c2a2a,2027_01,2026-06-25,2026-06-25T12:00:05+09:00,2026-06-25T12:00:05+09:00,jalan,AUTO-RUNNER10X,integrated_jalan_bounded_live,ペンション木いちご,国内旅行・海外旅行や宿・ホテルの宿泊予約はじゃらんnet　～日本最大級の宿・ホテル予約サイト～,true,yad325769,yad325769,2027-01-09,2027-01-10,1,2,1,0,JPY,ja,2_adults_1_room_1_night,sold_out,sold_out,,,missing_or_unclear,insufficient,insufficient,selected_date_calendar_sold_out,,,,missing_or_unclear,jalan_sold_out_excluded,false,false,true,sold_out_without_price,page_chrome_coupon_or_discount_evidence;tax_included_total_not_confirmed,,,/Users/gini/Documents/ZMI/zao-market-intelligence/.data/debug/auto-runner-market-refresh-rotating/20260625_120005/jalan/classification_decisions/yad325769_2027-01-09.json,zao_local_history_v1
2026-06-25|jalan|ペンション木いちご|yad325769|2027-01-11|2027-01-12|2_adults_1_room_1_night,4da157435ef8e5afa6c33a9c8cc1a965d37aad984a74fa9d88368c90db6d0356,2027_01,2026-06-25,2026-06-25T12:00:05+09:00,2026-06-25T12:00:05+09:00,jalan,AUTO-RUNNER10X,integrated_jalan_bounded_live,ペンション木いちご,国内旅行・海外旅行や宿・ホテルの宿泊予約はじゃらんnet　～日本最大級の宿・ホテル予約サイト～,true,yad325769,yad325769,2027-01-11,2027-01-12,1,2,1,0,JPY,ja,2_adults_1_room_1_night,sold_out,sold_out,,,missing_or_unclear,insufficient,insufficient,selected_date_calendar_sold_out,,,,missing_or_unclear,jalan_sold_out_excluded,false,false,true,sold_out_without_price,page_chrome_coupon_or_discount_evidence;tax_included_total_not_confirmed,,,/Users/gini/Documents/ZMI/zao-market-intelligence/.data/debug/auto-runner-market-refresh-rotating/20260625_120005/jalan/classification_decisions/yad325769_2027-01-11.json,zao_local_history_v1
2026-06-25|jalan|ホテル喜らく|yad325153|2027-01-01|2027-01-02|2_adults_1_room_1_night,76b993b2b5d8deeb3bfef05e2088814794d884e4b4353f7cc8d5c12c692edba7,2027_01,2026-06-25,2026-06-25T16:00:06+09:00,2026-06-25T16:00:06+09:00,jalan,AUTO-RUNNER10X,integrated_jalan_bounded_live,ホテル喜らく,国内旅行・海外旅行や宿・ホテルの宿泊予約はじゃらんnet　～日本最大級の宿・ホテル予約サイト～,true,yad325153,yad325153,2027-01-01,2027-01-02,1,2,1,0,JPY,ja,2_adults_1_room_1_night,sold_out,sold_out,,,missing_or_unclear,insufficient,insufficient,selected_date_calendar_sold_out,,,,missing_or_unclear,jalan_sold_out_excluded,false,false,true,sold_out_without_price,page_chrome_coupon_or_discount_evidence;tax_included_total_not_confirmed,,,/Users/gini/Documents/ZMI/zao-market-intelligence/.data/debug/auto-runner-market-refresh-rotating/20260625_160005/jalan/classification_decisions/yad325153_2027-01-01.json,zao_local_history_v1
2026-06-25|jalan|ホテル喜らく|yad325153|2027-01-02|2027-01-03|2_adults_1_room_1_night,4d31933f873e7e53ffe048f5a4998e0d54b4f1cfc6e15b2d7fc8c9ac21b1b43f,2027_01,2026-06-25,2026-06-25T16:00:06+09:00,2026-06-25T16:00:06+09:00,jalan,AUTO-RUNNER10X,integrated_jalan_bounded_live,ホテル喜らく,国内旅行・海外旅行や宿・ホテルの宿泊予約はじゃらんnet　～日本最大級の宿・ホテル予約サイト～,true,yad325153,yad325153,2027-01-02,2027-01-03,1,2,1,0,JPY,ja,2_adults_1_room_1_night,sold_out,sold_out,,,missing_or_unclear,insufficient,insufficient,selected_date_calendar_sold_out,,,,missing_or_unclear,jalan_sold_out_excluded,false,false,true,sold_out_without_price,page_chrome_coupon_or_discount_evidence;tax_included_total_not_confirmed,,,/Users/gini/Documents/ZMI/zao-market-intelligence/.data/debug/auto-runner-market-refresh-rotating/20260625_160005/jalan/classification_decisions/yad325153_2027-01-02.json,zao_local_history_v1
2026-06-25|jalan|ペンション木いちご|yad325769|2027-01-16|2027-01-17|2_adults_1_room_1_night,b22b5a5ee384807b21922d274a2196614f8987de5739432e17f4be07fe331c1c,2027_01,2026-06-25,2026-06-25T16:00:06+09:00,2026-06-25T16:00:06+09:00,jalan,AUTO-RUNNER10X,integrated_jalan_bounded_live,ペンション木いちご,国内旅行・海外旅行や宿・ホテルの宿泊予約はじゃらんnet　～日本最大級の宿・ホテル予約サイト～,true,yad325769,yad325769,2027-01-16,2027-01-17,1,2,1,0,JPY,ja,2_adults_1_room_1_night,sold_out,sold_out,,,missing_or_unclear,insufficient,insufficient,selected_date_calendar_sold_out,,,,missing_or_unclear,jalan_sold_out_excluded,false,false,true,sold_out_without_price,page_chrome_coupon_or_discount_evidence;tax_included_total_not_confirmed,,,/Users/gini/Documents/ZMI/zao-market-intelligence/.data/debug/auto-runner-market-refresh-rotating/20260625_160005/jalan/classification_decisions/yad325769_2027-01-16.json,zao_local_history_v1
2026-06-25|jalan|ホテル喜らく|yad325153|2027-01-11|2027-01-12|2_adults_1_room_1_night,0dd2622db86f99b8a31f01a7adf3467a096d72fa689e8641d49dc203349c2e02,2027_01,2026-06-25,2026-06-25T18:00:06+09:00,2026-06-25T18:00:06+09:00,jalan,AUTO-RUNNER10X,integrated_jalan_bounded_live,ホテル喜らく,国内旅行・海外旅行や宿・ホテルの宿泊予約はじゃらんnet　～日本最大級の宿・ホテル予約サイト～,true,yad325153,yad325153,2027-01-11,2027-01-12,1,2,1,0,JPY,ja,2_adults_1_room_1_night,sold_out,sold_out,,,missing_or_unclear,insufficient,insufficient,selected_date_calendar_sold_out,,,,missing_or_unclear,jalan_sold_out_excluded,false,false,true,sold_out_without_price,page_chrome_coupon_or_discount_evidence;tax_included_total_not_confirmed,,,/Users/gini/Documents/ZMI/zao-market-intelligence/.data/debug/auto-runner-market-refresh-rotating/20260625_180006/jalan/classification_decisions/yad325153_2027-01-11.json,zao_local_history_v1
2026-06-25|jalan|ペンション木いちご|yad325769|2027-01-23|2027-01-24|2_adults_1_room_1_night,1c81db9f7d776f14a1ba08373e509e2668921f9eda7365c77c898754a81c437a,2027_01,2026-06-25,2026-06-25T18:00:06+09:00,2026-06-25T18:00:06+09:00,jalan,AUTO-RUNNER10X,integrated_jalan_bounded_live,ペンション木いちご,国内旅行・海外旅行や宿・ホテルの宿泊予約はじゃらんnet　～日本最大級の宿・ホテル予約サイト～,true,yad325769,yad325769,2027-01-23,2027-01-24,1,2,1,0,JPY,ja,2_adults_1_room_1_night,sold_out,sold_out,,,missing_or_unclear,insufficient,insufficient,selected_date_calendar_sold_out,,,,missing_or_unclear,jalan_sold_out_excluded,false,false,true,sold_out_without_price,page_chrome_coupon_or_discount_evidence;tax_included_total_not_confirmed,,,/Users/gini/Documents/ZMI/zao-market-intelligence/.data/debug/auto-runner-market-refresh-rotating/20260625_180006/jalan/classification_decisions/yad325769_2027-01-23.json,zao_local_history_v1
2026-06-25|jalan|ホテル喜らく|yad325153|2027-01-03|2027-01-04|2_adults_1_room_1_night,0f753c226f4f8dee37dc1be23eb6c6af43470bf430ceb988985aed37fbf5b0c4,2027_01,2026-06-25,2026-06-25T22:00:05+09:00,2026-06-25T22:00:05+09:00,jalan,AUTO-RUNNER10X,integrated_jalan_bounded_live,ホテル喜らく,国内旅行・海外旅行や宿・ホテルの宿泊予約はじゃらんnet　～日本最大級の宿・ホテル予約サイト～,true,yad325153,yad325153,2027-01-03,2027-01-04,1,2,1,0,JPY,ja,2_adults_1_room_1_night,sold_out,sold_out,,,missing_or_unclear,insufficient,insufficient,selected_date_calendar_sold_out,,,,missing_or_unclear,jalan_sold_out_excluded,false,false,true,sold_out_without_price,page_chrome_coupon_or_discount_evidence;tax_included_total_not_confirmed,,,/Users/gini/Documents/ZMI/zao-market-intelligence/.data/debug/auto-runner-market-refresh-rotating/20260625_220005/jalan/classification_decisions/yad325153_2027-01-03.json,zao_local_history_v1
2026-06-25|jalan|ホテル喜らく|yad325153|2027-01-16|2027-01-17|2_adults_1_room_1_night,128587351d96cc91a6a25e30e45914e780dfdfb30a6deb4bc6fd3e31ecce611c,2027_01,2026-06-25,2026-06-25T22:00:05+09:00,2026-06-25T22:00:05+09:00,jalan,AUTO-RUNNER10X,integrated_jalan_bounded_live,ホテル喜らく,国内旅行・海外旅行や宿・ホテルの宿泊予約はじゃらんnet　～日本最大級の宿・ホテル予約サイト～,true,yad325153,yad325153,2027-01-16,2027-01-17,1,2,1,0,JPY,ja,2_adults_1_room_1_night,sold_out,sold_out,,,missing_or_unclear,insufficient,insufficient,selected_date_calendar_sold_out,,,,missing_or_unclear,jalan_sold_out_excluded,false,false,true,sold_out_without_price,page_chrome_coupon_or_discount_evidence;tax_included_total_not_confirmed,,,/Users/gini/Documents/ZMI/zao-market-intelligence/.data/debug/auto-runner-market-refresh-rotating/20260625_220005/jalan/classification_decisions/yad325153_2027-01-16.json,zao_local_history_v1
2026-06-26|jalan|ホテル喜らく|yad325153|2027-01-09|2027-01-10|2_adults_1_room_1_night,ac96affd12e111a86cbe2b694ba81f6b0737afad3be2f9f6c12dbc16deea8a35,2027_01,2026-06-26,2026-06-26T00:00:01+09:00,2026-06-26T00:00:01+09:00,jalan,AUTO-RUNNER10X,integrated_jalan_bounded_live,ホテル喜らく,国内旅行・海外旅行や宿・ホテルの宿泊予約はじゃらんnet　～日本最大級の宿・ホテル予約サイト～,true,yad325153,yad325153,2027-01-09,2027-01-10,1,2,1,0,JPY,ja,2_adults_1_room_1_night,sold_out,sold_out,,,missing_or_unclear,insufficient,insufficient,selected_date_calendar_sold_out,,,,missing_or_unclear,jalan_sold_out_excluded,false,false,true,sold_out_without_price,page_chrome_coupon_or_discount_evidence;tax_included_total_not_confirmed,,,/Users/gini/Documents/ZMI/zao-market-intelligence/.data/debug/auto-runner-market-refresh-rotating/20260626_000001/jalan/classification_decisions/yad325153_2027-01-09.json,zao_local_history_v1
2026-06-26|jalan|ホテル喜らく|yad325153|2027-01-10|2027-01-11|2_adults_1_room_1_night,8676f4d21f7539076ec1389be0f73c6b051793e4c2c2805db1cbec07d8f0b941,2027_01,2026-06-26,2026-06-26T04:00:06+09:00,2026-06-26T04:00:06+09:00,jalan,AUTO-RUNNER10X,integrated_jalan_bounded_live,ホテル喜らく,国内旅行・海外旅行や宿・ホテルの宿泊予約はじゃらんnet　～日本最大級の宿・ホテル予約サイト～,true,yad325153,yad325153,2027-01-10,2027-01-11,1,2,1,0,JPY,ja,2_adults_1_room_1_night,sold_out,sold_out,,,missing_or_unclear,insufficient,insufficient,selected_date_calendar_sold_out,,,,missing_or_unclear,jalan_sold_out_excluded,false,false,true,sold_out_without_price,page_chrome_coupon_or_discount_evidence;tax_included_total_not_confirmed,,,/Users/gini/Documents/ZMI/zao-market-intelligence/.data/debug/auto-runner-market-refresh-rotating/20260626_040006/jalan/classification_decisions/yad325153_2027-01-10.json,zao_local_history_v1
2026-06-26|jalan|ホテル喜らく|yad325153|2027-01-23|2027-01-24|2_adults_1_room_1_night,4becf6b131d846b0b502d2ee1df6507ad30bd652345a2ccb89a6c2a937d8c5ce,2027_01,2026-06-26,2026-06-26T06:00:06+09:00,2026-06-26T06:00:06+09:00,jalan,AUTO-RUNNER10X,integrated_jalan_bounded_live,ホテル喜らく,国内旅行・海外旅行や宿・ホテルの宿泊予約はじゃらんnet　～日本最大級の宿・ホテル予約サイト～,true,yad325153,yad325153,2027-01-23,2027-01-24,1,2,1,0,JPY,ja,2_adults_1_room_1_night,sold_out,sold_out,,,missing_or_unclear,insufficient,insufficient,selected_date_calendar_sold_out,,,,missing_or_unclear,jalan_sold_out_excluded,false,false,true,sold_out_without_price,page_chrome_coupon_or_discount_evidence;tax_included_total_not_confirmed,,,/Users/gini/Documents/ZMI/zao-market-intelligence/.data/debug/auto-runner-market-refresh-rotating/20260626_060006/jalan/classification_decisions/yad325153_2027-01-23.json,zao_local_history_v1
2026-06-26|jalan|ペンション木いちご|yad325769|2027-01-01|2027-01-02|2_adults_1_room_1_night,abd274d50896aa516170ca5ef7072389b4849013097a1fb7e993ed32336b147c,2027_01,2026-06-26,2026-06-26T08:00:06+09:00,2026-06-26T08:00:06+09:00,jalan,AUTO-RUNNER10X,integrated_jalan_bounded_live,ペンション木いちご,国内旅行・海外旅行や宿・ホテルの宿泊予約はじゃらんnet　～日本最大級の宿・ホテル予約サイト～,true,yad325769,yad325769,2027-01-01,2027-01-02,1,2,1,0,JPY,ja,2_adults_1_room_1_night,sold_out,sold_out,,,missing_or_unclear,insufficient,insufficient,selected_date_calendar_sold_out,,,,missing_or_unclear,jalan_sold_out_excluded,false,false,true,sold_out_without_price,page_chrome_coupon_or_discount_evidence;tax_included_total_not_confirmed,,,/Users/gini/Documents/ZMI/zao-market-intelligence/.data/debug/auto-runner-market-refresh-rotating/20260626_080006/jalan/classification_decisions/yad325769_2027-01-01.json,zao_local_history_v1
2026-06-26|jalan|ペンション木いちご|yad325769|2027-01-02|2027-01-03|2_adults_1_room_1_night,a62495a7ac57309d18117ad1f042a14f12cc02856546201d8d24ed3654e35c1c,2027_01,2026-06-26,2026-06-26T08:00:06+09:00,2026-06-26T08:00:06+09:00,jalan,AUTO-RUNNER10X,integrated_jalan_bounded_live,ペンション木いちご,国内旅行・海外旅行や宿・ホテルの宿泊予約はじゃらんnet　～日本最大級の宿・ホテル予約サイト～,true,yad325769,yad325769,2027-01-02,2027-01-03,1,2,1,0,JPY,ja,2_adults_1_room_1_night,sold_out,sold_out,,,missing_or_unclear,insufficient,insufficient,selected_date_calendar_sold_out,,,,missing_or_unclear,jalan_sold_out_excluded,false,false,true,sold_out_without_price,page_chrome_coupon_or_discount_evidence;tax_included_total_not_confirmed,,,/Users/gini/Documents/ZMI/zao-market-intelligence/.data/debug/auto-runner-market-refresh-rotating/20260626_080006/jalan/classification_decisions/yad325769_2027-01-02.json,zao_local_history_v1
2026-06-26|jalan|ペンション木いちご|yad325769|2027-01-03|2027-01-04|2_adults_1_room_1_night,24cd9743b86a10cd95af97124a77791d7cfe32bd79baa3a3381e7cccee804b61,2027_01,2026-06-26,2026-06-26T10:00:06+09:00,2026-06-26T10:00:06+09:00,jalan,AUTO-RUNNER10X,integrated_jalan_bounded_live,ペンション木いちご,国内旅行・海外旅行や宿・ホテルの宿泊予約はじゃらんnet　～日本最大級の宿・ホテル予約サイト～,true,yad325769,yad325769,2027-01-03,2027-01-04,1,2,1,0,JPY,ja,2_adults_1_room_1_night,sold_out,sold_out,,,missing_or_unclear,insufficient,insufficient,selected_date_calendar_sold_out,,,,missing_or_unclear,jalan_sold_out_excluded,false,false,true,sold_out_without_price,page_chrome_coupon_or_discount_evidence;tax_included_total_not_confirmed,,,/Users/gini/Documents/ZMI/zao-market-intelligence/.data/debug/auto-runner-market-refresh-rotating/20260626_100006/jalan/classification_decisions/yad325769_2027-01-03.json,zao_local_history_v1
2026-06-26|jalan|ペンション木いちご|yad325769|2027-01-10|2027-01-11|2_adults_1_room_1_night,f71610f8f7ac313c0779738c31e81891f9f58c77f1fafd08818d2ca81d77045b,2027_01,2026-06-26,2026-06-26T10:00:06+09:00,2026-06-26T10:00:06+09:00,jalan,AUTO-RUNNER10X,integrated_jalan_bounded_live,ペンション木いちご,国内旅行・海外旅行や宿・ホテルの宿泊予約はじゃらんnet　～日本最大級の宿・ホテル予約サイト～,true,yad325769,yad325769,2027-01-10,2027-01-11,1,2,1,0,JPY,ja,2_adults_1_room_1_night,sold_out,sold_out,,,missing_or_unclear,insufficient,insufficient,selected_date_calendar_sold_out,,,,missing_or_unclear,jalan_sold_out_excluded,false,false,true,sold_out_without_price,page_chrome_coupon_or_discount_evidence;tax_included_total_not_confirmed,,,/Users/gini/Documents/ZMI/zao-market-intelligence/.data/debug/auto-runner-market-refresh-rotating/20260626_100006/jalan/classification_decisions/yad325769_2027-01-10.json,zao_local_history_v1
2026-06-26|jalan|ペンション木いちご|yad325769|2027-01-09|2027-01-10|2_adults_1_room_1_night,6381871f5fb728733aac1ebcbd0cbd33ca58a277475e46677963d8a243dcbbe6,2027_01,2026-06-26,2026-06-26T12:00:00+09:00,2026-06-26T12:00:00+09:00,jalan,AUTO-RUNNER10X,integrated_jalan_bounded_live,ペンション木いちご,国内旅行・海外旅行や宿・ホテルの宿泊予約はじゃらんnet　～日本最大級の宿・ホテル予約サイト～,true,yad325769,yad325769,2027-01-09,2027-01-10,1,2,1,0,JPY,ja,2_adults_1_room_1_night,sold_out,sold_out,,,missing_or_unclear,insufficient,insufficient,selected_date_calendar_sold_out,,,,missing_or_unclear,jalan_sold_out_excluded,false,false,true,sold_out_without_price,page_chrome_coupon_or_discount_evidence;tax_included_total_not_confirmed,,,/Users/gini/Documents/ZMI/zao-market-intelligence/.data/debug/auto-runner-market-refresh-rotating/20260626_120000/jalan/classification_decisions/yad325769_2027-01-09.json,zao_local_history_v1
2026-06-26|jalan|ペンション木いちご|yad325769|2027-01-11|2027-01-12|2_adults_1_room_1_night,430f134afe6e034a15fb7ef659c946fadfd69d557a6307d0d5f8fc8b4b3fd876,2027_01,2026-06-26,2026-06-26T12:00:00+09:00,2026-06-26T12:00:00+09:00,jalan,AUTO-RUNNER10X,integrated_jalan_bounded_live,ペンション木いちご,国内旅行・海外旅行や宿・ホテルの宿泊予約はじゃらんnet　～日本最大級の宿・ホテル予約サイト～,true,yad325769,yad325769,2027-01-11,2027-01-12,1,2,1,0,JPY,ja,2_adults_1_room_1_night,sold_out,sold_out,,,missing_or_unclear,insufficient,insufficient,selected_date_calendar_sold_out,,,,missing_or_unclear,jalan_sold_out_excluded,false,false,true,sold_out_without_price,page_chrome_coupon_or_discount_evidence;tax_included_total_not_confirmed,,,/Users/gini/Documents/ZMI/zao-market-intelligence/.data/debug/auto-runner-market-refresh-rotating/20260626_120000/jalan/classification_decisions/yad325769_2027-01-11.json,zao_local_history_v1
2026-06-26|jalan|ペンション木いちご|yad325769|2027-01-30|2027-01-31|2_adults_1_room_1_night,baece529c2277e23508abc8ce0d3c47f0b6ee879c8433c41e73130fa092c3f9c,2027_01,2026-06-26,2026-06-26T14:00:05+09:00,2026-06-26T14:00:05+09:00,jalan,AUTO-RUNNER10X,integrated_jalan_bounded_live,ペンション木いちご,国内旅行・海外旅行や宿・ホテルの宿泊予約はじゃらんnet　～日本最大級の宿・ホテル予約サイト～,true,yad325769,yad325769,2027-01-30,2027-01-31,1,2,1,0,JPY,ja,2_adults_1_room_1_night,sold_out,sold_out,,,missing_or_unclear,insufficient,insufficient,selected_date_calendar_sold_out,,,,missing_or_unclear,jalan_sold_out_excluded,false,false,true,sold_out_without_price,page_chrome_coupon_or_discount_evidence;tax_included_total_not_confirmed,,,/Users/gini/Documents/ZMI/zao-market-intelligence/.data/debug/auto-runner-market-refresh-rotating/20260626_140005/jalan/classification_decisions/yad325769_2027-01-30.json,zao_local_history_v1
2026-06-26|jalan|ペンション木いちご|yad325769|2027-01-16|2027-01-17|2_adults_1_room_1_night,dff3374aaf806c4c82c69232842b5eaeafad3fdd4a68363a4616b398d731fe57,2027_01,2026-06-26,2026-06-26T16:00:06+09:00,2026-06-26T16:00:06+09:00,jalan,AUTO-RUNNER10X,integrated_jalan_bounded_live,ペンション木いちご,国内旅行・海外旅行や宿・ホテルの宿泊予約はじゃらんnet　～日本最大級の宿・ホテル予約サイト～,true,yad325769,yad325769,2027-01-16,2027-01-17,1,2,1,0,JPY,ja,2_adults_1_room_1_night,sold_out,sold_out,,,missing_or_unclear,insufficient,insufficient,selected_date_calendar_sold_out,,,,missing_or_unclear,jalan_sold_out_excluded,false,false,true,sold_out_without_price,page_chrome_coupon_or_discount_evidence;tax_included_total_not_confirmed,,,/Users/gini/Documents/ZMI/zao-market-intelligence/.data/debug/auto-runner-market-refresh-rotating/20260626_160006/jalan/classification_decisions/yad325769_2027-01-16.json,zao_local_history_v1
2026-06-26|jalan|ホテル喜らく|yad325153|2027-01-01|2027-01-02|2_adults_1_room_1_night,fc4f9d57a723cfb79441c8a14800a0153152e135079faee4da79bc741fb39827,2027_01,2026-06-26,2026-06-26T18:00:06+09:00,2026-06-26T18:00:06+09:00,jalan,AUTO-RUNNER10X,integrated_jalan_bounded_live,ホテル喜らく,国内旅行・海外旅行や宿・ホテルの宿泊予約はじゃらんnet　～日本最大級の宿・ホテル予約サイト～,true,yad325153,yad325153,2027-01-01,2027-01-02,1,2,1,0,JPY,ja,2_adults_1_room_1_night,sold_out,sold_out,,,missing_or_unclear,insufficient,insufficient,selected_date_calendar_sold_out,,,,missing_or_unclear,jalan_sold_out_excluded,false,false,true,sold_out_without_price,page_chrome_coupon_or_discount_evidence;tax_included_total_not_confirmed,,,/Users/gini/Documents/ZMI/zao-market-intelligence/.data/debug/auto-runner-market-refresh-rotating/20260626_180006/jalan/classification_decisions/yad325153_2027-01-01.json,zao_local_history_v1
2026-06-26|jalan|ホテル喜らく|yad325153|2027-01-02|2027-01-03|2_adults_1_room_1_night,e587cbbadf9ac23b31cf58102ada9a9967dd6fced5fd43a5d63138d3c151b571,2027_01,2026-06-26,2026-06-26T20:00:06+09:00,2026-06-26T20:00:06+09:00,jalan,AUTO-RUNNER10X,integrated_jalan_bounded_live,ホテル喜らく,国内旅行・海外旅行や宿・ホテルの宿泊予約はじゃらんnet　～日本最大級の宿・ホテル予約サイト～,true,yad325153,yad325153,2027-01-02,2027-01-03,1,2,1,0,JPY,ja,2_adults_1_room_1_night,sold_out,sold_out,,,missing_or_unclear,insufficient,insufficient,selected_date_calendar_sold_out,,,,missing_or_unclear,jalan_sold_out_excluded,false,false,true,sold_out_without_price,page_chrome_coupon_or_discount_evidence;tax_included_total_not_confirmed,,,/Users/gini/Documents/ZMI/zao-market-intelligence/.data/debug/auto-runner-market-refresh-rotating/20260626_200006/jalan/classification_decisions/yad325153_2027-01-02.json,zao_local_history_v1
2026-06-26|jalan|ペンション木いちご|yad325769|2027-01-23|2027-01-24|2_adults_1_room_1_night,bae7fd83c80fb839e8839455a9a85ce3cf6c5d5f32e8508a2463067f870af179,2027_01,2026-06-26,2026-06-26T20:00:06+09:00,2026-06-26T20:00:06+09:00,jalan,AUTO-RUNNER10X,integrated_jalan_bounded_live,ペンション木いちご,国内旅行・海外旅行や宿・ホテルの宿泊予約はじゃらんnet　～日本最大級の宿・ホテル予約サイト～,true,yad325769,yad325769,2027-01-23,2027-01-24,1,2,1,0,JPY,ja,2_adults_1_room_1_night,sold_out,sold_out,,,missing_or_unclear,insufficient,insufficient,selected_date_calendar_sold_out,,,,missing_or_unclear,jalan_sold_out_excluded,false,false,true,sold_out_without_price,page_chrome_coupon_or_discount_evidence;tax_included_total_not_confirmed,,,/Users/gini/Documents/ZMI/zao-market-intelligence/.data/debug/auto-runner-market-refresh-rotating/20260626_200006/jalan/classification_decisions/yad325769_2027-01-23.json,zao_local_history_v1
2026-06-26|jalan|ホテル喜らく|yad325153|2027-01-03|2027-01-04|2_adults_1_room_1_night,5b9386fcf7076d0771261cd2a0df5967128a9b522ab52d2342383ca16d212413,2027_01,2026-06-26,2026-06-26T22:00:05+09:00,2026-06-26T22:00:05+09:00,jalan,AUTO-RUNNER10X,integrated_jalan_bounded_live,ホテル喜らく,国内旅行・海外旅行や宿・ホテルの宿泊予約はじゃらんnet　～日本最大級の宿・ホテル予約サイト～,true,yad325153,yad325153,2027-01-03,2027-01-04,1,2,1,0,JPY,ja,2_adults_1_room_1_night,sold_out,sold_out,,,missing_or_unclear,insufficient,insufficient,selected_date_calendar_sold_out,,,,missing_or_unclear,jalan_sold_out_excluded,false,false,true,sold_out_without_price,page_chrome_coupon_or_discount_evidence;tax_included_total_not_confirmed,,,/Users/gini/Documents/ZMI/zao-market-intelligence/.data/debug/auto-runner-market-refresh-rotating/20260626_220005/jalan/classification_decisions/yad325153_2027-01-03.json,zao_local_history_v1
2026-06-27|jalan|ホテル喜らく|yad325153|2027-01-09|2027-01-10|2_adults_1_room_1_night,02d18b10b69f20031ff60b53dc73672f69716bb3fbe59c276c5bf1c6bcd1f2fb,2027_01,2026-06-27,2026-06-27T00:00:01+09:00,2026-06-27T00:00:01+09:00,jalan,AUTO-RUNNER10X,integrated_jalan_bounded_live,ホテル喜らく,国内旅行・海外旅行や宿・ホテルの宿泊予約はじゃらんnet　～日本最大級の宿・ホテル予約サイト～,true,yad325153,yad325153,2027-01-09,2027-01-10,1,2,1,0,JPY,ja,2_adults_1_room_1_night,sold_out,sold_out,,,missing_or_unclear,insufficient,insufficient,selected_date_calendar_sold_out,,,,missing_or_unclear,jalan_sold_out_excluded,false,false,true,sold_out_without_price,page_chrome_coupon_or_discount_evidence;tax_included_total_not_confirmed,,,/Users/gini/Documents/ZMI/zao-market-intelligence/.data/debug/auto-runner-market-refresh-rotating/20260627_000001/jalan/classification_decisions/yad325153_2027-01-09.json,zao_local_history_v1
2026-06-27|jalan|ホテル喜らく|yad325153|2027-01-10|2027-01-11|2_adults_1_room_1_night,aaaf863401c04fedeaf6704b107214f034e59e0424779f76879bbd41c3656de8,2027_01,2026-06-27,2026-06-27T06:00:06+09:00,2026-06-27T06:00:06+09:00,jalan,AUTO-RUNNER10X,integrated_jalan_bounded_live,ホテル喜らく,国内旅行・海外旅行や宿・ホテルの宿泊予約はじゃらんnet　～日本最大級の宿・ホテル予約サイト～,true,yad325153,yad325153,2027-01-10,2027-01-11,1,2,1,0,JPY,ja,2_adults_1_room_1_night,sold_out,sold_out,,,missing_or_unclear,insufficient,insufficient,selected_date_calendar_sold_out,,,,missing_or_unclear,jalan_sold_out_excluded,false,false,true,sold_out_without_price,page_chrome_coupon_or_discount_evidence;tax_included_total_not_confirmed,,,/Users/gini/Documents/ZMI/zao-market-intelligence/.data/debug/auto-runner-market-refresh-rotating/20260627_060006/jalan/classification_decisions/yad325153_2027-01-10.json,zao_local_history_v1
2026-06-27|jalan|ペンション木いちご|yad325769|2027-01-01|2027-01-02|2_adults_1_room_1_night,40c3fead121f8e6fca86af37de1c7f5bce98602662344b087f26a71a4773d374,2027_01,2026-06-27,2026-06-27T10:00:05+09:00,2026-06-27T10:00:05+09:00,jalan,AUTO-RUNNER10X,integrated_jalan_bounded_live,ペンション木いちご,国内旅行・海外旅行や宿・ホテルの宿泊予約はじゃらんnet　～日本最大級の宿・ホテル予約サイト～,true,yad325769,yad325769,2027-01-01,2027-01-02,1,2,1,0,JPY,ja,2_adults_1_room_1_night,sold_out,sold_out,,,missing_or_unclear,insufficient,insufficient,selected_date_calendar_sold_out,,,,missing_or_unclear,jalan_sold_out_excluded,false,false,true,sold_out_without_price,page_chrome_coupon_or_discount_evidence;tax_included_total_not_confirmed,,,/Users/gini/Documents/ZMI/zao-market-intelligence/.data/debug/auto-runner-market-refresh-rotating/20260627_100005/jalan/classification_decisions/yad325769_2027-01-01.json,zao_local_history_v1
2026-06-27|jalan|ペンション木いちご|yad325769|2027-01-02|2027-01-03|2_adults_1_room_1_night,57ee574e15fc05d297bf28f63056b0cd82c6820b1caf54db3d5b6c8bc4c27814,2027_01,2026-06-27,2026-06-27T10:00:05+09:00,2026-06-27T10:00:05+09:00,jalan,AUTO-RUNNER10X,integrated_jalan_bounded_live,ペンション木いちご,国内旅行・海外旅行や宿・ホテルの宿泊予約はじゃらんnet　～日本最大級の宿・ホテル予約サイト～,true,yad325769,yad325769,2027-01-02,2027-01-03,1,2,1,0,JPY,ja,2_adults_1_room_1_night,sold_out,sold_out,,,missing_or_unclear,insufficient,insufficient,selected_date_calendar_sold_out,,,,missing_or_unclear,jalan_sold_out_excluded,false,false,true,sold_out_without_price,page_chrome_coupon_or_discount_evidence;tax_included_total_not_confirmed,,,/Users/gini/Documents/ZMI/zao-market-intelligence/.data/debug/auto-runner-market-refresh-rotating/20260627_100005/jalan/classification_decisions/yad325769_2027-01-02.json,zao_local_history_v1
2026-06-27|jalan|ホテル喜らく|yad325153|2027-01-11|2027-01-12|2_adults_1_room_1_night,3a657af3f0cb08646373d8ffc18f3bde6cf976fb7f051363e5dc1d4269b3fc62,2027_01,2026-06-27,2026-06-27T12:00:06+09:00,2026-06-27T12:00:06+09:00,jalan,AUTO-RUNNER10X,integrated_jalan_bounded_live,ホテル喜らく,国内旅行・海外旅行や宿・ホテルの宿泊予約はじゃらんnet　～日本最大級の宿・ホテル予約サイト～,true,yad325153,yad325153,2027-01-11,2027-01-12,1,2,1,0,JPY,ja,2_adults_1_room_1_night,sold_out,sold_out,,,missing_or_unclear,insufficient,insufficient,selected_date_calendar_sold_out,,,,missing_or_unclear,jalan_sold_out_excluded,false,false,true,sold_out_without_price,page_chrome_coupon_or_discount_evidence;tax_included_total_not_confirmed,,,/Users/gini/Documents/ZMI/zao-market-intelligence/.data/debug/auto-runner-market-refresh-rotating/20260627_120006/jalan/classification_decisions/yad325153_2027-01-11.json,zao_local_history_v1
2026-06-27|jalan|ペンション木いちご|yad325769|2027-01-03|2027-01-04|2_adults_1_room_1_night,2a8404636c403d3abab43d0a6e0034104ec7bac4186f47c9fa31e010408d9d6c,2027_01,2026-06-27,2026-06-27T12:00:06+09:00,2026-06-27T12:00:06+09:00,jalan,AUTO-RUNNER10X,integrated_jalan_bounded_live,ペンション木いちご,国内旅行・海外旅行や宿・ホテルの宿泊予約はじゃらんnet　～日本最大級の宿・ホテル予約サイト～,true,yad325769,yad325769,2027-01-03,2027-01-04,1,2,1,0,JPY,ja,2_adults_1_room_1_night,sold_out,sold_out,,,missing_or_unclear,insufficient,insufficient,selected_date_calendar_sold_out,,,,missing_or_unclear,jalan_sold_out_excluded,false,false,true,sold_out_without_price,page_chrome_coupon_or_discount_evidence;tax_included_total_not_confirmed,,,/Users/gini/Documents/ZMI/zao-market-intelligence/.data/debug/auto-runner-market-refresh-rotating/20260627_120006/jalan/classification_decisions/yad325769_2027-01-03.json,zao_local_history_v1
2026-06-27|jalan|ペンション木いちご|yad325769|2027-01-09|2027-01-10|2_adults_1_room_1_night,b676a557bc913b1ead82758b6ba3c6f40973b189d497277031e97ba8a5ec71d4,2027_01,2026-06-27,2026-06-27T12:00:06+09:00,2026-06-27T12:00:06+09:00,jalan,AUTO-RUNNER10X,integrated_jalan_bounded_live,ペンション木いちご,国内旅行・海外旅行や宿・ホテルの宿泊予約はじゃらんnet　～日本最大級の宿・ホテル予約サイト～,true,yad325769,yad325769,2027-01-09,2027-01-10,1,2,1,0,JPY,ja,2_adults_1_room_1_night,sold_out,sold_out,,,missing_or_unclear,insufficient,insufficient,selected_date_calendar_sold_out,,,,missing_or_unclear,jalan_sold_out_excluded,false,false,true,sold_out_without_price,page_chrome_coupon_or_discount_evidence;tax_included_total_not_confirmed,,,/Users/gini/Documents/ZMI/zao-market-intelligence/.data/debug/auto-runner-market-refresh-rotating/20260627_120006/jalan/classification_decisions/yad325769_2027-01-09.json,zao_local_history_v1
2026-06-27|jalan|ペンション木いちご|yad325769|2027-01-10|2027-01-11|2_adults_1_room_1_night,353a11bf3e61e87de9637751ed03568b512798b3066d535ff02519babef4dafb,2027_01,2026-06-27,2026-06-27T14:00:06+09:00,2026-06-27T14:00:06+09:00,jalan,AUTO-RUNNER10X,integrated_jalan_bounded_live,ペンション木いちご,国内旅行・海外旅行や宿・ホテルの宿泊予約はじゃらんnet　～日本最大級の宿・ホテル予約サイト～,true,yad325769,yad325769,2027-01-10,2027-01-11,1,2,1,0,JPY,ja,2_adults_1_room_1_night,sold_out,sold_out,,,missing_or_unclear,insufficient,insufficient,selected_date_calendar_sold_out,,,,missing_or_unclear,jalan_sold_out_excluded,false,false,true,sold_out_without_price,page_chrome_coupon_or_discount_evidence;tax_included_total_not_confirmed,,,/Users/gini/Documents/ZMI/zao-market-intelligence/.data/debug/auto-runner-market-refresh-rotating/20260627_140006/jalan/classification_decisions/yad325769_2027-01-10.json,zao_local_history_v1
2026-06-27|jalan|ペンション木いちご|yad325769|2027-01-11|2027-01-12|2_adults_1_room_1_night,cb5823695084baca30dffb61b9a9a81c417296f05eb7926e05b22345d514f0ad,2027_01,2026-06-27,2026-06-27T14:00:06+09:00,2026-06-27T14:00:06+09:00,jalan,AUTO-RUNNER10X,integrated_jalan_bounded_live,ペンション木いちご,国内旅行・海外旅行や宿・ホテルの宿泊予約はじゃらんnet　～日本最大級の宿・ホテル予約サイト～,true,yad325769,yad325769,2027-01-11,2027-01-12,1,2,1,0,JPY,ja,2_adults_1_room_1_night,sold_out,sold_out,,,missing_or_unclear,insufficient,insufficient,selected_date_calendar_sold_out,,,,missing_or_unclear,jalan_sold_out_excluded,false,false,true,sold_out_without_price,page_chrome_coupon_or_discount_evidence;tax_included_total_not_confirmed,,,/Users/gini/Documents/ZMI/zao-market-intelligence/.data/debug/auto-runner-market-refresh-rotating/20260627_140006/jalan/classification_decisions/yad325769_2027-01-11.json,zao_local_history_v1
2026-06-27|jalan|ペンション木いちご|yad325769|2027-01-16|2027-01-17|2_adults_1_room_1_night,be8ae134a30a9dc1a5a8436656b4c69953746d8f4f4b200eee3b1216441163a8,2027_01,2026-06-27,2026-06-27T16:00:06+09:00,2026-06-27T16:00:06+09:00,jalan,AUTO-RUNNER10X,integrated_jalan_bounded_live,ペンション木いちご,国内旅行・海外旅行や宿・ホテルの宿泊予約はじゃらんnet　～日本最大級の宿・ホテル予約サイト～,true,yad325769,yad325769,2027-01-16,2027-01-17,1,2,1,0,JPY,ja,2_adults_1_room_1_night,sold_out,sold_out,,,missing_or_unclear,insufficient,insufficient,selected_date_calendar_sold_out,,,,missing_or_unclear,jalan_sold_out_excluded,false,false,true,sold_out_without_price,page_chrome_coupon_or_discount_evidence;tax_included_total_not_confirmed,,,/Users/gini/Documents/ZMI/zao-market-intelligence/.data/debug/auto-runner-market-refresh-rotating/20260627_160006/jalan/classification_decisions/yad325769_2027-01-16.json,zao_local_history_v1
2026-06-27|jalan|ホテル喜らく|yad325153|2027-01-01|2027-01-02|2_adults_1_room_1_night,864ac3984cf367d4cbf0a82ab2df4d42c1eb9a168a3751f8400ce250640acb87,2027_01,2026-06-27,2026-06-27T20:00:06+09:00,2026-06-27T20:00:06+09:00,jalan,AUTO-RUNNER10X,integrated_jalan_bounded_live,ホテル喜らく,国内旅行・海外旅行や宿・ホテルの宿泊予約はじゃらんnet　～日本最大級の宿・ホテル予約サイト～,true,yad325153,yad325153,2027-01-01,2027-01-02,1,2,1,0,JPY,ja,2_adults_1_room_1_night,sold_out,sold_out,,,missing_or_unclear,insufficient,insufficient,selected_date_calendar_sold_out,,,,missing_or_unclear,jalan_sold_out_excluded,false,false,true,sold_out_without_price,page_chrome_coupon_or_discount_evidence;tax_included_total_not_confirmed,,,/Users/gini/Documents/ZMI/zao-market-intelligence/.data/debug/auto-runner-market-refresh-rotating/20260627_200005/jalan/classification_decisions/yad325153_2027-01-01.json,zao_local_history_v1
2026-06-27|jalan|ペンション木いちご|yad325769|2027-01-23|2027-01-24|2_adults_1_room_1_night,ba0e8ed1d3a278cf2bfff4ec72d334e1d160f9f2ff8f165c9a1f695b54cf253b,2027_01,2026-06-27,2026-06-27T20:00:06+09:00,2026-06-27T20:00:06+09:00,jalan,AUTO-RUNNER10X,integrated_jalan_bounded_live,ペンション木いちご,国内旅行・海外旅行や宿・ホテルの宿泊予約はじゃらんnet　～日本最大級の宿・ホテル予約サイト～,true,yad325769,yad325769,2027-01-23,2027-01-24,1,2,1,0,JPY,ja,2_adults_1_room_1_night,sold_out,sold_out,,,missing_or_unclear,insufficient,insufficient,selected_date_calendar_sold_out,,,,missing_or_unclear,jalan_sold_out_excluded,false,false,true,sold_out_without_price,page_chrome_coupon_or_discount_evidence;tax_included_total_not_confirmed,,,/Users/gini/Documents/ZMI/zao-market-intelligence/.data/debug/auto-runner-market-refresh-rotating/20260627_200005/jalan/classification_decisions/yad325769_2027-01-23.json,zao_local_history_v1
2026-06-27|jalan|ホテル喜らく|yad325153|2027-01-02|2027-01-03|2_adults_1_room_1_night,c4b71d533ace370ae5103c866bd1b85e1d2fbc900780993ea48bbe6b6a4ae713,2027_01,2026-06-27,2026-06-27T22:00:05+09:00,2026-06-27T22:00:05+09:00,jalan,AUTO-RUNNER10X,integrated_jalan_bounded_live,ホテル喜らく,国内旅行・海外旅行や宿・ホテルの宿泊予約はじゃらんnet　～日本最大級の宿・ホテル予約サイト～,true,yad325153,yad325153,2027-01-02,2027-01-03,1,2,1,0,JPY,ja,2_adults_1_room_1_night,sold_out,sold_out,,,missing_or_unclear,insufficient,insufficient,selected_date_calendar_sold_out,,,,missing_or_unclear,jalan_sold_out_excluded,false,false,true,sold_out_without_price,page_chrome_coupon_or_discount_evidence;tax_included_total_not_confirmed,,,/Users/gini/Documents/ZMI/zao-market-intelligence/.data/debug/auto-runner-market-refresh-rotating/20260627_220005/jalan/classification_decisions/yad325153_2027-01-02.json,zao_local_history_v1
2026-06-27|jalan|ペンション木いちご|yad325769|2027-01-30|2027-01-31|2_adults_1_room_1_night,2a8c8c3dec637e126f85b3929c78f11e70827091c8882c5114d1de8c7d597583,2027_01,2026-06-27,2026-06-27T22:00:05+09:00,2026-06-27T22:00:05+09:00,jalan,AUTO-RUNNER10X,integrated_jalan_bounded_live,ペンション木いちご,国内旅行・海外旅行や宿・ホテルの宿泊予約はじゃらんnet　～日本最大級の宿・ホテル予約サイト～,true,yad325769,yad325769,2027-01-30,2027-01-31,1,2,1,0,JPY,ja,2_adults_1_room_1_night,sold_out,sold_out,,,missing_or_unclear,insufficient,insufficient,selected_date_calendar_sold_out,,,,missing_or_unclear,jalan_sold_out_excluded,false,false,true,sold_out_without_price,page_chrome_coupon_or_discount_evidence;tax_included_total_not_confirmed,,,/Users/gini/Documents/ZMI/zao-market-intelligence/.data/debug/auto-runner-market-refresh-rotating/20260627_220005/jalan/classification_decisions/yad325769_2027-01-30.json,zao_local_history_v1
2026-06-28|jalan|ホテル喜らく|yad325153|2027-01-03|2027-01-04|2_adults_1_room_1_night,a13908272440862ba7f5a99dbde8a5063403d285bcbfe304733294da4f7a24dc,2027_01,2026-06-28,2026-06-28T00:00:07+09:00,2026-06-28T00:00:07+09:00,jalan,AUTO-RUNNER10X,integrated_jalan_bounded_live,ホテル喜らく,国内旅行・海外旅行や宿・ホテルの宿泊予約はじゃらんnet　～日本最大級の宿・ホテル予約サイト～,true,yad325153,yad325153,2027-01-03,2027-01-04,1,2,1,0,JPY,ja,2_adults_1_room_1_night,sold_out,sold_out,,,missing_or_unclear,insufficient,insufficient,selected_date_calendar_sold_out,,,,missing_or_unclear,jalan_sold_out_excluded,false,false,true,sold_out_without_price,page_chrome_coupon_or_discount_evidence;tax_included_total_not_confirmed,,,/Users/gini/Documents/ZMI/zao-market-intelligence/.data/debug/auto-runner-market-refresh-rotating/20260628_000006/jalan/classification_decisions/yad325153_2027-01-03.json,zao_local_history_v1
2026-06-28|jalan|ホテル喜らく|yad325153|2027-01-09|2027-01-10|2_adults_1_room_1_night,ff6ab8163b8d28242fcefa89ca24c577fa760e10dd8cb55e1819ec0b8952ecc4,2027_01,2026-06-28,2026-06-28T02:00:05+09:00,2026-06-28T02:00:05+09:00,jalan,AUTO-RUNNER10X,integrated_jalan_bounded_live,ホテル喜らく,国内旅行・海外旅行や宿・ホテルの宿泊予約はじゃらんnet　～日本最大級の宿・ホテル予約サイト～,true,yad325153,yad325153,2027-01-09,2027-01-10,1,2,1,0,JPY,ja,2_adults_1_room_1_night,sold_out,sold_out,,,missing_or_unclear,insufficient,insufficient,selected_date_calendar_sold_out,,,,missing_or_unclear,jalan_sold_out_excluded,false,false,true,sold_out_without_price,page_chrome_coupon_or_discount_evidence;tax_included_total_not_confirmed,,,/Users/gini/Documents/ZMI/zao-market-intelligence/.data/debug/auto-runner-market-refresh-rotating/20260628_020005/jalan/classification_decisions/yad325153_2027-01-09.json,zao_local_history_v1
2026-06-28|jalan|ホテル喜らく|yad325153|2027-01-10|2027-01-11|2_adults_1_room_1_night,4b0e4d2f6236cdef556c6d143f36345ad7e017feb45b4af6cce4dd121b251b3d,2027_01,2026-06-28,2026-06-28T06:00:05+09:00,2026-06-28T06:00:05+09:00,jalan,AUTO-RUNNER10X,integrated_jalan_bounded_live,ホテル喜らく,国内旅行・海外旅行や宿・ホテルの宿泊予約はじゃらんnet　～日本最大級の宿・ホテル予約サイト～,true,yad325153,yad325153,2027-01-10,2027-01-11,1,2,1,0,JPY,ja,2_adults_1_room_1_night,sold_out,sold_out,,,missing_or_unclear,insufficient,insufficient,selected_date_calendar_sold_out,,,,missing_or_unclear,jalan_sold_out_excluded,false,false,true,sold_out_without_price,page_chrome_coupon_or_discount_evidence;tax_included_total_not_confirmed,,,/Users/gini/Documents/ZMI/zao-market-intelligence/.data/debug/auto-runner-market-refresh-rotating/20260628_060005/jalan/classification_decisions/yad325153_2027-01-10.json,zao_local_history_v1
2026-06-28|jalan|ペンション木いちご|yad325769|2027-01-01|2027-01-02|2_adults_1_room_1_night,207766ec7c04e1d1f0bdfb609ce9bb78c8d8c6085a39da958497e99d832eac15,2027_01,2026-06-28,2026-06-28T10:00:05+09:00,2026-06-28T10:00:05+09:00,jalan,AUTO-RUNNER10X,integrated_jalan_bounded_live,ペンション木いちご,国内旅行・海外旅行や宿・ホテルの宿泊予約はじゃらんnet　～日本最大級の宿・ホテル予約サイト～,true,yad325769,yad325769,2027-01-01,2027-01-02,1,2,1,0,JPY,ja,2_adults_1_room_1_night,sold_out,sold_out,,,missing_or_unclear,insufficient,insufficient,selected_date_calendar_sold_out,,,,missing_or_unclear,jalan_sold_out_excluded,false,false,true,sold_out_without_price,page_chrome_coupon_or_discount_evidence;tax_included_total_not_confirmed,,,/Users/gini/Documents/ZMI/zao-market-intelligence/.data/debug/auto-runner-market-refresh-rotating/20260628_100005/jalan/classification_decisions/yad325769_2027-01-01.json,zao_local_history_v1
2026-06-28|jalan|ホテル喜らく|yad325153|2027-01-11|2027-01-12|2_adults_1_room_1_night,a91f5819e584ee0e054871bce8bc9f4514d4b4194037f46bd7f080928ab922a9,2027_01,2026-06-28,2026-06-28T12:00:05+09:00,2026-06-28T12:00:05+09:00,jalan,AUTO-RUNNER10X,integrated_jalan_bounded_live,ホテル喜らく,国内旅行・海外旅行や宿・ホテルの宿泊予約はじゃらんnet　～日本最大級の宿・ホテル予約サイト～,true,yad325153,yad325153,2027-01-11,2027-01-12,1,2,1,0,JPY,ja,2_adults_1_room_1_night,sold_out,sold_out,,,missing_or_unclear,insufficient,insufficient,selected_date_calendar_sold_out,,,,missing_or_unclear,jalan_sold_out_excluded,false,false,true,sold_out_without_price,page_chrome_coupon_or_discount_evidence;tax_included_total_not_confirmed,,,/Users/gini/Documents/ZMI/zao-market-intelligence/.data/debug/auto-runner-market-refresh-rotating/20260628_120005/jalan/classification_decisions/yad325153_2027-01-11.json,zao_local_history_v1
2026-06-28|jalan|ペンション木いちご|yad325769|2027-01-02|2027-01-03|2_adults_1_room_1_night,c3c6d60344dfa8316ab438477067d57a8142b44256104336e3d3ba7efcd59e2f,2027_01,2026-06-28,2026-06-28T12:00:05+09:00,2026-06-28T12:00:05+09:00,jalan,AUTO-RUNNER10X,integrated_jalan_bounded_live,ペンション木いちご,国内旅行・海外旅行や宿・ホテルの宿泊予約はじゃらんnet　～日本最大級の宿・ホテル予約サイト～,true,yad325769,yad325769,2027-01-02,2027-01-03,1,2,1,0,JPY,ja,2_adults_1_room_1_night,sold_out,sold_out,,,missing_or_unclear,insufficient,insufficient,selected_date_calendar_sold_out,,,,missing_or_unclear,jalan_sold_out_excluded,false,false,true,sold_out_without_price,page_chrome_coupon_or_discount_evidence;tax_included_total_not_confirmed,,,/Users/gini/Documents/ZMI/zao-market-intelligence/.data/debug/auto-runner-market-refresh-rotating/20260628_120005/jalan/classification_decisions/yad325769_2027-01-02.json,zao_local_history_v1
2026-06-28|jalan|ペンション木いちご|yad325769|2027-01-03|2027-01-04|2_adults_1_room_1_night,9b84db18b67cef05454c6b3ddf8a005e5ea9e9b96fc6d283afc7b4d24e49b413,2027_01,2026-06-28,2026-06-28T12:00:05+09:00,2026-06-28T12:00:05+09:00,jalan,AUTO-RUNNER10X,integrated_jalan_bounded_live,ペンション木いちご,国内旅行・海外旅行や宿・ホテルの宿泊予約はじゃらんnet　～日本最大級の宿・ホテル予約サイト～,true,yad325769,yad325769,2027-01-03,2027-01-04,1,2,1,0,JPY,ja,2_adults_1_room_1_night,sold_out,sold_out,,,missing_or_unclear,insufficient,insufficient,selected_date_calendar_sold_out,,,,missing_or_unclear,jalan_sold_out_excluded,false,false,true,sold_out_without_price,page_chrome_coupon_or_discount_evidence;tax_included_total_not_confirmed,,,/Users/gini/Documents/ZMI/zao-market-intelligence/.data/debug/auto-runner-market-refresh-rotating/20260628_120005/jalan/classification_decisions/yad325769_2027-01-03.json,zao_local_history_v1
2026-06-28|jalan|ホテル喜らく|yad325153|2027-01-16|2027-01-17|2_adults_1_room_1_night,6f7719a197de456d0682b85985216f78533a26f0e6849a6f9a3fb09a7a206a9a,2027_01,2026-06-28,2026-06-28T14:00:06+09:00,2026-06-28T14:00:06+09:00,jalan,AUTO-RUNNER10X,integrated_jalan_bounded_live,ホテル喜らく,国内旅行・海外旅行や宿・ホテルの宿泊予約はじゃらんnet　～日本最大級の宿・ホテル予約サイト～,true,yad325153,yad325153,2027-01-16,2027-01-17,1,2,1,0,JPY,ja,2_adults_1_room_1_night,sold_out,sold_out,,,missing_or_unclear,insufficient,insufficient,selected_date_calendar_sold_out,,,,missing_or_unclear,jalan_sold_out_excluded,false,false,true,sold_out_without_price,page_chrome_coupon_or_discount_evidence;tax_included_total_not_confirmed,,,/Users/gini/Documents/ZMI/zao-market-intelligence/.data/debug/auto-runner-market-refresh-rotating/20260628_140006/jalan/classification_decisions/yad325153_2027-01-16.json,zao_local_history_v1
2026-06-28|jalan|ペンション木いちご|yad325769|2027-01-09|2027-01-10|2_adults_1_room_1_night,88476d5085591e0a16865ba3dc71445b308a9b9fbd43a7814504a1fd38fd855d,2027_01,2026-06-28,2026-06-28T14:00:06+09:00,2026-06-28T14:00:06+09:00,jalan,AUTO-RUNNER10X,integrated_jalan_bounded_live,ペンション木いちご,国内旅行・海外旅行や宿・ホテルの宿泊予約はじゃらんnet　～日本最大級の宿・ホテル予約サイト～,true,yad325769,yad325769,2027-01-09,2027-01-10,1,2,1,0,JPY,ja,2_adults_1_room_1_night,sold_out,sold_out,,,missing_or_unclear,insufficient,insufficient,selected_date_calendar_sold_out,,,,missing_or_unclear,jalan_sold_out_excluded,false,false,true,sold_out_without_price,page_chrome_coupon_or_discount_evidence;tax_included_total_not_confirmed,,,/Users/gini/Documents/ZMI/zao-market-intelligence/.data/debug/auto-runner-market-refresh-rotating/20260628_140006/jalan/classification_decisions/yad325769_2027-01-09.json,zao_local_history_v1
2026-06-28|jalan|ペンション木いちご|yad325769|2027-01-10|2027-01-11|2_adults_1_room_1_night,8d1640c3a437570678465376d14e567952c446bac6aa1f6147dc1665e731d2a1,2027_01,2026-06-28,2026-06-28T14:00:06+09:00,2026-06-28T14:00:06+09:00,jalan,AUTO-RUNNER10X,integrated_jalan_bounded_live,ペンション木いちご,国内旅行・海外旅行や宿・ホテルの宿泊予約はじゃらんnet　～日本最大級の宿・ホテル予約サイト～,true,yad325769,yad325769,2027-01-10,2027-01-11,1,2,1,0,JPY,ja,2_adults_1_room_1_night,sold_out,sold_out,,,missing_or_unclear,insufficient,insufficient,selected_date_calendar_sold_out,,,,missing_or_unclear,jalan_sold_out_excluded,false,false,true,sold_out_without_price,page_chrome_coupon_or_discount_evidence;tax_included_total_not_confirmed,,,/Users/gini/Documents/ZMI/zao-market-intelligence/.data/debug/auto-runner-market-refresh-rotating/20260628_140006/jalan/classification_decisions/yad325769_2027-01-10.json,zao_local_history_v1
2026-06-28|jalan|ペンション木いちご|yad325769|2027-01-11|2027-01-12|2_adults_1_room_1_night,55f354325ad938dc374f96ef46db6402750fde653eb86e3ce3e17c717b4f4086,2027_01,2026-06-28,2026-06-28T16:00:06+09:00,2026-06-28T16:00:06+09:00,jalan,AUTO-RUNNER10X,integrated_jalan_bounded_live,ペンション木いちご,国内旅行・海外旅行や宿・ホテルの宿泊予約はじゃらんnet　～日本最大級の宿・ホテル予約サイト～,true,yad325769,yad325769,2027-01-11,2027-01-12,1,2,1,0,JPY,ja,2_adults_1_room_1_night,sold_out,sold_out,,,missing_or_unclear,insufficient,insufficient,selected_date_calendar_sold_out,,,,missing_or_unclear,jalan_sold_out_excluded,false,false,true,sold_out_without_price,page_chrome_coupon_or_discount_evidence;tax_included_total_not_confirmed,,,/Users/gini/Documents/ZMI/zao-market-intelligence/.data/debug/auto-runner-market-refresh-rotating/20260628_160006/jalan/classification_decisions/yad325769_2027-01-11.json,zao_local_history_v1
2026-06-28|jalan|ペンション木いちご|yad325769|2027-01-16|2027-01-17|2_adults_1_room_1_night,cd7a50bcb4d8d2d718c970aa76d765107e7d141d7bb7f67747d56591f669c947,2027_01,2026-06-28,2026-06-28T16:00:06+09:00,2026-06-28T16:00:06+09:00,jalan,AUTO-RUNNER10X,integrated_jalan_bounded_live,ペンション木いちご,国内旅行・海外旅行や宿・ホテルの宿泊予約はじゃらんnet　～日本最大級の宿・ホテル予約サイト～,true,yad325769,yad325769,2027-01-16,2027-01-17,1,2,1,0,JPY,ja,2_adults_1_room_1_night,sold_out,sold_out,,,missing_or_unclear,insufficient,insufficient,selected_date_calendar_sold_out,,,,missing_or_unclear,jalan_sold_out_excluded,false,false,true,sold_out_without_price,page_chrome_coupon_or_discount_evidence;tax_included_total_not_confirmed,,,/Users/gini/Documents/ZMI/zao-market-intelligence/.data/debug/auto-runner-market-refresh-rotating/20260628_160006/jalan/classification_decisions/yad325769_2027-01-16.json,zao_local_history_v1
2026-06-28|jalan|ホテル喜らく|yad325153|2027-01-01|2027-01-02|2_adults_1_room_1_night,ea01b18850434e60bbb52dc13b2b27a1abb0be59c3581ea76d4f9756b5a5967b,2027_01,2026-06-28,2026-06-28T20:00:05+09:00,2026-06-28T20:00:05+09:00,jalan,AUTO-RUNNER10X,integrated_jalan_bounded_live,ホテル喜らく,国内旅行・海外旅行や宿・ホテルの宿泊予約はじゃらんnet　～日本最大級の宿・ホテル予約サイト～,true,yad325153,yad325153,2027-01-01,2027-01-02,1,2,1,0,JPY,ja,2_adults_1_room_1_night,sold_out,sold_out,,,missing_or_unclear,insufficient,insufficient,selected_date_calendar_sold_out,,,,missing_or_unclear,jalan_sold_out_excluded,false,false,true,sold_out_without_price,page_chrome_coupon_or_discount_evidence;tax_included_total_not_confirmed,,,/Users/gini/Documents/ZMI/zao-market-intelligence/.data/debug/auto-runner-market-refresh-rotating/20260628_200005/jalan/classification_decisions/yad325153_2027-01-01.json,zao_local_history_v1
2026-06-28|jalan|ペンション木いちご|yad325769|2027-01-23|2027-01-24|2_adults_1_room_1_night,726742851e4d0037712f3e4d187dceb5c104767d5b298c2927f8221095a2c3c7,2027_01,2026-06-28,2026-06-28T20:00:05+09:00,2026-06-28T20:00:05+09:00,jalan,AUTO-RUNNER10X,integrated_jalan_bounded_live,ペンション木いちご,国内旅行・海外旅行や宿・ホテルの宿泊予約はじゃらんnet　～日本最大級の宿・ホテル予約サイト～,true,yad325769,yad325769,2027-01-23,2027-01-24,1,2,1,0,JPY,ja,2_adults_1_room_1_night,sold_out,sold_out,,,missing_or_unclear,insufficient,insufficient,selected_date_calendar_sold_out,,,,missing_or_unclear,jalan_sold_out_excluded,false,false,true,sold_out_without_price,page_chrome_coupon_or_discount_evidence;tax_included_total_not_confirmed,,,/Users/gini/Documents/ZMI/zao-market-intelligence/.data/debug/auto-runner-market-refresh-rotating/20260628_200005/jalan/classification_decisions/yad325769_2027-01-23.json,zao_local_history_v1
2026-06-28|jalan|ホテル喜らく|yad325153|2027-01-02|2027-01-03|2_adults_1_room_1_night,3780937ab93c4c847e4a078fa2576fef6cff9ea44d058a6879413d7eabda65b7,2027_01,2026-06-28,2026-06-28T22:00:05+09:00,2026-06-28T22:00:05+09:00,jalan,AUTO-RUNNER10X,integrated_jalan_bounded_live,ホテル喜らく,国内旅行・海外旅行や宿・ホテルの宿泊予約はじゃらんnet　～日本最大級の宿・ホテル予約サイト～,true,yad325153,yad325153,2027-01-02,2027-01-03,1,2,1,0,JPY,ja,2_adults_1_room_1_night,sold_out,sold_out,,,missing_or_unclear,insufficient,insufficient,selected_date_calendar_sold_out,,,,missing_or_unclear,jalan_sold_out_excluded,false,false,true,sold_out_without_price,page_chrome_coupon_or_discount_evidence;tax_included_total_not_confirmed,,,/Users/gini/Documents/ZMI/zao-market-intelligence/.data/debug/auto-runner-market-refresh-rotating/20260628_220005/jalan/classification_decisions/yad325153_2027-01-02.json,zao_local_history_v1
2026-06-28|jalan|ホテル喜らく|yad325153|2027-01-23|2027-01-24|2_adults_1_room_1_night,75f86305cb94430cb95f52bf8d8d87852734ccb25bfd9fa5c86485e269882d58,2027_01,2026-06-28,2026-06-28T22:00:05+09:00,2026-06-28T22:00:05+09:00,jalan,AUTO-RUNNER10X,integrated_jalan_bounded_live,ホテル喜らく,国内旅行・海外旅行や宿・ホテルの宿泊予約はじゃらんnet　～日本最大級の宿・ホテル予約サイト～,true,yad325153,yad325153,2027-01-23,2027-01-24,1,2,1,0,JPY,ja,2_adults_1_room_1_night,sold_out,sold_out,,,missing_or_unclear,insufficient,insufficient,selected_date_calendar_sold_out,,,,missing_or_unclear,jalan_sold_out_excluded,false,false,true,sold_out_without_price,page_chrome_coupon_or_discount_evidence;tax_included_total_not_confirmed,,,/Users/gini/Documents/ZMI/zao-market-intelligence/.data/debug/auto-runner-market-refresh-rotating/20260628_220005/jalan/classification_decisions/yad325153_2027-01-23.json,zao_local_history_v1
2026-06-29|jalan|ペンション木いちご|yad325769|2027-01-30|2027-01-31|2_adults_1_room_1_night,f86053692d87608fb5c46d5d91c57741921139fcac6b57a5d5ee710d8aca41ec,2027_01,2026-06-29,2026-06-29T00:00:06+09:00,2026-06-29T00:00:06+09:00,jalan,AUTO-RUNNER10X,integrated_jalan_bounded_live,ペンション木いちご,ペンション木いちご,true,yad325769,yad325769,2027-01-30,2027-01-31,1,2,1,0,JPY,ja,2_adults_1_room_1_night,failed,not_sold_out_confirmed,,,missing_or_unclear,insufficient,insufficient,Jalan status could not be determined conservatively.,,,,missing_or_unclear,jalan_failed_excluded,false,false,true,Jalan status could not be determined conservatively.,tax_included_total_not_confirmed;meal_condition_missing,,,/Users/gini/Documents/ZMI/zao-market-intelligence/.data/debug/auto-runner-market-refresh-rotating/20260629_000006/jalan/classification_decisions/yad325769_2027-01-30.json,zao_local_history_v1
2026-06-29|jalan|ホテル喜らく|yad325153|2027-01-03|2027-01-04|2_adults_1_room_1_night,1023114747e71cc9603ed888e5d2e98359d437147614baa2e2c3cdc2b2ec058e,2027_01,2026-06-29,2026-06-29T02:00:06+09:00,2026-06-29T02:00:06+09:00,jalan,AUTO-RUNNER10X,integrated_jalan_bounded_live,ホテル喜らく,ホテル喜らく,true,yad325153,yad325153,2027-01-03,2027-01-04,1,2,1,0,JPY,ja,2_adults_1_room_1_night,failed,not_sold_out_confirmed,,,missing_or_unclear,insufficient,insufficient,Jalan status could not be determined conservatively.,,,,missing_or_unclear,jalan_failed_excluded,false,false,true,Jalan status could not be determined conservatively.,tax_included_total_not_confirmed;meal_condition_missing,,,/Users/gini/Documents/ZMI/zao-market-intelligence/.data/debug/auto-runner-market-refresh-rotating/20260629_020006/jalan/classification_decisions/yad325153_2027-01-03.json,zao_local_history_v1
2026-06-29|jalan|ホテル喜らく|yad325153|2027-01-09|2027-01-10|2_adults_1_room_1_night,eefc0f84d9cd13162c05c0be931c23d0b6331a9dcfdd9945f9b2da9e3806c368,2027_01,2026-06-29,2026-06-29T06:00:06+09:00,2026-06-29T06:00:06+09:00,jalan,AUTO-RUNNER10X,integrated_jalan_bounded_live,ホテル喜らく,ホテル喜らく,true,yad325153,yad325153,2027-01-09,2027-01-10,1,2,1,0,JPY,ja,2_adults_1_room_1_night,failed,not_sold_out_confirmed,,,missing_or_unclear,insufficient,insufficient,Jalan status could not be determined conservatively.,,,,missing_or_unclear,jalan_failed_excluded,false,false,true,Jalan status could not be determined conservatively.,tax_included_total_not_confirmed;meal_condition_missing,,,/Users/gini/Documents/ZMI/zao-market-intelligence/.data/debug/auto-runner-market-refresh-rotating/20260629_060006/jalan/classification_decisions/yad325153_2027-01-09.json,zao_local_history_v1
2026-06-29|jalan|蔵王四季のホテル|yad322447|2027-01-01|2027-01-02|2_adults_1_room_1_night,5a73515d3c5d66c0dd48ee145959b5493fe75104a268034324bc1b140ac89932,2027_01,2026-06-29,2026-06-29T10:00:05+09:00,2026-06-29T10:00:05+09:00,jalan,AUTO-RUNNER10X,integrated_jalan_bounded_live,蔵王四季のホテル,国内旅行・海外旅行や宿・ホテルの宿泊予約はじゃらんnet　～日本最大級の宿・ホテル予約サイト～,true,yad322447,yad322447,2027-01-01,2027-01-02,1,2,1,0,JPY,ja,2_adults_1_room_1_night,sold_out,sold_out,,,missing_or_unclear,insufficient,insufficient,selected_date_calendar_sold_out,,,,missing_or_unclear,jalan_sold_out_excluded,false,false,true,sold_out_without_price,page_chrome_coupon_or_discount_evidence;tax_included_total_not_confirmed,,,/Users/gini/Documents/ZMI/zao-market-intelligence/.data/debug/auto-runner-market-refresh-rotating/20260629_100005/jalan/classification_decisions/yad322447_2027-01-01.json,zao_local_history_v1
2026-06-29|jalan|蔵王四季のホテル|yad322447|2027-01-02|2027-01-03|2_adults_1_room_1_night,29b07b315e4454f55e087a1b64c9cc6c129fbbbba8e23b5637de8819809e9ecb,2027_01,2026-06-29,2026-06-29T10:00:05+09:00,2026-06-29T10:00:05+09:00,jalan,AUTO-RUNNER10X,integrated_jalan_bounded_live,蔵王四季のホテル,国内旅行・海外旅行や宿・ホテルの宿泊予約はじゃらんnet　～日本最大級の宿・ホテル予約サイト～,true,yad322447,yad322447,2027-01-02,2027-01-03,1,2,1,0,JPY,ja,2_adults_1_room_1_night,available,not_sold_out_confirmed,,,missing_or_unclear,C,C,Price visible but meal_basis=unknown_meal_basis (jalan_ambiguous_meal_and_room_only_tokens); excluded from room-only DP per confirmed policy.,160600,,,tax_included_total,jalan_unknown_meal_basis_excluded,false,false,true,unknown_meal_basis_excluded,page_chrome_coupon_or_discount_evidence;unknown_meal_basis_excluded;meal_basis=unknown_meal_basis,,,/Users/gini/Documents/ZMI/zao-market-intelligence/.data/debug/auto-runner-market-refresh-rotating/20260629_100005/jalan/classification_decisions/yad322447_2027-01-02.json,zao_local_history_v1
2026-06-29|jalan|蔵王四季のホテル|yad322447|2027-01-03|2027-01-04|2_adults_1_room_1_night,26afd8508522f5ce29fe9c0a92ac7dc70f141a5c2d329de3c1ed7a424a20196f,2027_01,2026-06-29,2026-06-29T12:00:02+09:00,2026-06-29T12:00:02+09:00,jalan,AUTO-RUNNER10X,integrated_jalan_bounded_live,蔵王四季のホテル,国内旅行・海外旅行や宿・ホテルの宿泊予約はじゃらんnet　～日本最大級の宿・ホテル予約サイト～,true,yad322447,yad322447,2027-01-03,2027-01-04,1,2,1,0,JPY,ja,2_adults_1_room_1_night,available,not_sold_out_confirmed,,,missing_or_unclear,C,C,Price visible but meal_basis=unknown_meal_basis (jalan_ambiguous_meal_and_room_only_tokens); excluded from room-only DP per confirmed policy.,123200,,,tax_included_total,jalan_unknown_meal_basis_excluded,false,false,true,unknown_meal_basis_excluded,page_chrome_coupon_or_discount_evidence;unknown_meal_basis_excluded;meal_basis=unknown_meal_basis,,,/Users/gini/Documents/ZMI/zao-market-intelligence/.data/debug/auto-runner-market-refresh-rotating/20260629_120002/jalan/classification_decisions/yad322447_2027-01-03.json,zao_local_history_v1
2026-06-29|jalan|ホテル喜らく|yad325153|2027-01-10|2027-01-11|2_adults_1_room_1_night,365127b66a66a0f977566185428ac0f8fc5327d03f0a62a4f4282a290f98d3e8,2027_01,2026-06-29,2026-06-29T12:00:02+09:00,2026-06-29T12:00:02+09:00,jalan,AUTO-RUNNER10X,integrated_jalan_bounded_live,ホテル喜らく,国内旅行・海外旅行や宿・ホテルの宿泊予約はじゃらんnet　～日本最大級の宿・ホテル予約サイト～,true,yad325153,yad325153,2027-01-10,2027-01-11,1,2,1,0,JPY,ja,2_adults_1_room_1_night,sold_out,sold_out,,,missing_or_unclear,insufficient,insufficient,selected_date_calendar_sold_out,,,,missing_or_unclear,jalan_sold_out_excluded,false,false,true,sold_out_without_price,page_chrome_coupon_or_discount_evidence;tax_included_total_not_confirmed,,,/Users/gini/Documents/ZMI/zao-market-intelligence/.data/debug/auto-runner-market-refresh-rotating/20260629_120002/jalan/classification_decisions/yad325153_2027-01-10.json,zao_local_history_v1
2026-06-29|jalan|ペンション木いちご|yad325769|2027-01-01|2027-01-02|2_adults_1_room_1_night,d9e1ae7dd2263642464c757a921a8f79e79aca7fcc03d63be14f79249d1dbd8b,2027_01,2026-06-29,2026-06-29T12:00:02+09:00,2026-06-29T12:00:02+09:00,jalan,AUTO-RUNNER10X,integrated_jalan_bounded_live,ペンション木いちご,国内旅行・海外旅行や宿・ホテルの宿泊予約はじゃらんnet　～日本最大級の宿・ホテル予約サイト～,true,yad325769,yad325769,2027-01-01,2027-01-02,1,2,1,0,JPY,ja,2_adults_1_room_1_night,sold_out,sold_out,,,missing_or_unclear,insufficient,insufficient,selected_date_calendar_sold_out,,,,missing_or_unclear,jalan_sold_out_excluded,false,false,true,sold_out_without_price,page_chrome_coupon_or_discount_evidence;tax_included_total_not_confirmed,,,/Users/gini/Documents/ZMI/zao-market-intelligence/.data/debug/auto-runner-market-refresh-rotating/20260629_120002/jalan/classification_decisions/yad325769_2027-01-01.json,zao_local_history_v1
2026-06-29|jalan|ペンション木いちご|yad325769|2027-01-02|2027-01-03|2_adults_1_room_1_night,08db637f99cc64c0b76d411ccd13d51097ac8bd78c0b646ec1c229cdd035ed2a,2027_01,2026-06-29,2026-06-29T12:00:02+09:00,2026-06-29T12:00:02+09:00,jalan,AUTO-RUNNER10X,integrated_jalan_bounded_live,ペンション木いちご,国内旅行・海外旅行や宿・ホテルの宿泊予約はじゃらんnet　～日本最大級の宿・ホテル予約サイト～,true,yad325769,yad325769,2027-01-02,2027-01-03,1,2,1,0,JPY,ja,2_adults_1_room_1_night,sold_out,sold_out,,,missing_or_unclear,insufficient,insufficient,selected_date_calendar_sold_out,,,,missing_or_unclear,jalan_sold_out_excluded,false,false,true,sold_out_without_price,page_chrome_coupon_or_discount_evidence;tax_included_total_not_confirmed,,,/Users/gini/Documents/ZMI/zao-market-intelligence/.data/debug/auto-runner-market-refresh-rotating/20260629_120002/jalan/classification_decisions/yad325769_2027-01-02.json,zao_local_history_v1
2026-06-29|jalan|ホテル喜らく|yad325153|2027-01-11|2027-01-12|2_adults_1_room_1_night,343895c97bb72cfcff2d8c596b0c225424a005770942bb0bd1be9a3aab670da0,2027_01,2026-06-29,2026-06-29T14:00:05+09:00,2026-06-29T14:00:05+09:00,jalan,AUTO-RUNNER10X,integrated_jalan_bounded_live,ホテル喜らく,国内旅行・海外旅行や宿・ホテルの宿泊予約はじゃらんnet　～日本最大級の宿・ホテル予約サイト～,true,yad325153,yad325153,2027-01-11,2027-01-12,1,2,1,0,JPY,ja,2_adults_1_room_1_night,sold_out,sold_out,,,missing_or_unclear,insufficient,insufficient,selected_date_calendar_sold_out,,,,missing_or_unclear,jalan_sold_out_excluded,false,false,true,sold_out_without_price,page_chrome_coupon_or_discount_evidence;tax_included_total_not_confirmed,,,/Users/gini/Documents/ZMI/zao-market-intelligence/.data/debug/auto-runner-market-refresh-rotating/20260629_140005/jalan/classification_decisions/yad325153_2027-01-11.json,zao_local_history_v1
2026-06-29|jalan|ペンション木いちご|yad325769|2027-01-03|2027-01-04|2_adults_1_room_1_night,20c089f8fbcf21be843ff4aecc194276e98744b46d3f4f366a5757af283e3204,2027_01,2026-06-29,2026-06-29T14:00:05+09:00,2026-06-29T14:00:05+09:00,jalan,AUTO-RUNNER10X,integrated_jalan_bounded_live,ペンション木いちご,国内旅行・海外旅行や宿・ホテルの宿泊予約はじゃらんnet　～日本最大級の宿・ホテル予約サイト～,true,yad325769,yad325769,2027-01-03,2027-01-04,1,2,1,0,JPY,ja,2_adults_1_room_1_night,sold_out,sold_out,,,missing_or_unclear,insufficient,insufficient,selected_date_calendar_sold_out,,,,missing_or_unclear,jalan_sold_out_excluded,false,false,true,sold_out_without_price,page_chrome_coupon_or_discount_evidence;tax_included_total_not_confirmed,,,/Users/gini/Documents/ZMI/zao-market-intelligence/.data/debug/auto-runner-market-refresh-rotating/20260629_140005/jalan/classification_decisions/yad325769_2027-01-03.json,zao_local_history_v1
2026-06-29|jalan|ペンション木いちご|yad325769|2027-01-09|2027-01-10|2_adults_1_room_1_night,eb6a198459b1a83f537811e6b4bb07194fb5dec513978d1ea1e58ca0fe37a147,2027_01,2026-06-29,2026-06-29T14:00:05+09:00,2026-06-29T14:00:05+09:00,jalan,AUTO-RUNNER10X,integrated_jalan_bounded_live,ペンション木いちご,国内旅行・海外旅行や宿・ホテルの宿泊予約はじゃらんnet　～日本最大級の宿・ホテル予約サイト～,true,yad325769,yad325769,2027-01-09,2027-01-10,1,2,1,0,JPY,ja,2_adults_1_room_1_night,sold_out,sold_out,,,missing_or_unclear,insufficient,insufficient,selected_date_calendar_sold_out,,,,missing_or_unclear,jalan_sold_out_excluded,false,false,true,sold_out_without_price,page_chrome_coupon_or_discount_evidence;tax_included_total_not_confirmed,,,/Users/gini/Documents/ZMI/zao-market-intelligence/.data/debug/auto-runner-market-refresh-rotating/20260629_140005/jalan/classification_decisions/yad325769_2027-01-09.json,zao_local_history_v1
2026-06-29|jalan|ホテル喜らく|yad325153|2027-01-16|2027-01-17|2_adults_1_room_1_night,2f86c7f70794091dd5760311afb0a02001e1baf301e1c7b3ed31b81079fbc59b,2027_01,2026-06-29,2026-06-29T16:00:05+09:00,2026-06-29T16:00:05+09:00,jalan,AUTO-RUNNER10X,integrated_jalan_bounded_live,ホテル喜らく,国内旅行・海外旅行や宿・ホテルの宿泊予約はじゃらんnet　～日本最大級の宿・ホテル予約サイト～,true,yad325153,yad325153,2027-01-16,2027-01-17,1,2,1,0,JPY,ja,2_adults_1_room_1_night,sold_out,sold_out,,,missing_or_unclear,insufficient,insufficient,selected_date_calendar_sold_out,,,,missing_or_unclear,jalan_sold_out_excluded,false,false,true,sold_out_without_price,page_chrome_coupon_or_discount_evidence;tax_included_total_not_confirmed,,,/Users/gini/Documents/ZMI/zao-market-intelligence/.data/debug/auto-runner-market-refresh-rotating/20260629_160005/jalan/classification_decisions/yad325153_2027-01-16.json,zao_local_history_v1
2026-06-29|jalan|ペンション木いちご|yad325769|2027-01-10|2027-01-11|2_adults_1_room_1_night,5157bd794ffdecee8194a9f8f553f04479c25f89a7412edeb001ece1d3181de4,2027_01,2026-06-29,2026-06-29T16:00:05+09:00,2026-06-29T16:00:05+09:00,jalan,AUTO-RUNNER10X,integrated_jalan_bounded_live,ペンション木いちご,国内旅行・海外旅行や宿・ホテルの宿泊予約はじゃらんnet　～日本最大級の宿・ホテル予約サイト～,true,yad325769,yad325769,2027-01-10,2027-01-11,1,2,1,0,JPY,ja,2_adults_1_room_1_night,sold_out,sold_out,,,missing_or_unclear,insufficient,insufficient,selected_date_calendar_sold_out,,,,missing_or_unclear,jalan_sold_out_excluded,false,false,true,sold_out_without_price,page_chrome_coupon_or_discount_evidence;tax_included_total_not_confirmed,,,/Users/gini/Documents/ZMI/zao-market-intelligence/.data/debug/auto-runner-market-refresh-rotating/20260629_160005/jalan/classification_decisions/yad325769_2027-01-10.json,zao_local_history_v1
2026-06-29|jalan|ペンション木いちご|yad325769|2027-01-11|2027-01-12|2_adults_1_room_1_night,70667df849fd8bdb4404af85ee70331fbd3a37da7a4ddc216b1dd38366812878,2027_01,2026-06-29,2026-06-29T16:00:05+09:00,2026-06-29T16:00:05+09:00,jalan,AUTO-RUNNER10X,integrated_jalan_bounded_live,ペンション木いちご,国内旅行・海外旅行や宿・ホテルの宿泊予約はじゃらんnet　～日本最大級の宿・ホテル予約サイト～,true,yad325769,yad325769,2027-01-11,2027-01-12,1,2,1,0,JPY,ja,2_adults_1_room_1_night,sold_out,sold_out,,,missing_or_unclear,insufficient,insufficient,selected_date_calendar_sold_out,,,,missing_or_unclear,jalan_sold_out_excluded,false,false,true,sold_out_without_price,page_chrome_coupon_or_discount_evidence;tax_included_total_not_confirmed,,,/Users/gini/Documents/ZMI/zao-market-intelligence/.data/debug/auto-runner-market-refresh-rotating/20260629_160005/jalan/classification_decisions/yad325769_2027-01-11.json,zao_local_history_v1
2026-06-29|jalan|ペンション木いちご|yad325769|2027-01-16|2027-01-17|2_adults_1_room_1_night,80f40ee54f2a112e882f6852b3ec62f4392c20db51814235b2044d775c4428e5,2027_01,2026-06-29,2026-06-29T20:00:06+09:00,2026-06-29T20:00:06+09:00,jalan,AUTO-RUNNER10X,integrated_jalan_bounded_live,ペンション木いちご,国内旅行・海外旅行や宿・ホテルの宿泊予約はじゃらんnet　～日本最大級の宿・ホテル予約サイト～,true,yad325769,yad325769,2027-01-16,2027-01-17,1,2,1,0,JPY,ja,2_adults_1_room_1_night,sold_out,sold_out,,,missing_or_unclear,insufficient,insufficient,selected_date_calendar_sold_out,,,,missing_or_unclear,jalan_sold_out_excluded,false,false,true,sold_out_without_price,page_chrome_coupon_or_discount_evidence;tax_included_total_not_confirmed,,,/Users/gini/Documents/ZMI/zao-market-intelligence/.data/debug/auto-runner-market-refresh-rotating/20260629_200006/jalan/classification_decisions/yad325769_2027-01-16.json,zao_local_history_v1
2026-06-29|jalan|ペンション木いちご|yad325769|2027-01-23|2027-01-24|2_adults_1_room_1_night,3b937a50b879db039dde6ad41bed605b5e750cd811e186a727332a7a71e38630,2027_01,2026-06-29,2026-06-29T20:00:06+09:00,2026-06-29T20:00:06+09:00,jalan,AUTO-RUNNER10X,integrated_jalan_bounded_live,ペンション木いちご,国内旅行・海外旅行や宿・ホテルの宿泊予約はじゃらんnet　～日本最大級の宿・ホテル予約サイト～,true,yad325769,yad325769,2027-01-23,2027-01-24,1,2,1,0,JPY,ja,2_adults_1_room_1_night,sold_out,sold_out,,,missing_or_unclear,insufficient,insufficient,selected_date_calendar_sold_out,,,,missing_or_unclear,jalan_sold_out_excluded,false,false,true,sold_out_without_price,page_chrome_coupon_or_discount_evidence;tax_included_total_not_confirmed,,,/Users/gini/Documents/ZMI/zao-market-intelligence/.data/debug/auto-runner-market-refresh-rotating/20260629_200006/jalan/classification_decisions/yad325769_2027-01-23.json,zao_local_history_v1
2026-06-29|jalan|ホテル喜らく|yad325153|2027-01-01|2027-01-02|2_adults_1_room_1_night,46a46319c548405b1b7c79eab94ad0844bef77ab507209dca4461dd4a640f914,2027_01,2026-06-29,2026-06-29T22:00:06+09:00,2026-06-29T22:00:06+09:00,jalan,AUTO-RUNNER10X,integrated_jalan_bounded_live,ホテル喜らく,国内旅行・海外旅行や宿・ホテルの宿泊予約はじゃらんnet　～日本最大級の宿・ホテル予約サイト～,true,yad325153,yad325153,2027-01-01,2027-01-02,1,2,1,0,JPY,ja,2_adults_1_room_1_night,sold_out,sold_out,,,missing_or_unclear,insufficient,insufficient,selected_date_calendar_sold_out,,,,missing_or_unclear,jalan_sold_out_excluded,false,false,true,sold_out_without_price,page_chrome_coupon_or_discount_evidence;tax_included_total_not_confirmed,,,/Users/gini/Documents/ZMI/zao-market-intelligence/.data/debug/auto-runner-market-refresh-rotating/20260629_220006/jalan/classification_decisions/yad325153_2027-01-01.json,zao_local_history_v1
2026-06-29|jalan|ホテル喜らく|yad325153|2027-01-02|2027-01-03|2_adults_1_room_1_night,444ae399a8dc55fda426e38ff961b4b216116d15db8e55e6152b58c899c1d087,2027_01,2026-06-29,2026-06-29T22:00:06+09:00,2026-06-29T22:00:06+09:00,jalan,AUTO-RUNNER10X,integrated_jalan_bounded_live,ホテル喜らく,国内旅行・海外旅行や宿・ホテルの宿泊予約はじゃらんnet　～日本最大級の宿・ホテル予約サイト～,true,yad325153,yad325153,2027-01-02,2027-01-03,1,2,1,0,JPY,ja,2_adults_1_room_1_night,sold_out,sold_out,,,missing_or_unclear,insufficient,insufficient,selected_date_calendar_sold_out,,,,missing_or_unclear,jalan_sold_out_excluded,false,false,true,sold_out_without_price,page_chrome_coupon_or_discount_evidence;tax_included_total_not_confirmed,,,/Users/gini/Documents/ZMI/zao-market-intelligence/.data/debug/auto-runner-market-refresh-rotating/20260629_220006/jalan/classification_decisions/yad325153_2027-01-02.json,zao_local_history_v1
2026-06-30|jalan|ホテル喜らく|yad325153|2027-01-23|2027-01-24|2_adults_1_room_1_night,cefc788c029a088822f17a6fcb21dbf08b86fef347f99eae94645c6dfaed3d7f,2027_01,2026-06-30,2026-06-30T00:00:01+09:00,2026-06-30T00:00:01+09:00,jalan,AUTO-RUNNER10X,integrated_jalan_bounded_live,ホテル喜らく,国内旅行・海外旅行や宿・ホテルの宿泊予約はじゃらんnet　～日本最大級の宿・ホテル予約サイト～,true,yad325153,yad325153,2027-01-23,2027-01-24,1,2,1,0,JPY,ja,2_adults_1_room_1_night,sold_out,sold_out,,,missing_or_unclear,insufficient,insufficient,selected_date_calendar_sold_out,,,,missing_or_unclear,jalan_sold_out_excluded,false,false,true,sold_out_without_price,page_chrome_coupon_or_discount_evidence;tax_included_total_not_confirmed,,,/Users/gini/Documents/ZMI/zao-market-intelligence/.data/debug/auto-runner-market-refresh-rotating/20260630_000001/jalan/classification_decisions/yad325153_2027-01-23.json,zao_local_history_v1
2026-06-30|jalan|ペンション木いちご|yad325769|2027-01-30|2027-01-31|2_adults_1_room_1_night,53d7ce907f7e5280ba69993073532d5f641e3171046e07a13af03c90f7a8ced5,2027_01,2026-06-30,2026-06-30T00:00:01+09:00,2026-06-30T00:00:01+09:00,jalan,AUTO-RUNNER10X,integrated_jalan_bounded_live,ペンション木いちご,国内旅行・海外旅行や宿・ホテルの宿泊予約はじゃらんnet　～日本最大級の宿・ホテル予約サイト～,true,yad325769,yad325769,2027-01-30,2027-01-31,1,2,1,0,JPY,ja,2_adults_1_room_1_night,sold_out,sold_out,,,missing_or_unclear,insufficient,insufficient,selected_date_calendar_sold_out,,,,missing_or_unclear,jalan_sold_out_excluded,false,false,true,sold_out_without_price,tax_included_total_not_confirmed,,,/Users/gini/Documents/ZMI/zao-market-intelligence/.data/debug/auto-runner-market-refresh-rotating/20260630_000001/jalan/classification_decisions/yad325769_2027-01-30.json,zao_local_history_v1
2026-06-30|jalan|ホテル喜らく|yad325153|2027-01-03|2027-01-04|2_adults_1_room_1_night,bbee64a01f00033716303364c0880209f836918c81f6d8c35897bffb2cf5755a,2027_01,2026-06-30,2026-06-30T06:00:05+09:00,2026-06-30T06:00:05+09:00,jalan,AUTO-RUNNER10X,integrated_jalan_bounded_live,ホテル喜らく,国内旅行・海外旅行や宿・ホテルの宿泊予約はじゃらんnet　～日本最大級の宿・ホテル予約サイト～,true,yad325153,yad325153,2027-01-03,2027-01-04,1,2,1,0,JPY,ja,2_adults_1_room_1_night,sold_out,sold_out,,,missing_or_unclear,insufficient,insufficient,selected_date_calendar_sold_out,,,,missing_or_unclear,jalan_sold_out_excluded,false,false,true,sold_out_without_price,page_chrome_coupon_or_discount_evidence;tax_included_total_not_confirmed,,,/Users/gini/Documents/ZMI/zao-market-intelligence/.data/debug/auto-runner-market-refresh-rotating/20260630_060005/jalan/classification_decisions/yad325153_2027-01-03.json,zao_local_history_v1
2026-06-30|jalan|ホテル喜らく|yad325153|2027-01-09|2027-01-10|2_adults_1_room_1_night,e7107c2e92af2194ba0ca8936c6289a410c515311275f96476a81aa488c25d50,2027_01,2026-06-30,2026-06-30T06:00:05+09:00,2026-06-30T06:00:05+09:00,jalan,AUTO-RUNNER10X,integrated_jalan_bounded_live,ホテル喜らく,国内旅行・海外旅行や宿・ホテルの宿泊予約はじゃらんnet　～日本最大級の宿・ホテル予約サイト～,true,yad325153,yad325153,2027-01-09,2027-01-10,1,2,1,0,JPY,ja,2_adults_1_room_1_night,sold_out,sold_out,,,missing_or_unclear,insufficient,insufficient,selected_date_calendar_sold_out,,,,missing_or_unclear,jalan_sold_out_excluded,false,false,true,sold_out_without_price,page_chrome_coupon_or_discount_evidence;tax_included_total_not_confirmed,,,/Users/gini/Documents/ZMI/zao-market-intelligence/.data/debug/auto-runner-market-refresh-rotating/20260630_060005/jalan/classification_decisions/yad325153_2027-01-09.json,zao_local_history_v1
2026-06-30|jalan|蔵王四季のホテル|yad322447|2027-01-01|2027-01-02|2_adults_1_room_1_night,2763a29c1bbd7cbda5e55380e17a76e7ff4f8aedb8133138b48b2c2622db3f78,2027_01,2026-06-30,2026-06-30T12:00:05+09:00,2026-06-30T12:00:05+09:00,jalan,AUTO-RUNNER10X,integrated_jalan_bounded_live,蔵王四季のホテル,国内旅行・海外旅行や宿・ホテルの宿泊予約はじゃらんnet　～日本最大級の宿・ホテル予約サイト～,true,yad322447,yad322447,2027-01-01,2027-01-02,1,2,1,0,JPY,ja,2_adults_1_room_1_night,sold_out,sold_out,,,missing_or_unclear,insufficient,insufficient,selected_date_calendar_sold_out,,,,missing_or_unclear,jalan_sold_out_excluded,false,false,true,sold_out_without_price,tax_included_total_not_confirmed,,,/Users/gini/Documents/ZMI/zao-market-intelligence/.data/debug/auto-runner-market-refresh-rotating/20260630_120005/jalan/classification_decisions/yad322447_2027-01-01.json,zao_local_history_v1
2026-06-30|jalan|ペンション木いちご|yad325769|2027-01-02|2027-01-03|2_adults_1_room_1_night,31a0ba308ee36566a04be073bb7ebb02b6bd55b2b19f4f4e6cd3236079dbad2c,2027_01,2026-06-30,2026-06-30T12:00:05+09:00,2026-06-30T12:00:05+09:00,jalan,AUTO-RUNNER10X,integrated_jalan_bounded_live,ペンション木いちご,国内旅行・海外旅行や宿・ホテルの宿泊予約はじゃらんnet　～日本最大級の宿・ホテル予約サイト～,true,yad325769,yad325769,2027-01-02,2027-01-03,1,2,1,0,JPY,ja,2_adults_1_room_1_night,sold_out,sold_out,,,missing_or_unclear,insufficient,insufficient,selected_date_calendar_sold_out,,,,missing_or_unclear,jalan_sold_out_excluded,false,false,true,sold_out_without_price,tax_included_total_not_confirmed,,,/Users/gini/Documents/ZMI/zao-market-intelligence/.data/debug/auto-runner-market-refresh-rotating/20260630_120005/jalan/classification_decisions/yad325769_2027-01-02.json,zao_local_history_v1
2026-06-30|jalan|蔵王四季のホテル|yad322447|2027-01-02|2027-01-03|2_adults_1_room_1_night,70b7420c87357e8d5f97e380ed38876a359687a3265a7d67217d4113450c3e48,2027_01,2026-06-30,2026-06-30T14:00:05+09:00,2026-06-30T14:00:05+09:00,jalan,AUTO-RUNNER10X,integrated_jalan_bounded_live,蔵王四季のホテル,国内旅行・海外旅行や宿・ホテルの宿泊予約はじゃらんnet　～日本最大級の宿・ホテル予約サイト～,true,yad322447,yad322447,2027-01-02,2027-01-03,1,2,1,0,JPY,ja,2_adults_1_room_1_night,available,not_sold_out_confirmed,,,missing_or_unclear,C,C,Price visible but meal_basis=unknown_meal_basis (jalan_ambiguous_meal_and_room_only_tokens); excluded from room-only DP per confirmed policy.,160600,,,tax_included_total,jalan_unknown_meal_basis_excluded,false,false,true,unknown_meal_basis_excluded,unknown_meal_basis_excluded;meal_basis=unknown_meal_basis,,,/Users/gini/Documents/ZMI/zao-market-intelligence/.data/debug/auto-runner-market-refresh-rotating/20260630_140005/jalan/classification_decisions/yad322447_2027-01-02.json,zao_local_history_v1
2026-06-30|jalan|ホテル喜らく|yad325153|2027-01-10|2027-01-11|2_adults_1_room_1_night,543068fe279518758376e5116c8f91e800f7953db02d5f26880647a3971fbd71,2027_01,2026-06-30,2026-06-30T14:00:05+09:00,2026-06-30T14:00:05+09:00,jalan,AUTO-RUNNER10X,integrated_jalan_bounded_live,ホテル喜らく,国内旅行・海外旅行や宿・ホテルの宿泊予約はじゃらんnet　～日本最大級の宿・ホテル予約サイト～,true,yad325153,yad325153,2027-01-10,2027-01-11,1,2,1,0,JPY,ja,2_adults_1_room_1_night,sold_out,sold_out,,,missing_or_unclear,insufficient,insufficient,selected_date_calendar_sold_out,,,,missing_or_unclear,jalan_sold_out_excluded,false,false,true,sold_out_without_price,page_chrome_coupon_or_discount_evidence;tax_included_total_not_confirmed,,,/Users/gini/Documents/ZMI/zao-market-intelligence/.data/debug/auto-runner-market-refresh-rotating/20260630_140005/jalan/classification_decisions/yad325153_2027-01-10.json,zao_local_history_v1
2026-06-30|jalan|ペンション木いちご|yad325769|2027-01-01|2027-01-02|2_adults_1_room_1_night,4903b3100f77e84f938d36535a5a0b26e5279ac438ee1604ec45625449403353,2027_01,2026-06-30,2026-06-30T14:00:05+09:00,2026-06-30T14:00:05+09:00,jalan,AUTO-RUNNER10X,integrated_jalan_bounded_live,ペンション木いちご,国内旅行・海外旅行や宿・ホテルの宿泊予約はじゃらんnet　～日本最大級の宿・ホテル予約サイト～,true,yad325769,yad325769,2027-01-01,2027-01-02,1,2,1,0,JPY,ja,2_adults_1_room_1_night,sold_out,sold_out,,,missing_or_unclear,insufficient,insufficient,selected_date_calendar_sold_out,,,,missing_or_unclear,jalan_sold_out_excluded,false,false,true,sold_out_without_price,tax_included_total_not_confirmed,,,/Users/gini/Documents/ZMI/zao-market-intelligence/.data/debug/auto-runner-market-refresh-rotating/20260630_140005/jalan/classification_decisions/yad325769_2027-01-01.json,zao_local_history_v1
2026-06-30|jalan|ペンション木いちご|yad325769|2027-01-03|2027-01-04|2_adults_1_room_1_night,b773b1be4e3a52e9e062cafde9b2a86d1a8b1d7587aa3989d2a6742673066b7e,2027_01,2026-06-30,2026-06-30T14:00:05+09:00,2026-06-30T14:00:05+09:00,jalan,AUTO-RUNNER10X,integrated_jalan_bounded_live,ペンション木いちご,国内旅行・海外旅行や宿・ホテルの宿泊予約はじゃらんnet　～日本最大級の宿・ホテル予約サイト～,true,yad325769,yad325769,2027-01-03,2027-01-04,1,2,1,0,JPY,ja,2_adults_1_room_1_night,sold_out,sold_out,,,missing_or_unclear,insufficient,insufficient,selected_date_calendar_sold_out,,,,missing_or_unclear,jalan_sold_out_excluded,false,false,true,sold_out_without_price,tax_included_total_not_confirmed,,,/Users/gini/Documents/ZMI/zao-market-intelligence/.data/debug/auto-runner-market-refresh-rotating/20260630_140005/jalan/classification_decisions/yad325769_2027-01-03.json,zao_local_history_v1
2026-06-30|jalan|ホテル喜らく|yad325153|2027-01-11|2027-01-12|2_adults_1_room_1_night,68f63574de764bb7898145ae2a54e97fcd99c05a58337c951fd96ddd50001e11,2027_01,2026-06-30,2026-06-30T16:00:02+09:00,2026-06-30T16:00:02+09:00,jalan,AUTO-RUNNER10X,integrated_jalan_bounded_live,ホテル喜らく,国内旅行・海外旅行や宿・ホテルの宿泊予約はじゃらんnet　～日本最大級の宿・ホテル予約サイト～,true,yad325153,yad325153,2027-01-11,2027-01-12,1,2,1,0,JPY,ja,2_adults_1_room_1_night,sold_out,sold_out,,,missing_or_unclear,insufficient,insufficient,selected_date_calendar_sold_out,,,,missing_or_unclear,jalan_sold_out_excluded,false,false,true,sold_out_without_price,page_chrome_coupon_or_discount_evidence;tax_included_total_not_confirmed,,,/Users/gini/Documents/ZMI/zao-market-intelligence/.data/debug/auto-runner-market-refresh-rotating/20260630_160001/jalan/classification_decisions/yad325153_2027-01-11.json,zao_local_history_v1
2026-06-30|jalan|ペンション木いちご|yad325769|2027-01-09|2027-01-10|2_adults_1_room_1_night,8c315e1c7057dcfffc56fb916e5c5d8f5abf0953430149edb233ac91b52279e2,2027_01,2026-06-30,2026-06-30T16:00:02+09:00,2026-06-30T16:00:02+09:00,jalan,AUTO-RUNNER10X,integrated_jalan_bounded_live,ペンション木いちご,国内旅行・海外旅行や宿・ホテルの宿泊予約はじゃらんnet　～日本最大級の宿・ホテル予約サイト～,true,yad325769,yad325769,2027-01-09,2027-01-10,1,2,1,0,JPY,ja,2_adults_1_room_1_night,sold_out,sold_out,,,missing_or_unclear,insufficient,insufficient,selected_date_calendar_sold_out,,,,missing_or_unclear,jalan_sold_out_excluded,false,false,true,sold_out_without_price,tax_included_total_not_confirmed,,,/Users/gini/Documents/ZMI/zao-market-intelligence/.data/debug/auto-runner-market-refresh-rotating/20260630_160001/jalan/classification_decisions/yad325769_2027-01-09.json,zao_local_history_v1
2026-06-30|jalan|ペンション木いちご|yad325769|2027-01-10|2027-01-11|2_adults_1_room_1_night,54a85c1bfe622f1e5fa622ed9a30faab389436e5c36ef953822101867c252ff0,2027_01,2026-06-30,2026-06-30T16:00:02+09:00,2026-06-30T16:00:02+09:00,jalan,AUTO-RUNNER10X,integrated_jalan_bounded_live,ペンション木いちご,国内旅行・海外旅行や宿・ホテルの宿泊予約はじゃらんnet　～日本最大級の宿・ホテル予約サイト～,true,yad325769,yad325769,2027-01-10,2027-01-11,1,2,1,0,JPY,ja,2_adults_1_room_1_night,sold_out,sold_out,,,missing_or_unclear,insufficient,insufficient,selected_date_calendar_sold_out,,,,missing_or_unclear,jalan_sold_out_excluded,false,false,true,sold_out_without_price,tax_included_total_not_confirmed,,,/Users/gini/Documents/ZMI/zao-market-intelligence/.data/debug/auto-runner-market-refresh-rotating/20260630_160001/jalan/classification_decisions/yad325769_2027-01-10.json,zao_local_history_v1
2026-06-30|jalan|ペンション木いちご|yad325769|2027-01-11|2027-01-12|2_adults_1_room_1_night,8f8f1d66b33a5da226d596ff7b6421225f7fc8c75aeba17607bb1bda14a97000,2027_01,2026-06-30,2026-06-30T18:00:06+09:00,2026-06-30T18:00:06+09:00,jalan,AUTO-RUNNER10X,integrated_jalan_bounded_live,ペンション木いちご,国内旅行・海外旅行や宿・ホテルの宿泊予約はじゃらんnet　～日本最大級の宿・ホテル予約サイト～,true,yad325769,yad325769,2027-01-11,2027-01-12,1,2,1,0,JPY,ja,2_adults_1_room_1_night,sold_out,sold_out,,,missing_or_unclear,insufficient,insufficient,selected_date_calendar_sold_out,,,,missing_or_unclear,jalan_sold_out_excluded,false,false,true,sold_out_without_price,tax_included_total_not_confirmed,,,/Users/gini/Documents/ZMI/zao-market-intelligence/.data/debug/auto-runner-market-refresh-rotating/20260630_180006/jalan/classification_decisions/yad325769_2027-01-11.json,zao_local_history_v1
2026-06-30|jalan|ペンション木いちご|yad325769|2027-01-16|2027-01-17|2_adults_1_room_1_night,8c5e0606be2142b8bab5c3a8ecb8187b30d3093216f4cd4a786b9746903af059,2027_01,2026-06-30,2026-06-30T20:00:06+09:00,2026-06-30T20:00:06+09:00,jalan,AUTO-RUNNER10X,integrated_jalan_bounded_live,ペンション木いちご,国内旅行・海外旅行や宿・ホテルの宿泊予約はじゃらんnet　～日本最大級の宿・ホテル予約サイト～,true,yad325769,yad325769,2027-01-16,2027-01-17,1,2,1,0,JPY,ja,2_adults_1_room_1_night,sold_out,sold_out,,,missing_or_unclear,insufficient,insufficient,selected_date_calendar_sold_out,,,,missing_or_unclear,jalan_sold_out_excluded,false,false,true,sold_out_without_price,tax_included_total_not_confirmed,,,/Users/gini/Documents/ZMI/zao-market-intelligence/.data/debug/auto-runner-market-refresh-rotating/20260630_200006/jalan/classification_decisions/yad325769_2027-01-16.json,zao_local_history_v1
2026-06-30|jalan|ペンション木いちご|yad325769|2027-01-23|2027-01-24|2_adults_1_room_1_night,e2a57a2e9da569161f62057cdf18d7fc365801f5f3df8cfbf4817f94643032d4,2027_01,2026-06-30,2026-06-30T22:00:05+09:00,2026-06-30T22:00:05+09:00,jalan,AUTO-RUNNER10X,integrated_jalan_bounded_live,ペンション木いちご,国内旅行・海外旅行や宿・ホテルの宿泊予約はじゃらんnet　～日本最大級の宿・ホテル予約サイト～,true,yad325769,yad325769,2027-01-23,2027-01-24,1,2,1,0,JPY,ja,2_adults_1_room_1_night,sold_out,sold_out,,,missing_or_unclear,insufficient,insufficient,selected_date_calendar_sold_out,,,,missing_or_unclear,jalan_sold_out_excluded,false,false,true,sold_out_without_price,tax_included_total_not_confirmed,,,/Users/gini/Documents/ZMI/zao-market-intelligence/.data/debug/auto-runner-market-refresh-rotating/20260630_220005/jalan/classification_decisions/yad325769_2027-01-23.json,zao_local_history_v1
2026-07-01|jalan|ホテル喜らく|yad325153|2027-01-01|2027-01-02|2_adults_1_room_1_night,0503f645f1a47abff6c6568204d8beefa6dbff59b5daf97da7022045a4967bbf,2027_01,2026-07-01,2026-07-01T00:00:01+09:00,2026-07-01T00:00:01+09:00,jalan,AUTO-RUNNER10X,integrated_jalan_bounded_live,ホテル喜らく,国内旅行・海外旅行や宿・ホテルの宿泊予約はじゃらんnet　～日本最大級の宿・ホテル予約サイト～,true,yad325153,yad325153,2027-01-01,2027-01-02,1,2,1,0,JPY,ja,2_adults_1_room_1_night,sold_out,sold_out,,,missing_or_unclear,insufficient,insufficient,selected_date_calendar_sold_out,,,,missing_or_unclear,jalan_sold_out_excluded,false,false,true,sold_out_without_price,page_chrome_coupon_or_discount_evidence;tax_included_total_not_confirmed,,,/Users/gini/Documents/ZMI/zao-market-intelligence/.data/debug/auto-runner-market-refresh-rotating/20260701_000001/jalan/classification_decisions/yad325153_2027-01-01.json,zao_local_history_v1
2026-07-01|jalan|ペンション木いちご|yad325769|2027-01-30|2027-01-31|2_adults_1_room_1_night,89bd22da3a8b26f0a949cd9e2d8a726c2929ceb1bdb2e7593ffcc534fbced9e8,2027_01,2026-07-01,2026-07-01T00:00:01+09:00,2026-07-01T00:00:01+09:00,jalan,AUTO-RUNNER10X,integrated_jalan_bounded_live,ペンション木いちご,国内旅行・海外旅行や宿・ホテルの宿泊予約はじゃらんnet　～日本最大級の宿・ホテル予約サイト～,true,yad325769,yad325769,2027-01-30,2027-01-31,1,2,1,0,JPY,ja,2_adults_1_room_1_night,sold_out,sold_out,,,missing_or_unclear,insufficient,insufficient,selected_date_calendar_sold_out,,,,missing_or_unclear,jalan_sold_out_excluded,false,false,true,sold_out_without_price,tax_included_total_not_confirmed,,,/Users/gini/Documents/ZMI/zao-market-intelligence/.data/debug/auto-runner-market-refresh-rotating/20260701_000001/jalan/classification_decisions/yad325769_2027-01-30.json,zao_local_history_v1
2026-07-01|jalan|ホテル喜らく|yad325153|2027-01-02|2027-01-03|2_adults_1_room_1_night,aa454fab41eaa3609743a39535913176d14b4ecfb3ccc281be1c5692fcac3b88,2027_01,2026-07-01,2026-07-01T06:00:06+09:00,2026-07-01T06:00:06+09:00,jalan,AUTO-RUNNER10X,integrated_jalan_bounded_live,ホテル喜らく,国内旅行・海外旅行や宿・ホテルの宿泊予約はじゃらんnet　～日本最大級の宿・ホテル予約サイト～,true,yad325153,yad325153,2027-01-02,2027-01-03,1,2,1,0,JPY,ja,2_adults_1_room_1_night,sold_out,sold_out,,,missing_or_unclear,insufficient,insufficient,selected_date_calendar_sold_out,,,,missing_or_unclear,jalan_sold_out_excluded,false,false,true,sold_out_without_price,page_chrome_coupon_or_discount_evidence;tax_included_total_not_confirmed,,,/Users/gini/Documents/ZMI/zao-market-intelligence/.data/debug/auto-runner-market-refresh-rotating/20260701_060006/jalan/classification_decisions/yad325153_2027-01-02.json,zao_local_history_v1
2026-07-01|jalan|ペンション木いちご|yad325769|2027-01-01|2027-01-02|2_adults_1_room_1_night,b770879e19b36b5d54c51c19a651513eb118cbfdb90b0ebfc232d08834f52626,2027_01,2026-07-01,2026-07-01T16:00:05+09:00,2026-07-01T16:00:05+09:00,jalan,AUTO-RUNNER10X,integrated_jalan_bounded_live,ペンション木いちご,国内旅行・海外旅行や宿・ホテルの宿泊予約はじゃらんnet　～日本最大級の宿・ホテル予約サイト～,true,yad325769,yad325769,2027-01-01,2027-01-02,1,2,1,0,JPY,ja,2_adults_1_room_1_night,sold_out,sold_out,,,missing_or_unclear,insufficient,insufficient,selected_date_calendar_sold_out,,,,missing_or_unclear,jalan_sold_out_excluded,false,false,true,sold_out_without_price,page_chrome_coupon_or_discount_evidence;tax_included_total_not_confirmed,,,/Users/gini/Documents/ZMI/zao-market-intelligence/.data/debug/auto-runner-market-refresh-rotating/20260701_160005/jalan/classification_decisions/yad325769_2027-01-01.json,zao_local_history_v1
2026-07-01|jalan|ホテル喜らく|yad325153|2027-01-03|2027-01-04|2_adults_1_room_1_night,f98354cc6803fe285d114ae694e961bf4fec0075ef8e02eecb184450fb297ea9,2027_01,2026-07-01,2026-07-01T18:00:06+09:00,2026-07-01T18:00:06+09:00,jalan,AUTO-RUNNER10X,integrated_jalan_bounded_live,ホテル喜らく,国内旅行・海外旅行や宿・ホテルの宿泊予約はじゃらんnet　～日本最大級の宿・ホテル予約サイト～,true,yad325153,yad325153,2027-01-03,2027-01-04,1,2,1,0,JPY,ja,2_adults_1_room_1_night,sold_out,sold_out,,,missing_or_unclear,insufficient,insufficient,selected_date_calendar_sold_out,,,,missing_or_unclear,jalan_sold_out_excluded,false,false,true,sold_out_without_price,page_chrome_coupon_or_discount_evidence;tax_included_total_not_confirmed,,,/Users/gini/Documents/ZMI/zao-market-intelligence/.data/debug/auto-runner-market-refresh-rotating/20260701_180006/jalan/classification_decisions/yad325153_2027-01-03.json,zao_local_history_v1
2026-07-01|jalan|ペンション木いちご|yad325769|2027-01-02|2027-01-03|2_adults_1_room_1_night,fa09350c95ec814195a7d07cb072eeaa70060831661478c7ca328b5eeec3a334,2027_01,2026-07-01,2026-07-01T18:00:06+09:00,2026-07-01T18:00:06+09:00,jalan,AUTO-RUNNER10X,integrated_jalan_bounded_live,ペンション木いちご,国内旅行・海外旅行や宿・ホテルの宿泊予約はじゃらんnet　～日本最大級の宿・ホテル予約サイト～,true,yad325769,yad325769,2027-01-02,2027-01-03,1,2,1,0,JPY,ja,2_adults_1_room_1_night,sold_out,sold_out,,,missing_or_unclear,insufficient,insufficient,selected_date_calendar_sold_out,,,,missing_or_unclear,jalan_sold_out_excluded,false,false,true,sold_out_without_price,page_chrome_coupon_or_discount_evidence;tax_included_total_not_confirmed,,,/Users/gini/Documents/ZMI/zao-market-intelligence/.data/debug/auto-runner-market-refresh-rotating/20260701_180006/jalan/classification_decisions/yad325769_2027-01-02.json,zao_local_history_v1
2026-07-01|jalan|ペンション木いちご|yad325769|2027-01-03|2027-01-04|2_adults_1_room_1_night,1dd0c3f622a64c6bba65e8355d67f5b63dadf1c276c30699e740224bde1c9704,2027_01,2026-07-01,2026-07-01T20:00:06+09:00,2026-07-01T20:00:06+09:00,jalan,AUTO-RUNNER10X,integrated_jalan_bounded_live,ペンション木いちご,国内旅行・海外旅行や宿・ホテルの宿泊予約はじゃらんnet　～日本最大級の宿・ホテル予約サイト～,true,yad325769,yad325769,2027-01-03,2027-01-04,1,2,1,0,JPY,ja,2_adults_1_room_1_night,sold_out,sold_out,,,missing_or_unclear,insufficient,insufficient,selected_date_calendar_sold_out,,,,missing_or_unclear,jalan_sold_out_excluded,false,false,true,sold_out_without_price,page_chrome_coupon_or_discount_evidence;tax_included_total_not_confirmed,,,/Users/gini/Documents/ZMI/zao-market-intelligence/.data/debug/auto-runner-market-refresh-rotating/20260701_200006/jalan/classification_decisions/yad325769_2027-01-03.json,zao_local_history_v1
2026-07-01|jalan|ホテル喜らく|yad325153|2027-01-09|2027-01-10|2_adults_1_room_1_night,464834a7665631963dbf77960c36a9e27e264f725e31824142ff5b36aca5df21,2027_01,2026-07-01,2026-07-01T22:00:06+09:00,2026-07-01T22:00:06+09:00,jalan,AUTO-RUNNER10X,integrated_jalan_bounded_live,ホテル喜らく,国内旅行・海外旅行や宿・ホテルの宿泊予約はじゃらんnet　～日本最大級の宿・ホテル予約サイト～,true,yad325153,yad325153,2027-01-09,2027-01-10,1,2,1,0,JPY,ja,2_adults_1_room_1_night,sold_out,sold_out,,,missing_or_unclear,insufficient,insufficient,selected_date_calendar_sold_out,,,,missing_or_unclear,jalan_sold_out_excluded,false,false,true,sold_out_without_price,page_chrome_coupon_or_discount_evidence;tax_included_total_not_confirmed,,,/Users/gini/Documents/ZMI/zao-market-intelligence/.data/debug/auto-runner-market-refresh-rotating/20260701_220006/jalan/classification_decisions/yad325153_2027-01-09.json,zao_local_history_v1
2026-07-01|jalan|ホテル喜らく|yad325153|2027-01-10|2027-01-11|2_adults_1_room_1_night,11b8eefc4dcf3c87b93746ee95cbd86dcd447042977f7d0a31c80bb5dff6990a,2027_01,2026-07-01,2026-07-01T22:00:06+09:00,2026-07-01T22:00:06+09:00,jalan,AUTO-RUNNER10X,integrated_jalan_bounded_live,ホテル喜らく,国内旅行・海外旅行や宿・ホテルの宿泊予約はじゃらんnet　～日本最大級の宿・ホテル予約サイト～,true,yad325153,yad325153,2027-01-10,2027-01-11,1,2,1,0,JPY,ja,2_adults_1_room_1_night,sold_out,sold_out,,,missing_or_unclear,insufficient,insufficient,selected_date_calendar_sold_out,,,,missing_or_unclear,jalan_sold_out_excluded,false,false,true,sold_out_without_price,page_chrome_coupon_or_discount_evidence;tax_included_total_not_confirmed,,,/Users/gini/Documents/ZMI/zao-market-intelligence/.data/debug/auto-runner-market-refresh-rotating/20260701_220006/jalan/classification_decisions/yad325153_2027-01-10.json,zao_local_history_v1
2026-07-01|jalan|ペンション木いちご|yad325769|2027-01-11|2027-01-12|2_adults_1_room_1_night,275d4d39e4f01c4fa28db731a73bdeaaee420e347b676e54b6c6c06f2fc238bc,2027_01,2026-07-01,2026-07-01T22:00:06+09:00,2026-07-01T22:00:06+09:00,jalan,AUTO-RUNNER10X,integrated_jalan_bounded_live,ペンション木いちご,国内旅行・海外旅行や宿・ホテルの宿泊予約はじゃらんnet　～日本最大級の宿・ホテル予約サイト～,true,yad325769,yad325769,2027-01-11,2027-01-12,1,2,1,0,JPY,ja,2_adults_1_room_1_night,sold_out,sold_out,,,missing_or_unclear,insufficient,insufficient,selected_date_calendar_sold_out,,,,missing_or_unclear,jalan_sold_out_excluded,false,false,true,sold_out_without_price,page_chrome_coupon_or_discount_evidence;tax_included_total_not_confirmed,,,/Users/gini/Documents/ZMI/zao-market-intelligence/.data/debug/auto-runner-market-refresh-rotating/20260701_220006/jalan/classification_decisions/yad325769_2027-01-11.json,zao_local_history_v1
2026-07-02|jalan|蔵王四季のホテル|yad322447|2027-01-01|2027-01-02|2_adults_1_room_1_night,be8768c5fe05d1165db82f6e7c510024a48e3c85e1538f12fd594e121caf91c0,2027_01,2026-07-02,2026-07-02T00:00:06+09:00,2026-07-02T00:00:06+09:00,jalan,AUTO-RUNNER10X,integrated_jalan_bounded_live,蔵王四季のホテル,国内旅行・海外旅行や宿・ホテルの宿泊予約はじゃらんnet　～日本最大級の宿・ホテル予約サイト～,true,yad322447,yad322447,2027-01-01,2027-01-02,1,2,1,0,JPY,ja,2_adults_1_room_1_night,sold_out,sold_out,,,missing_or_unclear,insufficient,insufficient,selected_date_calendar_sold_out,,,,missing_or_unclear,jalan_sold_out_excluded,false,false,true,sold_out_without_price,page_chrome_coupon_or_discount_evidence;tax_included_total_not_confirmed,,,/Users/gini/Documents/ZMI/zao-market-intelligence/.data/debug/auto-runner-market-refresh-rotating/20260702_000006/jalan/classification_decisions/yad322447_2027-01-01.json,zao_local_history_v1
2026-07-02|jalan|ホテル喜らく|yad325153|2027-01-11|2027-01-12|2_adults_1_room_1_night,a3b0bff6f9d50d0fbc716dd85719a1e8bff193ebcf94bb6c07d8398ea1c7d742,2027_01,2026-07-02,2026-07-02T00:00:06+09:00,2026-07-02T00:00:06+09:00,jalan,AUTO-RUNNER10X,integrated_jalan_bounded_live,ホテル喜らく,国内旅行・海外旅行や宿・ホテルの宿泊予約はじゃらんnet　～日本最大級の宿・ホテル予約サイト～,true,yad325153,yad325153,2027-01-11,2027-01-12,1,2,1,0,JPY,ja,2_adults_1_room_1_night,sold_out,sold_out,,,missing_or_unclear,insufficient,insufficient,selected_date_calendar_sold_out,,,,missing_or_unclear,jalan_sold_out_excluded,false,false,true,sold_out_without_price,page_chrome_coupon_or_discount_evidence;tax_included_total_not_confirmed,,,/Users/gini/Documents/ZMI/zao-market-intelligence/.data/debug/auto-runner-market-refresh-rotating/20260702_000006/jalan/classification_decisions/yad325153_2027-01-11.json,zao_local_history_v1
2026-07-02|jalan|ホテル喜らく|yad325153|2027-01-16|2027-01-17|2_adults_1_room_1_night,5522dbadda82f57d7ea36f46bfb55a3bc0f3c3e512bf173f9ce04cbc22e55b22,2027_01,2026-07-02,2026-07-02T00:00:06+09:00,2026-07-02T00:00:06+09:00,jalan,AUTO-RUNNER10X,integrated_jalan_bounded_live,ホテル喜らく,国内旅行・海外旅行や宿・ホテルの宿泊予約はじゃらんnet　～日本最大級の宿・ホテル予約サイト～,true,yad325153,yad325153,2027-01-16,2027-01-17,1,2,1,0,JPY,ja,2_adults_1_room_1_night,sold_out,sold_out,,,missing_or_unclear,insufficient,insufficient,selected_date_calendar_sold_out,,,,missing_or_unclear,jalan_sold_out_excluded,false,false,true,sold_out_without_price,page_chrome_coupon_or_discount_evidence;tax_included_total_not_confirmed,,,/Users/gini/Documents/ZMI/zao-market-intelligence/.data/debug/auto-runner-market-refresh-rotating/20260702_000006/jalan/classification_decisions/yad325153_2027-01-16.json,zao_local_history_v1
2026-07-02|jalan|ペンション木いちご|yad325769|2027-01-09|2027-01-10|2_adults_1_room_1_night,17aa5d84ce9acd5d40f13f3612f3ba657ad25f68ab43f7970daebc7c986ead68,2027_01,2026-07-02,2026-07-02T00:00:06+09:00,2026-07-02T00:00:06+09:00,jalan,AUTO-RUNNER10X,integrated_jalan_bounded_live,ペンション木いちご,国内旅行・海外旅行や宿・ホテルの宿泊予約はじゃらんnet　～日本最大級の宿・ホテル予約サイト～,true,yad325769,yad325769,2027-01-09,2027-01-10,1,2,1,0,JPY,ja,2_adults_1_room_1_night,sold_out,sold_out,,,missing_or_unclear,insufficient,insufficient,selected_date_calendar_sold_out,,,,missing_or_unclear,jalan_sold_out_excluded,false,false,true,sold_out_without_price,page_chrome_coupon_or_discount_evidence;tax_included_total_not_confirmed,,,/Users/gini/Documents/ZMI/zao-market-intelligence/.data/debug/auto-runner-market-refresh-rotating/20260702_000006/jalan/classification_decisions/yad325769_2027-01-09.json,zao_local_history_v1
2026-07-02|jalan|ペンション木いちご|yad325769|2027-01-10|2027-01-11|2_adults_1_room_1_night,eed9370919e94e28c42783297ff8c99d9894ef20f9f91081a07d15488b216bcf,2027_01,2026-07-02,2026-07-02T02:00:06+09:00,2026-07-02T02:00:06+09:00,jalan,AUTO-RUNNER10X,integrated_jalan_bounded_live,ペンション木いちご,国内旅行・海外旅行や宿・ホテルの宿泊予約はじゃらんnet　～日本最大級の宿・ホテル予約サイト～,true,yad325769,yad325769,2027-01-10,2027-01-11,1,2,1,0,JPY,ja,2_adults_1_room_1_night,sold_out,sold_out,,,missing_or_unclear,insufficient,insufficient,selected_date_calendar_sold_out,,,,missing_or_unclear,jalan_sold_out_excluded,false,false,true,sold_out_without_price,page_chrome_coupon_or_discount_evidence;tax_included_total_not_confirmed,,,/Users/gini/Documents/ZMI/zao-market-intelligence/.data/debug/auto-runner-market-refresh-rotating/20260702_020006/jalan/classification_decisions/yad325769_2027-01-10.json,zao_local_history_v1
2026-07-02|jalan|ペンション木いちご|yad325769|2027-01-16|2027-01-17|2_adults_1_room_1_night,03491118885ecb5e2b47a884368a560e13a5eaa2beb6637820d770ead75e92b5,2027_01,2026-07-02,2026-07-02T02:00:06+09:00,2026-07-02T02:00:06+09:00,jalan,AUTO-RUNNER10X,integrated_jalan_bounded_live,ペンション木いちご,国内旅行・海外旅行や宿・ホテルの宿泊予約はじゃらんnet　～日本最大級の宿・ホテル予約サイト～,true,yad325769,yad325769,2027-01-16,2027-01-17,1,2,1,0,JPY,ja,2_adults_1_room_1_night,sold_out,sold_out,,,missing_or_unclear,insufficient,insufficient,selected_date_calendar_sold_out,,,,missing_or_unclear,jalan_sold_out_excluded,false,false,true,sold_out_without_price,page_chrome_coupon_or_discount_evidence;tax_included_total_not_confirmed,,,/Users/gini/Documents/ZMI/zao-market-intelligence/.data/debug/auto-runner-market-refresh-rotating/20260702_020006/jalan/classification_decisions/yad325769_2027-01-16.json,zao_local_history_v1
2026-07-02|jalan|蔵王四季のホテル|yad322447|2027-01-02|2027-01-03|2_adults_1_room_1_night,4fcb7a95c80d9ae9112d1a5e61f80c4ab2585819b5b594e0e4c3624fe07b9e49,2027_01,2026-07-02,2026-07-02T04:00:06+09:00,2026-07-02T04:00:06+09:00,jalan,AUTO-RUNNER10X,integrated_jalan_bounded_live,蔵王四季のホテル,国内旅行・海外旅行や宿・ホテルの宿泊予約はじゃらんnet　～日本最大級の宿・ホテル予約サイト～,true,yad322447,yad322447,2027-01-02,2027-01-03,1,2,1,0,JPY,ja,2_adults_1_room_1_night,available,not_sold_out_confirmed,,,missing_or_unclear,C,C,Price visible but meal_basis=unknown_meal_basis (jalan_ambiguous_meal_and_room_only_tokens); excluded from room-only DP per confirmed policy.,160600,,,tax_included_total,jalan_unknown_meal_basis_excluded,false,false,true,unknown_meal_basis_excluded,page_chrome_coupon_or_discount_evidence;unknown_meal_basis_excluded;meal_basis=unknown_meal_basis,,,/Users/gini/Documents/ZMI/zao-market-intelligence/.data/debug/auto-runner-market-refresh-rotating/20260702_040006/jalan/classification_decisions/yad322447_2027-01-02.json,zao_local_history_v1
2026-07-02|jalan|蔵王四季のホテル|yad322447|2027-01-03|2027-01-04|2_adults_1_room_1_night,b3c7427f14d7a4c8eb3ba2a9935251af7b6c61c593ecdcb1390abd8d3a764b78,2027_01,2026-07-02,2026-07-02T04:00:06+09:00,2026-07-02T04:00:06+09:00,jalan,AUTO-RUNNER10X,integrated_jalan_bounded_live,蔵王四季のホテル,国内旅行・海外旅行や宿・ホテルの宿泊予約はじゃらんnet　～日本最大級の宿・ホテル予約サイト～,true,yad322447,yad322447,2027-01-03,2027-01-04,1,2,1,0,JPY,ja,2_adults_1_room_1_night,available,not_sold_out_confirmed,,,missing_or_unclear,C,C,Price visible but meal_basis=unknown_meal_basis (jalan_ambiguous_meal_and_room_only_tokens); excluded from room-only DP per confirmed policy.,123200,,,tax_included_total,jalan_unknown_meal_basis_excluded,false,false,true,unknown_meal_basis_excluded,page_chrome_coupon_or_discount_evidence;unknown_meal_basis_excluded;meal_basis=unknown_meal_basis,,,/Users/gini/Documents/ZMI/zao-market-intelligence/.data/debug/auto-runner-market-refresh-rotating/20260702_040006/jalan/classification_decisions/yad322447_2027-01-03.json,zao_local_history_v1
2026-07-02|jalan|ペンション木いちご|yad325769|2027-01-23|2027-01-24|2_adults_1_room_1_night,0114d3d2be81e1582567e22ad029fc450eb7a62149d2af8a701a0e07f7fde05d,2027_01,2026-07-02,2026-07-02T04:00:06+09:00,2026-07-02T04:00:06+09:00,jalan,AUTO-RUNNER10X,integrated_jalan_bounded_live,ペンション木いちご,国内旅行・海外旅行や宿・ホテルの宿泊予約はじゃらんnet　～日本最大級の宿・ホテル予約サイト～,true,yad325769,yad325769,2027-01-23,2027-01-24,1,2,1,0,JPY,ja,2_adults_1_room_1_night,sold_out,sold_out,,,missing_or_unclear,insufficient,insufficient,selected_date_calendar_sold_out,,,,missing_or_unclear,jalan_sold_out_excluded,false,false,true,sold_out_without_price,page_chrome_coupon_or_discount_evidence;tax_included_total_not_confirmed,,,/Users/gini/Documents/ZMI/zao-market-intelligence/.data/debug/auto-runner-market-refresh-rotating/20260702_040006/jalan/classification_decisions/yad325769_2027-01-23.json,zao_local_history_v1
2026-07-02|jalan|蔵王四季のホテル|yad322447|2027-01-09|2027-01-10|2_adults_1_room_1_night,a85db125de2d7f5fb66ed6e437b3a8fe020de8448c2891c881b4b46e9b96b6db,2027_01,2026-07-02,2026-07-02T08:00:02+09:00,2026-07-02T08:00:02+09:00,jalan,AUTO-RUNNER10X,integrated_jalan_bounded_live,蔵王四季のホテル,国内旅行・海外旅行や宿・ホテルの宿泊予約はじゃらんnet　～日本最大級の宿・ホテル予約サイト～,true,yad322447,yad322447,2027-01-09,2027-01-10,1,2,1,0,JPY,ja,2_adults_1_room_1_night,available,not_sold_out_confirmed,,,missing_or_unclear,C,C,Price visible but meal_basis=unknown_meal_basis (jalan_ambiguous_meal_and_room_only_tokens); excluded from room-only DP per confirmed policy.,138600,,,tax_included_total,jalan_unknown_meal_basis_excluded,false,false,true,unknown_meal_basis_excluded,page_chrome_coupon_or_discount_evidence;unknown_meal_basis_excluded;meal_basis=unknown_meal_basis,,,/Users/gini/Documents/ZMI/zao-market-intelligence/.data/debug/auto-runner-market-refresh-rotating/20260702_080002/jalan/classification_decisions/yad322447_2027-01-09.json,zao_local_history_v1
2026-07-02|jalan|蔵王四季のホテル|yad322447|2027-01-10|2027-01-11|2_adults_1_room_1_night,3cb12ae7a7b28e04ae4498de40bf6262a3568df06a89d4c115696a1aab1545ea,2027_01,2026-07-02,2026-07-02T08:00:02+09:00,2026-07-02T08:00:02+09:00,jalan,AUTO-RUNNER10X,integrated_jalan_bounded_live,蔵王四季のホテル,国内旅行・海外旅行や宿・ホテルの宿泊予約はじゃらんnet　～日本最大級の宿・ホテル予約サイト～,true,yad322447,yad322447,2027-01-10,2027-01-11,1,2,1,0,JPY,ja,2_adults_1_room_1_night,available,not_sold_out_confirmed,,,missing_or_unclear,C,C,Price visible but meal_basis=unknown_meal_basis (jalan_ambiguous_meal_and_room_only_tokens); excluded from room-only DP per confirmed policy.,132000,,,tax_included_total,jalan_unknown_meal_basis_excluded,false,false,true,unknown_meal_basis_excluded,page_chrome_coupon_or_discount_evidence;unknown_meal_basis_excluded;meal_basis=unknown_meal_basis,,,/Users/gini/Documents/ZMI/zao-market-intelligence/.data/debug/auto-runner-market-refresh-rotating/20260702_080002/jalan/classification_decisions/yad322447_2027-01-10.json,zao_local_history_v1
2026-07-02|jalan|ホテル喜らく|yad325153|2027-01-01|2027-01-02|2_adults_1_room_1_night,8e127e6a71bba9e1ec6d398b6174b597efe80c800ee35b59d84dc4c4c29bd42e,2027_01,2026-07-02,2026-07-02T10:00:05+09:00,2026-07-02T10:00:05+09:00,jalan,AUTO-RUNNER10X,integrated_jalan_bounded_live,ホテル喜らく,国内旅行・海外旅行や宿・ホテルの宿泊予約はじゃらんnet　～日本最大級の宿・ホテル予約サイト～,true,yad325153,yad325153,2027-01-01,2027-01-02,1,2,1,0,JPY,ja,2_adults_1_room_1_night,sold_out,sold_out,,,missing_or_unclear,insufficient,insufficient,selected_date_calendar_sold_out,,,,missing_or_unclear,jalan_sold_out_excluded,false,false,true,sold_out_without_price,page_chrome_coupon_or_discount_evidence;tax_included_total_not_confirmed,,,/Users/gini/Documents/ZMI/zao-market-intelligence/.data/debug/auto-runner-market-refresh-rotating/20260702_100005/jalan/classification_decisions/yad325153_2027-01-01.json,zao_local_history_v1
2026-07-02|jalan|ホテル喜らく|yad325153|2027-01-02|2027-01-03|2_adults_1_room_1_night,07ab101e146cf3b721d28fcd283e3c5d0b7adea9804d0658000c5ed6bd7d7ecb,2027_01,2026-07-02,2026-07-02T10:00:05+09:00,2026-07-02T10:00:05+09:00,jalan,AUTO-RUNNER10X,integrated_jalan_bounded_live,ホテル喜らく,国内旅行・海外旅行や宿・ホテルの宿泊予約はじゃらんnet　～日本最大級の宿・ホテル予約サイト～,true,yad325153,yad325153,2027-01-02,2027-01-03,1,2,1,0,JPY,ja,2_adults_1_room_1_night,sold_out,sold_out,,,missing_or_unclear,insufficient,insufficient,selected_date_calendar_sold_out,,,,missing_or_unclear,jalan_sold_out_excluded,false,false,true,sold_out_without_price,page_chrome_coupon_or_discount_evidence;tax_included_total_not_confirmed,,,/Users/gini/Documents/ZMI/zao-market-intelligence/.data/debug/auto-runner-market-refresh-rotating/20260702_100005/jalan/classification_decisions/yad325153_2027-01-02.json,zao_local_history_v1
2026-07-02|jalan|ペンション木いちご|yad325769|2027-01-30|2027-01-31|2_adults_1_room_1_night,c71e1ff739e8658b3c08c80f5eb01f6c3d212fd3b2ac32a78fe4c108f9519f74,2027_01,2026-07-02,2026-07-02T10:00:05+09:00,2026-07-02T10:00:05+09:00,jalan,AUTO-RUNNER10X,integrated_jalan_bounded_live,ペンション木いちご,国内旅行・海外旅行や宿・ホテルの宿泊予約はじゃらんnet　～日本最大級の宿・ホテル予約サイト～,true,yad325769,yad325769,2027-01-30,2027-01-31,1,2,1,0,JPY,ja,2_adults_1_room_1_night,sold_out,sold_out,,,missing_or_unclear,insufficient,insufficient,selected_date_calendar_sold_out,,,,missing_or_unclear,jalan_sold_out_excluded,false,false,true,sold_out_without_price,page_chrome_coupon_or_discount_evidence;tax_included_total_not_confirmed,,,/Users/gini/Documents/ZMI/zao-market-intelligence/.data/debug/auto-runner-market-refresh-rotating/20260702_100005/jalan/classification_decisions/yad325769_2027-01-30.json,zao_local_history_v1
2026-07-02|jalan|ペンション木いちご|yad325769|2027-01-01|2027-01-02|2_adults_1_room_1_night,c91ea798adeef43a7e929032168ae693cebfb35536d8fedadb8dc82d01695689,2027_01,2026-07-02,2026-07-02T16:00:06+09:00,2026-07-02T16:00:06+09:00,jalan,AUTO-RUNNER10X,integrated_jalan_bounded_live,ペンション木いちご,国内旅行・海外旅行や宿・ホテルの宿泊予約はじゃらんnet　～日本最大級の宿・ホテル予約サイト～,true,yad325769,yad325769,2027-01-01,2027-01-02,1,2,1,0,JPY,ja,2_adults_1_room_1_night,sold_out,sold_out,,,missing_or_unclear,insufficient,insufficient,selected_date_calendar_sold_out,,,,missing_or_unclear,jalan_sold_out_excluded,false,false,true,sold_out_without_price,page_chrome_coupon_or_discount_evidence;tax_included_total_not_confirmed,,,/Users/gini/Documents/ZMI/zao-market-intelligence/.data/debug/auto-runner-market-refresh-rotating/20260702_160006/jalan/classification_decisions/yad325769_2027-01-01.json,zao_local_history_v1
2026-07-02|jalan|ペンション木いちご|yad325769|2027-01-02|2027-01-03|2_adults_1_room_1_night,50a4d54e20e04861e1681b418f7b882ddf6b6a401928593b98f87c3818f8e026,2027_01,2026-07-02,2026-07-02T18:00:06+09:00,2026-07-02T18:00:06+09:00,jalan,AUTO-RUNNER10X,integrated_jalan_bounded_live,ペンション木いちご,国内旅行・海外旅行や宿・ホテルの宿泊予約はじゃらんnet　～日本最大級の宿・ホテル予約サイト～,true,yad325769,yad325769,2027-01-02,2027-01-03,1,2,1,0,JPY,ja,2_adults_1_room_1_night,sold_out,sold_out,,,missing_or_unclear,insufficient,insufficient,selected_date_calendar_sold_out,,,,missing_or_unclear,jalan_sold_out_excluded,false,false,true,sold_out_without_price,page_chrome_coupon_or_discount_evidence;tax_included_total_not_confirmed,,,/Users/gini/Documents/ZMI/zao-market-intelligence/.data/debug/auto-runner-market-refresh-rotating/20260702_180006/jalan/classification_decisions/yad325769_2027-01-02.json,zao_local_history_v1
2026-07-02|jalan|ペンション木いちご|yad325769|2027-01-03|2027-01-04|2_adults_1_room_1_night,4cc5df5fca8a7dac3c91725a1b4c0a775adac324bad98212b7891c16a3978a54,2027_01,2026-07-02,2026-07-02T22:00:06+09:00,2026-07-02T22:00:06+09:00,jalan,AUTO-RUNNER10X,integrated_jalan_bounded_live,ペンション木いちご,国内旅行・海外旅行や宿・ホテルの宿泊予約はじゃらんnet　～日本最大級の宿・ホテル予約サイト～,true,yad325769,yad325769,2027-01-03,2027-01-04,1,2,1,0,JPY,ja,2_adults_1_room_1_night,sold_out,sold_out,,,missing_or_unclear,insufficient,insufficient,selected_date_calendar_sold_out,,,,missing_or_unclear,jalan_sold_out_excluded,false,false,true,sold_out_without_price,page_chrome_coupon_or_discount_evidence;tax_included_total_not_confirmed,,,/Users/gini/Documents/ZMI/zao-market-intelligence/.data/debug/auto-runner-market-refresh-rotating/20260702_220006/jalan/classification_decisions/yad325769_2027-01-03.json,zao_local_history_v1
2026-07-03|jalan|ペンション木いちご|yad325769|2027-01-09|2027-01-10|2_adults_1_room_1_night,df49e054be4d496b5a87def7058f244dafdd8836c1b2bf365f34ae01950800af,2027_01,2026-07-03,2026-07-03T00:00:01+09:00,2026-07-03T00:00:01+09:00,jalan,AUTO-RUNNER10X,integrated_jalan_bounded_live,ペンション木いちご,国内旅行・海外旅行や宿・ホテルの宿泊予約はじゃらんnet　～日本最大級の宿・ホテル予約サイト～,true,yad325769,yad325769,2027-01-09,2027-01-10,1,2,1,0,JPY,ja,2_adults_1_room_1_night,sold_out,sold_out,,,missing_or_unclear,insufficient,insufficient,selected_date_calendar_sold_out,,,,missing_or_unclear,jalan_sold_out_excluded,false,false,true,sold_out_without_price,page_chrome_coupon_or_discount_evidence;tax_included_total_not_confirmed,,,/Users/gini/Documents/ZMI/zao-market-intelligence/.data/debug/auto-runner-market-refresh-rotating/20260703_000001/jalan/classification_decisions/yad325769_2027-01-09.json,zao_local_history_v1
2026-07-03|jalan|ペンション木いちご|yad325769|2027-01-11|2027-01-12|2_adults_1_room_1_night,88c4b8d88665a45548a607151224388fa2af1a9a277e5845ff0d92740460cb12,2027_01,2026-07-03,2026-07-03T00:00:01+09:00,2026-07-03T00:00:01+09:00,jalan,AUTO-RUNNER10X,integrated_jalan_bounded_live,ペンション木いちご,国内旅行・海外旅行や宿・ホテルの宿泊予約はじゃらんnet　～日本最大級の宿・ホテル予約サイト～,true,yad325769,yad325769,2027-01-11,2027-01-12,1,2,1,0,JPY,ja,2_adults_1_room_1_night,sold_out,sold_out,,,missing_or_unclear,insufficient,insufficient,selected_date_calendar_sold_out,,,,missing_or_unclear,jalan_sold_out_excluded,false,false,true,sold_out_without_price,page_chrome_coupon_or_discount_evidence;tax_included_total_not_confirmed,,,/Users/gini/Documents/ZMI/zao-market-intelligence/.data/debug/auto-runner-market-refresh-rotating/20260703_000001/jalan/classification_decisions/yad325769_2027-01-11.json,zao_local_history_v1
2026-07-03|jalan|ホテル喜らく|yad325153|2027-01-03|2027-01-04|2_adults_1_room_1_night,1771c795d80f58f7b9242f24c0175ba8664055df248bf2f571903d28cef084fe,2027_01,2026-07-03,2026-07-03T02:00:06+09:00,2026-07-03T02:00:06+09:00,jalan,AUTO-RUNNER10X,integrated_jalan_bounded_live,ホテル喜らく,国内旅行・海外旅行や宿・ホテルの宿泊予約はじゃらんnet　～日本最大級の宿・ホテル予約サイト～,true,yad325153,yad325153,2027-01-03,2027-01-04,1,2,1,0,JPY,ja,2_adults_1_room_1_night,sold_out,sold_out,,,missing_or_unclear,insufficient,insufficient,selected_date_calendar_sold_out,,,,missing_or_unclear,jalan_sold_out_excluded,false,false,true,sold_out_without_price,page_chrome_coupon_or_discount_evidence;tax_included_total_not_confirmed,,,/Users/gini/Documents/ZMI/zao-market-intelligence/.data/debug/auto-runner-market-refresh-rotating/20260703_020006/jalan/classification_decisions/yad325153_2027-01-03.json,zao_local_history_v1
2026-07-03|jalan|ペンション木いちご|yad325769|2027-01-10|2027-01-11|2_adults_1_room_1_night,50d2ae92c569b6b246ead1acd984a02ffbda20cedf31238ad08a1f668ec1ff9b,2027_01,2026-07-03,2026-07-03T02:00:06+09:00,2026-07-03T02:00:06+09:00,jalan,AUTO-RUNNER10X,integrated_jalan_bounded_live,ペンション木いちご,国内旅行・海外旅行や宿・ホテルの宿泊予約はじゃらんnet　～日本最大級の宿・ホテル予約サイト～,true,yad325769,yad325769,2027-01-10,2027-01-11,1,2,1,0,JPY,ja,2_adults_1_room_1_night,available,not_sold_out_confirmed,,,missing_or_unclear,C,C,"Price visible, meal_basis=confirmed_room_only, but room_basis=excluded_single_room (single_room_token_detected); excluded from two-person-standard DP per confirmed policy.",37000,,,tax_included_total,jalan_room_type_excluded,false,false,true,excluded_room_type_single,page_chrome_coupon_or_discount_evidence;meal_basis_confirmed_room_only;meal_basis=confirmed_room_only;excluded_room_type_single;room_basis=excluded_single_room,,,/Users/gini/Documents/ZMI/zao-market-intelligence/.data/debug/auto-runner-market-refresh-rotating/20260703_020006/jalan/classification_decisions/yad325769_2027-01-10.json,zao_local_history_v1
2026-07-03|jalan|ペンション木いちご|yad325769|2027-01-16|2027-01-17|2_adults_1_room_1_night,84c24baf41fba22c411b623f111d23fb4f004d7c6db13f68748078a85a351274,2027_01,2026-07-03,2026-07-03T04:00:08+09:00,2026-07-03T04:00:08+09:00,jalan,AUTO-RUNNER10X,integrated_jalan_bounded_live,ペンション木いちご,国内旅行・海外旅行や宿・ホテルの宿泊予約はじゃらんnet　～日本最大級の宿・ホテル予約サイト～,true,yad325769,yad325769,2027-01-16,2027-01-17,1,2,1,0,JPY,ja,2_adults_1_room_1_night,sold_out,sold_out,,,missing_or_unclear,insufficient,insufficient,selected_date_calendar_sold_out,,,,missing_or_unclear,jalan_sold_out_excluded,false,false,true,sold_out_without_price,page_chrome_coupon_or_discount_evidence;tax_included_total_not_confirmed,,,/Users/gini/Documents/ZMI/zao-market-intelligence/.data/debug/auto-runner-market-refresh-rotating/20260703_040007/jalan/classification_decisions/yad325769_2027-01-16.json,zao_local_history_v1
2026-07-03|jalan|ペンション木いちご|yad325769|2027-01-23|2027-01-24|2_adults_1_room_1_night,200ffd0f31cc745828a465596cac61c19db7cca96514339f16f514d9f6a8bf9e,2027_01,2026-07-03,2026-07-03T06:00:06+09:00,2026-07-03T06:00:06+09:00,jalan,AUTO-RUNNER10X,integrated_jalan_bounded_live,ペンション木いちご,国内旅行・海外旅行や宿・ホテルの宿泊予約はじゃらんnet　～日本最大級の宿・ホテル予約サイト～,true,yad325769,yad325769,2027-01-23,2027-01-24,1,2,1,0,JPY,ja,2_adults_1_room_1_night,sold_out,sold_out,,,missing_or_unclear,insufficient,insufficient,selected_date_calendar_sold_out,,,,missing_or_unclear,jalan_sold_out_excluded,false,false,true,sold_out_without_price,page_chrome_coupon_or_discount_evidence;tax_included_total_not_confirmed,,,/Users/gini/Documents/ZMI/zao-market-intelligence/.data/debug/auto-runner-market-refresh-rotating/20260703_060006/jalan/classification_decisions/yad325769_2027-01-23.json,zao_local_history_v1
2026-07-03|jalan|ホテル喜らく|yad325153|2027-01-01|2027-01-02|2_adults_1_room_1_night,7a9df703024b7c01b5194f38368bb0f8347da8308de607b2ae16fd427c104eb7,2027_01,2026-07-03,2026-07-03T10:00:06+09:00,2026-07-03T10:00:06+09:00,jalan,AUTO-RUNNER10X,integrated_jalan_bounded_live,ホテル喜らく,国内旅行・海外旅行や宿・ホテルの宿泊予約はじゃらんnet　～日本最大級の宿・ホテル予約サイト～,true,yad325153,yad325153,2027-01-01,2027-01-02,1,2,1,0,JPY,ja,2_adults_1_room_1_night,sold_out,sold_out,,,missing_or_unclear,insufficient,insufficient,selected_date_calendar_sold_out,,,,missing_or_unclear,jalan_sold_out_excluded,false,false,true,sold_out_without_price,page_chrome_coupon_or_discount_evidence;tax_included_total_not_confirmed,,,/Users/gini/Documents/ZMI/zao-market-intelligence/.data/debug/auto-runner-market-refresh-rotating/20260703_100006/jalan/classification_decisions/yad325153_2027-01-01.json,zao_local_history_v1
2026-07-03|jalan|ペンション木いちご|yad325769|2027-01-30|2027-01-31|2_adults_1_room_1_night,cc8075eaabcc55f2322164a5279fda50dc71490a37781b72c70ad2614651d9cb,2027_01,2026-07-03,2026-07-03T10:00:06+09:00,2026-07-03T10:00:06+09:00,jalan,AUTO-RUNNER10X,integrated_jalan_bounded_live,ペンション木いちご,国内旅行・海外旅行や宿・ホテルの宿泊予約はじゃらんnet　～日本最大級の宿・ホテル予約サイト～,true,yad325769,yad325769,2027-01-30,2027-01-31,1,2,1,0,JPY,ja,2_adults_1_room_1_night,sold_out,sold_out,,,missing_or_unclear,insufficient,insufficient,selected_date_calendar_sold_out,,,,missing_or_unclear,jalan_sold_out_excluded,false,false,true,sold_out_without_price,page_chrome_coupon_or_discount_evidence;tax_included_total_not_confirmed,,,/Users/gini/Documents/ZMI/zao-market-intelligence/.data/debug/auto-runner-market-refresh-rotating/20260703_100006/jalan/classification_decisions/yad325769_2027-01-30.json,zao_local_history_v1
2026-07-03|jalan|ホテル喜らく|yad325153|2027-01-02|2027-01-03|2_adults_1_room_1_night,c73f5b680bdd27f57e54a05b2e6a883ec5576928699b2021e11eff589fa74695,2027_01,2026-07-03,2026-07-03T12:00:01+09:00,2026-07-03T12:00:01+09:00,jalan,AUTO-RUNNER10X,integrated_jalan_bounded_live,ホテル喜らく,国内旅行・海外旅行や宿・ホテルの宿泊予約はじゃらんnet　～日本最大級の宿・ホテル予約サイト～,true,yad325153,yad325153,2027-01-02,2027-01-03,1,2,1,0,JPY,ja,2_adults_1_room_1_night,sold_out,sold_out,,,missing_or_unclear,insufficient,insufficient,selected_date_calendar_sold_out,,,,missing_or_unclear,jalan_sold_out_excluded,false,false,true,sold_out_without_price,page_chrome_coupon_or_discount_evidence;tax_included_total_not_confirmed,,,/Users/gini/Documents/ZMI/zao-market-intelligence/.data/debug/auto-runner-market-refresh-rotating/20260703_120001/jalan/classification_decisions/yad325153_2027-01-02.json,zao_local_history_v1
2026-07-03|jalan|ホテル喜らく|yad325153|2027-01-09|2027-01-10|2_adults_1_room_1_night,5f6a12ef524c354bf0693c67173c58f94705f43f660004a8d93ce64165735cd6,2027_01,2026-07-03,2026-07-03T12:00:01+09:00,2026-07-03T12:00:01+09:00,jalan,AUTO-RUNNER10X,integrated_jalan_bounded_live,ホテル喜らく,国内旅行・海外旅行や宿・ホテルの宿泊予約はじゃらんnet　～日本最大級の宿・ホテル予約サイト～,true,yad325153,yad325153,2027-01-09,2027-01-10,1,2,1,0,JPY,ja,2_adults_1_room_1_night,sold_out,sold_out,,,missing_or_unclear,insufficient,insufficient,selected_date_calendar_sold_out,,,,missing_or_unclear,jalan_sold_out_excluded,false,false,true,sold_out_without_price,page_chrome_coupon_or_discount_evidence;tax_included_total_not_confirmed,,,/Users/gini/Documents/ZMI/zao-market-intelligence/.data/debug/auto-runner-market-refresh-rotating/20260703_120001/jalan/classification_decisions/yad325153_2027-01-09.json,zao_local_history_v1
2026-07-03|jalan|ホテル喜らく|yad325153|2027-01-10|2027-01-11|2_adults_1_room_1_night,af1f6cd528047e9b8c192aa1c682aed03c6a482ba1bf9b37a164131ddc452514,2027_01,2026-07-03,2026-07-03T16:00:06+09:00,2026-07-03T16:00:06+09:00,jalan,AUTO-RUNNER10X,integrated_jalan_bounded_live,ホテル喜らく,国内旅行・海外旅行や宿・ホテルの宿泊予約はじゃらんnet　～日本最大級の宿・ホテル予約サイト～,true,yad325153,yad325153,2027-01-10,2027-01-11,1,2,1,0,JPY,ja,2_adults_1_room_1_night,sold_out,sold_out,,,missing_or_unclear,insufficient,insufficient,selected_date_calendar_sold_out,,,,missing_or_unclear,jalan_sold_out_excluded,false,false,true,sold_out_without_price,page_chrome_coupon_or_discount_evidence;tax_included_total_not_confirmed,,,/Users/gini/Documents/ZMI/zao-market-intelligence/.data/debug/auto-runner-market-refresh-rotating/20260703_160006/jalan/classification_decisions/yad325153_2027-01-10.json,zao_local_history_v1
2026-07-03|jalan|ペンション木いちご|yad325769|2027-01-01|2027-01-02|2_adults_1_room_1_night,4359e6633f5149e5fa7f171f6af67edc8ae16c816d3746452647fb34583b63da,2027_01,2026-07-03,2026-07-03T16:00:06+09:00,2026-07-03T16:00:06+09:00,jalan,AUTO-RUNNER10X,integrated_jalan_bounded_live,ペンション木いちご,国内旅行・海外旅行や宿・ホテルの宿泊予約はじゃらんnet　～日本最大級の宿・ホテル予約サイト～,true,yad325769,yad325769,2027-01-01,2027-01-02,1,2,1,0,JPY,ja,2_adults_1_room_1_night,sold_out,sold_out,,,missing_or_unclear,insufficient,insufficient,selected_date_calendar_sold_out,,,,missing_or_unclear,jalan_sold_out_excluded,false,false,true,sold_out_without_price,page_chrome_coupon_or_discount_evidence;tax_included_total_not_confirmed,,,/Users/gini/Documents/ZMI/zao-market-intelligence/.data/debug/auto-runner-market-refresh-rotating/20260703_160006/jalan/classification_decisions/yad325769_2027-01-01.json,zao_local_history_v1
2026-07-03|jalan|ホテル喜らく|yad325153|2027-01-11|2027-01-12|2_adults_1_room_1_night,50dbbc383046f8b6d01229500100b67bbbfb70b5e29abdfb3bcd45a35a4ff2df,2027_01,2026-07-03,2026-07-03T18:00:06+09:00,2026-07-03T18:00:06+09:00,jalan,AUTO-RUNNER10X,integrated_jalan_bounded_live,ホテル喜らく,国内旅行・海外旅行や宿・ホテルの宿泊予約はじゃらんnet　～日本最大級の宿・ホテル予約サイト～,true,yad325153,yad325153,2027-01-11,2027-01-12,1,2,1,0,JPY,ja,2_adults_1_room_1_night,sold_out,sold_out,,,missing_or_unclear,insufficient,insufficient,selected_date_calendar_sold_out,,,,missing_or_unclear,jalan_sold_out_excluded,false,false,true,sold_out_without_price,page_chrome_coupon_or_discount_evidence;tax_included_total_not_confirmed,,,/Users/gini/Documents/ZMI/zao-market-intelligence/.data/debug/auto-runner-market-refresh-rotating/20260703_180006/jalan/classification_decisions/yad325153_2027-01-11.json,zao_local_history_v1
2026-07-03|jalan|ペンション木いちご|yad325769|2027-01-02|2027-01-03|2_adults_1_room_1_night,13d0c99ac27126328daab6159bc7ec0496e9d0cdf9653e2d4c50f7ef28d29968,2027_01,2026-07-03,2026-07-03T18:00:06+09:00,2026-07-03T18:00:06+09:00,jalan,AUTO-RUNNER10X,integrated_jalan_bounded_live,ペンション木いちご,国内旅行・海外旅行や宿・ホテルの宿泊予約はじゃらんnet　～日本最大級の宿・ホテル予約サイト～,true,yad325769,yad325769,2027-01-02,2027-01-03,1,2,1,0,JPY,ja,2_adults_1_room_1_night,sold_out,sold_out,,,missing_or_unclear,insufficient,insufficient,selected_date_calendar_sold_out,,,,missing_or_unclear,jalan_sold_out_excluded,false,false,true,sold_out_without_price,page_chrome_coupon_or_discount_evidence;tax_included_total_not_confirmed,,,/Users/gini/Documents/ZMI/zao-market-intelligence/.data/debug/auto-runner-market-refresh-rotating/20260703_180006/jalan/classification_decisions/yad325769_2027-01-02.json,zao_local_history_v1
2026-07-03|jalan|ペンション木いちご|yad325769|2027-01-03|2027-01-04|2_adults_1_room_1_night,6f4fcfb8a404aeaa2eeaa185a53bfff9907b0e2c0ffbd8598ec6e701f1f3968a,2027_01,2026-07-03,2026-07-03T22:00:06+09:00,2026-07-03T22:00:06+09:00,jalan,AUTO-RUNNER10X,integrated_jalan_bounded_live,ペンション木いちご,国内旅行・海外旅行や宿・ホテルの宿泊予約はじゃらんnet　～日本最大級の宿・ホテル予約サイト～,true,yad325769,yad325769,2027-01-03,2027-01-04,1,2,1,0,JPY,ja,2_adults_1_room_1_night,sold_out,sold_out,,,missing_or_unclear,insufficient,insufficient,selected_date_calendar_sold_out,,,,missing_or_unclear,jalan_sold_out_excluded,false,false,true,sold_out_without_price,page_chrome_coupon_or_discount_evidence;tax_included_total_not_confirmed,,,/Users/gini/Documents/ZMI/zao-market-intelligence/.data/debug/auto-runner-market-refresh-rotating/20260703_220006/jalan/classification_decisions/yad325769_2027-01-03.json,zao_local_history_v1
2026-07-04|jalan|ホテル喜らく|yad325153|2027-01-16|2027-01-17|2_adults_1_room_1_night,f1104a71a6de9f2f7a25c0b187ab6ce2107216d8c98319384a9c882c091f6f59,2027_01,2026-07-04,2026-07-04T00:00:05+09:00,2026-07-04T00:00:05+09:00,jalan,AUTO-RUNNER10X,integrated_jalan_bounded_live,ホテル喜らく,国内旅行・海外旅行や宿・ホテルの宿泊予約はじゃらんnet　～日本最大級の宿・ホテル予約サイト～,true,yad325153,yad325153,2027-01-16,2027-01-17,1,2,1,0,JPY,ja,2_adults_1_room_1_night,sold_out,sold_out,,,missing_or_unclear,insufficient,insufficient,selected_date_calendar_sold_out,,,,missing_or_unclear,jalan_sold_out_excluded,false,false,true,sold_out_without_price,page_chrome_coupon_or_discount_evidence;tax_included_total_not_confirmed,,,/Users/gini/Documents/ZMI/zao-market-intelligence/.data/debug/auto-runner-market-refresh-rotating/20260704_000005/jalan/classification_decisions/yad325153_2027-01-16.json,zao_local_history_v1
2026-07-04|jalan|ペンション木いちご|yad325769|2027-01-09|2027-01-10|2_adults_1_room_1_night,f25645a1fcad960ad507d7e65fdb1515e8a7043ead145689c5739ecc1117503b,2027_01,2026-07-04,2026-07-04T00:00:05+09:00,2026-07-04T00:00:05+09:00,jalan,AUTO-RUNNER10X,integrated_jalan_bounded_live,ペンション木いちご,国内旅行・海外旅行や宿・ホテルの宿泊予約はじゃらんnet　～日本最大級の宿・ホテル予約サイト～,true,yad325769,yad325769,2027-01-09,2027-01-10,1,2,1,0,JPY,ja,2_adults_1_room_1_night,sold_out,sold_out,,,missing_or_unclear,insufficient,insufficient,selected_date_calendar_sold_out,,,,missing_or_unclear,jalan_sold_out_excluded,false,false,true,sold_out_without_price,page_chrome_coupon_or_discount_evidence;tax_included_total_not_confirmed,,,/Users/gini/Documents/ZMI/zao-market-intelligence/.data/debug/auto-runner-market-refresh-rotating/20260704_000005/jalan/classification_decisions/yad325769_2027-01-09.json,zao_local_history_v1
2026-07-04|jalan|ペンション木いちご|yad325769|2027-01-11|2027-01-12|2_adults_1_room_1_night,f97612b33e35f8fe14f989291080676c7799655a01bcd5dffa906c504dc563c9,2027_01,2026-07-04,2026-07-04T00:00:05+09:00,2026-07-04T00:00:05+09:00,jalan,AUTO-RUNNER10X,integrated_jalan_bounded_live,ペンション木いちご,国内旅行・海外旅行や宿・ホテルの宿泊予約はじゃらんnet　～日本最大級の宿・ホテル予約サイト～,true,yad325769,yad325769,2027-01-11,2027-01-12,1,2,1,0,JPY,ja,2_adults_1_room_1_night,sold_out,sold_out,,,missing_or_unclear,insufficient,insufficient,selected_date_calendar_sold_out,,,,missing_or_unclear,jalan_sold_out_excluded,false,false,true,sold_out_without_price,page_chrome_coupon_or_discount_evidence;tax_included_total_not_confirmed,,,/Users/gini/Documents/ZMI/zao-market-intelligence/.data/debug/auto-runner-market-refresh-rotating/20260704_000005/jalan/classification_decisions/yad325769_2027-01-11.json,zao_local_history_v1
2026-07-04|jalan|ホテル喜らく|yad325153|2027-01-03|2027-01-04|2_adults_1_room_1_night,ca15e8be651e7a06e49b6167bbe3cbbcefd82260e0243f06715b3088e7e83c97,2027_01,2026-07-04,2026-07-04T02:00:05+09:00,2026-07-04T02:00:05+09:00,jalan,AUTO-RUNNER10X,integrated_jalan_bounded_live,ホテル喜らく,国内旅行・海外旅行や宿・ホテルの宿泊予約はじゃらんnet　～日本最大級の宿・ホテル予約サイト～,true,yad325153,yad325153,2027-01-03,2027-01-04,1,2,1,0,JPY,ja,2_adults_1_room_1_night,sold_out,sold_out,,,missing_or_unclear,insufficient,insufficient,selected_date_calendar_sold_out,,,,missing_or_unclear,jalan_sold_out_excluded,false,false,true,sold_out_without_price,page_chrome_coupon_or_discount_evidence;tax_included_total_not_confirmed,,,/Users/gini/Documents/ZMI/zao-market-intelligence/.data/debug/auto-runner-market-refresh-rotating/20260704_020005/jalan/classification_decisions/yad325153_2027-01-03.json,zao_local_history_v1
2026-07-04|jalan|ペンション木いちご|yad325769|2027-01-10|2027-01-11|2_adults_1_room_1_night,5f65d5ea7b0dfc4a8c70198d17ee146457bd2401ac27dcea7db0d01ccc34e82a,2027_01,2026-07-04,2026-07-04T02:00:05+09:00,2026-07-04T02:00:05+09:00,jalan,AUTO-RUNNER10X,integrated_jalan_bounded_live,ペンション木いちご,国内旅行・海外旅行や宿・ホテルの宿泊予約はじゃらんnet　～日本最大級の宿・ホテル予約サイト～,true,yad325769,yad325769,2027-01-10,2027-01-11,1,2,1,0,JPY,ja,2_adults_1_room_1_night,sold_out,sold_out,,,missing_or_unclear,insufficient,insufficient,selected_date_calendar_sold_out,,,,missing_or_unclear,jalan_sold_out_excluded,false,false,true,sold_out_without_price,page_chrome_coupon_or_discount_evidence;tax_included_total_not_confirmed,,,/Users/gini/Documents/ZMI/zao-market-intelligence/.data/debug/auto-runner-market-refresh-rotating/20260704_020005/jalan/classification_decisions/yad325769_2027-01-10.json,zao_local_history_v1
2026-07-04|jalan|ペンション木いちご|yad325769|2027-01-16|2027-01-17|2_adults_1_room_1_night,5557c30ff2203e15198c360da16a35a642eab9bfc8fcb4b69fad6d408106b350,2027_01,2026-07-04,2026-07-04T06:00:06+09:00,2026-07-04T06:00:06+09:00,jalan,AUTO-RUNNER10X,integrated_jalan_bounded_live,ペンション木いちご,国内旅行・海外旅行や宿・ホテルの宿泊予約はじゃらんnet　～日本最大級の宿・ホテル予約サイト～,true,yad325769,yad325769,2027-01-16,2027-01-17,1,2,1,0,JPY,ja,2_adults_1_room_1_night,sold_out,sold_out,,,missing_or_unclear,insufficient,insufficient,selected_date_calendar_sold_out,,,,missing_or_unclear,jalan_sold_out_excluded,false,false,true,sold_out_without_price,page_chrome_coupon_or_discount_evidence;tax_included_total_not_confirmed,,,/Users/gini/Documents/ZMI/zao-market-intelligence/.data/debug/auto-runner-market-refresh-rotating/20260704_060006/jalan/classification_decisions/yad325769_2027-01-16.json,zao_local_history_v1
2026-07-04|jalan|ペンション木いちご|yad325769|2027-01-23|2027-01-24|2_adults_1_room_1_night,d671f164dfa3bdeae6f020bc249ba20d0797046789df73acd12d96d3e3c7d527,2027_01,2026-07-04,2026-07-04T06:00:06+09:00,2026-07-04T06:00:06+09:00,jalan,AUTO-RUNNER10X,integrated_jalan_bounded_live,ペンション木いちご,国内旅行・海外旅行や宿・ホテルの宿泊予約はじゃらんnet　～日本最大級の宿・ホテル予約サイト～,true,yad325769,yad325769,2027-01-23,2027-01-24,1,2,1,0,JPY,ja,2_adults_1_room_1_night,sold_out,sold_out,,,missing_or_unclear,insufficient,insufficient,selected_date_calendar_sold_out,,,,missing_or_unclear,jalan_sold_out_excluded,false,false,true,sold_out_without_price,page_chrome_coupon_or_discount_evidence;tax_included_total_not_confirmed,,,/Users/gini/Documents/ZMI/zao-market-intelligence/.data/debug/auto-runner-market-refresh-rotating/20260704_060006/jalan/classification_decisions/yad325769_2027-01-23.json,zao_local_history_v1
2026-07-04|jalan|ペンション木いちご|yad325769|2027-01-30|2027-01-31|2_adults_1_room_1_night,1684d38db68a23b30c3ca2f5e054082c045d7c219c7d19cb0d08ddb0f36de0d6,2027_01,2026-07-04,2026-07-04T10:00:06+09:00,2026-07-04T10:00:06+09:00,jalan,AUTO-RUNNER10X,integrated_jalan_bounded_live,ペンション木いちご,国内旅行・海外旅行や宿・ホテルの宿泊予約はじゃらんnet　～日本最大級の宿・ホテル予約サイト～,true,yad325769,yad325769,2027-01-30,2027-01-31,1,2,1,0,JPY,ja,2_adults_1_room_1_night,sold_out,sold_out,,,missing_or_unclear,insufficient,insufficient,selected_date_calendar_sold_out,,,,missing_or_unclear,jalan_sold_out_excluded,false,false,true,sold_out_without_price,page_chrome_coupon_or_discount_evidence;tax_included_total_not_confirmed,,,/Users/gini/Documents/ZMI/zao-market-intelligence/.data/debug/auto-runner-market-refresh-rotating/20260704_100006/jalan/classification_decisions/yad325769_2027-01-30.json,zao_local_history_v1
2026-07-04|jalan|ペンション木いちご|yad325769|2027-01-01|2027-01-02|2_adults_1_room_1_night,9075cb39030f4ef212125b1955f6b984978af397070d6a8a350cd1002782cb42,2027_01,2026-07-04,2026-07-04T18:00:06+09:00,2026-07-04T18:00:06+09:00,jalan,AUTO-RUNNER10X,integrated_jalan_bounded_live,ペンション木いちご,国内旅行・海外旅行や宿・ホテルの宿泊予約はじゃらんnet　～日本最大級の宿・ホテル予約サイト～,true,yad325769,yad325769,2027-01-01,2027-01-02,1,2,1,0,JPY,ja,2_adults_1_room_1_night,sold_out,sold_out,,,missing_or_unclear,insufficient,insufficient,selected_date_calendar_sold_out,,,,missing_or_unclear,jalan_sold_out_excluded,false,false,true,sold_out_without_price,page_chrome_coupon_or_discount_evidence;tax_included_total_not_confirmed,,,/Users/gini/Documents/ZMI/zao-market-intelligence/.data/debug/auto-runner-market-refresh-rotating/20260704_180006/jalan/classification_decisions/yad325769_2027-01-01.json,zao_local_history_v1
2026-07-04|jalan|ホテル喜らく|yad325153|2027-01-01|2027-01-02|2_adults_1_room_1_night,65596de72ca074f60ce1e8fff12cf910b7d2eb05db9bcdf99d7720d95a71ccce,2027_01,2026-07-04,2026-07-04T20:00:05+09:00,2026-07-04T20:00:05+09:00,jalan,AUTO-RUNNER10X,integrated_jalan_bounded_live,ホテル喜らく,国内旅行・海外旅行や宿・ホテルの宿泊予約はじゃらんnet　～日本最大級の宿・ホテル予約サイト～,true,yad325153,yad325153,2027-01-01,2027-01-02,1,2,1,0,JPY,ja,2_adults_1_room_1_night,sold_out,sold_out,,,missing_or_unclear,insufficient,insufficient,selected_date_calendar_sold_out,,,,missing_or_unclear,jalan_sold_out_excluded,false,false,true,sold_out_without_price,page_chrome_coupon_or_discount_evidence;tax_included_total_not_confirmed,,,/Users/gini/Documents/ZMI/zao-market-intelligence/.data/debug/auto-runner-market-refresh-rotating/20260704_200005/jalan/classification_decisions/yad325153_2027-01-01.json,zao_local_history_v1
2026-07-04|jalan|ペンション木いちご|yad325769|2027-01-02|2027-01-03|2_adults_1_room_1_night,83f1b2e835b9f0aedf38b46d386cf069965f64992a1b518d1f55fd42864efcb0,2027_01,2026-07-04,2026-07-04T20:00:05+09:00,2026-07-04T20:00:05+09:00,jalan,AUTO-RUNNER10X,integrated_jalan_bounded_live,ペンション木いちご,国内旅行・海外旅行や宿・ホテルの宿泊予約はじゃらんnet　～日本最大級の宿・ホテル予約サイト～,true,yad325769,yad325769,2027-01-02,2027-01-03,1,2,1,0,JPY,ja,2_adults_1_room_1_night,sold_out,sold_out,,,missing_or_unclear,insufficient,insufficient,selected_date_calendar_sold_out,,,,missing_or_unclear,jalan_sold_out_excluded,false,false,true,sold_out_without_price,page_chrome_coupon_or_discount_evidence;tax_included_total_not_confirmed,,,/Users/gini/Documents/ZMI/zao-market-intelligence/.data/debug/auto-runner-market-refresh-rotating/20260704_200005/jalan/classification_decisions/yad325769_2027-01-02.json,zao_local_history_v1
2026-07-04|jalan|ホテル喜らく|yad325153|2027-01-02|2027-01-03|2_adults_1_room_1_night,6f5db3ba1b0f72589abb4a2133addd74571af5b56651f5d2283c017b61644ecf,2027_01,2026-07-04,2026-07-04T22:00:06+09:00,2026-07-04T22:00:06+09:00,jalan,AUTO-RUNNER10X,integrated_jalan_bounded_live,ホテル喜らく,国内旅行・海外旅行や宿・ホテルの宿泊予約はじゃらんnet　～日本最大級の宿・ホテル予約サイト～,true,yad325153,yad325153,2027-01-02,2027-01-03,1,2,1,0,JPY,ja,2_adults_1_room_1_night,sold_out,sold_out,,,missing_or_unclear,insufficient,insufficient,selected_date_calendar_sold_out,,,,missing_or_unclear,jalan_sold_out_excluded,false,false,true,sold_out_without_price,page_chrome_coupon_or_discount_evidence;tax_included_total_not_confirmed,,,/Users/gini/Documents/ZMI/zao-market-intelligence/.data/debug/auto-runner-market-refresh-rotating/20260704_220006/jalan/classification_decisions/yad325153_2027-01-02.json,zao_local_history_v1
2026-07-04|jalan|ペンション木いちご|yad325769|2027-01-03|2027-01-04|2_adults_1_room_1_night,27d7211a24dc8b8e0726497697b79d32b1a13f03a6ad2b5ac3bcf21533fd4b8c,2027_01,2026-07-04,2026-07-04T22:00:06+09:00,2026-07-04T22:00:06+09:00,jalan,AUTO-RUNNER10X,integrated_jalan_bounded_live,ペンション木いちご,国内旅行・海外旅行や宿・ホテルの宿泊予約はじゃらんnet　～日本最大級の宿・ホテル予約サイト～,true,yad325769,yad325769,2027-01-03,2027-01-04,1,2,1,0,JPY,ja,2_adults_1_room_1_night,sold_out,sold_out,,,missing_or_unclear,insufficient,insufficient,selected_date_calendar_sold_out,,,,missing_or_unclear,jalan_sold_out_excluded,false,false,true,sold_out_without_price,page_chrome_coupon_or_discount_evidence;tax_included_total_not_confirmed,,,/Users/gini/Documents/ZMI/zao-market-intelligence/.data/debug/auto-runner-market-refresh-rotating/20260704_220006/jalan/classification_decisions/yad325769_2027-01-03.json,zao_local_history_v1
2026-07-05|jalan|ホテル喜らく|yad325153|2027-01-09|2027-01-10|2_adults_1_room_1_night,8b0aeb77a31f779da7f8275086e9a70f968b8bc6490148c5119e1cbf094cfbf4,2027_01,2026-07-05,2026-07-05T00:00:01+09:00,2026-07-05T00:00:01+09:00,jalan,AUTO-RUNNER10X,integrated_jalan_bounded_live,ホテル喜らく,国内旅行・海外旅行や宿・ホテルの宿泊予約はじゃらんnet　～日本最大級の宿・ホテル予約サイト～,true,yad325153,yad325153,2027-01-09,2027-01-10,1,2,1,0,JPY,ja,2_adults_1_room_1_night,sold_out,sold_out,,,missing_or_unclear,insufficient,insufficient,selected_date_calendar_sold_out,,,,missing_or_unclear,jalan_sold_out_excluded,false,false,true,sold_out_without_price,page_chrome_coupon_or_discount_evidence;tax_included_total_not_confirmed,,,/Users/gini/Documents/ZMI/zao-market-intelligence/.data/debug/auto-runner-market-refresh-rotating/20260705_000001/jalan/classification_decisions/yad325153_2027-01-09.json,zao_local_history_v1
2026-07-05|jalan|ペンション木いちご|yad325769|2027-01-11|2027-01-12|2_adults_1_room_1_night,08da93165e919520a4bdfb1c50303c3b2269df8c0d3c6d610239caa468bab6d5,2027_01,2026-07-05,2026-07-05T00:00:01+09:00,2026-07-05T00:00:01+09:00,jalan,AUTO-RUNNER10X,integrated_jalan_bounded_live,ペンション木いちご,国内旅行・海外旅行や宿・ホテルの宿泊予約はじゃらんnet　～日本最大級の宿・ホテル予約サイト～,true,yad325769,yad325769,2027-01-11,2027-01-12,1,2,1,0,JPY,ja,2_adults_1_room_1_night,sold_out,sold_out,,,missing_or_unclear,insufficient,insufficient,selected_date_calendar_sold_out,,,,missing_or_unclear,jalan_sold_out_excluded,false,false,true,sold_out_without_price,page_chrome_coupon_or_discount_evidence;tax_included_total_not_confirmed,,,/Users/gini/Documents/ZMI/zao-market-intelligence/.data/debug/auto-runner-market-refresh-rotating/20260705_000001/jalan/classification_decisions/yad325769_2027-01-11.json,zao_local_history_v1
2026-07-05|jalan|蔵王四季のホテル|yad322447|2027-01-01|2027-01-02|2_adults_1_room_1_night,d5edaacee993a5d4e3b216ad9b75077a8f68e3f0db50fe25370df773b0ca454a,2027_01,2026-07-05,2026-07-05T02:00:06+09:00,2026-07-05T02:00:06+09:00,jalan,AUTO-RUNNER10X,integrated_jalan_bounded_live,蔵王四季のホテル,国内旅行・海外旅行や宿・ホテルの宿泊予約はじゃらんnet　～日本最大級の宿・ホテル予約サイト～,true,yad322447,yad322447,2027-01-01,2027-01-02,1,2,1,0,JPY,ja,2_adults_1_room_1_night,sold_out,sold_out,,,missing_or_unclear,insufficient,insufficient,selected_date_calendar_sold_out,,,,missing_or_unclear,jalan_sold_out_excluded,false,false,true,sold_out_without_price,page_chrome_coupon_or_discount_evidence;tax_included_total_not_confirmed,,,/Users/gini/Documents/ZMI/zao-market-intelligence/.data/debug/auto-runner-market-refresh-rotating/20260705_020005/jalan/classification_decisions/yad322447_2027-01-01.json,zao_local_history_v1
2026-07-05|jalan|ペンション木いちご|yad325769|2027-01-09|2027-01-10|2_adults_1_room_1_night,ec9a94b32cf3386d1ec88b4f44a3a717e833f368177515ab84f808e02ca84a4a,2027_01,2026-07-05,2026-07-05T02:00:06+09:00,2026-07-05T02:00:06+09:00,jalan,AUTO-RUNNER10X,integrated_jalan_bounded_live,ペンション木いちご,国内旅行・海外旅行や宿・ホテルの宿泊予約はじゃらんnet　～日本最大級の宿・ホテル予約サイト～,true,yad325769,yad325769,2027-01-09,2027-01-10,1,2,1,0,JPY,ja,2_adults_1_room_1_night,sold_out,sold_out,,,missing_or_unclear,insufficient,insufficient,selected_date_calendar_sold_out,,,,missing_or_unclear,jalan_sold_out_excluded,false,false,true,sold_out_without_price,page_chrome_coupon_or_discount_evidence;tax_included_total_not_confirmed,,,/Users/gini/Documents/ZMI/zao-market-intelligence/.data/debug/auto-runner-market-refresh-rotating/20260705_020005/jalan/classification_decisions/yad325769_2027-01-09.json,zao_local_history_v1
2026-07-05|jalan|ペンション木いちご|yad325769|2027-01-10|2027-01-11|2_adults_1_room_1_night,e4f350636d1bc5cfea2c6c04740291b1474e3d029d7d19ef6f7255278caaf5a9,2027_01,2026-07-05,2026-07-05T02:00:06+09:00,2026-07-05T02:00:06+09:00,jalan,AUTO-RUNNER10X,integrated_jalan_bounded_live,ペンション木いちご,国内旅行・海外旅行や宿・ホテルの宿泊予約はじゃらんnet　～日本最大級の宿・ホテル予約サイト～,true,yad325769,yad325769,2027-01-10,2027-01-11,1,2,1,0,JPY,ja,2_adults_1_room_1_night,sold_out,sold_out,,,missing_or_unclear,insufficient,insufficient,selected_date_calendar_sold_out,,,,missing_or_unclear,jalan_sold_out_excluded,false,false,true,sold_out_without_price,page_chrome_coupon_or_discount_evidence;tax_included_total_not_confirmed,,,/Users/gini/Documents/ZMI/zao-market-intelligence/.data/debug/auto-runner-market-refresh-rotating/20260705_020005/jalan/classification_decisions/yad325769_2027-01-10.json,zao_local_history_v1
2026-07-05|jalan|蔵王四季のホテル|yad322447|2027-01-02|2027-01-03|2_adults_1_room_1_night,3b912ff364499632dfc7507ecac27513dbef77232826c875a70677686ada5a9a,2027_01,2026-07-05,2026-07-05T04:00:06+09:00,2026-07-05T04:00:06+09:00,jalan,AUTO-RUNNER10X,integrated_jalan_bounded_live,蔵王四季のホテル,国内旅行・海外旅行や宿・ホテルの宿泊予約はじゃらんnet　～日本最大級の宿・ホテル予約サイト～,true,yad322447,yad322447,2027-01-02,2027-01-03,1,2,1,0,JPY,ja,2_adults_1_room_1_night,available,not_sold_out_confirmed,,,missing_or_unclear,C,C,Price visible but meal_basis=unknown_meal_basis (jalan_ambiguous_meal_and_room_only_tokens); excluded from room-only DP per confirmed policy.,160600,,,tax_included_total,jalan_unknown_meal_basis_excluded,false,false,true,unknown_meal_basis_excluded,page_chrome_coupon_or_discount_evidence;unknown_meal_basis_excluded;meal_basis=unknown_meal_basis,,,/Users/gini/Documents/ZMI/zao-market-intelligence/.data/debug/auto-runner-market-refresh-rotating/20260705_040006/jalan/classification_decisions/yad322447_2027-01-02.json,zao_local_history_v1
2026-07-05|jalan|ホテル喜らく|yad325153|2027-01-03|2027-01-04|2_adults_1_room_1_night,310a76d426a5d3212a5d9753d3dc43692a40c2a64513694dcb590755fd4e1c9d,2027_01,2026-07-05,2026-07-05T04:00:06+09:00,2026-07-05T04:00:06+09:00,jalan,AUTO-RUNNER10X,integrated_jalan_bounded_live,ホテル喜らく,国内旅行・海外旅行や宿・ホテルの宿泊予約はじゃらんnet　～日本最大級の宿・ホテル予約サイト～,true,yad325153,yad325153,2027-01-03,2027-01-04,1,2,1,0,JPY,ja,2_adults_1_room_1_night,sold_out,sold_out,,,missing_or_unclear,insufficient,insufficient,selected_date_calendar_sold_out,,,,missing_or_unclear,jalan_sold_out_excluded,false,false,true,sold_out_without_price,page_chrome_coupon_or_discount_evidence;tax_included_total_not_confirmed,,,/Users/gini/Documents/ZMI/zao-market-intelligence/.data/debug/auto-runner-market-refresh-rotating/20260705_040006/jalan/classification_decisions/yad325153_2027-01-03.json,zao_local_history_v1
2026-07-05|jalan|ホテル喜らく|yad325153|2027-01-10|2027-01-11|2_adults_1_room_1_night,8fca8cf9581ffe184e9eb3d4a4a05b0b9088a12e7455dbc02c61adb5aa7bbc51,2027_01,2026-07-05,2026-07-05T04:00:06+09:00,2026-07-05T04:00:06+09:00,jalan,AUTO-RUNNER10X,integrated_jalan_bounded_live,ホテル喜らく,国内旅行・海外旅行や宿・ホテルの宿泊予約はじゃらんnet　～日本最大級の宿・ホテル予約サイト～,true,yad325153,yad325153,2027-01-10,2027-01-11,1,2,1,0,JPY,ja,2_adults_1_room_1_night,sold_out,sold_out,,,missing_or_unclear,insufficient,insufficient,selected_date_calendar_sold_out,,,,missing_or_unclear,jalan_sold_out_excluded,false,false,true,sold_out_without_price,page_chrome_coupon_or_discount_evidence;tax_included_total_not_confirmed,,,/Users/gini/Documents/ZMI/zao-market-intelligence/.data/debug/auto-runner-market-refresh-rotating/20260705_040006/jalan/classification_decisions/yad325153_2027-01-10.json,zao_local_history_v1
2026-07-05|jalan|ホテル喜らく|yad325153|2027-01-11|2027-01-12|2_adults_1_room_1_night,3c561948155c21703e4adc89bb4bbad49656ae919a7918e895ee7b787734443b,2027_01,2026-07-05,2026-07-05T06:00:05+09:00,2026-07-05T06:00:05+09:00,jalan,AUTO-RUNNER10X,integrated_jalan_bounded_live,ホテル喜らく,国内旅行・海外旅行や宿・ホテルの宿泊予約はじゃらんnet　～日本最大級の宿・ホテル予約サイト～,true,yad325153,yad325153,2027-01-11,2027-01-12,1,2,1,0,JPY,ja,2_adults_1_room_1_night,sold_out,sold_out,,,missing_or_unclear,insufficient,insufficient,selected_date_calendar_sold_out,,,,missing_or_unclear,jalan_sold_out_excluded,false,false,true,sold_out_without_price,page_chrome_coupon_or_discount_evidence;tax_included_total_not_confirmed,,,/Users/gini/Documents/ZMI/zao-market-intelligence/.data/debug/auto-runner-market-refresh-rotating/20260705_060005/jalan/classification_decisions/yad325153_2027-01-11.json,zao_local_history_v1
2026-07-05|jalan|ホテル喜らく|yad325153|2027-01-16|2027-01-17|2_adults_1_room_1_night,a77b03834e8383e12fac254b06244a9cf278d68f9b17b446e77a0b7fde99f432,2027_01,2026-07-05,2026-07-05T06:00:05+09:00,2026-07-05T06:00:05+09:00,jalan,AUTO-RUNNER10X,integrated_jalan_bounded_live,ホテル喜らく,国内旅行・海外旅行や宿・ホテルの宿泊予約はじゃらんnet　～日本最大級の宿・ホテル予約サイト～,true,yad325153,yad325153,2027-01-16,2027-01-17,1,2,1,0,JPY,ja,2_adults_1_room_1_night,sold_out,sold_out,,,missing_or_unclear,insufficient,insufficient,selected_date_calendar_sold_out,,,,missing_or_unclear,jalan_sold_out_excluded,false,false,true,sold_out_without_price,page_chrome_coupon_or_discount_evidence;tax_included_total_not_confirmed,,,/Users/gini/Documents/ZMI/zao-market-intelligence/.data/debug/auto-runner-market-refresh-rotating/20260705_060005/jalan/classification_decisions/yad325153_2027-01-16.json,zao_local_history_v1
2026-07-05|jalan|ペンション木いちご|yad325769|2027-01-23|2027-01-24|2_adults_1_room_1_night,37f62cf16ed703cce39c4203f06b766656fcc44242b7690b672c052eb9c78ac1,2027_01,2026-07-05,2026-07-05T06:00:05+09:00,2026-07-05T06:00:05+09:00,jalan,AUTO-RUNNER10X,integrated_jalan_bounded_live,ペンション木いちご,国内旅行・海外旅行や宿・ホテルの宿泊予約はじゃらんnet　～日本最大級の宿・ホテル予約サイト～,true,yad325769,yad325769,2027-01-23,2027-01-24,1,2,1,0,JPY,ja,2_adults_1_room_1_night,sold_out,sold_out,,,missing_or_unclear,insufficient,insufficient,selected_date_calendar_sold_out,,,,missing_or_unclear,jalan_sold_out_excluded,false,false,true,sold_out_without_price,page_chrome_coupon_or_discount_evidence;tax_included_total_not_confirmed,,,/Users/gini/Documents/ZMI/zao-market-intelligence/.data/debug/auto-runner-market-refresh-rotating/20260705_060005/jalan/classification_decisions/yad325769_2027-01-23.json,zao_local_history_v1
2026-07-05|jalan|ホテル喜らく|yad325153|2027-01-23|2027-01-24|2_adults_1_room_1_night,2b552fb79020546dbb8cfb60b384fe32aae9fe0f5f845654504f32b9a22b7a18,2027_01,2026-07-05,2026-07-05T08:00:03+09:00,2026-07-05T08:00:03+09:00,jalan,AUTO-RUNNER10X,integrated_jalan_bounded_live,ホテル喜らく,国内旅行・海外旅行や宿・ホテルの宿泊予約はじゃらんnet　～日本最大級の宿・ホテル予約サイト～,true,yad325153,yad325153,2027-01-23,2027-01-24,1,2,1,0,JPY,ja,2_adults_1_room_1_night,sold_out,sold_out,,,missing_or_unclear,insufficient,insufficient,selected_date_calendar_sold_out,,,,missing_or_unclear,jalan_sold_out_excluded,false,false,true,sold_out_without_price,page_chrome_coupon_or_discount_evidence;tax_included_total_not_confirmed,,,/Users/gini/Documents/ZMI/zao-market-intelligence/.data/debug/auto-runner-market-refresh-rotating/20260705_080003/jalan/classification_decisions/yad325153_2027-01-23.json,zao_local_history_v1
2026-07-05|jalan|ペンション木いちご|yad325769|2027-01-16|2027-01-17|2_adults_1_room_1_night,367ab77ef357a9ed0135d09f80a9898efc83fffd6267245dc337a6a0e7e3ba57,2027_01,2026-07-05,2026-07-05T08:00:03+09:00,2026-07-05T08:00:03+09:00,jalan,AUTO-RUNNER10X,integrated_jalan_bounded_live,ペンション木いちご,国内旅行・海外旅行や宿・ホテルの宿泊予約はじゃらんnet　～日本最大級の宿・ホテル予約サイト～,true,yad325769,yad325769,2027-01-16,2027-01-17,1,2,1,0,JPY,ja,2_adults_1_room_1_night,sold_out,sold_out,,,missing_or_unclear,insufficient,insufficient,selected_date_calendar_sold_out,,,,missing_or_unclear,jalan_sold_out_excluded,false,false,true,sold_out_without_price,page_chrome_coupon_or_discount_evidence;tax_included_total_not_confirmed,,,/Users/gini/Documents/ZMI/zao-market-intelligence/.data/debug/auto-runner-market-refresh-rotating/20260705_080003/jalan/classification_decisions/yad325769_2027-01-16.json,zao_local_history_v1
2026-07-05|jalan|ペンション木いちご|yad325769|2027-01-30|2027-01-31|2_adults_1_room_1_night,0b667f97dffe1db2fca92f840bb43bb769831f919955d79ef86a88f1a44483f7,2027_01,2026-07-05,2026-07-05T10:00:06+09:00,2026-07-05T10:00:06+09:00,jalan,AUTO-RUNNER10X,integrated_jalan_bounded_live,ペンション木いちご,国内旅行・海外旅行や宿・ホテルの宿泊予約はじゃらんnet　～日本最大級の宿・ホテル予約サイト～,true,yad325769,yad325769,2027-01-30,2027-01-31,1,2,1,0,JPY,ja,2_adults_1_room_1_night,sold_out,sold_out,,,missing_or_unclear,insufficient,insufficient,selected_date_calendar_sold_out,,,,missing_or_unclear,jalan_sold_out_excluded,false,false,true,sold_out_without_price,page_chrome_coupon_or_discount_evidence;tax_included_total_not_confirmed,,,/Users/gini/Documents/ZMI/zao-market-intelligence/.data/debug/auto-runner-market-refresh-rotating/20260705_100006/jalan/classification_decisions/yad325769_2027-01-30.json,zao_local_history_v1
2026-07-05|jalan|ペンション木いちご|yad325769|2027-01-01|2027-01-02|2_adults_1_room_1_night,41ba6931dffa556a1b92464ca195bd8dbeea09b3613cc5fdf4ba1e6c107ecfae,2027_01,2026-07-05,2026-07-05T20:00:06+09:00,2026-07-05T20:00:06+09:00,jalan,AUTO-RUNNER10X,integrated_jalan_bounded_live,ペンション木いちご,国内旅行・海外旅行や宿・ホテルの宿泊予約はじゃらんnet　～日本最大級の宿・ホテル予約サイト～,true,yad325769,yad325769,2027-01-01,2027-01-02,1,2,1,0,JPY,ja,2_adults_1_room_1_night,sold_out,sold_out,,,missing_or_unclear,insufficient,insufficient,selected_date_calendar_sold_out,,,,missing_or_unclear,jalan_sold_out_excluded,false,false,true,sold_out_without_price,page_chrome_coupon_or_discount_evidence;tax_included_total_not_confirmed,,,/Users/gini/Documents/ZMI/zao-market-intelligence/.data/debug/auto-runner-market-refresh-rotating/20260705_200006/jalan/classification_decisions/yad325769_2027-01-01.json,zao_local_history_v1
2026-07-05|jalan|ペンション木いちご|yad325769|2027-01-02|2027-01-03|2_adults_1_room_1_night,ba4a251aa21743f05352461fa0a51724ac38e57badb6592ab1e223d9c36fbdd3,2027_01,2026-07-05,2026-07-05T22:00:06+09:00,2026-07-05T22:00:06+09:00,jalan,AUTO-RUNNER10X,integrated_jalan_bounded_live,ペンション木いちご,国内旅行・海外旅行や宿・ホテルの宿泊予約はじゃらんnet　～日本最大級の宿・ホテル予約サイト～,true,yad325769,yad325769,2027-01-02,2027-01-03,1,2,1,0,JPY,ja,2_adults_1_room_1_night,sold_out,sold_out,,,missing_or_unclear,insufficient,insufficient,selected_date_calendar_sold_out,,,,missing_or_unclear,jalan_sold_out_excluded,false,false,true,sold_out_without_price,page_chrome_coupon_or_discount_evidence;tax_included_total_not_confirmed,,,/Users/gini/Documents/ZMI/zao-market-intelligence/.data/debug/auto-runner-market-refresh-rotating/20260705_220006/jalan/classification_decisions/yad325769_2027-01-02.json,zao_local_history_v1
2026-07-06|jalan|ペンション木いちご|yad325769|2027-01-03|2027-01-04|2_adults_1_room_1_night,1c038bbde723acf4f76de392266dd1c8cb47503fcb93d5eae93b836aca02055c,2027_01,2026-07-06,2026-07-06T00:00:05+09:00,2026-07-06T00:00:05+09:00,jalan,AUTO-RUNNER10X,integrated_jalan_bounded_live,ペンション木いちご,国内旅行・海外旅行や宿・ホテルの宿泊予約はじゃらんnet　～日本最大級の宿・ホテル予約サイト～,true,yad325769,yad325769,2027-01-03,2027-01-04,1,2,1,0,JPY,ja,2_adults_1_room_1_night,sold_out,sold_out,,,missing_or_unclear,insufficient,insufficient,selected_date_calendar_sold_out,,,,missing_or_unclear,jalan_sold_out_excluded,false,false,true,sold_out_without_price,page_chrome_coupon_or_discount_evidence;tax_included_total_not_confirmed,,,/Users/gini/Documents/ZMI/zao-market-intelligence/.data/debug/auto-runner-market-refresh-rotating/20260706_000005/jalan/classification_decisions/yad325769_2027-01-03.json,zao_local_history_v1
2026-07-06|jalan|ペンション木いちご|yad325769|2027-01-09|2027-01-10|2_adults_1_room_1_night,7b11b2deb05463deec6ccbee7b8112994e97a66b9b6499477b9fc70799cbb1bf,2027_01,2026-07-06,2026-07-06T02:00:06+09:00,2026-07-06T02:00:06+09:00,jalan,AUTO-RUNNER10X,integrated_jalan_bounded_live,ペンション木いちご,国内旅行・海外旅行や宿・ホテルの宿泊予約はじゃらんnet　～日本最大級の宿・ホテル予約サイト～,true,yad325769,yad325769,2027-01-09,2027-01-10,1,2,1,0,JPY,ja,2_adults_1_room_1_night,sold_out,sold_out,,,missing_or_unclear,insufficient,insufficient,selected_date_calendar_sold_out,,,,missing_or_unclear,jalan_sold_out_excluded,false,false,true,sold_out_without_price,page_chrome_coupon_or_discount_evidence;tax_included_total_not_confirmed,,,/Users/gini/Documents/ZMI/zao-market-intelligence/.data/debug/auto-runner-market-refresh-rotating/20260706_020006/jalan/classification_decisions/yad325769_2027-01-09.json,zao_local_history_v1
2026-07-06|jalan|ペンション木いちご|yad325769|2027-01-10|2027-01-11|2_adults_1_room_1_night,38befa3e03bd86aa70172ead04f7d68cdbfd2f8c99381cb74df760e9ac53178b,2027_01,2026-07-06,2026-07-06T02:00:06+09:00,2026-07-06T02:00:06+09:00,jalan,AUTO-RUNNER10X,integrated_jalan_bounded_live,ペンション木いちご,国内旅行・海外旅行や宿・ホテルの宿泊予約はじゃらんnet　～日本最大級の宿・ホテル予約サイト～,true,yad325769,yad325769,2027-01-10,2027-01-11,1,2,1,0,JPY,ja,2_adults_1_room_1_night,sold_out,sold_out,,,missing_or_unclear,insufficient,insufficient,selected_date_calendar_sold_out,,,,missing_or_unclear,jalan_sold_out_excluded,false,false,true,sold_out_without_price,page_chrome_coupon_or_discount_evidence;tax_included_total_not_confirmed,,,/Users/gini/Documents/ZMI/zao-market-intelligence/.data/debug/auto-runner-market-refresh-rotating/20260706_020006/jalan/classification_decisions/yad325769_2027-01-10.json,zao_local_history_v1
2026-07-06|jalan|ホテル喜らく|yad325153|2027-01-01|2027-01-02|2_adults_1_room_1_night,ae52b22d037ed2367a32f44a4c3ec9020075183bbec6ac2061feb1a15d181705,2027_01,2026-07-06,2026-07-06T04:00:05+09:00,2026-07-06T04:00:05+09:00,jalan,AUTO-RUNNER10X,integrated_jalan_bounded_live,ホテル喜らく,国内旅行・海外旅行や宿・ホテルの宿泊予約はじゃらんnet　～日本最大級の宿・ホテル予約サイト～,true,yad325153,yad325153,2027-01-01,2027-01-02,1,2,1,0,JPY,ja,2_adults_1_room_1_night,sold_out,sold_out,,,missing_or_unclear,insufficient,insufficient,selected_date_calendar_sold_out,,,,missing_or_unclear,jalan_sold_out_excluded,false,false,true,sold_out_without_price,page_chrome_coupon_or_discount_evidence;tax_included_total_not_confirmed,,,/Users/gini/Documents/ZMI/zao-market-intelligence/.data/debug/auto-runner-market-refresh-rotating/20260706_040005/jalan/classification_decisions/yad325153_2027-01-01.json,zao_local_history_v1
2026-07-06|jalan|ホテル喜らく|yad325153|2027-01-02|2027-01-03|2_adults_1_room_1_night,2def1ea4741a0994c8926cbd5c9751908beecdf45e9e47eb31397724d04dcbb0,2027_01,2026-07-06,2026-07-06T04:00:05+09:00,2026-07-06T04:00:05+09:00,jalan,AUTO-RUNNER10X,integrated_jalan_bounded_live,ホテル喜らく,国内旅行・海外旅行や宿・ホテルの宿泊予約はじゃらんnet　～日本最大級の宿・ホテル予約サイト～,true,yad325153,yad325153,2027-01-02,2027-01-03,1,2,1,0,JPY,ja,2_adults_1_room_1_night,sold_out,sold_out,,,missing_or_unclear,insufficient,insufficient,selected_date_calendar_sold_out,,,,missing_or_unclear,jalan_sold_out_excluded,false,false,true,sold_out_without_price,page_chrome_coupon_or_discount_evidence;tax_included_total_not_confirmed,,,/Users/gini/Documents/ZMI/zao-market-intelligence/.data/debug/auto-runner-market-refresh-rotating/20260706_040005/jalan/classification_decisions/yad325153_2027-01-02.json,zao_local_history_v1
2026-07-06|jalan|ペンション木いちご|yad325769|2027-01-11|2027-01-12|2_adults_1_room_1_night,ccc09b7d94329055ea817fd8e55e477b2c4ac5038ce3a3e8c3bb6c8f03e62a65,2027_01,2026-07-06,2026-07-06T04:00:05+09:00,2026-07-06T04:00:05+09:00,jalan,AUTO-RUNNER10X,integrated_jalan_bounded_live,ペンション木いちご,国内旅行・海外旅行や宿・ホテルの宿泊予約はじゃらんnet　～日本最大級の宿・ホテル予約サイト～,true,yad325769,yad325769,2027-01-11,2027-01-12,1,2,1,0,JPY,ja,2_adults_1_room_1_night,sold_out,sold_out,,,missing_or_unclear,insufficient,insufficient,selected_date_calendar_sold_out,,,,missing_or_unclear,jalan_sold_out_excluded,false,false,true,sold_out_without_price,page_chrome_coupon_or_discount_evidence;tax_included_total_not_confirmed,,,/Users/gini/Documents/ZMI/zao-market-intelligence/.data/debug/auto-runner-market-refresh-rotating/20260706_040005/jalan/classification_decisions/yad325769_2027-01-11.json,zao_local_history_v1
2026-07-06|jalan|ホテル喜らく|yad325153|2027-01-03|2027-01-04|2_adults_1_room_1_night,43ebde990b6417977e497d5da37936d4eb8e085b4fcc7f6af97d117032ed887f,2027_01,2026-07-06,2026-07-06T06:00:05+09:00,2026-07-06T06:00:05+09:00,jalan,AUTO-RUNNER10X,integrated_jalan_bounded_live,ホテル喜らく,国内旅行・海外旅行や宿・ホテルの宿泊予約はじゃらんnet　～日本最大級の宿・ホテル予約サイト～,true,yad325153,yad325153,2027-01-03,2027-01-04,1,2,1,0,JPY,ja,2_adults_1_room_1_night,sold_out,sold_out,,,missing_or_unclear,insufficient,insufficient,selected_date_calendar_sold_out,,,,missing_or_unclear,jalan_sold_out_excluded,false,false,true,sold_out_without_price,page_chrome_coupon_or_discount_evidence;tax_included_total_not_confirmed,,,/Users/gini/Documents/ZMI/zao-market-intelligence/.data/debug/auto-runner-market-refresh-rotating/20260706_060005/jalan/classification_decisions/yad325153_2027-01-03.json,zao_local_history_v1
2026-07-06|jalan|ホテル喜らく|yad325153|2027-01-09|2027-01-10|2_adults_1_room_1_night,2739b87e69c405e7655c97957004451a05d24d18aebbc6a5f0a4725df06bf924,2027_01,2026-07-06,2026-07-06T06:00:05+09:00,2026-07-06T06:00:05+09:00,jalan,AUTO-RUNNER10X,integrated_jalan_bounded_live,ホテル喜らく,国内旅行・海外旅行や宿・ホテルの宿泊予約はじゃらんnet　～日本最大級の宿・ホテル予約サイト～,true,yad325153,yad325153,2027-01-09,2027-01-10,1,2,1,0,JPY,ja,2_adults_1_room_1_night,sold_out,sold_out,,,missing_or_unclear,insufficient,insufficient,selected_date_calendar_sold_out,,,,missing_or_unclear,jalan_sold_out_excluded,false,false,true,sold_out_without_price,page_chrome_coupon_or_discount_evidence;tax_included_total_not_confirmed,,,/Users/gini/Documents/ZMI/zao-market-intelligence/.data/debug/auto-runner-market-refresh-rotating/20260706_060005/jalan/classification_decisions/yad325153_2027-01-09.json,zao_local_history_v1
2026-07-06|jalan|ペンション木いちご|yad325769|2027-01-23|2027-01-24|2_adults_1_room_1_night,4b89d9eaa65446a3dee0504a9152c6fef641ccf49abdc47b99824c8428d8923b,2027_01,2026-07-06,2026-07-06T06:00:05+09:00,2026-07-06T06:00:05+09:00,jalan,AUTO-RUNNER10X,integrated_jalan_bounded_live,ペンション木いちご,国内旅行・海外旅行や宿・ホテルの宿泊予約はじゃらんnet　～日本最大級の宿・ホテル予約サイト～,true,yad325769,yad325769,2027-01-23,2027-01-24,1,2,1,0,JPY,ja,2_adults_1_room_1_night,sold_out,sold_out,,,missing_or_unclear,insufficient,insufficient,selected_date_calendar_sold_out,,,,missing_or_unclear,jalan_sold_out_excluded,false,false,true,sold_out_without_price,page_chrome_coupon_or_discount_evidence;tax_included_total_not_confirmed,,,/Users/gini/Documents/ZMI/zao-market-intelligence/.data/debug/auto-runner-market-refresh-rotating/20260706_060005/jalan/classification_decisions/yad325769_2027-01-23.json,zao_local_history_v1
2026-07-06|jalan|ホテル喜らく|yad325153|2027-01-10|2027-01-11|2_adults_1_room_1_night,a781e06ac9f9dcfd37687d4f7f5c0c22e16393467f1ab2cbd290413897c3dd7c,2027_01,2026-07-06,2026-07-06T08:00:06+09:00,2026-07-06T08:00:06+09:00,jalan,AUTO-RUNNER10X,integrated_jalan_bounded_live,ホテル喜らく,国内旅行・海外旅行や宿・ホテルの宿泊予約はじゃらんnet　～日本最大級の宿・ホテル予約サイト～,true,yad325153,yad325153,2027-01-10,2027-01-11,1,2,1,0,JPY,ja,2_adults_1_room_1_night,sold_out,sold_out,,,missing_or_unclear,insufficient,insufficient,selected_date_calendar_sold_out,,,,missing_or_unclear,jalan_sold_out_excluded,false,false,true,sold_out_without_price,page_chrome_coupon_or_discount_evidence;tax_included_total_not_confirmed,,,/Users/gini/Documents/ZMI/zao-market-intelligence/.data/debug/auto-runner-market-refresh-rotating/20260706_080006/jalan/classification_decisions/yad325153_2027-01-10.json,zao_local_history_v1
2026-07-06|jalan|ホテル喜らく|yad325153|2027-01-11|2027-01-12|2_adults_1_room_1_night,e094f1947d7fe6a8c5d33e389cc22e231e307d78d29a27d44da3bc6b387f8f75,2027_01,2026-07-06,2026-07-06T08:00:06+09:00,2026-07-06T08:00:06+09:00,jalan,AUTO-RUNNER10X,integrated_jalan_bounded_live,ホテル喜らく,国内旅行・海外旅行や宿・ホテルの宿泊予約はじゃらんnet　～日本最大級の宿・ホテル予約サイト～,true,yad325153,yad325153,2027-01-11,2027-01-12,1,2,1,0,JPY,ja,2_adults_1_room_1_night,sold_out,sold_out,,,missing_or_unclear,insufficient,insufficient,selected_date_calendar_sold_out,,,,missing_or_unclear,jalan_sold_out_excluded,false,false,true,sold_out_without_price,page_chrome_coupon_or_discount_evidence;tax_included_total_not_confirmed,,,/Users/gini/Documents/ZMI/zao-market-intelligence/.data/debug/auto-runner-market-refresh-rotating/20260706_080006/jalan/classification_decisions/yad325153_2027-01-11.json,zao_local_history_v1
2026-07-06|jalan|ペンション木いちご|yad325769|2027-01-16|2027-01-17|2_adults_1_room_1_night,f7a8256c29d2ac04aa7c44d896e1fe223f6b0743aa514244f6d7e30bc54b443b,2027_01,2026-07-06,2026-07-06T08:00:06+09:00,2026-07-06T08:00:06+09:00,jalan,AUTO-RUNNER10X,integrated_jalan_bounded_live,ペンション木いちご,国内旅行・海外旅行や宿・ホテルの宿泊予約はじゃらんnet　～日本最大級の宿・ホテル予約サイト～,true,yad325769,yad325769,2027-01-16,2027-01-17,1,2,1,0,JPY,ja,2_adults_1_room_1_night,sold_out,sold_out,,,missing_or_unclear,insufficient,insufficient,selected_date_calendar_sold_out,,,,missing_or_unclear,jalan_sold_out_excluded,false,false,true,sold_out_without_price,page_chrome_coupon_or_discount_evidence;tax_included_total_not_confirmed,,,/Users/gini/Documents/ZMI/zao-market-intelligence/.data/debug/auto-runner-market-refresh-rotating/20260706_080006/jalan/classification_decisions/yad325769_2027-01-16.json,zao_local_history_v1
2026-07-06|jalan|ホテル喜らく|yad325153|2027-01-16|2027-01-17|2_adults_1_room_1_night,8d03c2e4bd5ebf61422ff0f64e7d4777c41c3e9f5a024f76669043284459d541,2027_01,2026-07-06,2026-07-06T10:00:06+09:00,2026-07-06T10:00:06+09:00,jalan,AUTO-RUNNER10X,integrated_jalan_bounded_live,ホテル喜らく,国内旅行・海外旅行や宿・ホテルの宿泊予約はじゃらんnet　～日本最大級の宿・ホテル予約サイト～,true,yad325153,yad325153,2027-01-16,2027-01-17,1,2,1,0,JPY,ja,2_adults_1_room_1_night,sold_out,sold_out,,,missing_or_unclear,insufficient,insufficient,selected_date_calendar_sold_out,,,,missing_or_unclear,jalan_sold_out_excluded,false,false,true,sold_out_without_price,page_chrome_coupon_or_discount_evidence;tax_included_total_not_confirmed,,,/Users/gini/Documents/ZMI/zao-market-intelligence/.data/debug/auto-runner-market-refresh-rotating/20260706_100006/jalan/classification_decisions/yad325153_2027-01-16.json,zao_local_history_v1
2026-07-06|jalan|ペンション木いちご|yad325769|2027-01-30|2027-01-31|2_adults_1_room_1_night,8c3d2ee42139a83b1bc87b79b069e2dbe7190acde54605497187ef1e605cb5fb,2027_01,2026-07-06,2026-07-06T10:00:06+09:00,2026-07-06T10:00:06+09:00,jalan,AUTO-RUNNER10X,integrated_jalan_bounded_live,ペンション木いちご,国内旅行・海外旅行や宿・ホテルの宿泊予約はじゃらんnet　～日本最大級の宿・ホテル予約サイト～,true,yad325769,yad325769,2027-01-30,2027-01-31,1,2,1,0,JPY,ja,2_adults_1_room_1_night,sold_out,sold_out,,,missing_or_unclear,insufficient,insufficient,selected_date_calendar_sold_out,,,,missing_or_unclear,jalan_sold_out_excluded,false,false,true,sold_out_without_price,page_chrome_coupon_or_discount_evidence;tax_included_total_not_confirmed,,,/Users/gini/Documents/ZMI/zao-market-intelligence/.data/debug/auto-runner-market-refresh-rotating/20260706_100006/jalan/classification_decisions/yad325769_2027-01-30.json,zao_local_history_v1
2026-07-06|jalan|ホテル喜らく|yad325153|2027-01-23|2027-01-24|2_adults_1_room_1_night,bd5efcbd6b2ec4806fb71151ce3ebb72f8c4fdd75b31406ca5fe0086ac2d140e,2027_01,2026-07-06,2026-07-06T14:00:06+09:00,2026-07-06T14:00:06+09:00,jalan,AUTO-RUNNER10X,integrated_jalan_bounded_live,ホテル喜らく,国内旅行・海外旅行や宿・ホテルの宿泊予約はじゃらんnet　～日本最大級の宿・ホテル予約サイト～,true,yad325153,yad325153,2027-01-23,2027-01-24,1,2,1,0,JPY,ja,2_adults_1_room_1_night,sold_out,sold_out,,,missing_or_unclear,insufficient,insufficient,selected_date_calendar_sold_out,,,,missing_or_unclear,jalan_sold_out_excluded,false,false,true,sold_out_without_price,page_chrome_coupon_or_discount_evidence;tax_included_total_not_confirmed,,,/Users/gini/Documents/ZMI/zao-market-intelligence/.data/debug/auto-runner-market-refresh-rotating/20260706_140006/jalan/classification_decisions/yad325153_2027-01-23.json,zao_local_history_v1
2026-07-06|jalan|ペンション木いちご|yad325769|2027-01-01|2027-01-02|2_adults_1_room_1_night,38ac6e81d55a71448d2305e37026b3560c2d64938e155a51392bab07328e7e46,2027_01,2026-07-06,2026-07-06T22:00:06+09:00,2026-07-06T22:00:06+09:00,jalan,AUTO-RUNNER10X,integrated_jalan_bounded_live,ペンション木いちご,国内旅行・海外旅行や宿・ホテルの宿泊予約はじゃらんnet　～日本最大級の宿・ホテル予約サイト～,true,yad325769,yad325769,2027-01-01,2027-01-02,1,2,1,0,JPY,ja,2_adults_1_room_1_night,sold_out,sold_out,,,missing_or_unclear,insufficient,insufficient,selected_date_calendar_sold_out,,,,missing_or_unclear,jalan_sold_out_excluded,false,false,true,sold_out_without_price,page_chrome_coupon_or_discount_evidence;tax_included_total_not_confirmed,,,/Users/gini/Documents/ZMI/zao-market-intelligence/.data/debug/auto-runner-market-refresh-rotating/20260706_220006/jalan/classification_decisions/yad325769_2027-01-01.json,zao_local_history_v1
2026-07-07|jalan|ペンション木いちご|yad325769|2027-01-02|2027-01-03|2_adults_1_room_1_night,5bbab6d2e376290cc52aaccfd7e55a7547359249bf39adc9cf9b864e9a7c5a34,2027_01,2026-07-07,2026-07-07T02:00:06+09:00,2026-07-07T02:00:06+09:00,jalan,AUTO-RUNNER10X,integrated_jalan_bounded_live,ペンション木いちご,国内旅行・海外旅行や宿・ホテルの宿泊予約はじゃらんnet　～日本最大級の宿・ホテル予約サイト～,true,yad325769,yad325769,2027-01-02,2027-01-03,1,2,1,0,JPY,ja,2_adults_1_room_1_night,sold_out,sold_out,,,missing_or_unclear,insufficient,insufficient,selected_date_calendar_sold_out,,,,missing_or_unclear,jalan_sold_out_excluded,false,false,true,sold_out_without_price,page_chrome_coupon_or_discount_evidence;tax_included_total_not_confirmed,,,/Users/gini/Documents/ZMI/zao-market-intelligence/.data/debug/auto-runner-market-refresh-rotating/20260707_020006/jalan/classification_decisions/yad325769_2027-01-02.json,zao_local_history_v1
2026-07-07|jalan|ペンション木いちご|yad325769|2027-01-03|2027-01-04|2_adults_1_room_1_night,05917d764c26c3f64bdb1578fa301b0aac931c684ec75ffa491a62387fa55683,2027_01,2026-07-07,2026-07-07T02:00:06+09:00,2026-07-07T02:00:06+09:00,jalan,AUTO-RUNNER10X,integrated_jalan_bounded_live,ペンション木いちご,国内旅行・海外旅行や宿・ホテルの宿泊予約はじゃらんnet　～日本最大級の宿・ホテル予約サイト～,true,yad325769,yad325769,2027-01-03,2027-01-04,1,2,1,0,JPY,ja,2_adults_1_room_1_night,sold_out,sold_out,,,missing_or_unclear,insufficient,insufficient,selected_date_calendar_sold_out,,,,missing_or_unclear,jalan_sold_out_excluded,false,false,true,sold_out_without_price,page_chrome_coupon_or_discount_evidence;tax_included_total_not_confirmed,,,/Users/gini/Documents/ZMI/zao-market-intelligence/.data/debug/auto-runner-market-refresh-rotating/20260707_020006/jalan/classification_decisions/yad325769_2027-01-03.json,zao_local_history_v1
2026-07-07|jalan|ペンション木いちご|yad325769|2027-01-09|2027-01-10|2_adults_1_room_1_night,6b2c0aa59634583c6f5b58b888f2b155657018c2a5bbf7fcc9f5d7477e438fde,2027_01,2026-07-07,2026-07-07T04:00:06+09:00,2026-07-07T04:00:06+09:00,jalan,AUTO-RUNNER10X,integrated_jalan_bounded_live,ペンション木いちご,国内旅行・海外旅行や宿・ホテルの宿泊予約はじゃらんnet　～日本最大級の宿・ホテル予約サイト～,true,yad325769,yad325769,2027-01-09,2027-01-10,1,2,1,0,JPY,ja,2_adults_1_room_1_night,sold_out,sold_out,,,missing_or_unclear,insufficient,insufficient,selected_date_calendar_sold_out,,,,missing_or_unclear,jalan_sold_out_excluded,false,false,true,sold_out_without_price,page_chrome_coupon_or_discount_evidence;tax_included_total_not_confirmed,,,/Users/gini/Documents/ZMI/zao-market-intelligence/.data/debug/auto-runner-market-refresh-rotating/20260707_040006/jalan/classification_decisions/yad325769_2027-01-09.json,zao_local_history_v1
2026-07-07|jalan|ペンション木いちご|yad325769|2027-01-10|2027-01-11|2_adults_1_room_1_night,ac15d6795cfca200aaa0ede914d3022753a0428499f7f2c026313db1e1efc70c,2027_01,2026-07-07,2026-07-07T06:00:01+09:00,2026-07-07T06:00:01+09:00,jalan,AUTO-RUNNER10X,integrated_jalan_bounded_live,ペンション木いちご,国内旅行・海外旅行や宿・ホテルの宿泊予約はじゃらんnet　～日本最大級の宿・ホテル予約サイト～,true,yad325769,yad325769,2027-01-10,2027-01-11,1,2,1,0,JPY,ja,2_adults_1_room_1_night,sold_out,sold_out,,,missing_or_unclear,insufficient,insufficient,selected_date_calendar_sold_out,,,,missing_or_unclear,jalan_sold_out_excluded,false,false,true,sold_out_without_price,page_chrome_coupon_or_discount_evidence;tax_included_total_not_confirmed,,,/Users/gini/Documents/ZMI/zao-market-intelligence/.data/debug/auto-runner-market-refresh-rotating/20260707_060001/jalan/classification_decisions/yad325769_2027-01-10.json,zao_local_history_v1
2026-07-07|jalan|ホテル喜らく|yad325153|2027-01-01|2027-01-02|2_adults_1_room_1_night,be8167f596bcc60aaf25de992f26d417fae92de3afc575bfb7a47430902256fd,2027_01,2026-07-07,2026-07-07T08:00:06+09:00,2026-07-07T08:00:06+09:00,jalan,AUTO-RUNNER10X,integrated_jalan_bounded_live,ホテル喜らく,国内旅行・海外旅行や宿・ホテルの宿泊予約はじゃらんnet　～日本最大級の宿・ホテル予約サイト～,true,yad325153,yad325153,2027-01-01,2027-01-02,1,2,1,0,JPY,ja,2_adults_1_room_1_night,sold_out,sold_out,,,missing_or_unclear,insufficient,insufficient,selected_date_calendar_sold_out,,,,missing_or_unclear,jalan_sold_out_excluded,false,false,true,sold_out_without_price,page_chrome_coupon_or_discount_evidence;tax_included_total_not_confirmed,,,/Users/gini/Documents/ZMI/zao-market-intelligence/.data/debug/auto-runner-market-refresh-rotating/20260707_080006/jalan/classification_decisions/yad325153_2027-01-01.json,zao_local_history_v1
2026-07-07|jalan|ホテル喜らく|yad325153|2027-01-02|2027-01-03|2_adults_1_room_1_night,19e64127faae41cf79c482193819dc4e1347ed86c5ef8786c75696201deb8cc5,2027_01,2026-07-07,2026-07-07T08:00:06+09:00,2026-07-07T08:00:06+09:00,jalan,AUTO-RUNNER10X,integrated_jalan_bounded_live,ホテル喜らく,国内旅行・海外旅行や宿・ホテルの宿泊予約はじゃらんnet　～日本最大級の宿・ホテル予約サイト～,true,yad325153,yad325153,2027-01-02,2027-01-03,1,2,1,0,JPY,ja,2_adults_1_room_1_night,sold_out,sold_out,,,missing_or_unclear,insufficient,insufficient,selected_date_calendar_sold_out,,,,missing_or_unclear,jalan_sold_out_excluded,false,false,true,sold_out_without_price,page_chrome_coupon_or_discount_evidence;tax_included_total_not_confirmed,,,/Users/gini/Documents/ZMI/zao-market-intelligence/.data/debug/auto-runner-market-refresh-rotating/20260707_080006/jalan/classification_decisions/yad325153_2027-01-02.json,zao_local_history_v1
2026-07-07|jalan|ペンション木いちご|yad325769|2027-01-11|2027-01-12|2_adults_1_room_1_night,530cbc280972deb1636a02f385ba39b493d247cec934d6dd1191fa1e0b9b416a,2027_01,2026-07-07,2026-07-07T08:00:06+09:00,2026-07-07T08:00:06+09:00,jalan,AUTO-RUNNER10X,integrated_jalan_bounded_live,ペンション木いちご,国内旅行・海外旅行や宿・ホテルの宿泊予約はじゃらんnet　～日本最大級の宿・ホテル予約サイト～,true,yad325769,yad325769,2027-01-11,2027-01-12,1,2,1,0,JPY,ja,2_adults_1_room_1_night,sold_out,sold_out,,,missing_or_unclear,insufficient,insufficient,selected_date_calendar_sold_out,,,,missing_or_unclear,jalan_sold_out_excluded,false,false,true,sold_out_without_price,page_chrome_coupon_or_discount_evidence;tax_included_total_not_confirmed,,,/Users/gini/Documents/ZMI/zao-market-intelligence/.data/debug/auto-runner-market-refresh-rotating/20260707_080006/jalan/classification_decisions/yad325769_2027-01-11.json,zao_local_history_v1
2026-07-07|jalan|ホテル喜らく|yad325153|2027-01-03|2027-01-04|2_adults_1_room_1_night,30a8c83d9417fbda8bd2f8518ecde5dd8e5f28a50495890db3e1ce532efa502f,2027_01,2026-07-07,2026-07-07T10:00:05+09:00,2026-07-07T10:00:05+09:00,jalan,AUTO-RUNNER10X,integrated_jalan_bounded_live,ホテル喜らく,国内旅行・海外旅行や宿・ホテルの宿泊予約はじゃらんnet　～日本最大級の宿・ホテル予約サイト～,true,yad325153,yad325153,2027-01-03,2027-01-04,1,2,1,0,JPY,ja,2_adults_1_room_1_night,sold_out,sold_out,,,missing_or_unclear,insufficient,insufficient,selected_date_calendar_sold_out,,,,missing_or_unclear,jalan_sold_out_excluded,false,false,true,sold_out_without_price,page_chrome_coupon_or_discount_evidence;tax_included_total_not_confirmed,,,/Users/gini/Documents/ZMI/zao-market-intelligence/.data/debug/auto-runner-market-refresh-rotating/20260707_100005/jalan/classification_decisions/yad325153_2027-01-03.json,zao_local_history_v1
2026-07-07|jalan|ペンション木いちご|yad325769|2027-01-16|2027-01-17|2_adults_1_room_1_night,e5307e4f4d028525c29d0c5875e23caf3b7176847468e3e673b73466f7825a8f,2027_01,2026-07-07,2026-07-07T10:00:05+09:00,2026-07-07T10:00:05+09:00,jalan,AUTO-RUNNER10X,integrated_jalan_bounded_live,ペンション木いちご,国内旅行・海外旅行や宿・ホテルの宿泊予約はじゃらんnet　～日本最大級の宿・ホテル予約サイト～,true,yad325769,yad325769,2027-01-16,2027-01-17,1,2,1,0,JPY,ja,2_adults_1_room_1_night,sold_out,sold_out,,,missing_or_unclear,insufficient,insufficient,selected_date_calendar_sold_out,,,,missing_or_unclear,jalan_sold_out_excluded,false,false,true,sold_out_without_price,page_chrome_coupon_or_discount_evidence;tax_included_total_not_confirmed,,,/Users/gini/Documents/ZMI/zao-market-intelligence/.data/debug/auto-runner-market-refresh-rotating/20260707_100005/jalan/classification_decisions/yad325769_2027-01-16.json,zao_local_history_v1
2026-07-07|jalan|ペンション木いちご|yad325769|2027-01-23|2027-01-24|2_adults_1_room_1_night,ed474da5cf54f555752289e0ed55c36bcede44cd79adfe19f25718d254228432,2027_01,2026-07-07,2026-07-07T12:00:06+09:00,2026-07-07T12:00:06+09:00,jalan,AUTO-RUNNER10X,integrated_jalan_bounded_live,ペンション木いちご,国内旅行・海外旅行や宿・ホテルの宿泊予約はじゃらんnet　～日本最大級の宿・ホテル予約サイト～,true,yad325769,yad325769,2027-01-23,2027-01-24,1,2,1,0,JPY,ja,2_adults_1_room_1_night,sold_out,sold_out,,,missing_or_unclear,insufficient,insufficient,selected_date_calendar_sold_out,,,,missing_or_unclear,jalan_sold_out_excluded,false,false,true,sold_out_without_price,page_chrome_coupon_or_discount_evidence;tax_included_total_not_confirmed,,,/Users/gini/Documents/ZMI/zao-market-intelligence/.data/debug/auto-runner-market-refresh-rotating/20260707_120006/jalan/classification_decisions/yad325769_2027-01-23.json,zao_local_history_v1
2026-07-07|jalan|蔵王四季のホテル|yad322447|2027-01-01|2027-01-02|2_adults_1_room_1_night,fc99179b8b335ca00381ae30e88e8b59d231c206823e8055c7a49eadad296823,2027_01,2026-07-07,2026-07-07T14:00:06+09:00,2026-07-07T14:00:06+09:00,jalan,AUTO-RUNNER10X,integrated_jalan_bounded_live,蔵王四季のホテル,国内旅行・海外旅行や宿・ホテルの宿泊予約はじゃらんnet　～日本最大級の宿・ホテル予約サイト～,true,yad322447,yad322447,2027-01-01,2027-01-02,1,2,1,0,JPY,ja,2_adults_1_room_1_night,sold_out,sold_out,,,missing_or_unclear,insufficient,insufficient,selected_date_calendar_sold_out,,,,missing_or_unclear,jalan_sold_out_excluded,false,false,true,sold_out_without_price,page_chrome_coupon_or_discount_evidence;tax_included_total_not_confirmed,,,/Users/gini/Documents/ZMI/zao-market-intelligence/.data/debug/auto-runner-market-refresh-rotating/20260707_140005/jalan/classification_decisions/yad322447_2027-01-01.json,zao_local_history_v1
2026-07-07|jalan|蔵王四季のホテル|yad322447|2027-01-02|2027-01-03|2_adults_1_room_1_night,48da5004a97c279e82e5c7f9a91db10f4dedb33212e4cf85bd0af20c950494f5,2027_01,2026-07-07,2026-07-07T14:00:06+09:00,2026-07-07T14:00:06+09:00,jalan,AUTO-RUNNER10X,integrated_jalan_bounded_live,蔵王四季のホテル,国内旅行・海外旅行や宿・ホテルの宿泊予約はじゃらんnet　～日本最大級の宿・ホテル予約サイト～,true,yad322447,yad322447,2027-01-02,2027-01-03,1,2,1,0,JPY,ja,2_adults_1_room_1_night,available,not_sold_out_confirmed,,,missing_or_unclear,C,C,Price visible but meal_basis=unknown_meal_basis (jalan_ambiguous_meal_and_room_only_tokens); excluded from room-only DP per confirmed policy.,160600,,,tax_included_total,jalan_unknown_meal_basis_excluded,false,false,true,unknown_meal_basis_excluded,page_chrome_coupon_or_discount_evidence;unknown_meal_basis_excluded;meal_basis=unknown_meal_basis,,,/Users/gini/Documents/ZMI/zao-market-intelligence/.data/debug/auto-runner-market-refresh-rotating/20260707_140005/jalan/classification_decisions/yad322447_2027-01-02.json,zao_local_history_v1
2026-07-07|jalan|ホテル喜らく|yad325153|2027-01-09|2027-01-10|2_adults_1_room_1_night,da92286cc3e945ccddc6c625fa0f8ebce8e44fa3b18e7e36c39870dadd91ad4c,2027_01,2026-07-07,2026-07-07T14:00:06+09:00,2026-07-07T14:00:06+09:00,jalan,AUTO-RUNNER10X,integrated_jalan_bounded_live,ホテル喜らく,国内旅行・海外旅行や宿・ホテルの宿泊予約はじゃらんnet　～日本最大級の宿・ホテル予約サイト～,true,yad325153,yad325153,2027-01-09,2027-01-10,1,2,1,0,JPY,ja,2_adults_1_room_1_night,sold_out,sold_out,,,missing_or_unclear,insufficient,insufficient,selected_date_calendar_sold_out,,,,missing_or_unclear,jalan_sold_out_excluded,false,false,true,sold_out_without_price,page_chrome_coupon_or_discount_evidence;tax_included_total_not_confirmed,,,/Users/gini/Documents/ZMI/zao-market-intelligence/.data/debug/auto-runner-market-refresh-rotating/20260707_140005/jalan/classification_decisions/yad325153_2027-01-09.json,zao_local_history_v1
2026-07-07|jalan|ペンション木いちご|yad325769|2027-01-30|2027-01-31|2_adults_1_room_1_night,2b131e7d13e3a911804c0629996293c672c1cb30bf5191206e62d53f678cefe0,2027_01,2026-07-07,2026-07-07T14:00:06+09:00,2026-07-07T14:00:06+09:00,jalan,AUTO-RUNNER10X,integrated_jalan_bounded_live,ペンション木いちご,国内旅行・海外旅行や宿・ホテルの宿泊予約はじゃらんnet　～日本最大級の宿・ホテル予約サイト～,true,yad325769,yad325769,2027-01-30,2027-01-31,1,2,1,0,JPY,ja,2_adults_1_room_1_night,sold_out,sold_out,,,missing_or_unclear,insufficient,insufficient,selected_date_calendar_sold_out,,,,missing_or_unclear,jalan_sold_out_excluded,false,false,true,sold_out_without_price,page_chrome_coupon_or_discount_evidence;tax_included_total_not_confirmed,,,/Users/gini/Documents/ZMI/zao-market-intelligence/.data/debug/auto-runner-market-refresh-rotating/20260707_140005/jalan/classification_decisions/yad325769_2027-01-30.json,zao_local_history_v1
2026-07-07|jalan|蔵王四季のホテル|yad322447|2027-01-03|2027-01-04|2_adults_1_room_1_night,7f589ef8cf0efdbef5bcbe5c5eccf085d2aaf11c621f0d87fab3b1ca3186327b,2027_01,2026-07-07,2026-07-07T16:00:05+09:00,2026-07-07T16:00:05+09:00,jalan,AUTO-RUNNER10X,integrated_jalan_bounded_live,蔵王四季のホテル,国内旅行・海外旅行や宿・ホテルの宿泊予約はじゃらんnet　～日本最大級の宿・ホテル予約サイト～,true,yad322447,yad322447,2027-01-03,2027-01-04,1,2,1,0,JPY,ja,2_adults_1_room_1_night,available,not_sold_out_confirmed,,,missing_or_unclear,C,C,Price visible but meal_basis=unknown_meal_basis (jalan_ambiguous_meal_and_room_only_tokens); excluded from room-only DP per confirmed policy.,123200,,,tax_included_total,jalan_unknown_meal_basis_excluded,false,false,true,unknown_meal_basis_excluded,page_chrome_coupon_or_discount_evidence;unknown_meal_basis_excluded;meal_basis=unknown_meal_basis,,,/Users/gini/Documents/ZMI/zao-market-intelligence/.data/debug/auto-runner-market-refresh-rotating/20260707_160005/jalan/classification_decisions/yad322447_2027-01-03.json,zao_local_history_v1
2026-07-07|jalan|蔵王四季のホテル|yad322447|2027-01-09|2027-01-10|2_adults_1_room_1_night,5d86c557e8467f7c8e0072f1f86ae100feb569b8f4774b4815dfb3202e693712,2027_01,2026-07-07,2026-07-07T16:00:05+09:00,2026-07-07T16:00:05+09:00,jalan,AUTO-RUNNER10X,integrated_jalan_bounded_live,蔵王四季のホテル,国内旅行・海外旅行や宿・ホテルの宿泊予約はじゃらんnet　～日本最大級の宿・ホテル予約サイト～,true,yad322447,yad322447,2027-01-09,2027-01-10,1,2,1,0,JPY,ja,2_adults_1_room_1_night,available,not_sold_out_confirmed,,,missing_or_unclear,C,C,Price visible but meal_basis=unknown_meal_basis (jalan_ambiguous_meal_and_room_only_tokens); excluded from room-only DP per confirmed policy.,138600,,,tax_included_total,jalan_unknown_meal_basis_excluded,false,false,true,unknown_meal_basis_excluded,page_chrome_coupon_or_discount_evidence;unknown_meal_basis_excluded;meal_basis=unknown_meal_basis,,,/Users/gini/Documents/ZMI/zao-market-intelligence/.data/debug/auto-runner-market-refresh-rotating/20260707_160005/jalan/classification_decisions/yad322447_2027-01-09.json,zao_local_history_v1
2026-07-07|jalan|ホテル喜らく|yad325153|2027-01-10|2027-01-11|2_adults_1_room_1_night,5c4a50a9af94fb5aaa3192799ffb4a63b8b3db1c1045f80ef2d761ce80faa430,2027_01,2026-07-07,2026-07-07T16:00:05+09:00,2026-07-07T16:00:05+09:00,jalan,AUTO-RUNNER10X,integrated_jalan_bounded_live,ホテル喜らく,国内旅行・海外旅行や宿・ホテルの宿泊予約はじゃらんnet　～日本最大級の宿・ホテル予約サイト～,true,yad325153,yad325153,2027-01-10,2027-01-11,1,2,1,0,JPY,ja,2_adults_1_room_1_night,sold_out,sold_out,,,missing_or_unclear,insufficient,insufficient,selected_date_calendar_sold_out,,,,missing_or_unclear,jalan_sold_out_excluded,false,false,true,sold_out_without_price,page_chrome_coupon_or_discount_evidence;tax_included_total_not_confirmed,,,/Users/gini/Documents/ZMI/zao-market-intelligence/.data/debug/auto-runner-market-refresh-rotating/20260707_160005/jalan/classification_decisions/yad325153_2027-01-10.json,zao_local_history_v1
2026-07-07|jalan|ホテル喜らく|yad325153|2027-01-11|2027-01-12|2_adults_1_room_1_night,3567bc8b511e4938188c58fb91ee5204f0dbef0e3f1c57076082af0eb691aef6,2027_01,2026-07-07,2026-07-07T16:00:05+09:00,2026-07-07T16:00:05+09:00,jalan,AUTO-RUNNER10X,integrated_jalan_bounded_live,ホテル喜らく,国内旅行・海外旅行や宿・ホテルの宿泊予約はじゃらんnet　～日本最大級の宿・ホテル予約サイト～,true,yad325153,yad325153,2027-01-11,2027-01-12,1,2,1,0,JPY,ja,2_adults_1_room_1_night,sold_out,sold_out,,,missing_or_unclear,insufficient,insufficient,selected_date_calendar_sold_out,,,,missing_or_unclear,jalan_sold_out_excluded,false,false,true,sold_out_without_price,page_chrome_coupon_or_discount_evidence;tax_included_total_not_confirmed,,,/Users/gini/Documents/ZMI/zao-market-intelligence/.data/debug/auto-runner-market-refresh-rotating/20260707_160005/jalan/classification_decisions/yad325153_2027-01-11.json,zao_local_history_v1
2026-07-07|jalan|蔵王四季のホテル|yad322447|2027-01-10|2027-01-11|2_adults_1_room_1_night,c35a9e3919c97c104ab1ed3fc99f6ef3e9a6411662f4ba73926acacd6872bdff,2027_01,2026-07-07,2026-07-07T18:00:06+09:00,2026-07-07T18:00:06+09:00,jalan,AUTO-RUNNER10X,integrated_jalan_bounded_live,蔵王四季のホテル,国内旅行・海外旅行や宿・ホテルの宿泊予約はじゃらんnet　～日本最大級の宿・ホテル予約サイト～,true,yad322447,yad322447,2027-01-10,2027-01-11,1,2,1,0,JPY,ja,2_adults_1_room_1_night,available,not_sold_out_confirmed,,,missing_or_unclear,C,C,Price visible but meal_basis=unknown_meal_basis (jalan_ambiguous_meal_and_room_only_tokens); excluded from room-only DP per confirmed policy.,132000,,,tax_included_total,jalan_unknown_meal_basis_excluded,false,false,true,unknown_meal_basis_excluded,page_chrome_coupon_or_discount_evidence;unknown_meal_basis_excluded;meal_basis=unknown_meal_basis,,,/Users/gini/Documents/ZMI/zao-market-intelligence/.data/debug/auto-runner-market-refresh-rotating/20260707_180006/jalan/classification_decisions/yad322447_2027-01-10.json,zao_local_history_v1
2026-07-07|jalan|ホテル喜らく|yad325153|2027-01-16|2027-01-17|2_adults_1_room_1_night,ffe093d5e74b9e8cf8f73cacb5d9f5faf6f9a03ff440226d0aa061bd79031ab9,2027_01,2026-07-07,2026-07-07T18:00:06+09:00,2026-07-07T18:00:06+09:00,jalan,AUTO-RUNNER10X,integrated_jalan_bounded_live,ホテル喜らく,国内旅行・海外旅行や宿・ホテルの宿泊予約はじゃらんnet　～日本最大級の宿・ホテル予約サイト～,true,yad325153,yad325153,2027-01-16,2027-01-17,1,2,1,0,JPY,ja,2_adults_1_room_1_night,sold_out,sold_out,,,missing_or_unclear,insufficient,insufficient,selected_date_calendar_sold_out,,,,missing_or_unclear,jalan_sold_out_excluded,false,false,true,sold_out_without_price,page_chrome_coupon_or_discount_evidence;tax_included_total_not_confirmed,,,/Users/gini/Documents/ZMI/zao-market-intelligence/.data/debug/auto-runner-market-refresh-rotating/20260707_180006/jalan/classification_decisions/yad325153_2027-01-16.json,zao_local_history_v1
2026-07-07|jalan|ペンション木いちご|yad325769|2027-01-01|2027-01-02|2_adults_1_room_1_night,2b60955c645962d925ee7a6c75113567f7429080c9be9887b76eb56d98c285c2,2027_01,2026-07-07,2026-07-07T22:00:06+09:00,2026-07-07T22:00:06+09:00,jalan,AUTO-RUNNER10X,integrated_jalan_bounded_live,ペンション木いちご,国内旅行・海外旅行や宿・ホテルの宿泊予約はじゃらんnet　～日本最大級の宿・ホテル予約サイト～,true,yad325769,yad325769,2027-01-01,2027-01-02,1,2,1,0,JPY,ja,2_adults_1_room_1_night,sold_out,sold_out,,,missing_or_unclear,insufficient,insufficient,selected_date_calendar_sold_out,,,,missing_or_unclear,jalan_sold_out_excluded,false,false,true,sold_out_without_price,page_chrome_coupon_or_discount_evidence;tax_included_total_not_confirmed,,,/Users/gini/Documents/ZMI/zao-market-intelligence/.data/debug/auto-runner-market-refresh-rotating/20260707_220006/jalan/classification_decisions/yad325769_2027-01-01.json,zao_local_history_v1
2026-07-08|jalan|ペンション木いちご|yad325769|2027-01-02|2027-01-03|2_adults_1_room_1_night,6a8d84aac43b432b35a7b5a62cccf1e28dd558a4b8d1bdf99c81f9bbf791c60e,2027_01,2026-07-08,2026-07-08T02:00:05+09:00,2026-07-08T02:00:05+09:00,jalan,AUTO-RUNNER10X,integrated_jalan_bounded_live,ペンション木いちご,国内旅行・海外旅行や宿・ホテルの宿泊予約はじゃらんnet　～日本最大級の宿・ホテル予約サイト～,true,yad325769,yad325769,2027-01-02,2027-01-03,1,2,1,0,JPY,ja,2_adults_1_room_1_night,sold_out,sold_out,,,missing_or_unclear,insufficient,insufficient,selected_date_calendar_sold_out,,,,missing_or_unclear,jalan_sold_out_excluded,false,false,true,sold_out_without_price,page_chrome_coupon_or_discount_evidence;tax_included_total_not_confirmed,,,/Users/gini/Documents/ZMI/zao-market-intelligence/.data/debug/auto-runner-market-refresh-rotating/20260708_020005/jalan/classification_decisions/yad325769_2027-01-02.json,zao_local_history_v1
2026-07-08|jalan|ペンション木いちご|yad325769|2027-01-03|2027-01-04|2_adults_1_room_1_night,18947933742f0e96590e4d693948c1a51b92a41a2986ad73fa5cc1c9b2471500,2027_01,2026-07-08,2026-07-08T02:00:05+09:00,2026-07-08T02:00:05+09:00,jalan,AUTO-RUNNER10X,integrated_jalan_bounded_live,ペンション木いちご,国内旅行・海外旅行や宿・ホテルの宿泊予約はじゃらんnet　～日本最大級の宿・ホテル予約サイト～,true,yad325769,yad325769,2027-01-03,2027-01-04,1,2,1,0,JPY,ja,2_adults_1_room_1_night,sold_out,sold_out,,,missing_or_unclear,insufficient,insufficient,selected_date_calendar_sold_out,,,,missing_or_unclear,jalan_sold_out_excluded,false,false,true,sold_out_without_price,page_chrome_coupon_or_discount_evidence;tax_included_total_not_confirmed,,,/Users/gini/Documents/ZMI/zao-market-intelligence/.data/debug/auto-runner-market-refresh-rotating/20260708_020005/jalan/classification_decisions/yad325769_2027-01-03.json,zao_local_history_v1
2026-07-08|jalan|ペンション木いちご|yad325769|2027-01-09|2027-01-10|2_adults_1_room_1_night,7354a330350dd73002cb627c4e197a7ef13bb1b67c7a2ec8a61d944c9387c045,2027_01,2026-07-08,2026-07-08T04:00:06+09:00,2026-07-08T04:00:06+09:00,jalan,AUTO-RUNNER10X,integrated_jalan_bounded_live,ペンション木いちご,国内旅行・海外旅行や宿・ホテルの宿泊予約はじゃらんnet　～日本最大級の宿・ホテル予約サイト～,true,yad325769,yad325769,2027-01-09,2027-01-10,1,2,1,0,JPY,ja,2_adults_1_room_1_night,sold_out,sold_out,,,missing_or_unclear,insufficient,insufficient,selected_date_calendar_sold_out,,,,missing_or_unclear,jalan_sold_out_excluded,false,false,true,sold_out_without_price,page_chrome_coupon_or_discount_evidence;tax_included_total_not_confirmed,,,/Users/gini/Documents/ZMI/zao-market-intelligence/.data/debug/auto-runner-market-refresh-rotating/20260708_040006/jalan/classification_decisions/yad325769_2027-01-09.json,zao_local_history_v1
2026-07-08|jalan|ペンション木いちご|yad325769|2027-01-10|2027-01-11|2_adults_1_room_1_night,28064ccbc98f71400bb4652b10b16b6d0a81761855e9c44c2c424ef78864f2bf,2027_01,2026-07-08,2026-07-08T06:00:06+09:00,2026-07-08T06:00:06+09:00,jalan,AUTO-RUNNER10X,integrated_jalan_bounded_live,ペンション木いちご,国内旅行・海外旅行や宿・ホテルの宿泊予約はじゃらんnet　～日本最大級の宿・ホテル予約サイト～,true,yad325769,yad325769,2027-01-10,2027-01-11,1,2,1,0,JPY,ja,2_adults_1_room_1_night,sold_out,sold_out,,,missing_or_unclear,insufficient,insufficient,selected_date_calendar_sold_out,,,,missing_or_unclear,jalan_sold_out_excluded,false,false,true,sold_out_without_price,page_chrome_coupon_or_discount_evidence;tax_included_total_not_confirmed,,,/Users/gini/Documents/ZMI/zao-market-intelligence/.data/debug/auto-runner-market-refresh-rotating/20260708_060006/jalan/classification_decisions/yad325769_2027-01-10.json,zao_local_history_v1
2026-07-08|jalan|ホテル喜らく|yad325153|2027-01-01|2027-01-02|2_adults_1_room_1_night,2b0925a02195dc4acc89cdc321efa50fd636080afde13ee40fcd2f72753f47f1,2027_01,2026-07-08,2026-07-08T08:00:01+09:00,2026-07-08T08:00:01+09:00,jalan,AUTO-RUNNER10X,integrated_jalan_bounded_live,ホテル喜らく,国内旅行・海外旅行や宿・ホテルの宿泊予約はじゃらんnet　～日本最大級の宿・ホテル予約サイト～,true,yad325153,yad325153,2027-01-01,2027-01-02,1,2,1,0,JPY,ja,2_adults_1_room_1_night,sold_out,sold_out,,,missing_or_unclear,insufficient,insufficient,selected_date_calendar_sold_out,,,,missing_or_unclear,jalan_sold_out_excluded,false,false,true,sold_out_without_price,page_chrome_coupon_or_discount_evidence;tax_included_total_not_confirmed,,,/Users/gini/Documents/ZMI/zao-market-intelligence/.data/debug/auto-runner-market-refresh-rotating/20260708_080001/jalan/classification_decisions/yad325153_2027-01-01.json,zao_local_history_v1
2026-07-08|jalan|ホテル喜らく|yad325153|2027-01-02|2027-01-03|2_adults_1_room_1_night,0656607077799e8476cfb1c7936c6edd18ace29ca755e0fa2161367ea863c4de,2027_01,2026-07-08,2026-07-08T10:00:05+09:00,2026-07-08T10:00:05+09:00,jalan,AUTO-RUNNER10X,integrated_jalan_bounded_live,ホテル喜らく,国内旅行・海外旅行や宿・ホテルの宿泊予約はじゃらんnet　～日本最大級の宿・ホテル予約サイト～,true,yad325153,yad325153,2027-01-02,2027-01-03,1,2,1,0,JPY,ja,2_adults_1_room_1_night,sold_out,sold_out,,,missing_or_unclear,insufficient,insufficient,selected_date_calendar_sold_out,,,,missing_or_unclear,jalan_sold_out_excluded,false,false,true,sold_out_without_price,page_chrome_coupon_or_discount_evidence;tax_included_total_not_confirmed,,,/Users/gini/Documents/ZMI/zao-market-intelligence/.data/debug/auto-runner-market-refresh-rotating/20260708_100005/jalan/classification_decisions/yad325153_2027-01-02.json,zao_local_history_v1
2026-07-08|jalan|ペンション木いちご|yad325769|2027-01-11|2027-01-12|2_adults_1_room_1_night,3511853fa28c95b2d19bcfbdad76512ec7f056c4fd37db1f54bb8dab2441d1a2,2027_01,2026-07-08,2026-07-08T10:00:05+09:00,2026-07-08T10:00:05+09:00,jalan,AUTO-RUNNER10X,integrated_jalan_bounded_live,ペンション木いちご,国内旅行・海外旅行や宿・ホテルの宿泊予約はじゃらんnet　～日本最大級の宿・ホテル予約サイト～,true,yad325769,yad325769,2027-01-11,2027-01-12,1,2,1,0,JPY,ja,2_adults_1_room_1_night,sold_out,sold_out,,,missing_or_unclear,insufficient,insufficient,selected_date_calendar_sold_out,,,,missing_or_unclear,jalan_sold_out_excluded,false,false,true,sold_out_without_price,page_chrome_coupon_or_discount_evidence;tax_included_total_not_confirmed,,,/Users/gini/Documents/ZMI/zao-market-intelligence/.data/debug/auto-runner-market-refresh-rotating/20260708_100005/jalan/classification_decisions/yad325769_2027-01-11.json,zao_local_history_v1
2026-07-08|jalan|ペンション木いちご|yad325769|2027-01-16|2027-01-17|2_adults_1_room_1_night,47ea4a385f6a25be548829657059ab1154449448a8d6f2423d8dcca7a135a414,2027_01,2026-07-08,2026-07-08T12:00:06+09:00,2026-07-08T12:00:06+09:00,jalan,AUTO-RUNNER10X,integrated_jalan_bounded_live,ペンション木いちご,国内旅行・海外旅行や宿・ホテルの宿泊予約はじゃらんnet　～日本最大級の宿・ホテル予約サイト～,true,yad325769,yad325769,2027-01-16,2027-01-17,1,2,1,0,JPY,ja,2_adults_1_room_1_night,sold_out,sold_out,,,missing_or_unclear,insufficient,insufficient,selected_date_calendar_sold_out,,,,missing_or_unclear,jalan_sold_out_excluded,false,false,true,sold_out_without_price,page_chrome_coupon_or_discount_evidence;tax_included_total_not_confirmed,,,/Users/gini/Documents/ZMI/zao-market-intelligence/.data/debug/auto-runner-market-refresh-rotating/20260708_120006/jalan/classification_decisions/yad325769_2027-01-16.json,zao_local_history_v1
2026-07-08|jalan|ペンション木いちご|yad325769|2027-01-23|2027-01-24|2_adults_1_room_1_night,65033fc7d661675dd0364826c8ee6343f2545471a499dfde83c09123e7176ee2,2027_01,2026-07-08,2026-07-08T12:00:06+09:00,2026-07-08T12:00:06+09:00,jalan,AUTO-RUNNER10X,integrated_jalan_bounded_live,ペンション木いちご,国内旅行・海外旅行や宿・ホテルの宿泊予約はじゃらんnet　～日本最大級の宿・ホテル予約サイト～,true,yad325769,yad325769,2027-01-23,2027-01-24,1,2,1,0,JPY,ja,2_adults_1_room_1_night,sold_out,sold_out,,,missing_or_unclear,insufficient,insufficient,selected_date_calendar_sold_out,,,,missing_or_unclear,jalan_sold_out_excluded,false,false,true,sold_out_without_price,page_chrome_coupon_or_discount_evidence;tax_included_total_not_confirmed,,,/Users/gini/Documents/ZMI/zao-market-intelligence/.data/debug/auto-runner-market-refresh-rotating/20260708_120006/jalan/classification_decisions/yad325769_2027-01-23.json,zao_local_history_v1
2026-07-08|jalan|ホテル喜らく|yad325153|2027-01-03|2027-01-04|2_adults_1_room_1_night,b0674a633bb0458ae977f7eabe72cacb404a185b4c8ed987aeedbdacbb7f7b22,2027_01,2026-07-08,2026-07-08T14:00:05+09:00,2026-07-08T14:00:05+09:00,jalan,AUTO-RUNNER10X,integrated_jalan_bounded_live,ホテル喜らく,国内旅行・海外旅行や宿・ホテルの宿泊予約はじゃらんnet　～日本最大級の宿・ホテル予約サイト～,true,yad325153,yad325153,2027-01-03,2027-01-04,1,2,1,0,JPY,ja,2_adults_1_room_1_night,sold_out,sold_out,,,missing_or_unclear,insufficient,insufficient,selected_date_calendar_sold_out,,,,missing_or_unclear,jalan_sold_out_excluded,false,false,true,sold_out_without_price,page_chrome_coupon_or_discount_evidence;tax_included_total_not_confirmed,,,/Users/gini/Documents/ZMI/zao-market-intelligence/.data/debug/auto-runner-market-refresh-rotating/20260708_140005/jalan/classification_decisions/yad325153_2027-01-03.json,zao_local_history_v1
2026-07-08|jalan|ホテル喜らく|yad325153|2027-01-09|2027-01-10|2_adults_1_room_1_night,a66708677756486c79dcb0348aad171ad7a215eb2ec55a7f4fd98ab668b288ce,2027_01,2026-07-08,2026-07-08T16:00:06+09:00,2026-07-08T16:00:06+09:00,jalan,AUTO-RUNNER10X,integrated_jalan_bounded_live,ホテル喜らく,国内旅行・海外旅行や宿・ホテルの宿泊予約はじゃらんnet　～日本最大級の宿・ホテル予約サイト～,true,yad325153,yad325153,2027-01-09,2027-01-10,1,2,1,0,JPY,ja,2_adults_1_room_1_night,sold_out,sold_out,,,missing_or_unclear,insufficient,insufficient,selected_date_calendar_sold_out,,,,missing_or_unclear,jalan_sold_out_excluded,false,false,true,sold_out_without_price,page_chrome_coupon_or_discount_evidence;tax_included_total_not_confirmed,,,/Users/gini/Documents/ZMI/zao-market-intelligence/.data/debug/auto-runner-market-refresh-rotating/20260708_160006/jalan/classification_decisions/yad325153_2027-01-09.json,zao_local_history_v1
2026-07-08|jalan|ホテル喜らく|yad325153|2027-01-10|2027-01-11|2_adults_1_room_1_night,120670392544190d0d0c98814ace9a860ba32a4d875d376f09f3ec0f566c5d7e,2027_01,2026-07-08,2026-07-08T16:00:06+09:00,2026-07-08T16:00:06+09:00,jalan,AUTO-RUNNER10X,integrated_jalan_bounded_live,ホテル喜らく,国内旅行・海外旅行や宿・ホテルの宿泊予約はじゃらんnet　～日本最大級の宿・ホテル予約サイト～,true,yad325153,yad325153,2027-01-10,2027-01-11,1,2,1,0,JPY,ja,2_adults_1_room_1_night,sold_out,sold_out,,,missing_or_unclear,insufficient,insufficient,selected_date_calendar_sold_out,,,,missing_or_unclear,jalan_sold_out_excluded,false,false,true,sold_out_without_price,page_chrome_coupon_or_discount_evidence;tax_included_total_not_confirmed,,,/Users/gini/Documents/ZMI/zao-market-intelligence/.data/debug/auto-runner-market-refresh-rotating/20260708_160006/jalan/classification_decisions/yad325153_2027-01-10.json,zao_local_history_v1
2026-07-08|jalan|ホテル喜らく|yad325153|2027-01-11|2027-01-12|2_adults_1_room_1_night,1d3897721cf56593da58eaa1205c13b16a7777a60b8f6d3f41d70e3e639ca062,2027_01,2026-07-08,2026-07-08T18:00:06+09:00,2026-07-08T18:00:06+09:00,jalan,AUTO-RUNNER10X,integrated_jalan_bounded_live,ホテル喜らく,国内旅行・海外旅行や宿・ホテルの宿泊予約はじゃらんnet　～日本最大級の宿・ホテル予約サイト～,true,yad325153,yad325153,2027-01-11,2027-01-12,1,2,1,0,JPY,ja,2_adults_1_room_1_night,sold_out,sold_out,,,missing_or_unclear,insufficient,insufficient,selected_date_calendar_sold_out,,,,missing_or_unclear,jalan_sold_out_excluded,false,false,true,sold_out_without_price,page_chrome_coupon_or_discount_evidence;tax_included_total_not_confirmed,,,/Users/gini/Documents/ZMI/zao-market-intelligence/.data/debug/auto-runner-market-refresh-rotating/20260708_180006/jalan/classification_decisions/yad325153_2027-01-11.json,zao_local_history_v1
2026-07-08|jalan|ペンション木いちご|yad325769|2027-01-30|2027-01-31|2_adults_1_room_1_night,54d347ab2f7717c585355f294790c0b3de987f9713d17fbc439e3df50e7ee094,2027_01,2026-07-08,2026-07-08T18:00:06+09:00,2026-07-08T18:00:06+09:00,jalan,AUTO-RUNNER10X,integrated_jalan_bounded_live,ペンション木いちご,国内旅行・海外旅行や宿・ホテルの宿泊予約はじゃらんnet　～日本最大級の宿・ホテル予約サイト～,true,yad325769,yad325769,2027-01-30,2027-01-31,1,2,1,0,JPY,ja,2_adults_1_room_1_night,sold_out,sold_out,,,missing_or_unclear,insufficient,insufficient,selected_date_calendar_sold_out,,,,missing_or_unclear,jalan_sold_out_excluded,false,false,true,sold_out_without_price,page_chrome_coupon_or_discount_evidence;tax_included_total_not_confirmed,,,/Users/gini/Documents/ZMI/zao-market-intelligence/.data/debug/auto-runner-market-refresh-rotating/20260708_180006/jalan/classification_decisions/yad325769_2027-01-30.json,zao_local_history_v1
2026-07-08|jalan|蔵王四季のホテル|yad322447|2027-01-01|2027-01-02|2_adults_1_room_1_night,ae7f968ac9a766ad11199115d287d16dd89a523292b0e2898a70aae1f95c7b7d,2027_01,2026-07-08,2026-07-08T22:00:06+09:00,2026-07-08T22:00:06+09:00,jalan,AUTO-RUNNER10X,integrated_jalan_bounded_live,蔵王四季のホテル,国内旅行・海外旅行や宿・ホテルの宿泊予約はじゃらんnet　～日本最大級の宿・ホテル予約サイト～,true,yad322447,yad322447,2027-01-01,2027-01-02,1,2,1,0,JPY,ja,2_adults_1_room_1_night,sold_out,sold_out,,,missing_or_unclear,insufficient,insufficient,selected_date_calendar_sold_out,,,,missing_or_unclear,jalan_sold_out_excluded,false,false,true,sold_out_without_price,page_chrome_coupon_or_discount_evidence;tax_included_total_not_confirmed,,,/Users/gini/Documents/ZMI/zao-market-intelligence/.data/debug/auto-runner-market-refresh-rotating/20260708_220006/jalan/classification_decisions/yad322447_2027-01-01.json,zao_local_history_v1
2026-07-09|jalan|蔵王四季のホテル|yad322447|2027-01-02|2027-01-03|2_adults_1_room_1_night,1901541e1d9abe8231ff38380d0f8cea88a76ad78753796773152c3be1699c99,2027_01,2026-07-09,2026-07-09T00:00:01+09:00,2026-07-09T00:00:01+09:00,jalan,AUTO-RUNNER10X,integrated_jalan_bounded_live,蔵王四季のホテル,国内旅行・海外旅行や宿・ホテルの宿泊予約はじゃらんnet　～日本最大級の宿・ホテル予約サイト～,true,yad322447,yad322447,2027-01-02,2027-01-03,1,2,1,0,JPY,ja,2_adults_1_room_1_night,available,not_sold_out_confirmed,,,missing_or_unclear,C,C,Price visible but meal_basis=unknown_meal_basis (jalan_ambiguous_meal_and_room_only_tokens); excluded from room-only DP per confirmed policy.,160600,,,tax_included_total,jalan_unknown_meal_basis_excluded,false,false,true,unknown_meal_basis_excluded,page_chrome_coupon_or_discount_evidence;unknown_meal_basis_excluded;meal_basis=unknown_meal_basis,,,/Users/gini/Documents/ZMI/zao-market-intelligence/.data/debug/auto-runner-market-refresh-rotating/20260709_000001/jalan/classification_decisions/yad322447_2027-01-02.json,zao_local_history_v1
2026-07-09|jalan|蔵王四季のホテル|yad322447|2027-01-03|2027-01-04|2_adults_1_room_1_night,e35dbd95d8d163e785a42d6cc7fa65d9484c1796f81a6bbfca870f8c88385139,2027_01,2026-07-09,2026-07-09T02:00:03+09:00,2026-07-09T02:00:03+09:00,jalan,AUTO-RUNNER10X,integrated_jalan_bounded_live,蔵王四季のホテル,国内旅行・海外旅行や宿・ホテルの宿泊予約はじゃらんnet　～日本最大級の宿・ホテル予約サイト～,true,yad322447,yad322447,2027-01-03,2027-01-04,1,2,1,0,JPY,ja,2_adults_1_room_1_night,available,not_sold_out_confirmed,,,missing_or_unclear,C,C,Price visible but meal_basis=unknown_meal_basis (jalan_ambiguous_meal_and_room_only_tokens); excluded from room-only DP per confirmed policy.,123200,,,tax_included_total,jalan_unknown_meal_basis_excluded,false,false,true,unknown_meal_basis_excluded,page_chrome_coupon_or_discount_evidence;unknown_meal_basis_excluded;meal_basis=unknown_meal_basis,,,/Users/gini/Documents/ZMI/zao-market-intelligence/.data/debug/auto-runner-market-refresh-rotating/20260709_020003/jalan/classification_decisions/yad322447_2027-01-03.json,zao_local_history_v1
2026-07-09|jalan|蔵王四季のホテル|yad322447|2027-01-09|2027-01-10|2_adults_1_room_1_night,103e4808f05fee874a7290df4e873f6e979727fa14435ea814de5e6f8a286eb2,2027_01,2026-07-09,2026-07-09T02:00:03+09:00,2026-07-09T02:00:03+09:00,jalan,AUTO-RUNNER10X,integrated_jalan_bounded_live,蔵王四季のホテル,国内旅行・海外旅行や宿・ホテルの宿泊予約はじゃらんnet　～日本最大級の宿・ホテル予約サイト～,true,yad322447,yad322447,2027-01-09,2027-01-10,1,2,1,0,JPY,ja,2_adults_1_room_1_night,available,not_sold_out_confirmed,,,missing_or_unclear,C,C,Price visible but meal_basis=unknown_meal_basis (jalan_ambiguous_meal_and_room_only_tokens); excluded from room-only DP per confirmed policy.,138600,,,tax_included_total,jalan_unknown_meal_basis_excluded,false,false,true,unknown_meal_basis_excluded,page_chrome_coupon_or_discount_evidence;unknown_meal_basis_excluded;meal_basis=unknown_meal_basis,,,/Users/gini/Documents/ZMI/zao-market-intelligence/.data/debug/auto-runner-market-refresh-rotating/20260709_020003/jalan/classification_decisions/yad322447_2027-01-09.json,zao_local_history_v1
2026-07-09|jalan|ペンション木いちご|yad325769|2027-01-01|2027-01-02|2_adults_1_room_1_night,57ddc7c673c358922612a81df6301d7df98230fa15ec997fce8d5a8bd96586b1,2027_01,2026-07-09,2026-07-09T02:00:03+09:00,2026-07-09T02:00:03+09:00,jalan,AUTO-RUNNER10X,integrated_jalan_bounded_live,ペンション木いちご,国内旅行・海外旅行や宿・ホテルの宿泊予約はじゃらんnet　～日本最大級の宿・ホテル予約サイト～,true,yad325769,yad325769,2027-01-01,2027-01-02,1,2,1,0,JPY,ja,2_adults_1_room_1_night,sold_out,sold_out,,,missing_or_unclear,insufficient,insufficient,selected_date_calendar_sold_out,,,,missing_or_unclear,jalan_sold_out_excluded,false,false,true,sold_out_without_price,page_chrome_coupon_or_discount_evidence;tax_included_total_not_confirmed,,,/Users/gini/Documents/ZMI/zao-market-intelligence/.data/debug/auto-runner-market-refresh-rotating/20260709_020003/jalan/classification_decisions/yad325769_2027-01-01.json,zao_local_history_v1
2026-07-09|jalan|ホテル喜らく|yad325153|2027-01-16|2027-01-17|2_adults_1_room_1_night,0f046a9d57cdbe7d3ed6b922efec05af7f0f5bf03eba3d2ddcad9402cf994174,2027_01,2026-07-09,2026-07-09T04:00:06+09:00,2026-07-09T04:00:06+09:00,jalan,AUTO-RUNNER10X,integrated_jalan_bounded_live,ホテル喜らく,国内旅行・海外旅行や宿・ホテルの宿泊予約はじゃらんnet　～日本最大級の宿・ホテル予約サイト～,true,yad325153,yad325153,2027-01-16,2027-01-17,1,2,1,0,JPY,ja,2_adults_1_room_1_night,sold_out,sold_out,,,missing_or_unclear,insufficient,insufficient,selected_date_calendar_sold_out,,,,missing_or_unclear,jalan_sold_out_excluded,false,false,true,sold_out_without_price,page_chrome_coupon_or_discount_evidence;tax_included_total_not_confirmed,,,/Users/gini/Documents/ZMI/zao-market-intelligence/.data/debug/auto-runner-market-refresh-rotating/20260709_040005/jalan/classification_decisions/yad325153_2027-01-16.json,zao_local_history_v1
2026-07-09|jalan|ペンション木いちご|yad325769|2027-01-02|2027-01-03|2_adults_1_room_1_night,96c9d48ce93fab011e5b3bb8ed2e6dd0d0543aff19e0973c57ceb0faa1701ef8,2027_01,2026-07-09,2026-07-09T04:00:06+09:00,2026-07-09T04:00:06+09:00,jalan,AUTO-RUNNER10X,integrated_jalan_bounded_live,ペンション木いちご,国内旅行・海外旅行や宿・ホテルの宿泊予約はじゃらんnet　～日本最大級の宿・ホテル予約サイト～,true,yad325769,yad325769,2027-01-02,2027-01-03,1,2,1,0,JPY,ja,2_adults_1_room_1_night,sold_out,sold_out,,,missing_or_unclear,insufficient,insufficient,selected_date_calendar_sold_out,,,,missing_or_unclear,jalan_sold_out_excluded,false,false,true,sold_out_without_price,page_chrome_coupon_or_discount_evidence;tax_included_total_not_confirmed,,,/Users/gini/Documents/ZMI/zao-market-intelligence/.data/debug/auto-runner-market-refresh-rotating/20260709_040005/jalan/classification_decisions/yad325769_2027-01-02.json,zao_local_history_v1
2026-07-09|jalan|ペンション木いちご|yad325769|2027-01-03|2027-01-04|2_adults_1_room_1_night,6aff401a1053cfaebae626a30c44e4b1e67802265c3ad54e44c734f85a5c2469,2027_01,2026-07-09,2026-07-09T04:00:06+09:00,2026-07-09T04:00:06+09:00,jalan,AUTO-RUNNER10X,integrated_jalan_bounded_live,ペンション木いちご,国内旅行・海外旅行や宿・ホテルの宿泊予約はじゃらんnet　～日本最大級の宿・ホテル予約サイト～,true,yad325769,yad325769,2027-01-03,2027-01-04,1,2,1,0,JPY,ja,2_adults_1_room_1_night,sold_out,sold_out,,,missing_or_unclear,insufficient,insufficient,selected_date_calendar_sold_out,,,,missing_or_unclear,jalan_sold_out_excluded,false,false,true,sold_out_without_price,page_chrome_coupon_or_discount_evidence;tax_included_total_not_confirmed,,,/Users/gini/Documents/ZMI/zao-market-intelligence/.data/debug/auto-runner-market-refresh-rotating/20260709_040005/jalan/classification_decisions/yad325769_2027-01-03.json,zao_local_history_v1
2026-07-09|jalan|ペンション木いちご|yad325769|2027-01-09|2027-01-10|2_adults_1_room_1_night,313a182a8a762ea44b6c6baef0c8ef2ffa5c00d006e17d8d1ba99a1820bc871a,2027_01,2026-07-09,2026-07-09T06:00:06+09:00,2026-07-09T06:00:06+09:00,jalan,AUTO-RUNNER10X,integrated_jalan_bounded_live,ペンション木いちご,国内旅行・海外旅行や宿・ホテルの宿泊予約はじゃらんnet　～日本最大級の宿・ホテル予約サイト～,true,yad325769,yad325769,2027-01-09,2027-01-10,1,2,1,0,JPY,ja,2_adults_1_room_1_night,sold_out,sold_out,,,missing_or_unclear,insufficient,insufficient,selected_date_calendar_sold_out,,,,missing_or_unclear,jalan_sold_out_excluded,false,false,true,sold_out_without_price,page_chrome_coupon_or_discount_evidence;tax_included_total_not_confirmed,,,/Users/gini/Documents/ZMI/zao-market-intelligence/.data/debug/auto-runner-market-refresh-rotating/20260709_060006/jalan/classification_decisions/yad325769_2027-01-09.json,zao_local_history_v1
2026-07-09|jalan|ペンション木いちご|yad325769|2027-01-10|2027-01-11|2_adults_1_room_1_night,497fa6a3bb871a540749a7b53d594d0589d2a605683c9af53443f4996b453ccb,2027_01,2026-07-09,2026-07-09T08:00:06+09:00,2026-07-09T08:00:06+09:00,jalan,AUTO-RUNNER10X,integrated_jalan_bounded_live,ペンション木いちご,国内旅行・海外旅行や宿・ホテルの宿泊予約はじゃらんnet　～日本最大級の宿・ホテル予約サイト～,true,yad325769,yad325769,2027-01-10,2027-01-11,1,2,1,0,JPY,ja,2_adults_1_room_1_night,sold_out,sold_out,,,missing_or_unclear,insufficient,insufficient,selected_date_calendar_sold_out,,,,missing_or_unclear,jalan_sold_out_excluded,false,false,true,sold_out_without_price,page_chrome_coupon_or_discount_evidence;tax_included_total_not_confirmed,,,/Users/gini/Documents/ZMI/zao-market-intelligence/.data/debug/auto-runner-market-refresh-rotating/20260709_080006/jalan/classification_decisions/yad325769_2027-01-10.json,zao_local_history_v1
2026-07-09|jalan|ホテル喜らく|yad325153|2027-01-01|2027-01-02|2_adults_1_room_1_night,fca4cac6b75120c188abc8a008d7ea00f169bcd8bab778e005f664539b0af154,2027_01,2026-07-09,2026-07-09T10:00:06+09:00,2026-07-09T10:00:06+09:00,jalan,AUTO-RUNNER10X,integrated_jalan_bounded_live,ホテル喜らく,国内旅行・海外旅行や宿・ホテルの宿泊予約はじゃらんnet　～日本最大級の宿・ホテル予約サイト～,true,yad325153,yad325153,2027-01-01,2027-01-02,1,2,1,0,JPY,ja,2_adults_1_room_1_night,sold_out,sold_out,,,missing_or_unclear,insufficient,insufficient,selected_date_calendar_sold_out,,,,missing_or_unclear,jalan_sold_out_excluded,false,false,true,sold_out_without_price,page_chrome_coupon_or_discount_evidence;tax_included_total_not_confirmed,,,/Users/gini/Documents/ZMI/zao-market-intelligence/.data/debug/auto-runner-market-refresh-rotating/20260709_100006/jalan/classification_decisions/yad325153_2027-01-01.json,zao_local_history_v1
2026-07-09|jalan|ペンション木いちご|yad325769|2027-01-11|2027-01-12|2_adults_1_room_1_night,ea553351914a3bb21e4c210b02f071d99fc16ea820a069f579d22f3683158d13,2027_01,2026-07-09,2026-07-09T10:00:06+09:00,2026-07-09T10:00:06+09:00,jalan,AUTO-RUNNER10X,integrated_jalan_bounded_live,ペンション木いちご,国内旅行・海外旅行や宿・ホテルの宿泊予約はじゃらんnet　～日本最大級の宿・ホテル予約サイト～,true,yad325769,yad325769,2027-01-11,2027-01-12,1,2,1,0,JPY,ja,2_adults_1_room_1_night,sold_out,sold_out,,,missing_or_unclear,insufficient,insufficient,selected_date_calendar_sold_out,,,,missing_or_unclear,jalan_sold_out_excluded,false,false,true,sold_out_without_price,page_chrome_coupon_or_discount_evidence;tax_included_total_not_confirmed,,,/Users/gini/Documents/ZMI/zao-market-intelligence/.data/debug/auto-runner-market-refresh-rotating/20260709_100006/jalan/classification_decisions/yad325769_2027-01-11.json,zao_local_history_v1
2026-07-09|jalan|ホテル喜らく|yad325153|2027-01-02|2027-01-03|2_adults_1_room_1_night,dae30464a7c00fc74cacb1496e1ecc82eef2974b2a4cbfe2d8385a4aaa1cea1c,2027_01,2026-07-09,2026-07-09T12:00:06+09:00,2026-07-09T12:00:06+09:00,jalan,AUTO-RUNNER10X,integrated_jalan_bounded_live,ホテル喜らく,国内旅行・海外旅行や宿・ホテルの宿泊予約はじゃらんnet　～日本最大級の宿・ホテル予約サイト～,true,yad325153,yad325153,2027-01-02,2027-01-03,1,2,1,0,JPY,ja,2_adults_1_room_1_night,sold_out,sold_out,,,missing_or_unclear,insufficient,insufficient,selected_date_calendar_sold_out,,,,missing_or_unclear,jalan_sold_out_excluded,false,false,true,sold_out_without_price,page_chrome_coupon_or_discount_evidence;tax_included_total_not_confirmed,,,/Users/gini/Documents/ZMI/zao-market-intelligence/.data/debug/auto-runner-market-refresh-rotating/20260709_120006/jalan/classification_decisions/yad325153_2027-01-02.json,zao_local_history_v1
2026-07-09|jalan|ホテル喜らく|yad325153|2027-01-23|2027-01-24|2_adults_1_room_1_night,806b8df4f9d7eac78d2904e4dd702747f5fc02900603bef1cb7eaa312375d96c,2027_01,2026-07-09,2026-07-09T12:00:06+09:00,2026-07-09T12:00:06+09:00,jalan,AUTO-RUNNER10X,integrated_jalan_bounded_live,ホテル喜らく,国内旅行・海外旅行や宿・ホテルの宿泊予約はじゃらんnet　～日本最大級の宿・ホテル予約サイト～,true,yad325153,yad325153,2027-01-23,2027-01-24,1,2,1,0,JPY,ja,2_adults_1_room_1_night,sold_out,sold_out,,,missing_or_unclear,insufficient,insufficient,selected_date_calendar_sold_out,,,,missing_or_unclear,jalan_sold_out_excluded,false,false,true,sold_out_without_price,page_chrome_coupon_or_discount_evidence;tax_included_total_not_confirmed,,,/Users/gini/Documents/ZMI/zao-market-intelligence/.data/debug/auto-runner-market-refresh-rotating/20260709_120006/jalan/classification_decisions/yad325153_2027-01-23.json,zao_local_history_v1
2026-07-09|jalan|ペンション木いちご|yad325769|2027-01-16|2027-01-17|2_adults_1_room_1_night,7531aa3f75b55019af775a4105690b2a7f64f0262633faa9236ea107c783821e,2027_01,2026-07-09,2026-07-09T12:00:06+09:00,2026-07-09T12:00:06+09:00,jalan,AUTO-RUNNER10X,integrated_jalan_bounded_live,ペンション木いちご,国内旅行・海外旅行や宿・ホテルの宿泊予約はじゃらんnet　～日本最大級の宿・ホテル予約サイト～,true,yad325769,yad325769,2027-01-16,2027-01-17,1,2,1,0,JPY,ja,2_adults_1_room_1_night,sold_out,sold_out,,,missing_or_unclear,insufficient,insufficient,selected_date_calendar_sold_out,,,,missing_or_unclear,jalan_sold_out_excluded,false,false,true,sold_out_without_price,page_chrome_coupon_or_discount_evidence;tax_included_total_not_confirmed,,,/Users/gini/Documents/ZMI/zao-market-intelligence/.data/debug/auto-runner-market-refresh-rotating/20260709_120006/jalan/classification_decisions/yad325769_2027-01-16.json,zao_local_history_v1
2026-07-09|jalan|ホテル喜らく|yad325153|2027-01-03|2027-01-04|2_adults_1_room_1_night,f78b24b2349b996f9d10b9634fbb1cba19abebaa2dffa74882c411b5a255a392,2027_01,2026-07-09,2026-07-09T18:00:06+09:00,2026-07-09T18:00:06+09:00,jalan,AUTO-RUNNER10X,integrated_jalan_bounded_live,ホテル喜らく,国内旅行・海外旅行や宿・ホテルの宿泊予約はじゃらんnet　～日本最大級の宿・ホテル予約サイト～,true,yad325153,yad325153,2027-01-03,2027-01-04,1,2,1,0,JPY,ja,2_adults_1_room_1_night,sold_out,sold_out,,,missing_or_unclear,insufficient,insufficient,selected_date_calendar_sold_out,,,,missing_or_unclear,jalan_sold_out_excluded,false,false,true,sold_out_without_price,page_chrome_coupon_or_discount_evidence;tax_included_total_not_confirmed,,,/Users/gini/Documents/ZMI/zao-market-intelligence/.data/debug/auto-runner-market-refresh-rotating/20260709_180006/jalan/classification_decisions/yad325153_2027-01-03.json,zao_local_history_v1
2026-07-09|jalan|ペンション木いちご|yad325769|2027-01-23|2027-01-24|2_adults_1_room_1_night,42cba1345410742277936bdc79e5d805b6efde826b88146f0a3b2b04be1a7f17,2027_01,2026-07-09,2026-07-09T18:00:06+09:00,2026-07-09T18:00:06+09:00,jalan,AUTO-RUNNER10X,integrated_jalan_bounded_live,ペンション木いちご,国内旅行・海外旅行や宿・ホテルの宿泊予約はじゃらんnet　～日本最大級の宿・ホテル予約サイト～,true,yad325769,yad325769,2027-01-23,2027-01-24,1,2,1,0,JPY,ja,2_adults_1_room_1_night,sold_out,sold_out,,,missing_or_unclear,insufficient,insufficient,selected_date_calendar_sold_out,,,,missing_or_unclear,jalan_sold_out_excluded,false,false,true,sold_out_without_price,page_chrome_coupon_or_discount_evidence;tax_included_total_not_confirmed,,,/Users/gini/Documents/ZMI/zao-market-intelligence/.data/debug/auto-runner-market-refresh-rotating/20260709_180006/jalan/classification_decisions/yad325769_2027-01-23.json,zao_local_history_v1
2026-07-09|jalan|ペンション木いちご|yad325769|2027-01-30|2027-01-31|2_adults_1_room_1_night,57eb5bf2d1d0304005d14d0a578d618f9088491c73e42568e391bccb82f7cd50,2027_01,2026-07-09,2026-07-09T18:00:06+09:00,2026-07-09T18:00:06+09:00,jalan,AUTO-RUNNER10X,integrated_jalan_bounded_live,ペンション木いちご,国内旅行・海外旅行や宿・ホテルの宿泊予約はじゃらんnet　～日本最大級の宿・ホテル予約サイト～,true,yad325769,yad325769,2027-01-30,2027-01-31,1,2,1,0,JPY,ja,2_adults_1_room_1_night,sold_out,sold_out,,,missing_or_unclear,insufficient,insufficient,selected_date_calendar_sold_out,,,,missing_or_unclear,jalan_sold_out_excluded,false,false,true,sold_out_without_price,page_chrome_coupon_or_discount_evidence;tax_included_total_not_confirmed,,,/Users/gini/Documents/ZMI/zao-market-intelligence/.data/debug/auto-runner-market-refresh-rotating/20260709_180006/jalan/classification_decisions/yad325769_2027-01-30.json,zao_local_history_v1
2026-07-10|jalan|ペンション木いちご|yad325769|2027-01-01|2027-01-02|2_adults_1_room_1_night,78dba634a19319675feeabbfc9b2f5e2f078c2bf2b801308547c949b0a346f98,2027_01,2026-07-10,2026-07-10T02:00:06+09:00,2026-07-10T02:00:06+09:00,jalan,AUTO-RUNNER10X,integrated_jalan_bounded_live,ペンション木いちご,国内旅行・海外旅行や宿・ホテルの宿泊予約はじゃらんnet　～日本最大級の宿・ホテル予約サイト～,true,yad325769,yad325769,2027-01-01,2027-01-02,1,2,1,0,JPY,ja,2_adults_1_room_1_night,sold_out,sold_out,,,missing_or_unclear,insufficient,insufficient,selected_date_calendar_sold_out,,,,missing_or_unclear,jalan_sold_out_excluded,false,false,true,sold_out_without_price,page_chrome_coupon_or_discount_evidence;tax_included_total_not_confirmed,,,/Users/gini/Documents/ZMI/zao-market-intelligence/.data/debug/auto-runner-market-refresh-rotating/20260710_020006/jalan/classification_decisions/yad325769_2027-01-01.json,zao_local_history_v1
2026-07-10|jalan|ホテル喜らく|yad325153|2027-01-09|2027-01-10|2_adults_1_room_1_night,82fbc1eb7ff2048a95f54e6ca82f0c06d840df39d00115a70b41f43ab2611356,2027_01,2026-07-10,2026-07-10T04:00:05+09:00,2026-07-10T04:00:05+09:00,jalan,AUTO-RUNNER10X,integrated_jalan_bounded_live,ホテル喜らく,国内旅行・海外旅行や宿・ホテルの宿泊予約はじゃらんnet　～日本最大級の宿・ホテル予約サイト～,true,yad325153,yad325153,2027-01-09,2027-01-10,1,2,1,0,JPY,ja,2_adults_1_room_1_night,sold_out,sold_out,,,missing_or_unclear,insufficient,insufficient,selected_date_calendar_sold_out,,,,missing_or_unclear,jalan_sold_out_excluded,false,false,true,sold_out_without_price,page_chrome_coupon_or_discount_evidence;tax_included_total_not_confirmed,,,/Users/gini/Documents/ZMI/zao-market-intelligence/.data/debug/auto-runner-market-refresh-rotating/20260710_040005/jalan/classification_decisions/yad325153_2027-01-09.json,zao_local_history_v1
2026-07-10|jalan|ペンション木いちご|yad325769|2027-01-02|2027-01-03|2_adults_1_room_1_night,698e53d6c002ee71562bf39c743eae319c678239efd7483e36a0dace5a59bd80,2027_01,2026-07-10,2026-07-10T04:00:05+09:00,2026-07-10T04:00:05+09:00,jalan,AUTO-RUNNER10X,integrated_jalan_bounded_live,ペンション木いちご,国内旅行・海外旅行や宿・ホテルの宿泊予約はじゃらんnet　～日本最大級の宿・ホテル予約サイト～,true,yad325769,yad325769,2027-01-02,2027-01-03,1,2,1,0,JPY,ja,2_adults_1_room_1_night,sold_out,sold_out,,,missing_or_unclear,insufficient,insufficient,selected_date_calendar_sold_out,,,,missing_or_unclear,jalan_sold_out_excluded,false,false,true,sold_out_without_price,page_chrome_coupon_or_discount_evidence;tax_included_total_not_confirmed,,,/Users/gini/Documents/ZMI/zao-market-intelligence/.data/debug/auto-runner-market-refresh-rotating/20260710_040005/jalan/classification_decisions/yad325769_2027-01-02.json,zao_local_history_v1
2026-07-10|jalan|ペンション木いちご|yad325769|2027-01-03|2027-01-04|2_adults_1_room_1_night,4667535d55773726af716566aacfd972ab123b8b170e8048387a4fe3e001a537,2027_01,2026-07-10,2026-07-10T04:00:05+09:00,2026-07-10T04:00:05+09:00,jalan,AUTO-RUNNER10X,integrated_jalan_bounded_live,ペンション木いちご,国内旅行・海外旅行や宿・ホテルの宿泊予約はじゃらんnet　～日本最大級の宿・ホテル予約サイト～,true,yad325769,yad325769,2027-01-03,2027-01-04,1,2,1,0,JPY,ja,2_adults_1_room_1_night,sold_out,sold_out,,,missing_or_unclear,insufficient,insufficient,selected_date_calendar_sold_out,,,,missing_or_unclear,jalan_sold_out_excluded,false,false,true,sold_out_without_price,page_chrome_coupon_or_discount_evidence;tax_included_total_not_confirmed,,,/Users/gini/Documents/ZMI/zao-market-intelligence/.data/debug/auto-runner-market-refresh-rotating/20260710_040005/jalan/classification_decisions/yad325769_2027-01-03.json,zao_local_history_v1
2026-07-10|jalan|ホテル喜らく|yad325153|2027-01-10|2027-01-11|2_adults_1_room_1_night,eb8c5049fa2eb89894369d8edff479e953693324b917a0406cb3b1a1ae82a2b2,2027_01,2026-07-10,2026-07-10T06:00:06+09:00,2026-07-10T06:00:06+09:00,jalan,AUTO-RUNNER10X,integrated_jalan_bounded_live,ホテル喜らく,国内旅行・海外旅行や宿・ホテルの宿泊予約はじゃらんnet　～日本最大級の宿・ホテル予約サイト～,true,yad325153,yad325153,2027-01-10,2027-01-11,1,2,1,0,JPY,ja,2_adults_1_room_1_night,sold_out,sold_out,,,missing_or_unclear,insufficient,insufficient,selected_date_calendar_sold_out,,,,missing_or_unclear,jalan_sold_out_excluded,false,false,true,sold_out_without_price,page_chrome_coupon_or_discount_evidence;tax_included_total_not_confirmed,,,/Users/gini/Documents/ZMI/zao-market-intelligence/.data/debug/auto-runner-market-refresh-rotating/20260710_060006/jalan/classification_decisions/yad325153_2027-01-10.json,zao_local_history_v1
2026-07-10|jalan|ホテル喜らく|yad325153|2027-01-11|2027-01-12|2_adults_1_room_1_night,792e86f50293901c03019d172d023ae37f6b824d5f4874fcd8ac165a6ca969e6,2027_01,2026-07-10,2026-07-10T06:00:06+09:00,2026-07-10T06:00:06+09:00,jalan,AUTO-RUNNER10X,integrated_jalan_bounded_live,ホテル喜らく,国内旅行・海外旅行や宿・ホテルの宿泊予約はじゃらんnet　～日本最大級の宿・ホテル予約サイト～,true,yad325153,yad325153,2027-01-11,2027-01-12,1,2,1,0,JPY,ja,2_adults_1_room_1_night,sold_out,sold_out,,,missing_or_unclear,insufficient,insufficient,selected_date_calendar_sold_out,,,,missing_or_unclear,jalan_sold_out_excluded,false,false,true,sold_out_without_price,page_chrome_coupon_or_discount_evidence;tax_included_total_not_confirmed,,,/Users/gini/Documents/ZMI/zao-market-intelligence/.data/debug/auto-runner-market-refresh-rotating/20260710_060006/jalan/classification_decisions/yad325153_2027-01-11.json,zao_local_history_v1
2026-07-10|jalan|ペンション木いちご|yad325769|2027-01-09|2027-01-10|2_adults_1_room_1_night,6943f7787ed06fd7abb116adbf56e87ad0f502d6293b3a3b9d0408d205fdc429,2027_01,2026-07-10,2026-07-10T06:00:06+09:00,2026-07-10T06:00:06+09:00,jalan,AUTO-RUNNER10X,integrated_jalan_bounded_live,ペンション木いちご,国内旅行・海外旅行や宿・ホテルの宿泊予約はじゃらんnet　～日本最大級の宿・ホテル予約サイト～,true,yad325769,yad325769,2027-01-09,2027-01-10,1,2,1,0,JPY,ja,2_adults_1_room_1_night,sold_out,sold_out,,,missing_or_unclear,insufficient,insufficient,selected_date_calendar_sold_out,,,,missing_or_unclear,jalan_sold_out_excluded,false,false,true,sold_out_without_price,page_chrome_coupon_or_discount_evidence;tax_included_total_not_confirmed,,,/Users/gini/Documents/ZMI/zao-market-intelligence/.data/debug/auto-runner-market-refresh-rotating/20260710_060006/jalan/classification_decisions/yad325769_2027-01-09.json,zao_local_history_v1
2026-07-10|jalan|ペンション木いちご|yad325769|2027-01-10|2027-01-11|2_adults_1_room_1_night,ea2b6b9e8a831007c4f086928f6c7a3d6c4bce12bd92c425d74520d776a7619d,2027_01,2026-07-10,2026-07-10T08:00:00+09:00,2026-07-10T08:00:00+09:00,jalan,AUTO-RUNNER10X,integrated_jalan_bounded_live,ペンション木いちご,国内旅行・海外旅行や宿・ホテルの宿泊予約はじゃらんnet　～日本最大級の宿・ホテル予約サイト～,true,yad325769,yad325769,2027-01-10,2027-01-11,1,2,1,0,JPY,ja,2_adults_1_room_1_night,sold_out,sold_out,,,missing_or_unclear,insufficient,insufficient,selected_date_calendar_sold_out,,,,missing_or_unclear,jalan_sold_out_excluded,false,false,true,sold_out_without_price,page_chrome_coupon_or_discount_evidence;tax_included_total_not_confirmed,,,/Users/gini/Documents/ZMI/zao-market-intelligence/.data/debug/auto-runner-market-refresh-rotating/20260710_080000/jalan/classification_decisions/yad325769_2027-01-10.json,zao_local_history_v1
2026-07-10|jalan|ペンション木いちご|yad325769|2027-01-11|2027-01-12|2_adults_1_room_1_night,1e0b99cf731484704f6c7ded74470bd2c457b8360496948ed7ef105b6b09b652,2027_01,2026-07-10,2026-07-10T10:00:01+09:00,2026-07-10T10:00:01+09:00,jalan,AUTO-RUNNER10X,integrated_jalan_bounded_live,ペンション木いちご,国内旅行・海外旅行や宿・ホテルの宿泊予約はじゃらんnet　～日本最大級の宿・ホテル予約サイト～,true,yad325769,yad325769,2027-01-11,2027-01-12,1,2,1,0,JPY,ja,2_adults_1_room_1_night,sold_out,sold_out,,,missing_or_unclear,insufficient,insufficient,selected_date_calendar_sold_out,,,,missing_or_unclear,jalan_sold_out_excluded,false,false,true,sold_out_without_price,page_chrome_coupon_or_discount_evidence;tax_included_total_not_confirmed,,,/Users/gini/Documents/ZMI/zao-market-intelligence/.data/debug/auto-runner-market-refresh-rotating/20260710_100000/jalan/classification_decisions/yad325769_2027-01-11.json,zao_local_history_v1
2026-07-10|jalan|ホテル喜らく|yad325153|2027-01-01|2027-01-02|2_adults_1_room_1_night,a7647dc9de0ec47b52297145ea073a7c72d3912f9fff33e855a2b782484e2968,2027_01,2026-07-10,2026-07-10T12:00:07+09:00,2026-07-10T12:00:07+09:00,jalan,AUTO-RUNNER10X,integrated_jalan_bounded_live,ホテル喜らく,国内旅行・海外旅行や宿・ホテルの宿泊予約はじゃらんnet　～日本最大級の宿・ホテル予約サイト～,true,yad325153,yad325153,2027-01-01,2027-01-02,1,2,1,0,JPY,ja,2_adults_1_room_1_night,sold_out,sold_out,,,missing_or_unclear,insufficient,insufficient,selected_date_calendar_sold_out,,,,missing_or_unclear,jalan_sold_out_excluded,false,false,true,sold_out_without_price,page_chrome_coupon_or_discount_evidence;tax_included_total_not_confirmed,,,/Users/gini/Documents/ZMI/zao-market-intelligence/.data/debug/auto-runner-market-refresh-rotating/20260710_120006/jalan/classification_decisions/yad325153_2027-01-01.json,zao_local_history_v1
2026-07-10|jalan|ホテル喜らく|yad325153|2027-01-02|2027-01-03|2_adults_1_room_1_night,7ecc65acfcf592290bfaa549590b93ff01fbe4f0f2463f62f1a19f1f8bbe9937,2027_01,2026-07-10,2026-07-10T12:00:07+09:00,2026-07-10T12:00:07+09:00,jalan,AUTO-RUNNER10X,integrated_jalan_bounded_live,ホテル喜らく,国内旅行・海外旅行や宿・ホテルの宿泊予約はじゃらんnet　～日本最大級の宿・ホテル予約サイト～,true,yad325153,yad325153,2027-01-02,2027-01-03,1,2,1,0,JPY,ja,2_adults_1_room_1_night,sold_out,sold_out,,,missing_or_unclear,insufficient,insufficient,selected_date_calendar_sold_out,,,,missing_or_unclear,jalan_sold_out_excluded,false,false,true,sold_out_without_price,page_chrome_coupon_or_discount_evidence;tax_included_total_not_confirmed,,,/Users/gini/Documents/ZMI/zao-market-intelligence/.data/debug/auto-runner-market-refresh-rotating/20260710_120006/jalan/classification_decisions/yad325153_2027-01-02.json,zao_local_history_v1
2026-07-10|jalan|ペンション木いちご|yad325769|2027-01-16|2027-01-17|2_adults_1_room_1_night,5a4c98895eb934789492a14c049f6e8f0fd65599f9a6810b788aac8983880e2e,2027_01,2026-07-10,2026-07-10T12:00:07+09:00,2026-07-10T12:00:07+09:00,jalan,AUTO-RUNNER10X,integrated_jalan_bounded_live,ペンション木いちご,国内旅行・海外旅行や宿・ホテルの宿泊予約はじゃらんnet　～日本最大級の宿・ホテル予約サイト～,true,yad325769,yad325769,2027-01-16,2027-01-17,1,2,1,0,JPY,ja,2_adults_1_room_1_night,sold_out,sold_out,,,missing_or_unclear,insufficient,insufficient,selected_date_calendar_sold_out,,,,missing_or_unclear,jalan_sold_out_excluded,false,false,true,sold_out_without_price,page_chrome_coupon_or_discount_evidence;tax_included_total_not_confirmed,,,/Users/gini/Documents/ZMI/zao-market-intelligence/.data/debug/auto-runner-market-refresh-rotating/20260710_120006/jalan/classification_decisions/yad325769_2027-01-16.json,zao_local_history_v1
2026-07-10|jalan|蔵王四季のホテル|yad322447|2027-01-01|2027-01-02|2_adults_1_room_1_night,444b86762daae8521014085218d8fb76f997663b4af448558862a51726f22aaf,2027_01,2026-07-10,2026-07-10T16:00:06+09:00,2026-07-10T16:00:06+09:00,jalan,AUTO-RUNNER10X,integrated_jalan_bounded_live,蔵王四季のホテル,国内旅行・海外旅行や宿・ホテルの宿泊予約はじゃらんnet　～日本最大級の宿・ホテル予約サイト～,true,yad322447,yad322447,2027-01-01,2027-01-02,1,2,1,0,JPY,ja,2_adults_1_room_1_night,sold_out,sold_out,,,missing_or_unclear,insufficient,insufficient,selected_date_calendar_sold_out,,,,missing_or_unclear,jalan_sold_out_excluded,false,false,true,sold_out_without_price,page_chrome_coupon_or_discount_evidence;tax_included_total_not_confirmed,,,/Users/gini/Documents/ZMI/zao-market-intelligence/.data/debug/auto-runner-market-refresh-rotating/20260710_160006/jalan/classification_decisions/yad322447_2027-01-01.json,zao_local_history_v1
2026-07-10|jalan|ホテル喜らく|yad325153|2027-01-16|2027-01-17|2_adults_1_room_1_night,30e77b1e8925d4cc5818f1528d5d3393d98ff1e88b105a0fcece6dd4ad1094c1,2027_01,2026-07-10,2026-07-10T16:00:06+09:00,2026-07-10T16:00:06+09:00,jalan,AUTO-RUNNER10X,integrated_jalan_bounded_live,ホテル喜らく,国内旅行・海外旅行や宿・ホテルの宿泊予約はじゃらんnet　～日本最大級の宿・ホテル予約サイト～,true,yad325153,yad325153,2027-01-16,2027-01-17,1,2,1,0,JPY,ja,2_adults_1_room_1_night,sold_out,sold_out,,,missing_or_unclear,insufficient,insufficient,selected_date_calendar_sold_out,,,,missing_or_unclear,jalan_sold_out_excluded,false,false,true,sold_out_without_price,page_chrome_coupon_or_discount_evidence;tax_included_total_not_confirmed,,,/Users/gini/Documents/ZMI/zao-market-intelligence/.data/debug/auto-runner-market-refresh-rotating/20260710_160006/jalan/classification_decisions/yad325153_2027-01-16.json,zao_local_history_v1
2026-07-10|jalan|ホテル喜らく|yad325153|2027-01-03|2027-01-04|2_adults_1_room_1_night,a5047e2e55a3f1219b2c8978707c4ca35822bec63efa5559d7d655366ad42128,2027_01,2026-07-10,2026-07-10T18:00:06+09:00,2026-07-10T18:00:06+09:00,jalan,AUTO-RUNNER10X,integrated_jalan_bounded_live,ホテル喜らく,国内旅行・海外旅行や宿・ホテルの宿泊予約はじゃらんnet　～日本最大級の宿・ホテル予約サイト～,true,yad325153,yad325153,2027-01-03,2027-01-04,1,2,1,0,JPY,ja,2_adults_1_room_1_night,sold_out,sold_out,,,missing_or_unclear,insufficient,insufficient,selected_date_calendar_sold_out,,,,missing_or_unclear,jalan_sold_out_excluded,false,false,true,sold_out_without_price,page_chrome_coupon_or_discount_evidence;tax_included_total_not_confirmed,,,/Users/gini/Documents/ZMI/zao-market-intelligence/.data/debug/auto-runner-market-refresh-rotating/20260710_180006/jalan/classification_decisions/yad325153_2027-01-03.json,zao_local_history_v1
2026-07-10|jalan|ペンション木いちご|yad325769|2027-01-23|2027-01-24|2_adults_1_room_1_night,93e1ae9893050bb236e079dab4a2ea2344544df4b4104a2c1f916907f755f751,2027_01,2026-07-10,2026-07-10T18:00:06+09:00,2026-07-10T18:00:06+09:00,jalan,AUTO-RUNNER10X,integrated_jalan_bounded_live,ペンション木いちご,国内旅行・海外旅行や宿・ホテルの宿泊予約はじゃらんnet　～日本最大級の宿・ホテル予約サイト～,true,yad325769,yad325769,2027-01-23,2027-01-24,1,2,1,0,JPY,ja,2_adults_1_room_1_night,sold_out,sold_out,,,missing_or_unclear,insufficient,insufficient,selected_date_calendar_sold_out,,,,missing_or_unclear,jalan_sold_out_excluded,false,false,true,sold_out_without_price,page_chrome_coupon_or_discount_evidence;tax_included_total_not_confirmed,,,/Users/gini/Documents/ZMI/zao-market-intelligence/.data/debug/auto-runner-market-refresh-rotating/20260710_180006/jalan/classification_decisions/yad325769_2027-01-23.json,zao_local_history_v1
2026-07-10|jalan|ペンション木いちご|yad325769|2027-01-30|2027-01-31|2_adults_1_room_1_night,154226427a9e270236bc53cafdb91c896f982e77e8cece1f39f6c4e8cfeda68c,2027_01,2026-07-10,2026-07-10T18:00:06+09:00,2026-07-10T18:00:06+09:00,jalan,AUTO-RUNNER10X,integrated_jalan_bounded_live,ペンション木いちご,国内旅行・海外旅行や宿・ホテルの宿泊予約はじゃらんnet　～日本最大級の宿・ホテル予約サイト～,true,yad325769,yad325769,2027-01-30,2027-01-31,1,2,1,0,JPY,ja,2_adults_1_room_1_night,sold_out,sold_out,,,missing_or_unclear,insufficient,insufficient,selected_date_calendar_sold_out,,,,missing_or_unclear,jalan_sold_out_excluded,false,false,true,sold_out_without_price,page_chrome_coupon_or_discount_evidence;tax_included_total_not_confirmed,,,/Users/gini/Documents/ZMI/zao-market-intelligence/.data/debug/auto-runner-market-refresh-rotating/20260710_180006/jalan/classification_decisions/yad325769_2027-01-30.json,zao_local_history_v1
2026-07-11|jalan|ペンション木いちご|yad325769|2027-01-01|2027-01-02|2_adults_1_room_1_night,2bf0a0e7714d01ee71cfedc9c34c45837d25a39b3586e54618c469a755c272d2,2027_01,2026-07-11,2026-07-11T04:00:06+09:00,2026-07-11T04:00:06+09:00,jalan,AUTO-RUNNER10X,integrated_jalan_bounded_live,ペンション木いちご,国内旅行・海外旅行や宿・ホテルの宿泊予約はじゃらんnet　～日本最大級の宿・ホテル予約サイト～,true,yad325769,yad325769,2027-01-01,2027-01-02,1,2,1,0,JPY,ja,2_adults_1_room_1_night,sold_out,sold_out,,,missing_or_unclear,insufficient,insufficient,selected_date_calendar_sold_out,,,,missing_or_unclear,jalan_sold_out_excluded,false,false,true,sold_out_without_price,page_chrome_coupon_or_discount_evidence;tax_included_total_not_confirmed,,,/Users/gini/Documents/ZMI/zao-market-intelligence/.data/debug/auto-runner-market-refresh-rotating/20260711_040006/jalan/classification_decisions/yad325769_2027-01-01.json,zao_local_history_v1
2026-07-11|jalan|ペンション木いちご|yad325769|2027-01-02|2027-01-03|2_adults_1_room_1_night,f65a0270c3f0c9351969b3583a9a7c36c8a8abed0339163022e307ef1146c5f5,2027_01,2026-07-11,2026-07-11T04:00:06+09:00,2026-07-11T04:00:06+09:00,jalan,AUTO-RUNNER10X,integrated_jalan_bounded_live,ペンション木いちご,国内旅行・海外旅行や宿・ホテルの宿泊予約はじゃらんnet　～日本最大級の宿・ホテル予約サイト～,true,yad325769,yad325769,2027-01-02,2027-01-03,1,2,1,0,JPY,ja,2_adults_1_room_1_night,sold_out,sold_out,,,missing_or_unclear,insufficient,insufficient,selected_date_calendar_sold_out,,,,missing_or_unclear,jalan_sold_out_excluded,false,false,true,sold_out_without_price,page_chrome_coupon_or_discount_evidence;tax_included_total_not_confirmed,,,/Users/gini/Documents/ZMI/zao-market-intelligence/.data/debug/auto-runner-market-refresh-rotating/20260711_040006/jalan/classification_decisions/yad325769_2027-01-02.json,zao_local_history_v1
2026-07-11|jalan|ペンション木いちご|yad325769|2027-01-03|2027-01-04|2_adults_1_room_1_night,774c2e5db68415365d4fc0b6c2310057e54ccfae05de89574f9e75dbe9c9d25d,2027_01,2026-07-11,2026-07-11T06:00:06+09:00,2026-07-11T06:00:06+09:00,jalan,AUTO-RUNNER10X,integrated_jalan_bounded_live,ペンション木いちご,国内旅行・海外旅行や宿・ホテルの宿泊予約はじゃらんnet　～日本最大級の宿・ホテル予約サイト～,true,yad325769,yad325769,2027-01-03,2027-01-04,1,2,1,0,JPY,ja,2_adults_1_room_1_night,sold_out,sold_out,,,missing_or_unclear,insufficient,insufficient,selected_date_calendar_sold_out,,,,missing_or_unclear,jalan_sold_out_excluded,false,false,true,sold_out_without_price,page_chrome_coupon_or_discount_evidence;tax_included_total_not_confirmed,,,/Users/gini/Documents/ZMI/zao-market-intelligence/.data/debug/auto-runner-market-refresh-rotating/20260711_060006/jalan/classification_decisions/yad325769_2027-01-03.json,zao_local_history_v1
2026-07-11|jalan|ペンション木いちご|yad325769|2027-01-09|2027-01-10|2_adults_1_room_1_night,7f91f11947fc2cc17000ef33f666bb00fbf4be7b09a936f58df593b375746c31,2027_01,2026-07-11,2026-07-11T08:00:06+09:00,2026-07-11T08:00:06+09:00,jalan,AUTO-RUNNER10X,integrated_jalan_bounded_live,ペンション木いちご,国内旅行・海外旅行や宿・ホテルの宿泊予約はじゃらんnet　～日本最大級の宿・ホテル予約サイト～,true,yad325769,yad325769,2027-01-09,2027-01-10,1,2,1,0,JPY,ja,2_adults_1_room_1_night,sold_out,sold_out,,,missing_or_unclear,insufficient,insufficient,selected_date_calendar_sold_out,,,,missing_or_unclear,jalan_sold_out_excluded,false,false,true,sold_out_without_price,page_chrome_coupon_or_discount_evidence;tax_included_total_not_confirmed,,,/Users/gini/Documents/ZMI/zao-market-intelligence/.data/debug/auto-runner-market-refresh-rotating/20260711_080006/jalan/classification_decisions/yad325769_2027-01-09.json,zao_local_history_v1
2026-07-11|jalan|ペンション木いちご|yad325769|2027-01-10|2027-01-11|2_adults_1_room_1_night,fd4bd98c3f9ecda042aff13a4984eaaf2c9d904f7cbc1a0843bfa1b0fb4ae336,2027_01,2026-07-11,2026-07-11T08:00:06+09:00,2026-07-11T08:00:06+09:00,jalan,AUTO-RUNNER10X,integrated_jalan_bounded_live,ペンション木いちご,国内旅行・海外旅行や宿・ホテルの宿泊予約はじゃらんnet　～日本最大級の宿・ホテル予約サイト～,true,yad325769,yad325769,2027-01-10,2027-01-11,1,2,1,0,JPY,ja,2_adults_1_room_1_night,sold_out,sold_out,,,missing_or_unclear,insufficient,insufficient,selected_date_calendar_sold_out,,,,missing_or_unclear,jalan_sold_out_excluded,false,false,true,sold_out_without_price,page_chrome_coupon_or_discount_evidence;tax_included_total_not_confirmed,,,/Users/gini/Documents/ZMI/zao-market-intelligence/.data/debug/auto-runner-market-refresh-rotating/20260711_080006/jalan/classification_decisions/yad325769_2027-01-10.json,zao_local_history_v1
2026-07-11|jalan|ペンション木いちご|yad325769|2027-01-11|2027-01-12|2_adults_1_room_1_night,41e032f86c9bef986ce5d0b8bc1aa9a624ae141cf71547b9c74b36921f0dc196,2027_01,2026-07-11,2026-07-11T10:00:06+09:00,2026-07-11T10:00:06+09:00,jalan,AUTO-RUNNER10X,integrated_jalan_bounded_live,ペンション木いちご,国内旅行・海外旅行や宿・ホテルの宿泊予約はじゃらんnet　～日本最大級の宿・ホテル予約サイト～,true,yad325769,yad325769,2027-01-11,2027-01-12,1,2,1,0,JPY,ja,2_adults_1_room_1_night,sold_out,sold_out,,,missing_or_unclear,insufficient,insufficient,selected_date_calendar_sold_out,,,,missing_or_unclear,jalan_sold_out_excluded,false,false,true,sold_out_without_price,page_chrome_coupon_or_discount_evidence;tax_included_total_not_confirmed,,,/Users/gini/Documents/ZMI/zao-market-intelligence/.data/debug/auto-runner-market-refresh-rotating/20260711_100006/jalan/classification_decisions/yad325769_2027-01-11.json,zao_local_history_v1
2026-07-11|jalan|ペンション木いちご|yad325769|2027-01-16|2027-01-17|2_adults_1_room_1_night,1d881eb7d54d6faf7838c080fa07196519c745c74b738206dd5b0e6be8c653d7,2027_01,2026-07-11,2026-07-11T18:00:05+09:00,2026-07-11T18:00:05+09:00,jalan,AUTO-RUNNER10X,integrated_jalan_bounded_live,ペンション木いちご,国内旅行・海外旅行や宿・ホテルの宿泊予約はじゃらんnet　～日本最大級の宿・ホテル予約サイト～,true,yad325769,yad325769,2027-01-16,2027-01-17,1,2,1,0,JPY,ja,2_adults_1_room_1_night,sold_out,sold_out,,,missing_or_unclear,insufficient,insufficient,selected_date_calendar_sold_out,,,,missing_or_unclear,jalan_sold_out_excluded,false,false,true,sold_out_without_price,page_chrome_coupon_or_discount_evidence;tax_included_total_not_confirmed,,,/Users/gini/Documents/ZMI/zao-market-intelligence/.data/debug/auto-runner-market-refresh-rotating/20260711_180005/jalan/classification_decisions/yad325769_2027-01-16.json,zao_local_history_v1
2026-07-11|jalan|ペンション木いちご|yad325769|2027-01-23|2027-01-24|2_adults_1_room_1_night,26bfef5ea88d325aae4a3535e777f8f4bd5e9c1309249a8f023c9468713984f4,2027_01,2026-07-11,2026-07-11T18:00:05+09:00,2026-07-11T18:00:05+09:00,jalan,AUTO-RUNNER10X,integrated_jalan_bounded_live,ペンション木いちご,国内旅行・海外旅行や宿・ホテルの宿泊予約はじゃらんnet　～日本最大級の宿・ホテル予約サイト～,true,yad325769,yad325769,2027-01-23,2027-01-24,1,2,1,0,JPY,ja,2_adults_1_room_1_night,sold_out,sold_out,,,missing_or_unclear,insufficient,insufficient,selected_date_calendar_sold_out,,,,missing_or_unclear,jalan_sold_out_excluded,false,false,true,sold_out_without_price,page_chrome_coupon_or_discount_evidence;tax_included_total_not_confirmed,,,/Users/gini/Documents/ZMI/zao-market-intelligence/.data/debug/auto-runner-market-refresh-rotating/20260711_180005/jalan/classification_decisions/yad325769_2027-01-23.json,zao_local_history_v1
2026-07-11|jalan|ペンション木いちご|yad325769|2027-01-30|2027-01-31|2_adults_1_room_1_night,b1d52a2d12eb62bd511fee4e5581b1e316bbb0ed55f7dec0bb27880b2c6da364,2027_01,2026-07-11,2026-07-11T22:00:06+09:00,2026-07-11T22:00:06+09:00,jalan,AUTO-RUNNER10X,integrated_jalan_bounded_live,ペンション木いちご,国内旅行・海外旅行や宿・ホテルの宿泊予約はじゃらんnet　～日本最大級の宿・ホテル予約サイト～,true,yad325769,yad325769,2027-01-30,2027-01-31,1,2,1,0,JPY,ja,2_adults_1_room_1_night,sold_out,sold_out,,,missing_or_unclear,insufficient,insufficient,selected_date_calendar_sold_out,,,,missing_or_unclear,jalan_sold_out_excluded,false,false,true,sold_out_without_price,page_chrome_coupon_or_discount_evidence;tax_included_total_not_confirmed,,,/Users/gini/Documents/ZMI/zao-market-intelligence/.data/debug/auto-runner-market-refresh-rotating/20260711_220006/jalan/classification_decisions/yad325769_2027-01-30.json,zao_local_history_v1
2026-07-12|jalan|ペンション木いちご|yad325769|2027-01-01|2027-01-02|2_adults_1_room_1_night,5a062da60019a8be59b73b43426ff307711f169650b9c614541a10e3f7ffa9af,2027_01,2026-07-12,2026-07-12T04:00:06+09:00,2026-07-12T04:00:06+09:00,jalan,AUTO-RUNNER10X,integrated_jalan_bounded_live,ペンション木いちご,国内旅行・海外旅行や宿・ホテルの宿泊予約はじゃらんnet　～日本最大級の宿・ホテル予約サイト～,true,yad325769,yad325769,2027-01-01,2027-01-02,1,2,1,0,JPY,ja,2_adults_1_room_1_night,sold_out,sold_out,,,missing_or_unclear,insufficient,insufficient,selected_date_calendar_sold_out,,,,missing_or_unclear,jalan_sold_out_excluded,false,false,true,sold_out_without_price,page_chrome_coupon_or_discount_evidence;tax_included_total_not_confirmed,,,/Users/gini/Documents/ZMI/zao-market-intelligence/.data/debug/auto-runner-market-refresh-rotating/20260712_040006/jalan/classification_decisions/yad325769_2027-01-01.json,zao_local_history_v1
2026-07-12|jalan|ペンション木いちご|yad325769|2027-01-02|2027-01-03|2_adults_1_room_1_night,a654639eb3ef217248677945040c7b0effea1a6c632416684167a663d4b53f26,2027_01,2026-07-12,2026-07-12T06:00:06+09:00,2026-07-12T06:00:06+09:00,jalan,AUTO-RUNNER10X,integrated_jalan_bounded_live,ペンション木いちご,国内旅行・海外旅行や宿・ホテルの宿泊予約はじゃらんnet　～日本最大級の宿・ホテル予約サイト～,true,yad325769,yad325769,2027-01-02,2027-01-03,1,2,1,0,JPY,ja,2_adults_1_room_1_night,sold_out,sold_out,,,missing_or_unclear,insufficient,insufficient,selected_date_calendar_sold_out,,,,missing_or_unclear,jalan_sold_out_excluded,false,false,true,sold_out_without_price,page_chrome_coupon_or_discount_evidence;tax_included_total_not_confirmed,,,/Users/gini/Documents/ZMI/zao-market-intelligence/.data/debug/auto-runner-market-refresh-rotating/20260712_060006/jalan/classification_decisions/yad325769_2027-01-02.json,zao_local_history_v1
2026-07-12|jalan|ペンション木いちご|yad325769|2027-01-03|2027-01-04|2_adults_1_room_1_night,55836369899889c98241d9899b0ff9f36caa69055c874f5e6824fddd9f7245dc,2027_01,2026-07-12,2026-07-12T08:00:06+09:00,2026-07-12T08:00:06+09:00,jalan,AUTO-RUNNER10X,integrated_jalan_bounded_live,ペンション木いちご,国内旅行・海外旅行や宿・ホテルの宿泊予約はじゃらんnet　～日本最大級の宿・ホテル予約サイト～,true,yad325769,yad325769,2027-01-03,2027-01-04,1,2,1,0,JPY,ja,2_adults_1_room_1_night,sold_out,sold_out,,,missing_or_unclear,insufficient,insufficient,selected_date_calendar_sold_out,,,,missing_or_unclear,jalan_sold_out_excluded,false,false,true,sold_out_without_price,page_chrome_coupon_or_discount_evidence;tax_included_total_not_confirmed,,,/Users/gini/Documents/ZMI/zao-market-intelligence/.data/debug/auto-runner-market-refresh-rotating/20260712_080006/jalan/classification_decisions/yad325769_2027-01-03.json,zao_local_history_v1
2026-07-12|jalan|ペンション木いちご|yad325769|2027-01-09|2027-01-10|2_adults_1_room_1_night,cebeb9e0afaa0ee4ccd157128a0d4edc78c823da245d9c7d4fe31f3ccbae5424,2027_01,2026-07-12,2026-07-12T08:00:06+09:00,2026-07-12T08:00:06+09:00,jalan,AUTO-RUNNER10X,integrated_jalan_bounded_live,ペンション木いちご,国内旅行・海外旅行や宿・ホテルの宿泊予約はじゃらんnet　～日本最大級の宿・ホテル予約サイト～,true,yad325769,yad325769,2027-01-09,2027-01-10,1,2,1,0,JPY,ja,2_adults_1_room_1_night,sold_out,sold_out,,,missing_or_unclear,insufficient,insufficient,selected_date_calendar_sold_out,,,,missing_or_unclear,jalan_sold_out_excluded,false,false,true,sold_out_without_price,page_chrome_coupon_or_discount_evidence;tax_included_total_not_confirmed,,,/Users/gini/Documents/ZMI/zao-market-intelligence/.data/debug/auto-runner-market-refresh-rotating/20260712_080006/jalan/classification_decisions/yad325769_2027-01-09.json,zao_local_history_v1
2026-07-12|jalan|ペンション木いちご|yad325769|2027-01-10|2027-01-11|2_adults_1_room_1_night,3d5449324c2c865373892f95609f5719892e1efb39ebf2e8ee156f19f7ad031d,2027_01,2026-07-12,2026-07-12T10:00:06+09:00,2026-07-12T10:00:06+09:00,jalan,AUTO-RUNNER10X,integrated_jalan_bounded_live,ペンション木いちご,国内旅行・海外旅行や宿・ホテルの宿泊予約はじゃらんnet　～日本最大級の宿・ホテル予約サイト～,true,yad325769,yad325769,2027-01-10,2027-01-11,1,2,1,0,JPY,ja,2_adults_1_room_1_night,sold_out,sold_out,,,missing_or_unclear,insufficient,insufficient,selected_date_calendar_sold_out,,,,missing_or_unclear,jalan_sold_out_excluded,false,false,true,sold_out_without_price,page_chrome_coupon_or_discount_evidence;tax_included_total_not_confirmed,,,/Users/gini/Documents/ZMI/zao-market-intelligence/.data/debug/auto-runner-market-refresh-rotating/20260712_100006/jalan/classification_decisions/yad325769_2027-01-10.json,zao_local_history_v1
2026-07-12|jalan|ペンション木いちご|yad325769|2027-01-11|2027-01-12|2_adults_1_room_1_night,1efa375b3a2e032223b98b9d4512c9b0f7dcaa6c9c393dc312be2b855ae1c326,2027_01,2026-07-12,2026-07-12T12:00:00+09:00,2026-07-12T12:00:00+09:00,jalan,AUTO-RUNNER10X,integrated_jalan_bounded_live,ペンション木いちご,国内旅行・海外旅行や宿・ホテルの宿泊予約はじゃらんnet　～日本最大級の宿・ホテル予約サイト～,true,yad325769,yad325769,2027-01-11,2027-01-12,1,2,1,0,JPY,ja,2_adults_1_room_1_night,sold_out,sold_out,,,missing_or_unclear,insufficient,insufficient,selected_date_calendar_sold_out,,,,missing_or_unclear,jalan_sold_out_excluded,false,false,true,sold_out_without_price,page_chrome_coupon_or_discount_evidence;tax_included_total_not_confirmed,,,/Users/gini/Documents/ZMI/zao-market-intelligence/.data/debug/auto-runner-market-refresh-rotating/20260712_120000/jalan/classification_decisions/yad325769_2027-01-11.json,zao_local_history_v1
2026-07-12|jalan|ペンション木いちご|yad325769|2027-01-16|2027-01-17|2_adults_1_room_1_night,a52ed984c40c138d1177014555840ccaf9d0eb64db35d4a99694ca96035c9a71,2027_01,2026-07-12,2026-07-12T18:00:06+09:00,2026-07-12T18:00:06+09:00,jalan,AUTO-RUNNER10X,integrated_jalan_bounded_live,ペンション木いちご,国内旅行・海外旅行や宿・ホテルの宿泊予約はじゃらんnet　～日本最大級の宿・ホテル予約サイト～,true,yad325769,yad325769,2027-01-16,2027-01-17,1,2,1,0,JPY,ja,2_adults_1_room_1_night,sold_out,sold_out,,,missing_or_unclear,insufficient,insufficient,selected_date_calendar_sold_out,,,,missing_or_unclear,jalan_sold_out_excluded,false,false,true,sold_out_without_price,page_chrome_coupon_or_discount_evidence;tax_included_total_not_confirmed,,,/Users/gini/Documents/ZMI/zao-market-intelligence/.data/debug/auto-runner-market-refresh-rotating/20260712_180006/jalan/classification_decisions/yad325769_2027-01-16.json,zao_local_history_v1
2026-07-12|jalan|ペンション木いちご|yad325769|2027-01-23|2027-01-24|2_adults_1_room_1_night,fe84b396140fd97763cef5970f9d7f50926e324e64b58c557d8bd50030ad153a,2027_01,2026-07-12,2026-07-12T22:00:06+09:00,2026-07-12T22:00:06+09:00,jalan,AUTO-RUNNER10X,integrated_jalan_bounded_live,ペンション木いちご,国内旅行・海外旅行や宿・ホテルの宿泊予約はじゃらんnet　～日本最大級の宿・ホテル予約サイト～,true,yad325769,yad325769,2027-01-23,2027-01-24,1,2,1,0,JPY,ja,2_adults_1_room_1_night,sold_out,sold_out,,,missing_or_unclear,insufficient,insufficient,selected_date_calendar_sold_out,,,,missing_or_unclear,jalan_sold_out_excluded,false,false,true,sold_out_without_price,page_chrome_coupon_or_discount_evidence;tax_included_total_not_confirmed,,,/Users/gini/Documents/ZMI/zao-market-intelligence/.data/debug/auto-runner-market-refresh-rotating/20260712_220006/jalan/classification_decisions/yad325769_2027-01-23.json,zao_local_history_v1
2026-07-12|jalan|ペンション木いちご|yad325769|2027-01-30|2027-01-31|2_adults_1_room_1_night,d06b41cd0e45f435c4a95f7c26cc6f1f9e45124a3cb58583e8328e2af609aea7,2027_01,2026-07-12,2026-07-12T23:49:00+09:00,2026-07-12T23:49:00+09:00,jalan,AUTO-RUNNER10X,integrated_jalan_bounded_live,ペンション木いちご,国内旅行・海外旅行や宿・ホテルの宿泊予約はじゃらんnet　～日本最大級の宿・ホテル予約サイト～,true,yad325769,yad325769,2027-01-30,2027-01-31,1,2,1,0,JPY,ja,2_adults_1_room_1_night,sold_out,sold_out,,,missing_or_unclear,insufficient,insufficient,selected_date_calendar_sold_out,,,,missing_or_unclear,jalan_sold_out_excluded,false,false,true,sold_out_without_price,page_chrome_coupon_or_discount_evidence;tax_included_total_not_confirmed,,,/Users/gini/Documents/ZMI/zao-market-intelligence/.data/debug/auto-runner-market-refresh-rotating/20260712_234900/jalan/classification_decisions/yad325769_2027-01-30.json,zao_local_history_v1
2026-07-13|jalan|ホテル喜らく|yad325153|2027-01-01|2027-01-02|2_adults_1_room_1_night,ccad55d131995b203bc7a0057ae3b228a9ed75d8cde92900bc0ec4f3b639790c,2027_01,2026-07-13,2026-07-13T00:00:02+09:00,2026-07-13T00:00:02+09:00,jalan,AUTO-RUNNER10X,integrated_jalan_bounded_live,ホテル喜らく,国内旅行・海外旅行や宿・ホテルの宿泊予約はじゃらんnet　～日本最大級の宿・ホテル予約サイト～,true,yad325153,yad325153,2027-01-01,2027-01-02,1,2,1,0,JPY,ja,2_adults_1_room_1_night,sold_out,sold_out,,,missing_or_unclear,insufficient,insufficient,selected_date_calendar_sold_out,,,,missing_or_unclear,jalan_sold_out_excluded,false,false,true,sold_out_without_price,page_chrome_coupon_or_discount_evidence;tax_included_total_not_confirmed,,,/Users/gini/Documents/ZMI/zao-market-intelligence/.data/debug/auto-runner-market-refresh-rotating/20260713_000001/jalan/classification_decisions/yad325153_2027-01-01.json,zao_local_history_v1
2026-07-13|jalan|ペンション木いちご|yad325769|2027-01-01|2027-01-02|2_adults_1_room_1_night,75408ba02e901dbe979cf5925419147ddddc3ed6aa8605d7e3d1f0271de55d82,2027_01,2026-07-13,2026-07-13T04:00:06+09:00,2026-07-13T04:00:06+09:00,jalan,AUTO-RUNNER10X,integrated_jalan_bounded_live,ペンション木いちご,国内旅行・海外旅行や宿・ホテルの宿泊予約はじゃらんnet　～日本最大級の宿・ホテル予約サイト～,true,yad325769,yad325769,2027-01-01,2027-01-02,1,2,1,0,JPY,ja,2_adults_1_room_1_night,sold_out,sold_out,,,missing_or_unclear,insufficient,insufficient,selected_date_calendar_sold_out,,,,missing_or_unclear,jalan_sold_out_excluded,false,false,true,sold_out_without_price,page_chrome_coupon_or_discount_evidence;tax_included_total_not_confirmed,,,/Users/gini/Documents/ZMI/zao-market-intelligence/.data/debug/auto-runner-market-refresh-rotating/20260713_040006/jalan/classification_decisions/yad325769_2027-01-01.json,zao_local_history_v1
2026-07-13|jalan|ペンション木いちご|yad325769|2027-01-02|2027-01-03|2_adults_1_room_1_night,1d9cc3171c1fcf41cd115888f2a1519922af2a3eb9d57364a8f63e2bb9b2de53,2027_01,2026-07-13,2026-07-13T08:00:06+09:00,2026-07-13T08:00:06+09:00,jalan,AUTO-RUNNER10X,integrated_jalan_bounded_live,ペンション木いちご,国内旅行・海外旅行や宿・ホテルの宿泊予約はじゃらんnet　～日本最大級の宿・ホテル予約サイト～,true,yad325769,yad325769,2027-01-02,2027-01-03,1,2,1,0,JPY,ja,2_adults_1_room_1_night,sold_out,sold_out,,,missing_or_unclear,insufficient,insufficient,selected_date_calendar_sold_out,,,,missing_or_unclear,jalan_sold_out_excluded,false,false,true,sold_out_without_price,page_chrome_coupon_or_discount_evidence;tax_included_total_not_confirmed,,,/Users/gini/Documents/ZMI/zao-market-intelligence/.data/debug/auto-runner-market-refresh-rotating/20260713_080006/jalan/classification_decisions/yad325769_2027-01-02.json,zao_local_history_v1
2026-07-13|jalan|ペンション木いちご|yad325769|2027-01-03|2027-01-04|2_adults_1_room_1_night,b106a7925741c6c9a18bb008471abd39d38e7aa6119c593eafc73dd13448c543,2027_01,2026-07-13,2026-07-13T08:00:06+09:00,2026-07-13T08:00:06+09:00,jalan,AUTO-RUNNER10X,integrated_jalan_bounded_live,ペンション木いちご,国内旅行・海外旅行や宿・ホテルの宿泊予約はじゃらんnet　～日本最大級の宿・ホテル予約サイト～,true,yad325769,yad325769,2027-01-03,2027-01-04,1,2,1,0,JPY,ja,2_adults_1_room_1_night,sold_out,sold_out,,,missing_or_unclear,insufficient,insufficient,selected_date_calendar_sold_out,,,,missing_or_unclear,jalan_sold_out_excluded,false,false,true,sold_out_without_price,page_chrome_coupon_or_discount_evidence;tax_included_total_not_confirmed,,,/Users/gini/Documents/ZMI/zao-market-intelligence/.data/debug/auto-runner-market-refresh-rotating/20260713_080006/jalan/classification_decisions/yad325769_2027-01-03.json,zao_local_history_v1
2026-07-13|jalan|ペンション木いちご|yad325769|2027-01-09|2027-01-10|2_adults_1_room_1_night,477f416377a70fb099682bab58b7a0b70fd946b084598d6e39220dc3f3493334,2027_01,2026-07-13,2026-07-13T10:00:06+09:00,2026-07-13T10:00:06+09:00,jalan,AUTO-RUNNER10X,integrated_jalan_bounded_live,ペンション木いちご,国内旅行・海外旅行や宿・ホテルの宿泊予約はじゃらんnet　～日本最大級の宿・ホテル予約サイト～,true,yad325769,yad325769,2027-01-09,2027-01-10,1,2,1,0,JPY,ja,2_adults_1_room_1_night,sold_out,sold_out,,,missing_or_unclear,insufficient,insufficient,selected_date_calendar_sold_out,,,,missing_or_unclear,jalan_sold_out_excluded,false,false,true,sold_out_without_price,page_chrome_coupon_or_discount_evidence;tax_included_total_not_confirmed,,,/Users/gini/Documents/ZMI/zao-market-intelligence/.data/debug/auto-runner-market-refresh-rotating/20260713_100006/jalan/classification_decisions/yad325769_2027-01-09.json,zao_local_history_v1
2026-07-13|jalan|ペンション木いちご|yad325769|2027-01-10|2027-01-11|2_adults_1_room_1_night,8c11f3988c3546e27566d206fbc7546beb569cf650cbc43c05b61fd04f7f73f6,2027_01,2026-07-13,2026-07-13T10:00:06+09:00,2026-07-13T10:00:06+09:00,jalan,AUTO-RUNNER10X,integrated_jalan_bounded_live,ペンション木いちご,国内旅行・海外旅行や宿・ホテルの宿泊予約はじゃらんnet　～日本最大級の宿・ホテル予約サイト～,true,yad325769,yad325769,2027-01-10,2027-01-11,1,2,1,0,JPY,ja,2_adults_1_room_1_night,sold_out,sold_out,,,missing_or_unclear,insufficient,insufficient,selected_date_calendar_sold_out,,,,missing_or_unclear,jalan_sold_out_excluded,false,false,true,sold_out_without_price,page_chrome_coupon_or_discount_evidence;tax_included_total_not_confirmed,,,/Users/gini/Documents/ZMI/zao-market-intelligence/.data/debug/auto-runner-market-refresh-rotating/20260713_100006/jalan/classification_decisions/yad325769_2027-01-10.json,zao_local_history_v1
2026-07-13|jalan|ペンション木いちご|yad325769|2027-01-11|2027-01-12|2_adults_1_room_1_night,becab89170a792e37c67d223442d0bc96d93c7f9bfb381a13e332cbd598917c2,2027_01,2026-07-13,2026-07-13T12:00:06+09:00,2026-07-13T12:00:06+09:00,jalan,AUTO-RUNNER10X,integrated_jalan_bounded_live,ペンション木いちご,国内旅行・海外旅行や宿・ホテルの宿泊予約はじゃらんnet　～日本最大級の宿・ホテル予約サイト～,true,yad325769,yad325769,2027-01-11,2027-01-12,1,2,1,0,JPY,ja,2_adults_1_room_1_night,sold_out,sold_out,,,missing_or_unclear,insufficient,insufficient,selected_date_calendar_sold_out,,,,missing_or_unclear,jalan_sold_out_excluded,false,false,true,sold_out_without_price,page_chrome_coupon_or_discount_evidence;tax_included_total_not_confirmed,,,/Users/gini/Documents/ZMI/zao-market-intelligence/.data/debug/auto-runner-market-refresh-rotating/20260713_120005/jalan/classification_decisions/yad325769_2027-01-11.json,zao_local_history_v1
2026-07-13|jalan|ペンション木いちご|yad325769|2027-01-16|2027-01-17|2_adults_1_room_1_night,efaac248892549519ad3e580694d5898eff208a261e7fba5ff1298fdb18d4284,2027_01,2026-07-13,2026-07-13T20:00:01+09:00,2026-07-13T20:00:01+09:00,jalan,AUTO-RUNNER10X,integrated_jalan_bounded_live,ペンション木いちご,国内旅行・海外旅行や宿・ホテルの宿泊予約はじゃらんnet　～日本最大級の宿・ホテル予約サイト～,true,yad325769,yad325769,2027-01-16,2027-01-17,1,2,1,0,JPY,ja,2_adults_1_room_1_night,sold_out,sold_out,,,missing_or_unclear,insufficient,insufficient,selected_date_calendar_sold_out,,,,missing_or_unclear,jalan_sold_out_excluded,false,false,true,sold_out_without_price,page_chrome_coupon_or_discount_evidence;tax_included_total_not_confirmed,,,/Users/gini/Documents/ZMI/zao-market-intelligence/.data/debug/auto-runner-market-refresh-rotating/20260713_200000/jalan/classification_decisions/yad325769_2027-01-16.json,zao_local_history_v1
2026-07-14|jalan|ペンション木いちご|yad325769|2027-01-23|2027-01-24|2_adults_1_room_1_night,20f8f7611cc3a63e55d5c73f3e3ca7bc4752ddfaacac94042e4c4afda171a666,2027_01,2026-07-14,2026-07-14T02:00:06+09:00,2026-07-14T02:00:06+09:00,jalan,AUTO-RUNNER10X,integrated_jalan_bounded_live,ペンション木いちご,国内旅行・海外旅行や宿・ホテルの宿泊予約はじゃらんnet　～日本最大級の宿・ホテル予約サイト～,true,yad325769,yad325769,2027-01-23,2027-01-24,1,2,1,0,JPY,ja,2_adults_1_room_1_night,sold_out,sold_out,,,missing_or_unclear,insufficient,insufficient,selected_date_calendar_sold_out,,,,missing_or_unclear,jalan_sold_out_excluded,false,false,true,sold_out_without_price,page_chrome_coupon_or_discount_evidence;tax_included_total_not_confirmed,,,/Users/gini/Documents/ZMI/zao-market-intelligence/.data/debug/auto-runner-market-refresh-rotating/20260714_020006/jalan/classification_decisions/yad325769_2027-01-23.json,zao_local_history_v1
2026-07-14|jalan|深山荘 高見屋|yad321744|2027-01-01|2027-01-02|2_adults_1_room_1_night,95c169b581e4e8dcf4ba016820734872171e69d92329cdf5b29b3c1ec68fe315,2027_01,2026-07-14,2026-07-14T06:00:06+09:00,2026-07-14T06:00:06+09:00,jalan,AUTO-RUNNER10X,integrated_jalan_bounded_live,深山荘 高見屋,国内旅行・海外旅行や宿・ホテルの宿泊予約はじゃらんnet　～日本最大級の宿・ホテル予約サイト～,true,yad321744,yad321744,2027-01-01,2027-01-02,1,2,1,0,JPY,ja,2_adults_1_room_1_night,sold_out,sold_out,,,missing_or_unclear,insufficient,insufficient,selected_date_calendar_sold_out,,,,missing_or_unclear,jalan_sold_out_excluded,false,false,true,sold_out_without_price,page_chrome_coupon_or_discount_evidence;tax_included_total_not_confirmed,,,/Users/gini/Documents/ZMI/zao-market-intelligence/.data/debug/auto-runner-market-refresh-rotating/20260714_060006/jalan/classification_decisions/yad321744_2027-01-01.json,zao_local_history_v1
2026-07-14|jalan|ペンション木いちご|yad325769|2027-01-01|2027-01-02|2_adults_1_room_1_night,def62763b59e5ed9ca6326d851da38660effc2a88277db23f5a2856b6966aaba,2027_01,2026-07-14,2026-07-14T08:00:06+09:00,2026-07-14T08:00:06+09:00,jalan,AUTO-RUNNER10X,integrated_jalan_bounded_live,ペンション木いちご,国内旅行・海外旅行や宿・ホテルの宿泊予約はじゃらんnet　～日本最大級の宿・ホテル予約サイト～,true,yad325769,yad325769,2027-01-01,2027-01-02,1,2,1,0,JPY,ja,2_adults_1_room_1_night,sold_out,sold_out,,,missing_or_unclear,insufficient,insufficient,selected_date_calendar_sold_out,,,,missing_or_unclear,jalan_sold_out_excluded,false,false,true,sold_out_without_price,page_chrome_coupon_or_discount_evidence;tax_included_total_not_confirmed,,,/Users/gini/Documents/ZMI/zao-market-intelligence/.data/debug/auto-runner-market-refresh-rotating/20260714_080006/jalan/classification_decisions/yad325769_2027-01-01.json,zao_local_history_v1
2026-07-14|jalan|ペンション木いちご|yad325769|2027-01-02|2027-01-03|2_adults_1_room_1_night,7c045c1a94022ab260246013949dcda49993aab292d34d853efb4e7e209a383d,2027_01,2026-07-14,2026-07-14T10:00:06+09:00,2026-07-14T10:00:06+09:00,jalan,AUTO-RUNNER10X,integrated_jalan_bounded_live,ペンション木いちご,国内旅行・海外旅行や宿・ホテルの宿泊予約はじゃらんnet　～日本最大級の宿・ホテル予約サイト～,true,yad325769,yad325769,2027-01-02,2027-01-03,1,2,1,0,JPY,ja,2_adults_1_room_1_night,sold_out,sold_out,,,missing_or_unclear,insufficient,insufficient,selected_date_calendar_sold_out,,,,missing_or_unclear,jalan_sold_out_excluded,false,false,true,sold_out_without_price,page_chrome_coupon_or_discount_evidence;tax_included_total_not_confirmed,,,/Users/gini/Documents/ZMI/zao-market-intelligence/.data/debug/auto-runner-market-refresh-rotating/20260714_100006/jalan/classification_decisions/yad325769_2027-01-02.json,zao_local_history_v1
2026-07-14|jalan|ペンション木いちご|yad325769|2027-01-03|2027-01-04|2_adults_1_room_1_night,9ac15378b4cfdbcee8f3a862b959c1d8498cdc5d084d4ce99be9f511a71149fd,2027_01,2026-07-14,2026-07-14T10:00:06+09:00,2026-07-14T10:00:06+09:00,jalan,AUTO-RUNNER10X,integrated_jalan_bounded_live,ペンション木いちご,国内旅行・海外旅行や宿・ホテルの宿泊予約はじゃらんnet　～日本最大級の宿・ホテル予約サイト～,true,yad325769,yad325769,2027-01-03,2027-01-04,1,2,1,0,JPY,ja,2_adults_1_room_1_night,sold_out,sold_out,,,missing_or_unclear,insufficient,insufficient,selected_date_calendar_sold_out,,,,missing_or_unclear,jalan_sold_out_excluded,false,false,true,sold_out_without_price,page_chrome_coupon_or_discount_evidence;tax_included_total_not_confirmed,,,/Users/gini/Documents/ZMI/zao-market-intelligence/.data/debug/auto-runner-market-refresh-rotating/20260714_100006/jalan/classification_decisions/yad325769_2027-01-03.json,zao_local_history_v1
2026-07-14|jalan|蔵王四季のホテル|yad322447|2027-01-01|2027-01-02|2_adults_1_room_1_night,45fa81e647b6d5010e3b80de749fdf5fdc6a20cb40713646f876dc3a53710812,2027_01,2026-07-14,2026-07-14T14:00:06+09:00,2026-07-14T14:00:06+09:00,jalan,AUTO-RUNNER10X,integrated_jalan_bounded_live,蔵王四季のホテル,国内旅行・海外旅行や宿・ホテルの宿泊予約はじゃらんnet　～日本最大級の宿・ホテル予約サイト～,true,yad322447,yad322447,2027-01-01,2027-01-02,1,2,1,0,JPY,ja,2_adults_1_room_1_night,sold_out,sold_out,,,missing_or_unclear,insufficient,insufficient,price_basis_or_date_scope_unclear,,,,missing_or_unclear,jalan_sold_out_excluded,false,false,true,sold_out_without_price,page_chrome_coupon_or_discount_evidence;tax_included_total_not_confirmed,,,/Users/gini/Documents/ZMI/zao-market-intelligence/.data/debug/auto-runner-market-refresh-rotating/20260714_140006/jalan/classification_decisions/yad322447_2027-01-01.json,zao_local_history_v1
2026-07-14|jalan|蔵王四季のホテル|yad322447|2027-01-02|2027-01-03|2_adults_1_room_1_night,8b596d4ab9e728a744990b51b63932e682c6df26bd231a76e057b0a459f32c8a,2027_01,2026-07-14,2026-07-14T14:00:06+09:00,2026-07-14T14:00:06+09:00,jalan,AUTO-RUNNER10X,integrated_jalan_bounded_live,蔵王四季のホテル,国内旅行・海外旅行や宿・ホテルの宿泊予約はじゃらんnet　～日本最大級の宿・ホテル予約サイト～,true,yad322447,yad322447,2027-01-02,2027-01-03,1,2,1,0,JPY,ja,2_adults_1_room_1_night,available,not_sold_out_confirmed,,,missing_or_unclear,C,C,Price visible but meal_basis=unknown_meal_basis (jalan_ambiguous_meal_and_room_only_tokens); excluded from room-only DP per confirmed policy.,160600,,,tax_included_total,jalan_unknown_meal_basis_excluded,false,false,true,unknown_meal_basis_excluded,page_chrome_coupon_or_discount_evidence;unknown_meal_basis_excluded;meal_basis=unknown_meal_basis,,,/Users/gini/Documents/ZMI/zao-market-intelligence/.data/debug/auto-runner-market-refresh-rotating/20260714_140006/jalan/classification_decisions/yad322447_2027-01-02.json,zao_local_history_v1
2026-07-14|jalan|ペンション木いちご|yad325769|2027-01-09|2027-01-10|2_adults_1_room_1_night,4c7fd29dc03603960024e9a84bde18acfe9cd5235284f263e280d854cf9576a3,2027_01,2026-07-14,2026-07-14T14:00:06+09:00,2026-07-14T14:00:06+09:00,jalan,AUTO-RUNNER10X,integrated_jalan_bounded_live,ペンション木いちご,国内旅行・海外旅行や宿・ホテルの宿泊予約はじゃらんnet　～日本最大級の宿・ホテル予約サイト～,true,yad325769,yad325769,2027-01-09,2027-01-10,1,2,1,0,JPY,ja,2_adults_1_room_1_night,sold_out,sold_out,,,missing_or_unclear,insufficient,insufficient,selected_date_calendar_sold_out,,,,missing_or_unclear,jalan_sold_out_excluded,false,false,true,sold_out_without_price,page_chrome_coupon_or_discount_evidence;tax_included_total_not_confirmed,,,/Users/gini/Documents/ZMI/zao-market-intelligence/.data/debug/auto-runner-market-refresh-rotating/20260714_140006/jalan/classification_decisions/yad325769_2027-01-09.json,zao_local_history_v1
2026-07-14|jalan|ペンション木いちご|yad325769|2027-01-10|2027-01-11|2_adults_1_room_1_night,b74e3b8656d01c51a6652c4c947e7e7894ca820d5e08341474e449cd844329b9,2027_01,2026-07-14,2026-07-14T14:00:06+09:00,2026-07-14T14:00:06+09:00,jalan,AUTO-RUNNER10X,integrated_jalan_bounded_live,ペンション木いちご,国内旅行・海外旅行や宿・ホテルの宿泊予約はじゃらんnet　～日本最大級の宿・ホテル予約サイト～,true,yad325769,yad325769,2027-01-10,2027-01-11,1,2,1,0,JPY,ja,2_adults_1_room_1_night,sold_out,sold_out,,,missing_or_unclear,insufficient,insufficient,selected_date_calendar_sold_out,,,,missing_or_unclear,jalan_sold_out_excluded,false,false,true,sold_out_without_price,page_chrome_coupon_or_discount_evidence;tax_included_total_not_confirmed,,,/Users/gini/Documents/ZMI/zao-market-intelligence/.data/debug/auto-runner-market-refresh-rotating/20260714_140006/jalan/classification_decisions/yad325769_2027-01-10.json,zao_local_history_v1
2026-07-14|jalan|蔵王四季のホテル|yad322447|2027-01-03|2027-01-04|2_adults_1_room_1_night,c6ae0f5f9c945a04beab777ae4610f45f2003356a7e2f34c23be6eb694d80ace,2027_01,2026-07-14,2026-07-14T16:00:06+09:00,2026-07-14T16:00:06+09:00,jalan,AUTO-RUNNER10X,integrated_jalan_bounded_live,蔵王四季のホテル,国内旅行・海外旅行や宿・ホテルの宿泊予約はじゃらんnet　～日本最大級の宿・ホテル予約サイト～,true,yad322447,yad322447,2027-01-03,2027-01-04,1,2,1,0,JPY,ja,2_adults_1_room_1_night,available,not_sold_out_confirmed,,,missing_or_unclear,C,C,Price visible but meal_basis=unknown_meal_basis (jalan_ambiguous_meal_and_room_only_tokens); excluded from room-only DP per confirmed policy.,123200,,,tax_included_total,jalan_unknown_meal_basis_excluded,false,false,true,unknown_meal_basis_excluded,page_chrome_coupon_or_discount_evidence;unknown_meal_basis_excluded;meal_basis=unknown_meal_basis,,,/Users/gini/Documents/ZMI/zao-market-intelligence/.data/debug/auto-runner-market-refresh-rotating/20260714_160006/jalan/classification_decisions/yad322447_2027-01-03.json,zao_local_history_v1
2026-07-14|jalan|蔵王四季のホテル|yad322447|2027-01-09|2027-01-10|2_adults_1_room_1_night,f3c947d6ae8979c6136a92a44d9c76f3f0df8e680224a220a3cd22ea4edcdece,2027_01,2026-07-14,2026-07-14T16:00:06+09:00,2026-07-14T16:00:06+09:00,jalan,AUTO-RUNNER10X,integrated_jalan_bounded_live,蔵王四季のホテル,国内旅行・海外旅行や宿・ホテルの宿泊予約はじゃらんnet　～日本最大級の宿・ホテル予約サイト～,true,yad322447,yad322447,2027-01-09,2027-01-10,1,2,1,0,JPY,ja,2_adults_1_room_1_night,available,not_sold_out_confirmed,,,missing_or_unclear,C,C,Price visible but meal_basis=unknown_meal_basis (jalan_ambiguous_meal_and_room_only_tokens); excluded from room-only DP per confirmed policy.,138600,,,tax_included_total,jalan_unknown_meal_basis_excluded,false,false,true,unknown_meal_basis_excluded,page_chrome_coupon_or_discount_evidence;unknown_meal_basis_excluded;meal_basis=unknown_meal_basis,,,/Users/gini/Documents/ZMI/zao-market-intelligence/.data/debug/auto-runner-market-refresh-rotating/20260714_160006/jalan/classification_decisions/yad322447_2027-01-09.json,zao_local_history_v1
2026-07-14|jalan|ペンション木いちご|yad325769|2027-01-11|2027-01-12|2_adults_1_room_1_night,c84a2663b84a12d4b663ff57b8c04652a870820995c716dda3cd6eb640d46837,2027_01,2026-07-14,2026-07-14T16:00:06+09:00,2026-07-14T16:00:06+09:00,jalan,AUTO-RUNNER10X,integrated_jalan_bounded_live,ペンション木いちご,国内旅行・海外旅行や宿・ホテルの宿泊予約はじゃらんnet　～日本最大級の宿・ホテル予約サイト～,true,yad325769,yad325769,2027-01-11,2027-01-12,1,2,1,0,JPY,ja,2_adults_1_room_1_night,sold_out,sold_out,,,missing_or_unclear,insufficient,insufficient,selected_date_calendar_sold_out,,,,missing_or_unclear,jalan_sold_out_excluded,false,false,true,sold_out_without_price,page_chrome_coupon_or_discount_evidence;tax_included_total_not_confirmed,,,/Users/gini/Documents/ZMI/zao-market-intelligence/.data/debug/auto-runner-market-refresh-rotating/20260714_160006/jalan/classification_decisions/yad325769_2027-01-11.json,zao_local_history_v1
2026-07-14|jalan|ペンション木いちご|yad325769|2027-01-30|2027-01-31|2_adults_1_room_1_night,75267ac62bc17d13227d369f727dfeedcdf9ff367fe952b4dac39d4c07fe5d7f,2027_01,2026-07-14,2026-07-14T16:00:06+09:00,2026-07-14T16:00:06+09:00,jalan,AUTO-RUNNER10X,integrated_jalan_bounded_live,ペンション木いちご,国内旅行・海外旅行や宿・ホテルの宿泊予約はじゃらんnet　～日本最大級の宿・ホテル予約サイト～,true,yad325769,yad325769,2027-01-30,2027-01-31,1,2,1,0,JPY,ja,2_adults_1_room_1_night,sold_out,sold_out,,,missing_or_unclear,insufficient,insufficient,selected_date_calendar_sold_out,,,,missing_or_unclear,jalan_sold_out_excluded,false,false,true,sold_out_without_price,page_chrome_coupon_or_discount_evidence;tax_included_total_not_confirmed,,,/Users/gini/Documents/ZMI/zao-market-intelligence/.data/debug/auto-runner-market-refresh-rotating/20260714_160006/jalan/classification_decisions/yad325769_2027-01-30.json,zao_local_history_v1
2026-07-14|jalan|蔵王四季のホテル|yad322447|2027-01-10|2027-01-11|2_adults_1_room_1_night,2e17817707f84af2c51d7da9e5ba8903d7f93ddb9c51d68570ef296fbd704963,2027_01,2026-07-14,2026-07-14T18:00:06+09:00,2026-07-14T18:00:06+09:00,jalan,AUTO-RUNNER10X,integrated_jalan_bounded_live,蔵王四季のホテル,国内旅行・海外旅行や宿・ホテルの宿泊予約はじゃらんnet　～日本最大級の宿・ホテル予約サイト～,true,yad322447,yad322447,2027-01-10,2027-01-11,1,2,1,0,JPY,ja,2_adults_1_room_1_night,available,not_sold_out_confirmed,,,missing_or_unclear,C,C,Price visible but meal_basis=unknown_meal_basis (jalan_ambiguous_meal_and_room_only_tokens); excluded from room-only DP per confirmed policy.,132000,,,tax_included_total,jalan_unknown_meal_basis_excluded,false,false,true,unknown_meal_basis_excluded,page_chrome_coupon_or_discount_evidence;unknown_meal_basis_excluded;meal_basis=unknown_meal_basis,,,/Users/gini/Documents/ZMI/zao-market-intelligence/.data/debug/auto-runner-market-refresh-rotating/20260714_180006/jalan/classification_decisions/yad322447_2027-01-10.json,zao_local_history_v1
2026-07-14|jalan|ペンション木いちご|yad325769|2027-01-16|2027-01-17|2_adults_1_room_1_night,e26c0f8c8d1cf2a632e0b31774879967c05ea161444180c009b303479acb4e43,2027_01,2026-07-14,2026-07-14T20:00:08+09:00,2026-07-14T20:00:08+09:00,jalan,AUTO-RUNNER10X,integrated_jalan_bounded_live,ペンション木いちご,国内旅行・海外旅行や宿・ホテルの宿泊予約はじゃらんnet　～日本最大級の宿・ホテル予約サイト～,true,yad325769,yad325769,2027-01-16,2027-01-17,1,2,1,0,JPY,ja,2_adults_1_room_1_night,sold_out,sold_out,,,missing_or_unclear,insufficient,insufficient,selected_date_calendar_sold_out,,,,missing_or_unclear,jalan_sold_out_excluded,false,false,true,sold_out_without_price,page_chrome_coupon_or_discount_evidence;tax_included_total_not_confirmed,,,/Users/gini/Documents/ZMI/zao-market-intelligence/.data/debug/auto-runner-market-refresh-rotating/20260714_200008/jalan/classification_decisions/yad325769_2027-01-16.json,zao_local_history_v1
2026-07-15|jalan|蔵王四季のホテル|yad322447|2027-01-11|2027-01-12|2_adults_1_room_1_night,4ca82f54999bfd20b54288a188756ae0d4be9cc01c3360a994f7405f050c6d8c,2027_01,2026-07-15,2026-07-15T02:00:06+09:00,2026-07-15T02:00:06+09:00,jalan,AUTO-RUNNER10X,integrated_jalan_bounded_live,蔵王四季のホテル,国内旅行・海外旅行や宿・ホテルの宿泊予約はじゃらんnet　～日本最大級の宿・ホテル予約サイト～,true,yad322447,yad322447,2027-01-11,2027-01-12,1,2,1,0,JPY,ja,2_adults_1_room_1_night,available,not_sold_out_confirmed,,,missing_or_unclear,C,C,Price visible but meal_basis=unknown_meal_basis (jalan_ambiguous_meal_and_room_only_tokens); excluded from room-only DP per confirmed policy.,99000,,,tax_included_total,jalan_unknown_meal_basis_excluded,false,false,true,unknown_meal_basis_excluded,page_chrome_coupon_or_discount_evidence;unknown_meal_basis_excluded;meal_basis=unknown_meal_basis,,,/Users/gini/Documents/ZMI/zao-market-intelligence/.data/debug/auto-runner-market-refresh-rotating/20260715_020006/jalan/classification_decisions/yad322447_2027-01-11.json,zao_local_history_v1
2026-07-15|jalan|蔵王四季のホテル|yad322447|2027-01-16|2027-01-17|2_adults_1_room_1_night,600ae5eeaa9698f834131f678b23a9e5d32394ae601e40dea8a408b0d719dd9b,2027_01,2026-07-15,2026-07-15T02:00:06+09:00,2026-07-15T02:00:06+09:00,jalan,AUTO-RUNNER10X,integrated_jalan_bounded_live,蔵王四季のホテル,国内旅行・海外旅行や宿・ホテルの宿泊予約はじゃらんnet　～日本最大級の宿・ホテル予約サイト～,true,yad322447,yad322447,2027-01-16,2027-01-17,1,2,1,0,JPY,ja,2_adults_1_room_1_night,available,not_sold_out_confirmed,,,missing_or_unclear,C,C,Price visible but meal_basis=unknown_meal_basis (jalan_ambiguous_meal_and_room_only_tokens); excluded from room-only DP per confirmed policy.,127600,,,tax_included_total,jalan_unknown_meal_basis_excluded,false,false,true,unknown_meal_basis_excluded,page_chrome_coupon_or_discount_evidence;unknown_meal_basis_excluded;meal_basis=unknown_meal_basis,,,/Users/gini/Documents/ZMI/zao-market-intelligence/.data/debug/auto-runner-market-refresh-rotating/20260715_020006/jalan/classification_decisions/yad322447_2027-01-16.json,zao_local_history_v1
2026-07-15|jalan|ペンション木いちご|yad325769|2027-01-23|2027-01-24|2_adults_1_room_1_night,dbbcae7ef34dbc05caaf38a0c7688fb91f5f52cf695824d39f04b514cd855c73,2027_01,2026-07-15,2026-07-15T02:00:06+09:00,2026-07-15T02:00:06+09:00,jalan,AUTO-RUNNER10X,integrated_jalan_bounded_live,ペンション木いちご,国内旅行・海外旅行や宿・ホテルの宿泊予約はじゃらんnet　～日本最大級の宿・ホテル予約サイト～,true,yad325769,yad325769,2027-01-23,2027-01-24,1,2,1,0,JPY,ja,2_adults_1_room_1_night,sold_out,sold_out,,,missing_or_unclear,insufficient,insufficient,selected_date_calendar_sold_out,,,,missing_or_unclear,jalan_sold_out_excluded,false,false,true,sold_out_without_price,page_chrome_coupon_or_discount_evidence;tax_included_total_not_confirmed,,,/Users/gini/Documents/ZMI/zao-market-intelligence/.data/debug/auto-runner-market-refresh-rotating/20260715_020006/jalan/classification_decisions/yad325769_2027-01-23.json,zao_local_history_v1
2026-07-15|jalan|蔵王四季のホテル|yad322447|2027-01-23|2027-01-24|2_adults_1_room_1_night,64951dcbb758356a43db32f3db5435ba3f3f3c53b3df90299021bbeab641506d,2027_01,2026-07-15,2026-07-15T04:00:06+09:00,2026-07-15T04:00:06+09:00,jalan,AUTO-RUNNER10X,integrated_jalan_bounded_live,蔵王四季のホテル,国内旅行・海外旅行や宿・ホテルの宿泊予約はじゃらんnet　～日本最大級の宿・ホテル予約サイト～,true,yad322447,yad322447,2027-01-23,2027-01-24,1,2,1,0,JPY,ja,2_adults_1_room_1_night,available,not_sold_out_confirmed,,,missing_or_unclear,C,C,Price visible but meal_basis=unknown_meal_basis (jalan_ambiguous_meal_and_room_only_tokens); excluded from room-only DP per confirmed policy.,132000,,,tax_included_total,jalan_unknown_meal_basis_excluded,false,false,true,unknown_meal_basis_excluded,page_chrome_coupon_or_discount_evidence;unknown_meal_basis_excluded;meal_basis=unknown_meal_basis,,,/Users/gini/Documents/ZMI/zao-market-intelligence/.data/debug/auto-runner-market-refresh-rotating/20260715_040006/jalan/classification_decisions/yad322447_2027-01-23.json,zao_local_history_v1
2026-07-15|jalan|蔵王四季のホテル|yad322447|2027-01-30|2027-01-31|2_adults_1_room_1_night,197b61ed431b985901a76ee83b191743d9c2243daaa4c9feb382b90432d8411a,2027_01,2026-07-15,2026-07-15T04:00:06+09:00,2026-07-15T04:00:06+09:00,jalan,AUTO-RUNNER10X,integrated_jalan_bounded_live,蔵王四季のホテル,国内旅行・海外旅行や宿・ホテルの宿泊予約はじゃらんnet　～日本最大級の宿・ホテル予約サイト～,true,yad322447,yad322447,2027-01-30,2027-01-31,1,2,1,0,JPY,ja,2_adults_1_room_1_night,available,not_sold_out_confirmed,,,missing_or_unclear,C,C,Price visible but meal_basis=unknown_meal_basis (jalan_ambiguous_meal_and_room_only_tokens); excluded from room-only DP per confirmed policy.,143000,,,tax_included_total,jalan_unknown_meal_basis_excluded,false,false,true,unknown_meal_basis_excluded,page_chrome_coupon_or_discount_evidence;unknown_meal_basis_excluded;meal_basis=unknown_meal_basis,,,/Users/gini/Documents/ZMI/zao-market-intelligence/.data/debug/auto-runner-market-refresh-rotating/20260715_040006/jalan/classification_decisions/yad322447_2027-01-30.json,zao_local_history_v1
2026-07-15|jalan|深山荘 高見屋|yad321744|2027-01-01|2027-01-02|2_adults_1_room_1_night,7e5581c59da7c195e1dcfa25747175befe25ca19b7223f31ce79e376a06d2015,2027_01,2026-07-15,2026-07-15T08:00:07+09:00,2026-07-15T08:00:07+09:00,jalan,AUTO-RUNNER10X,integrated_jalan_bounded_live,深山荘 高見屋,国内旅行・海外旅行や宿・ホテルの宿泊予約はじゃらんnet　～日本最大級の宿・ホテル予約サイト～,true,yad321744,yad321744,2027-01-01,2027-01-02,1,2,1,0,JPY,ja,2_adults_1_room_1_night,sold_out,sold_out,,,missing_or_unclear,insufficient,insufficient,selected_date_calendar_sold_out,,,,missing_or_unclear,jalan_sold_out_excluded,false,false,true,sold_out_without_price,page_chrome_coupon_or_discount_evidence;tax_included_total_not_confirmed,,,/Users/gini/Documents/ZMI/zao-market-intelligence/.data/debug/auto-runner-market-refresh-rotating/20260715_080007/jalan/classification_decisions/yad321744_2027-01-01.json,zao_local_history_v1
2026-07-15|jalan|深山荘 高見屋|yad321744|2027-01-02|2027-01-03|2_adults_1_room_1_night,e309db90408e6c5f036889bf9c4cf2dcc310444cf6db95cb502e8ed3ea99db77,2027_01,2026-07-15,2026-07-15T10:00:05+09:00,2026-07-15T10:00:05+09:00,jalan,AUTO-RUNNER10X,integrated_jalan_bounded_live,深山荘 高見屋,国内旅行・海外旅行や宿・ホテルの宿泊予約はじゃらんnet　～日本最大級の宿・ホテル予約サイト～,true,yad321744,yad321744,2027-01-02,2027-01-03,1,2,1,0,JPY,ja,2_adults_1_room_1_night,sold_out,sold_out,,,missing_or_unclear,insufficient,insufficient,selected_date_calendar_sold_out,,,,missing_or_unclear,jalan_sold_out_excluded,false,false,true,sold_out_without_price,page_chrome_coupon_or_discount_evidence;tax_included_total_not_confirmed,,,/Users/gini/Documents/ZMI/zao-market-intelligence/.data/debug/auto-runner-market-refresh-rotating/20260715_100005/jalan/classification_decisions/yad321744_2027-01-02.json,zao_local_history_v1
2026-07-15|jalan|ペンション木いちご|yad325769|2027-01-01|2027-01-02|2_adults_1_room_1_night,e8a071d02a0782997f3d681a55f0829385387f8a51fd9563f1274a7c360c4245,2027_01,2026-07-15,2026-07-15T10:00:05+09:00,2026-07-15T10:00:05+09:00,jalan,AUTO-RUNNER10X,integrated_jalan_bounded_live,ペンション木いちご,国内旅行・海外旅行や宿・ホテルの宿泊予約はじゃらんnet　～日本最大級の宿・ホテル予約サイト～,true,yad325769,yad325769,2027-01-01,2027-01-02,1,2,1,0,JPY,ja,2_adults_1_room_1_night,sold_out,sold_out,,,missing_or_unclear,insufficient,insufficient,selected_date_calendar_sold_out,,,,missing_or_unclear,jalan_sold_out_excluded,false,false,true,sold_out_without_price,page_chrome_coupon_or_discount_evidence;tax_included_total_not_confirmed,,,/Users/gini/Documents/ZMI/zao-market-intelligence/.data/debug/auto-runner-market-refresh-rotating/20260715_100005/jalan/classification_decisions/yad325769_2027-01-01.json,zao_local_history_v1
2026-07-15|jalan|ペンション木いちご|yad325769|2027-01-02|2027-01-03|2_adults_1_room_1_night,a1adf96ed260a2739948a19d33f0a818e3d9420134966b180dc51b7dcbf78288,2027_01,2026-07-15,2026-07-15T12:00:07+09:00,2026-07-15T12:00:07+09:00,jalan,AUTO-RUNNER10X,integrated_jalan_bounded_live,ペンション木いちご,国内旅行・海外旅行や宿・ホテルの宿泊予約はじゃらんnet　～日本最大級の宿・ホテル予約サイト～,true,yad325769,yad325769,2027-01-02,2027-01-03,1,2,1,0,JPY,ja,2_adults_1_room_1_night,sold_out,sold_out,,,missing_or_unclear,insufficient,insufficient,selected_date_calendar_sold_out,,,,missing_or_unclear,jalan_sold_out_excluded,false,false,true,sold_out_without_price,page_chrome_coupon_or_discount_evidence;tax_included_total_not_confirmed,,,/Users/gini/Documents/ZMI/zao-market-intelligence/.data/debug/auto-runner-market-refresh-rotating/20260715_120007/jalan/classification_decisions/yad325769_2027-01-02.json,zao_local_history_v1
2026-07-15|jalan|蔵王四季のホテル|yad322447|2027-01-01|2027-01-02|2_adults_1_room_1_night,eb3aa24c962ca3c0605fbdc4407b736498645506bfd905f7b6171d4470d031c7,2027_01,2026-07-15,2026-07-15T14:00:06+09:00,2026-07-15T14:00:06+09:00,jalan,AUTO-RUNNER10X,integrated_jalan_bounded_live,蔵王四季のホテル,国内旅行・海外旅行や宿・ホテルの宿泊予約はじゃらんnet　～日本最大級の宿・ホテル予約サイト～,true,yad322447,yad322447,2027-01-01,2027-01-02,1,2,1,0,JPY,ja,2_adults_1_room_1_night,sold_out,sold_out,,,missing_or_unclear,insufficient,insufficient,selected_date_calendar_sold_out,,,,missing_or_unclear,jalan_sold_out_excluded,false,false,true,sold_out_without_price,page_chrome_coupon_or_discount_evidence;tax_included_total_not_confirmed,,,/Users/gini/Documents/ZMI/zao-market-intelligence/.data/debug/auto-runner-market-refresh-rotating/20260715_140006/jalan/classification_decisions/yad322447_2027-01-01.json,zao_local_history_v1
2026-07-15|jalan|蔵王四季のホテル|yad322447|2027-01-02|2027-01-03|2_adults_1_room_1_night,260860372871e18a6c8821891ee02dc639c7c5e889c10c255ebb846a118983db,2027_01,2026-07-15,2026-07-15T14:00:06+09:00,2026-07-15T14:00:06+09:00,jalan,AUTO-RUNNER10X,integrated_jalan_bounded_live,蔵王四季のホテル,国内旅行・海外旅行や宿・ホテルの宿泊予約はじゃらんnet　～日本最大級の宿・ホテル予約サイト～,true,yad322447,yad322447,2027-01-02,2027-01-03,1,2,1,0,JPY,ja,2_adults_1_room_1_night,available,not_sold_out_confirmed,,,missing_or_unclear,C,C,Price visible but meal_basis=unknown_meal_basis (jalan_ambiguous_meal_and_room_only_tokens); excluded from room-only DP per confirmed policy.,160600,,,tax_included_total,jalan_unknown_meal_basis_excluded,false,false,true,unknown_meal_basis_excluded,page_chrome_coupon_or_discount_evidence;unknown_meal_basis_excluded;meal_basis=unknown_meal_basis,,,/Users/gini/Documents/ZMI/zao-market-intelligence/.data/debug/auto-runner-market-refresh-rotating/20260715_140006/jalan/classification_decisions/yad322447_2027-01-02.json,zao_local_history_v1
2026-07-15|jalan|ペンション木いちご|yad325769|2027-01-03|2027-01-04|2_adults_1_room_1_night,d4ae5df7a5fd907e34368e796c5dd544995d458941110edc6d982c2fee1516d6,2027_01,2026-07-15,2026-07-15T14:00:06+09:00,2026-07-15T14:00:06+09:00,jalan,AUTO-RUNNER10X,integrated_jalan_bounded_live,ペンション木いちご,国内旅行・海外旅行や宿・ホテルの宿泊予約はじゃらんnet　～日本最大級の宿・ホテル予約サイト～,true,yad325769,yad325769,2027-01-03,2027-01-04,1,2,1,0,JPY,ja,2_adults_1_room_1_night,sold_out,sold_out,,,missing_or_unclear,insufficient,insufficient,selected_date_calendar_sold_out,,,,missing_or_unclear,jalan_sold_out_excluded,false,false,true,sold_out_without_price,page_chrome_coupon_or_discount_evidence;tax_included_total_not_confirmed,,,/Users/gini/Documents/ZMI/zao-market-intelligence/.data/debug/auto-runner-market-refresh-rotating/20260715_140006/jalan/classification_decisions/yad325769_2027-01-03.json,zao_local_history_v1
2026-07-15|jalan|蔵王四季のホテル|yad322447|2027-01-03|2027-01-04|2_adults_1_room_1_night,43451db5e665191d0800d120aee05b1a04732a5fcab60cd8336d55f8cfc19fd5,2027_01,2026-07-15,2026-07-15T16:00:06+09:00,2026-07-15T16:00:06+09:00,jalan,AUTO-RUNNER10X,integrated_jalan_bounded_live,蔵王四季のホテル,国内旅行・海外旅行や宿・ホテルの宿泊予約はじゃらんnet　～日本最大級の宿・ホテル予約サイト～,true,yad322447,yad322447,2027-01-03,2027-01-04,1,2,1,0,JPY,ja,2_adults_1_room_1_night,available,not_sold_out_confirmed,,,missing_or_unclear,C,C,Price visible but meal_basis=unknown_meal_basis (jalan_ambiguous_meal_and_room_only_tokens); excluded from room-only DP per confirmed policy.,123200,,,tax_included_total,jalan_unknown_meal_basis_excluded,false,false,true,unknown_meal_basis_excluded,page_chrome_coupon_or_discount_evidence;unknown_meal_basis_excluded;meal_basis=unknown_meal_basis,,,/Users/gini/Documents/ZMI/zao-market-intelligence/.data/debug/auto-runner-market-refresh-rotating/20260715_160006/jalan/classification_decisions/yad322447_2027-01-03.json,zao_local_history_v1
2026-07-15|jalan|蔵王四季のホテル|yad322447|2027-01-09|2027-01-10|2_adults_1_room_1_night,d539ff13841b2b2a18a0b518b25e8d99abec8669ae9bb68c76cd2644147881cb,2027_01,2026-07-15,2026-07-15T16:00:06+09:00,2026-07-15T16:00:06+09:00,jalan,AUTO-RUNNER10X,integrated_jalan_bounded_live,蔵王四季のホテル,国内旅行・海外旅行や宿・ホテルの宿泊予約はじゃらんnet　～日本最大級の宿・ホテル予約サイト～,true,yad322447,yad322447,2027-01-09,2027-01-10,1,2,1,0,JPY,ja,2_adults_1_room_1_night,available,not_sold_out_confirmed,,,missing_or_unclear,C,C,Price visible but meal_basis=unknown_meal_basis (jalan_ambiguous_meal_and_room_only_tokens); excluded from room-only DP per confirmed policy.,138600,,,tax_included_total,jalan_unknown_meal_basis_excluded,false,false,true,unknown_meal_basis_excluded,page_chrome_coupon_or_discount_evidence;unknown_meal_basis_excluded;meal_basis=unknown_meal_basis,,,/Users/gini/Documents/ZMI/zao-market-intelligence/.data/debug/auto-runner-market-refresh-rotating/20260715_160006/jalan/classification_decisions/yad322447_2027-01-09.json,zao_local_history_v1
2026-07-15|jalan|ペンション木いちご|yad325769|2027-01-10|2027-01-11|2_adults_1_room_1_night,52ccbeb76fdd5efe832e3974e3a3c2ca9e873f7bec036c7e113aa6c4fda4f4be,2027_01,2026-07-15,2026-07-15T16:00:06+09:00,2026-07-15T16:00:06+09:00,jalan,AUTO-RUNNER10X,integrated_jalan_bounded_live,ペンション木いちご,国内旅行・海外旅行や宿・ホテルの宿泊予約はじゃらんnet　～日本最大級の宿・ホテル予約サイト～,true,yad325769,yad325769,2027-01-10,2027-01-11,1,2,1,0,JPY,ja,2_adults_1_room_1_night,sold_out,sold_out,,,missing_or_unclear,insufficient,insufficient,selected_date_calendar_sold_out,,,,missing_or_unclear,jalan_sold_out_excluded,false,false,true,sold_out_without_price,page_chrome_coupon_or_discount_evidence;tax_included_total_not_confirmed,,,/Users/gini/Documents/ZMI/zao-market-intelligence/.data/debug/auto-runner-market-refresh-rotating/20260715_160006/jalan/classification_decisions/yad325769_2027-01-10.json,zao_local_history_v1
2026-07-15|jalan|ペンション木いちご|yad325769|2027-01-09|2027-01-10|2_adults_1_room_1_night,5e11be2c48fe04e571a0747843670a1c5d6081caa491752660e7adb39c4ad158,2027_01,2026-07-15,2026-07-15T18:00:06+09:00,2026-07-15T18:00:06+09:00,jalan,AUTO-RUNNER10X,integrated_jalan_bounded_live,ペンション木いちご,国内旅行・海外旅行や宿・ホテルの宿泊予約はじゃらんnet　～日本最大級の宿・ホテル予約サイト～,true,yad325769,yad325769,2027-01-09,2027-01-10,1,2,1,0,JPY,ja,2_adults_1_room_1_night,sold_out,sold_out,,,missing_or_unclear,insufficient,insufficient,selected_date_calendar_sold_out,,,,missing_or_unclear,jalan_sold_out_excluded,false,false,true,sold_out_without_price,page_chrome_coupon_or_discount_evidence;tax_included_total_not_confirmed,,,/Users/gini/Documents/ZMI/zao-market-intelligence/.data/debug/auto-runner-market-refresh-rotating/20260715_180006/jalan/classification_decisions/yad325769_2027-01-09.json,zao_local_history_v1
2026-07-15|jalan|ペンション木いちご|yad325769|2027-01-11|2027-01-12|2_adults_1_room_1_night,52cf7520b76a3c97f85a02cf6c374f734fb59980632926e387d26bfc48043dea,2027_01,2026-07-15,2026-07-15T20:00:06+09:00,2026-07-15T20:00:06+09:00,jalan,AUTO-RUNNER10X,integrated_jalan_bounded_live,ペンション木いちご,国内旅行・海外旅行や宿・ホテルの宿泊予約はじゃらんnet　～日本最大級の宿・ホテル予約サイト～,true,yad325769,yad325769,2027-01-11,2027-01-12,1,2,1,0,JPY,ja,2_adults_1_room_1_night,sold_out,sold_out,,,missing_or_unclear,insufficient,insufficient,selected_date_calendar_sold_out,,,,missing_or_unclear,jalan_sold_out_excluded,false,false,true,sold_out_without_price,page_chrome_coupon_or_discount_evidence;tax_included_total_not_confirmed,,,/Users/gini/Documents/ZMI/zao-market-intelligence/.data/debug/auto-runner-market-refresh-rotating/20260715_200006/jalan/classification_decisions/yad325769_2027-01-11.json,zao_local_history_v1
2026-07-15|jalan|ペンション木いちご|yad325769|2027-01-16|2027-01-17|2_adults_1_room_1_night,c0b6a9f3beec0ee1790f604772640db8afeb7447ba6d8654ecde9280f5efa29e,2027_01,2026-07-15,2026-07-15T20:00:06+09:00,2026-07-15T20:00:06+09:00,jalan,AUTO-RUNNER10X,integrated_jalan_bounded_live,ペンション木いちご,国内旅行・海外旅行や宿・ホテルの宿泊予約はじゃらんnet　～日本最大級の宿・ホテル予約サイト～,true,yad325769,yad325769,2027-01-16,2027-01-17,1,2,1,0,JPY,ja,2_adults_1_room_1_night,sold_out,sold_out,,,missing_or_unclear,insufficient,insufficient,selected_date_calendar_sold_out,,,,missing_or_unclear,jalan_sold_out_excluded,false,false,true,sold_out_without_price,page_chrome_coupon_or_discount_evidence;tax_included_total_not_confirmed,,,/Users/gini/Documents/ZMI/zao-market-intelligence/.data/debug/auto-runner-market-refresh-rotating/20260715_200006/jalan/classification_decisions/yad325769_2027-01-16.json,zao_local_history_v1
2026-07-16|jalan|名湯リゾート ルーセントタカミヤ|yad331969|2027-01-01|2027-01-02|2_adults_1_room_1_night,e96906157b8419bff13aea5e9aeec89954ee6303f3611164f7d3ea0154b3b017,2027_01,2026-07-16,2026-07-16T04:00:01+09:00,2026-07-16T04:00:01+09:00,jalan,AUTO-RUNNER10X,integrated_jalan_bounded_live,名湯リゾート ルーセントタカミヤ,国内旅行・海外旅行や宿・ホテルの宿泊予約はじゃらんnet　～日本最大級の宿・ホテル予約サイト～,true,yad331969,yad331969,2027-01-01,2027-01-02,1,2,1,0,JPY,ja,2_adults_1_room_1_night,sold_out,sold_out,,,missing_or_unclear,insufficient,insufficient,selected_date_calendar_sold_out,,,,missing_or_unclear,jalan_sold_out_excluded,false,false,true,sold_out_without_price,page_chrome_coupon_or_discount_evidence;tax_included_total_not_confirmed,,,/Users/gini/Documents/ZMI/zao-market-intelligence/.data/debug/auto-runner-market-refresh-rotating/20260716_040001/jalan/classification_decisions/yad331969_2027-01-01.json,zao_local_history_v1
2026-07-16|jalan|蔵王国際ホテル|yad309590|2027-01-01|2027-01-02|2_adults_1_room_1_night,1bdf827a92aad8cdd059137bc6d847dcf643fb5cc03e1ddd2a523b020803f654,2027_01,2026-07-16,2026-07-16T20:00:06+09:00,2026-07-16T20:00:06+09:00,jalan,AUTO-RUNNER10X,integrated_jalan_bounded_live,蔵王国際ホテル,国内旅行・海外旅行や宿・ホテルの宿泊予約はじゃらんnet　～日本最大級の宿・ホテル予約サイト～,true,yad309590,yad309590,2027-01-01,2027-01-02,1,2,1,0,JPY,ja,2_adults_1_room_1_night,sold_out,sold_out,,,missing_or_unclear,insufficient,insufficient,selected_date_calendar_sold_out,,,,missing_or_unclear,jalan_sold_out_excluded,false,false,true,sold_out_without_price,page_chrome_coupon_or_discount_evidence;tax_included_total_not_confirmed,,,/Users/gini/Documents/ZMI/zao-market-intelligence/.data/debug/auto-runner-market-refresh-rotating/20260716_200006/jalan/classification_decisions/yad309590_2027-01-01.json,zao_local_history_v1
2026-07-16|jalan|深山荘 高見屋|yad321744|2027-01-02|2027-01-03|2_adults_1_room_1_night,2ef4e20ad2101c804460e31af994a4ba4850deeda5c379e85c74d0c6c0d813b4,2027_01,2026-07-16,2026-07-16T20:00:06+09:00,2026-07-16T20:00:06+09:00,jalan,AUTO-RUNNER10X,integrated_jalan_bounded_live,深山荘 高見屋,国内旅行・海外旅行や宿・ホテルの宿泊予約はじゃらんnet　～日本最大級の宿・ホテル予約サイト～,true,yad321744,yad321744,2027-01-02,2027-01-03,1,2,1,0,JPY,ja,2_adults_1_room_1_night,sold_out,sold_out,,,missing_or_unclear,insufficient,insufficient,selected_date_calendar_sold_out,,,,missing_or_unclear,jalan_sold_out_excluded,false,false,true,sold_out_without_price,page_chrome_coupon_or_discount_evidence;tax_included_total_not_confirmed,,,/Users/gini/Documents/ZMI/zao-market-intelligence/.data/debug/auto-runner-market-refresh-rotating/20260716_200006/jalan/classification_decisions/yad321744_2027-01-02.json,zao_local_history_v1
2026-07-16|jalan|蔵王四季のホテル|yad322447|2027-01-01|2027-01-02|2_adults_1_room_1_night,ed828b153903c97d86871f127204780d5f0e9f596843593b3525a73235a33c02,2027_01,2026-07-16,2026-07-16T22:00:04+09:00,2026-07-16T22:00:04+09:00,jalan,AUTO-RUNNER10X,integrated_jalan_bounded_live,蔵王四季のホテル,国内旅行・海外旅行や宿・ホテルの宿泊予約はじゃらんnet　～日本最大級の宿・ホテル予約サイト～,true,yad322447,yad322447,2027-01-01,2027-01-02,1,2,1,0,JPY,ja,2_adults_1_room_1_night,sold_out,sold_out,,,missing_or_unclear,insufficient,insufficient,selected_date_calendar_sold_out,,,,missing_or_unclear,jalan_sold_out_excluded,false,false,true,sold_out_without_price,page_chrome_coupon_or_discount_evidence;tax_included_total_not_confirmed,,,/Users/gini/Documents/ZMI/zao-market-intelligence/.data/debug/auto-runner-market-refresh-rotating/20260716_220004/jalan/classification_decisions/yad322447_2027-01-01.json,zao_local_history_v1
2026-07-16|jalan|深山荘 高見屋|yad321744|2027-01-03|2027-01-04|2_adults_1_room_1_night,698fbebbfc6e8c3a7a3c1467652d3292494c94ddf0e65d7d12017e96b8c2e554,2027_01,2026-07-16,2026-07-16T22:00:04+09:00,2026-07-16T22:00:04+09:00,jalan,AUTO-RUNNER10X,integrated_jalan_bounded_live,深山荘 高見屋,国内旅行・海外旅行や宿・ホテルの宿泊予約はじゃらんnet　～日本最大級の宿・ホテル予約サイト～,true,yad321744,yad321744,2027-01-03,2027-01-04,1,2,1,0,JPY,ja,2_adults_1_room_1_night,sold_out,sold_out,,,missing_or_unclear,insufficient,insufficient,selected_date_calendar_sold_out,,,,missing_or_unclear,jalan_sold_out_excluded,false,false,true,sold_out_without_price,page_chrome_coupon_or_discount_evidence;tax_included_total_not_confirmed,,,/Users/gini/Documents/ZMI/zao-market-intelligence/.data/debug/auto-runner-market-refresh-rotating/20260716_220004/jalan/classification_decisions/yad321744_2027-01-03.json,zao_local_history_v1
2026-07-17|jalan|蔵王国際ホテル|yad309590|2027-01-02|2027-01-03|2_adults_1_room_1_night,d6ae3c7c707debb4400a88905874f960a254611b52a2b730c11058d7ae684ba6,2027_01,2026-07-17,2026-07-17T00:00:06+09:00,2026-07-17T00:00:06+09:00,jalan,AUTO-RUNNER10X,integrated_jalan_bounded_live,蔵王国際ホテル,国内旅行・海外旅行や宿・ホテルの宿泊予約はじゃらんnet　～日本最大級の宿・ホテル予約サイト～,true,yad309590,yad309590,2027-01-02,2027-01-03,1,2,1,0,JPY,ja,2_adults_1_room_1_night,sold_out,sold_out,,,missing_or_unclear,insufficient,insufficient,selected_date_calendar_sold_out,,,,missing_or_unclear,jalan_sold_out_excluded,false,false,true,sold_out_without_price,page_chrome_coupon_or_discount_evidence;tax_included_total_not_confirmed,,,/Users/gini/Documents/ZMI/zao-market-intelligence/.data/debug/auto-runner-market-refresh-rotating/20260717_000006/jalan/classification_decisions/yad309590_2027-01-02.json,zao_local_history_v1
2026-07-17|jalan|蔵王国際ホテル|yad309590|2027-01-03|2027-01-04|2_adults_1_room_1_night,9a84d5221a202341a6fbd3c09baea019d249fbabd1b35f625e46e68e51191a3b,2027_01,2026-07-17,2026-07-17T00:00:06+09:00,2026-07-17T00:00:06+09:00,jalan,AUTO-RUNNER10X,integrated_jalan_bounded_live,蔵王国際ホテル,国内旅行・海外旅行や宿・ホテルの宿泊予約はじゃらんnet　～日本最大級の宿・ホテル予約サイト～,true,yad309590,yad309590,2027-01-03,2027-01-04,1,2,1,0,JPY,ja,2_adults_1_room_1_night,sold_out,sold_out,,,missing_or_unclear,insufficient,insufficient,selected_date_calendar_sold_out,,,,missing_or_unclear,jalan_sold_out_excluded,false,false,true,sold_out_without_price,page_chrome_coupon_or_discount_evidence;tax_included_total_not_confirmed,,,/Users/gini/Documents/ZMI/zao-market-intelligence/.data/debug/auto-runner-market-refresh-rotating/20260717_000006/jalan/classification_decisions/yad309590_2027-01-03.json,zao_local_history_v1
2026-07-17|jalan|深山荘 高見屋|yad321744|2027-01-01|2027-01-02|2_adults_1_room_1_night,4dca252b669789fe579417b3a6671ebebe981de762148aeeb3e33ababc3b8d6c,2027_01,2026-07-17,2026-07-17T00:00:06+09:00,2026-07-17T00:00:06+09:00,jalan,AUTO-RUNNER10X,integrated_jalan_bounded_live,深山荘 高見屋,国内旅行・海外旅行や宿・ホテルの宿泊予約はじゃらんnet　～日本最大級の宿・ホテル予約サイト～,true,yad321744,yad321744,2027-01-01,2027-01-02,1,2,1,0,JPY,ja,2_adults_1_room_1_night,sold_out,sold_out,,,missing_or_unclear,insufficient,insufficient,price_basis_or_date_scope_unclear,,,,missing_or_unclear,jalan_sold_out_excluded,false,false,true,sold_out_without_price,page_chrome_coupon_or_discount_evidence;tax_included_total_not_confirmed,,,/Users/gini/Documents/ZMI/zao-market-intelligence/.data/debug/auto-runner-market-refresh-rotating/20260717_000006/jalan/classification_decisions/yad321744_2027-01-01.json,zao_local_history_v1
2026-07-17|jalan|蔵王四季のホテル|yad322447|2027-01-09|2027-01-10|2_adults_1_room_1_night,b6051e06c7775833f1616dd32bda1194bb6d8ddee92ce7b7f73276c8ca0ce116,2027_01,2026-07-17,2026-07-17T00:00:06+09:00,2026-07-17T00:00:06+09:00,jalan,AUTO-RUNNER10X,integrated_jalan_bounded_live,蔵王四季のホテル,国内旅行・海外旅行や宿・ホテルの宿泊予約はじゃらんnet　～日本最大級の宿・ホテル予約サイト～,true,yad322447,yad322447,2027-01-09,2027-01-10,1,2,1,0,JPY,ja,2_adults_1_room_1_night,available,not_sold_out_confirmed,,,missing_or_unclear,C,C,Price visible but meal_basis=unknown_meal_basis (jalan_ambiguous_meal_and_room_only_tokens); excluded from room-only DP per confirmed policy.,138600,,,tax_included_total,jalan_unknown_meal_basis_excluded,false,false,true,unknown_meal_basis_excluded,page_chrome_coupon_or_discount_evidence;unknown_meal_basis_excluded;meal_basis=unknown_meal_basis,,,/Users/gini/Documents/ZMI/zao-market-intelligence/.data/debug/auto-runner-market-refresh-rotating/20260717_000006/jalan/classification_decisions/yad322447_2027-01-09.json,zao_local_history_v1
2026-07-17|jalan|蔵王四季のホテル|yad322447|2027-01-10|2027-01-11|2_adults_1_room_1_night,4350229d930da8e9731a55f726d13f9d4331e336b350d206f557ae5c20f608c2,2027_01,2026-07-17,2026-07-17T00:00:06+09:00,2026-07-17T00:00:06+09:00,jalan,AUTO-RUNNER10X,integrated_jalan_bounded_live,蔵王四季のホテル,国内旅行・海外旅行や宿・ホテルの宿泊予約はじゃらんnet　～日本最大級の宿・ホテル予約サイト～,true,yad322447,yad322447,2027-01-10,2027-01-11,1,2,1,0,JPY,ja,2_adults_1_room_1_night,available,not_sold_out_confirmed,,,missing_or_unclear,C,C,Price visible but meal_basis=unknown_meal_basis (jalan_ambiguous_meal_and_room_only_tokens); excluded from room-only DP per confirmed policy.,132000,,,tax_included_total,jalan_unknown_meal_basis_excluded,false,false,true,unknown_meal_basis_excluded,page_chrome_coupon_or_discount_evidence;unknown_meal_basis_excluded;meal_basis=unknown_meal_basis,,,/Users/gini/Documents/ZMI/zao-market-intelligence/.data/debug/auto-runner-market-refresh-rotating/20260717_000006/jalan/classification_decisions/yad322447_2027-01-10.json,zao_local_history_v1
2026-07-17|jalan|深山荘 高見屋|yad321744|2027-01-09|2027-01-10|2_adults_1_room_1_night,fe5487a67d4b9cb789f03cdaff633cdc72460abb9226474485fc62a22aa21af2,2027_01,2026-07-17,2026-07-17T02:00:06+09:00,2026-07-17T02:00:06+09:00,jalan,AUTO-RUNNER10X,integrated_jalan_bounded_live,深山荘 高見屋,国内旅行・海外旅行や宿・ホテルの宿泊予約はじゃらんnet　～日本最大級の宿・ホテル予約サイト～,true,yad321744,yad321744,2027-01-09,2027-01-10,1,2,1,0,JPY,ja,2_adults_1_room_1_night,sold_out,sold_out,,,missing_or_unclear,insufficient,insufficient,selected_date_calendar_sold_out,,,,missing_or_unclear,jalan_sold_out_excluded,false,false,true,sold_out_without_price,page_chrome_coupon_or_discount_evidence;tax_included_total_not_confirmed,,,/Users/gini/Documents/ZMI/zao-market-intelligence/.data/debug/auto-runner-market-refresh-rotating/20260717_020006/jalan/classification_decisions/yad321744_2027-01-09.json,zao_local_history_v1
2026-07-17|jalan|蔵王四季のホテル|yad322447|2027-01-02|2027-01-03|2_adults_1_room_1_night,807029e7f38dd8608cd12aff76209a633b61c0d57856925c3460b871b801050d,2027_01,2026-07-17,2026-07-17T02:00:06+09:00,2026-07-17T02:00:06+09:00,jalan,AUTO-RUNNER10X,integrated_jalan_bounded_live,蔵王四季のホテル,国内旅行・海外旅行や宿・ホテルの宿泊予約はじゃらんnet　～日本最大級の宿・ホテル予約サイト～,true,yad322447,yad322447,2027-01-02,2027-01-03,1,2,1,0,JPY,ja,2_adults_1_room_1_night,available,not_sold_out_confirmed,,,missing_or_unclear,C,C,Price visible but meal_basis=unknown_meal_basis (jalan_ambiguous_meal_and_room_only_tokens); excluded from room-only DP per confirmed policy.,160600,,,tax_included_total,jalan_unknown_meal_basis_excluded,false,false,true,unknown_meal_basis_excluded,page_chrome_coupon_or_discount_evidence;unknown_meal_basis_excluded;meal_basis=unknown_meal_basis,,,/Users/gini/Documents/ZMI/zao-market-intelligence/.data/debug/auto-runner-market-refresh-rotating/20260717_020006/jalan/classification_decisions/yad322447_2027-01-02.json,zao_local_history_v1
2026-07-17|jalan|蔵王四季のホテル|yad322447|2027-01-03|2027-01-04|2_adults_1_room_1_night,1d1a2d4082687b788b85ba6122fa407569c383eb119c4ac5fd8065f6893d4734,2027_01,2026-07-17,2026-07-17T04:00:06+09:00,2026-07-17T04:00:06+09:00,jalan,AUTO-RUNNER10X,integrated_jalan_bounded_live,蔵王四季のホテル,国内旅行・海外旅行や宿・ホテルの宿泊予約はじゃらんnet　～日本最大級の宿・ホテル予約サイト～,true,yad322447,yad322447,2027-01-03,2027-01-04,1,2,1,0,JPY,ja,2_adults_1_room_1_night,available,not_sold_out_confirmed,,,missing_or_unclear,C,C,Price visible but meal_basis=unknown_meal_basis (jalan_ambiguous_meal_and_room_only_tokens); excluded from room-only DP per confirmed policy.,123200,,,tax_included_total,jalan_unknown_meal_basis_excluded,false,false,true,unknown_meal_basis_excluded,page_chrome_coupon_or_discount_evidence;unknown_meal_basis_excluded;meal_basis=unknown_meal_basis,,,/Users/gini/Documents/ZMI/zao-market-intelligence/.data/debug/auto-runner-market-refresh-rotating/20260717_040006/jalan/classification_decisions/yad322447_2027-01-03.json,zao_local_history_v1
2026-07-17|jalan|蔵王四季のホテル|yad322447|2027-01-11|2027-01-12|2_adults_1_room_1_night,5d8598ab973694e77e2585003a27be52201a2df2300d1ab190892a66163127fe,2027_01,2026-07-17,2026-07-17T06:00:06+09:00,2026-07-17T06:00:06+09:00,jalan,AUTO-RUNNER10X,integrated_jalan_bounded_live,蔵王四季のホテル,国内旅行・海外旅行や宿・ホテルの宿泊予約はじゃらんnet　～日本最大級の宿・ホテル予約サイト～,true,yad322447,yad322447,2027-01-11,2027-01-12,1,2,1,0,JPY,ja,2_adults_1_room_1_night,available,not_sold_out_confirmed,,,missing_or_unclear,C,C,Price visible but meal_basis=unknown_meal_basis (jalan_ambiguous_meal_and_room_only_tokens); excluded from room-only DP per confirmed policy.,99000,,,tax_included_total,jalan_unknown_meal_basis_excluded,false,false,true,unknown_meal_basis_excluded,page_chrome_coupon_or_discount_evidence;unknown_meal_basis_excluded;meal_basis=unknown_meal_basis,,,/Users/gini/Documents/ZMI/zao-market-intelligence/.data/debug/auto-runner-market-refresh-rotating/20260717_060006/jalan/classification_decisions/yad322447_2027-01-11.json,zao_local_history_v1
2026-07-17|jalan|ペンション木いちご|yad325769|2027-01-01|2027-01-02|2_adults_1_room_1_night,73e2a7b219562a17bdb6a6c6a04bc8d6b843aedc1bcd94bb628b80e2f0132b89,2027_01,2026-07-17,2026-07-17T10:00:06+09:00,2026-07-17T10:00:06+09:00,jalan,AUTO-RUNNER10X,integrated_jalan_bounded_live,ペンション木いちご,国内旅行・海外旅行や宿・ホテルの宿泊予約はじゃらんnet　～日本最大級の宿・ホテル予約サイト～,true,yad325769,yad325769,2027-01-01,2027-01-02,1,2,1,0,JPY,ja,2_adults_1_room_1_night,sold_out,sold_out,,,missing_or_unclear,insufficient,insufficient,selected_date_calendar_sold_out,,,,missing_or_unclear,jalan_sold_out_excluded,false,false,true,sold_out_without_price,page_chrome_coupon_or_discount_evidence;tax_included_total_not_confirmed,,,/Users/gini/Documents/ZMI/zao-market-intelligence/.data/debug/auto-runner-market-refresh-rotating/20260717_100006/jalan/classification_decisions/yad325769_2027-01-01.json,zao_local_history_v1
2026-07-17|jalan|ペンション木いちご|yad325769|2027-01-02|2027-01-03|2_adults_1_room_1_night,ea4fe375b983d41c5d1582a76d53b1ccfb1bfa86825c9159e079cd0955a7b215,2027_01,2026-07-17,2026-07-17T10:00:06+09:00,2026-07-17T10:00:06+09:00,jalan,AUTO-RUNNER10X,integrated_jalan_bounded_live,ペンション木いちご,国内旅行・海外旅行や宿・ホテルの宿泊予約はじゃらんnet　～日本最大級の宿・ホテル予約サイト～,true,yad325769,yad325769,2027-01-02,2027-01-03,1,2,1,0,JPY,ja,2_adults_1_room_1_night,sold_out,sold_out,,,missing_or_unclear,insufficient,insufficient,selected_date_calendar_sold_out,,,,missing_or_unclear,jalan_sold_out_excluded,false,false,true,sold_out_without_price,page_chrome_coupon_or_discount_evidence;tax_included_total_not_confirmed,,,/Users/gini/Documents/ZMI/zao-market-intelligence/.data/debug/auto-runner-market-refresh-rotating/20260717_100006/jalan/classification_decisions/yad325769_2027-01-02.json,zao_local_history_v1
2026-07-17|jalan|ペンション木いちご|yad325769|2027-01-03|2027-01-04|2_adults_1_room_1_night,477e48a36d44eef40d658de4e923cf63766e9e98b77d25fa0894adaf9470c7ce,2027_01,2026-07-17,2026-07-17T12:00:06+09:00,2026-07-17T12:00:06+09:00,jalan,AUTO-RUNNER10X,integrated_jalan_bounded_live,ペンション木いちご,国内旅行・海外旅行や宿・ホテルの宿泊予約はじゃらんnet　～日本最大級の宿・ホテル予約サイト～,true,yad325769,yad325769,2027-01-03,2027-01-04,1,2,1,0,JPY,ja,2_adults_1_room_1_night,sold_out,sold_out,,,missing_or_unclear,insufficient,insufficient,price_basis_or_date_scope_unclear,,,,missing_or_unclear,jalan_sold_out_excluded,false,false,true,sold_out_without_price,page_chrome_coupon_or_discount_evidence;tax_included_total_not_confirmed,,,/Users/gini/Documents/ZMI/zao-market-intelligence/.data/debug/auto-runner-market-refresh-rotating/20260717_120006/jalan/classification_decisions/yad325769_2027-01-03.json,zao_local_history_v1
2026-07-17|jalan|ペンション木いちご|yad325769|2027-01-09|2027-01-10|2_adults_1_room_1_night,68ecd4b5f1784215123485a67498d7defeec55c8066c9a600987c1ec8ee065f8,2027_01,2026-07-17,2026-07-17T12:00:06+09:00,2026-07-17T12:00:06+09:00,jalan,AUTO-RUNNER10X,integrated_jalan_bounded_live,ペンション木いちご,国内旅行・海外旅行や宿・ホテルの宿泊予約はじゃらんnet　～日本最大級の宿・ホテル予約サイト～,true,yad325769,yad325769,2027-01-09,2027-01-10,1,2,1,0,JPY,ja,2_adults_1_room_1_night,sold_out,sold_out,,,missing_or_unclear,insufficient,insufficient,selected_date_calendar_sold_out,,,,missing_or_unclear,jalan_sold_out_excluded,false,false,true,sold_out_without_price,page_chrome_coupon_or_discount_evidence;tax_included_total_not_confirmed,,,/Users/gini/Documents/ZMI/zao-market-intelligence/.data/debug/auto-runner-market-refresh-rotating/20260717_120006/jalan/classification_decisions/yad325769_2027-01-09.json,zao_local_history_v1
2026-07-17|jalan|ペンション木いちご|yad325769|2027-01-10|2027-01-11|2_adults_1_room_1_night,d2ef0e755aa4ad19515643703244bf7f25c9bc7a1a59010e03611efcf2b6da26,2027_01,2026-07-17,2026-07-17T14:00:06+09:00,2026-07-17T14:00:06+09:00,jalan,AUTO-RUNNER10X,integrated_jalan_bounded_live,ペンション木いちご,国内旅行・海外旅行や宿・ホテルの宿泊予約はじゃらんnet　～日本最大級の宿・ホテル予約サイト～,true,yad325769,yad325769,2027-01-10,2027-01-11,1,2,1,0,JPY,ja,2_adults_1_room_1_night,sold_out,sold_out,,,missing_or_unclear,insufficient,insufficient,selected_date_calendar_sold_out,,,,missing_or_unclear,jalan_sold_out_excluded,false,false,true,sold_out_without_price,page_chrome_coupon_or_discount_evidence;tax_included_total_not_confirmed,,,/Users/gini/Documents/ZMI/zao-market-intelligence/.data/debug/auto-runner-market-refresh-rotating/20260717_140006/jalan/classification_decisions/yad325769_2027-01-10.json,zao_local_history_v1
2026-07-17|jalan|ペンション木いちご|yad325769|2027-01-11|2027-01-12|2_adults_1_room_1_night,e8cf13e7763c9c171efc4855f64cc87f9e247e49a24455f576966c3de31fd7a6,2027_01,2026-07-17,2026-07-17T16:00:05+09:00,2026-07-17T16:00:05+09:00,jalan,AUTO-RUNNER10X,integrated_jalan_bounded_live,ペンション木いちご,国内旅行・海外旅行や宿・ホテルの宿泊予約はじゃらんnet　～日本最大級の宿・ホテル予約サイト～,true,yad325769,yad325769,2027-01-11,2027-01-12,1,2,1,0,JPY,ja,2_adults_1_room_1_night,sold_out,sold_out,,,missing_or_unclear,insufficient,insufficient,selected_date_calendar_sold_out,,,,missing_or_unclear,jalan_sold_out_excluded,false,false,true,sold_out_without_price,page_chrome_coupon_or_discount_evidence;tax_included_total_not_confirmed,,,/Users/gini/Documents/ZMI/zao-market-intelligence/.data/debug/auto-runner-market-refresh-rotating/20260717_160005/jalan/classification_decisions/yad325769_2027-01-11.json,zao_local_history_v1
2026-07-17|jalan|ペンション木いちご|yad325769|2027-01-16|2027-01-17|2_adults_1_room_1_night,f5f3d1258bfab0d93a4935c95d4507752f299b4450642c91ce0e8c84b368fb65,2027_01,2026-07-17,2026-07-17T18:00:06+09:00,2026-07-17T18:00:06+09:00,jalan,AUTO-RUNNER10X,integrated_jalan_bounded_live,ペンション木いちご,国内旅行・海外旅行や宿・ホテルの宿泊予約はじゃらんnet　～日本最大級の宿・ホテル予約サイト～,true,yad325769,yad325769,2027-01-16,2027-01-17,1,2,1,0,JPY,ja,2_adults_1_room_1_night,sold_out,sold_out,,,missing_or_unclear,insufficient,insufficient,selected_date_calendar_sold_out,,,,missing_or_unclear,jalan_sold_out_excluded,false,false,true,sold_out_without_price,page_chrome_coupon_or_discount_evidence;tax_included_total_not_confirmed,,,/Users/gini/Documents/ZMI/zao-market-intelligence/.data/debug/auto-runner-market-refresh-rotating/20260717_180006/jalan/classification_decisions/yad325769_2027-01-16.json,zao_local_history_v1
2026-07-18|jalan|ペンション木いちご|yad325769|2027-01-23|2027-01-24|2_adults_1_room_1_night,897ef7d60113b785991f99dacf9efd885473693d7a097b1974c582f8996d6365,2027_01,2026-07-18,2026-07-18T00:00:01+09:00,2026-07-18T00:00:01+09:00,jalan,AUTO-RUNNER10X,integrated_jalan_bounded_live,ペンション木いちご,国内旅行・海外旅行や宿・ホテルの宿泊予約はじゃらんnet　～日本最大級の宿・ホテル予約サイト～,true,yad325769,yad325769,2027-01-23,2027-01-24,1,2,1,0,JPY,ja,2_adults_1_room_1_night,sold_out,sold_out,,,missing_or_unclear,insufficient,insufficient,selected_date_calendar_sold_out,,,,missing_or_unclear,jalan_sold_out_excluded,false,false,true,sold_out_without_price,tax_included_total_not_confirmed,,,/Users/gini/Documents/ZMI/zao-market-intelligence/.data/debug/auto-runner-market-refresh-rotating/20260718_000001/jalan/classification_decisions/yad325769_2027-01-23.json,zao_local_history_v1
2026-07-18|jalan|深山荘 高見屋|yad321744|2027-01-01|2027-01-02|2_adults_1_room_1_night,63e8ec0c1c292293703b7e8310a7fe7336f781a2f7a6f91094fe2e4192c5e1fa,2027_01,2026-07-18,2026-07-18T14:00:06+09:00,2026-07-18T14:00:06+09:00,jalan,AUTO-RUNNER10X,integrated_jalan_bounded_live,深山荘 高見屋,国内旅行・海外旅行や宿・ホテルの宿泊予約はじゃらんnet　～日本最大級の宿・ホテル予約サイト～,true,yad321744,yad321744,2027-01-01,2027-01-02,1,2,1,0,JPY,ja,2_adults_1_room_1_night,sold_out,sold_out,,,missing_or_unclear,insufficient,insufficient,selected_date_calendar_sold_out,,,,missing_or_unclear,jalan_sold_out_excluded,false,false,true,sold_out_without_price,page_chrome_coupon_or_discount_evidence;tax_included_total_not_confirmed,,,/Users/gini/Documents/ZMI/zao-market-intelligence/.data/debug/auto-runner-market-refresh-rotating/20260718_140006/jalan/classification_decisions/yad321744_2027-01-01.json,zao_local_history_v1
2026-07-18|jalan|深山荘 高見屋|yad321744|2027-01-02|2027-01-03|2_adults_1_room_1_night,21fd7dd2465a436ef91a35afdd14e24fd1739896a27c38205b4f7ecbc3afb7ee,2027_01,2026-07-18,2026-07-18T20:00:06+09:00,2026-07-18T20:00:06+09:00,jalan,AUTO-RUNNER10X,integrated_jalan_bounded_live,深山荘 高見屋,国内旅行・海外旅行や宿・ホテルの宿泊予約はじゃらんnet　～日本最大級の宿・ホテル予約サイト～,true,yad321744,yad321744,2027-01-02,2027-01-03,1,2,1,0,JPY,ja,2_adults_1_room_1_night,sold_out,sold_out,,,missing_or_unclear,insufficient,insufficient,selected_date_calendar_sold_out,,,,missing_or_unclear,jalan_sold_out_excluded,false,false,true,sold_out_without_price,page_chrome_coupon_or_discount_evidence;tax_included_total_not_confirmed,,,/Users/gini/Documents/ZMI/zao-market-intelligence/.data/debug/auto-runner-market-refresh-rotating/20260718_200006/jalan/classification_decisions/yad321744_2027-01-02.json,zao_local_history_v1
2026-07-19|jalan|蔵王四季のホテル|yad322447|2027-01-01|2027-01-02|2_adults_1_room_1_night,f59ab4b1997eecb56b8c0a5a8ec76bb680c6b3c9e672cf495fce75be7a22fe85,2027_01,2026-07-19,2026-07-19T00:00:02+09:00,2026-07-19T00:00:02+09:00,jalan,AUTO-RUNNER10X,integrated_jalan_bounded_live,蔵王四季のホテル,国内旅行・海外旅行や宿・ホテルの宿泊予約はじゃらんnet　～日本最大級の宿・ホテル予約サイト～,true,yad322447,yad322447,2027-01-01,2027-01-02,1,2,1,0,JPY,ja,2_adults_1_room_1_night,sold_out,sold_out,,,missing_or_unclear,insufficient,insufficient,selected_date_calendar_sold_out,,,,missing_or_unclear,jalan_sold_out_excluded,false,false,true,sold_out_without_price,page_chrome_coupon_or_discount_evidence;tax_included_total_not_confirmed,,,/Users/gini/Documents/ZMI/zao-market-intelligence/.data/debug/auto-runner-market-refresh-rotating/20260719_000002/jalan/classification_decisions/yad322447_2027-01-01.json,zao_local_history_v1
2026-07-19|jalan|蔵王四季のホテル|yad322447|2027-01-02|2027-01-03|2_adults_1_room_1_night,b618c6d1575c6d7efa74852193045ee7e3f90553987a13dee846f2c6b5261eb7,2027_01,2026-07-19,2026-07-19T00:00:02+09:00,2026-07-19T00:00:02+09:00,jalan,AUTO-RUNNER10X,integrated_jalan_bounded_live,蔵王四季のホテル,国内旅行・海外旅行や宿・ホテルの宿泊予約はじゃらんnet　～日本最大級の宿・ホテル予約サイト～,true,yad322447,yad322447,2027-01-02,2027-01-03,1,2,1,0,JPY,ja,2_adults_1_room_1_night,available,not_sold_out_confirmed,,,missing_or_unclear,C,C,Price visible but meal_basis=unknown_meal_basis (jalan_ambiguous_meal_and_room_only_tokens); excluded from room-only DP per confirmed policy.,160600,,,tax_included_total,jalan_unknown_meal_basis_excluded,false,false,true,unknown_meal_basis_excluded,page_chrome_coupon_or_discount_evidence;unknown_meal_basis_excluded;meal_basis=unknown_meal_basis,,,/Users/gini/Documents/ZMI/zao-market-intelligence/.data/debug/auto-runner-market-refresh-rotating/20260719_000002/jalan/classification_decisions/yad322447_2027-01-02.json,zao_local_history_v1
2026-07-19|jalan|蔵王四季のホテル|yad322447|2027-01-03|2027-01-04|2_adults_1_room_1_night,e1235a4e1b204fdea6f74760512fef0c106227534b1fb90be67c8acb789eacec,2027_01,2026-07-19,2026-07-19T02:00:06+09:00,2026-07-19T02:00:06+09:00,jalan,AUTO-RUNNER10X,integrated_jalan_bounded_live,蔵王四季のホテル,国内旅行・海外旅行や宿・ホテルの宿泊予約はじゃらんnet　～日本最大級の宿・ホテル予約サイト～,true,yad322447,yad322447,2027-01-03,2027-01-04,1,2,1,0,JPY,ja,2_adults_1_room_1_night,available,not_sold_out_confirmed,,,missing_or_unclear,C,C,Price visible but meal_basis=unknown_meal_basis (jalan_ambiguous_meal_and_room_only_tokens); excluded from room-only DP per confirmed policy.,123200,,,tax_included_total,jalan_unknown_meal_basis_excluded,false,false,true,unknown_meal_basis_excluded,page_chrome_coupon_or_discount_evidence;unknown_meal_basis_excluded;meal_basis=unknown_meal_basis,,,/Users/gini/Documents/ZMI/zao-market-intelligence/.data/debug/auto-runner-market-refresh-rotating/20260719_020006/jalan/classification_decisions/yad322447_2027-01-03.json,zao_local_history_v1
2026-07-19|jalan|ペンション木いちご|yad325769|2027-01-01|2027-01-02|2_adults_1_room_1_night,3fc5f3d382fc6f0c2dbb756fc1fc520e3dc33bf54bda54aa293eaf51a47bdcc3,2027_01,2026-07-19,2026-07-19T08:00:06+09:00,2026-07-19T08:00:06+09:00,jalan,AUTO-RUNNER10X,integrated_jalan_bounded_live,ペンション木いちご,国内旅行・海外旅行や宿・ホテルの宿泊予約はじゃらんnet　～日本最大級の宿・ホテル予約サイト～,true,yad325769,yad325769,2027-01-01,2027-01-02,1,2,1,0,JPY,ja,2_adults_1_room_1_night,sold_out,sold_out,,,missing_or_unclear,insufficient,insufficient,selected_date_calendar_sold_out,,,,missing_or_unclear,jalan_sold_out_excluded,false,false,true,sold_out_without_price,tax_included_total_not_confirmed,,,/Users/gini/Documents/ZMI/zao-market-intelligence/.data/debug/auto-runner-market-refresh-rotating/20260719_080006/jalan/classification_decisions/yad325769_2027-01-01.json,zao_local_history_v1
2026-07-19|jalan|ペンション木いちご|yad325769|2027-01-02|2027-01-03|2_adults_1_room_1_night,95294720b3a16ee3ce5cf903088def172dffa38441b149e85a2e289fe9771677,2027_01,2026-07-19,2026-07-19T08:00:06+09:00,2026-07-19T08:00:06+09:00,jalan,AUTO-RUNNER10X,integrated_jalan_bounded_live,ペンション木いちご,国内旅行・海外旅行や宿・ホテルの宿泊予約はじゃらんnet　～日本最大級の宿・ホテル予約サイト～,true,yad325769,yad325769,2027-01-02,2027-01-03,1,2,1,0,JPY,ja,2_adults_1_room_1_night,sold_out,sold_out,,,missing_or_unclear,insufficient,insufficient,selected_date_calendar_sold_out,,,,missing_or_unclear,jalan_sold_out_excluded,false,false,true,sold_out_without_price,tax_included_total_not_confirmed,,,/Users/gini/Documents/ZMI/zao-market-intelligence/.data/debug/auto-runner-market-refresh-rotating/20260719_080006/jalan/classification_decisions/yad325769_2027-01-02.json,zao_local_history_v1
2026-07-19|jalan|ペンション木いちご|yad325769|2027-01-03|2027-01-04|2_adults_1_room_1_night,fcab255da6099228057b23849352b1053e4e39b89632e222bc330039adf28df1,2027_01,2026-07-19,2026-07-19T12:00:03+09:00,2026-07-19T12:00:03+09:00,jalan,AUTO-RUNNER10X,integrated_jalan_bounded_live,ペンション木いちご,国内旅行・海外旅行や宿・ホテルの宿泊予約はじゃらんnet　～日本最大級の宿・ホテル予約サイト～,true,yad325769,yad325769,2027-01-03,2027-01-04,1,2,1,0,JPY,ja,2_adults_1_room_1_night,sold_out,sold_out,,,missing_or_unclear,insufficient,insufficient,selected_date_calendar_sold_out,,,,missing_or_unclear,jalan_sold_out_excluded,false,false,true,sold_out_without_price,tax_included_total_not_confirmed,,,/Users/gini/Documents/ZMI/zao-market-intelligence/.data/debug/auto-runner-market-refresh-rotating/20260719_120003/jalan/classification_decisions/yad325769_2027-01-03.json,zao_local_history_v1
2026-07-19|jalan|ペンション木いちご|yad325769|2027-01-09|2027-01-10|2_adults_1_room_1_night,87c218e49a59622937d99627fbcae21fc3bbf7b3996ee6cd19436e1cd3a420b6,2027_01,2026-07-19,2026-07-19T12:00:03+09:00,2026-07-19T12:00:03+09:00,jalan,AUTO-RUNNER10X,integrated_jalan_bounded_live,ペンション木いちご,国内旅行・海外旅行や宿・ホテルの宿泊予約はじゃらんnet　～日本最大級の宿・ホテル予約サイト～,true,yad325769,yad325769,2027-01-09,2027-01-10,1,2,1,0,JPY,ja,2_adults_1_room_1_night,sold_out,sold_out,,,missing_or_unclear,insufficient,insufficient,selected_date_calendar_sold_out,,,,missing_or_unclear,jalan_sold_out_excluded,false,false,true,sold_out_without_price,tax_included_total_not_confirmed,,,/Users/gini/Documents/ZMI/zao-market-intelligence/.data/debug/auto-runner-market-refresh-rotating/20260719_120003/jalan/classification_decisions/yad325769_2027-01-09.json,zao_local_history_v1
2026-07-19|jalan|たかみや瑠璃倶楽|yad316848|2027-01-01|2027-01-02|2_adults_1_room_1_night,1aa5219981c6a88b014c56810b5ffbf649f75ae3cd49472c8006545b0800ac1e,2027_01,2026-07-19,2026-07-19T14:00:06+09:00,2026-07-19T14:00:06+09:00,jalan,AUTO-RUNNER10X,integrated_jalan_bounded_live,たかみや瑠璃倶楽,国内旅行・海外旅行や宿・ホテルの宿泊予約はじゃらんnet　～日本最大級の宿・ホテル予約サイト～,true,yad316848,yad316848,2027-01-01,2027-01-02,1,2,1,0,JPY,ja,2_adults_1_room_1_night,sold_out,sold_out,,,missing_or_unclear,insufficient,insufficient,selected_date_calendar_sold_out,,,,missing_or_unclear,jalan_sold_out_excluded,false,false,true,sold_out_without_price,page_chrome_coupon_or_discount_evidence;tax_included_total_not_confirmed,,,/Users/gini/Documents/ZMI/zao-market-intelligence/.data/debug/auto-runner-market-refresh-rotating/20260719_140006/jalan/classification_decisions/yad316848_2027-01-01.json,zao_local_history_v1
2026-07-19|jalan|たかみや瑠璃倶楽|yad316848|2027-01-02|2027-01-03|2_adults_1_room_1_night,5c4fd1fedb8db2c106ce986724e2c8ad8b0b9c92ffbafb8516ca65ad8edef727,2027_01,2026-07-19,2026-07-19T16:00:00+09:00,2026-07-19T16:00:00+09:00,jalan,AUTO-RUNNER10X,integrated_jalan_bounded_live,たかみや瑠璃倶楽,国内旅行・海外旅行や宿・ホテルの宿泊予約はじゃらんnet　～日本最大級の宿・ホテル予約サイト～,true,yad316848,yad316848,2027-01-02,2027-01-03,1,2,1,0,JPY,ja,2_adults_1_room_1_night,sold_out,sold_out,,,missing_or_unclear,insufficient,insufficient,selected_date_calendar_sold_out,,,,missing_or_unclear,jalan_sold_out_excluded,false,false,true,sold_out_without_price,page_chrome_coupon_or_discount_evidence;tax_included_total_not_confirmed,,,/Users/gini/Documents/ZMI/zao-market-intelligence/.data/debug/auto-runner-market-refresh-rotating/20260719_160000/jalan/classification_decisions/yad316848_2027-01-02.json,zao_local_history_v1
2026-07-19|jalan|ペンション木いちご|yad325769|2027-01-10|2027-01-11|2_adults_1_room_1_night,205ee44595903ec40c58b3d1f4836a3130f3ff758a90b9f546be217d657699a6,2027_01,2026-07-19,2026-07-19T16:00:00+09:00,2026-07-19T16:00:00+09:00,jalan,AUTO-RUNNER10X,integrated_jalan_bounded_live,ペンション木いちご,国内旅行・海外旅行や宿・ホテルの宿泊予約はじゃらんnet　～日本最大級の宿・ホテル予約サイト～,true,yad325769,yad325769,2027-01-10,2027-01-11,1,2,1,0,JPY,ja,2_adults_1_room_1_night,sold_out,sold_out,,,missing_or_unclear,insufficient,insufficient,price_basis_or_date_scope_unclear,,,,missing_or_unclear,jalan_sold_out_excluded,false,false,true,sold_out_without_price,tax_included_total_not_confirmed,,,/Users/gini/Documents/ZMI/zao-market-intelligence/.data/debug/auto-runner-market-refresh-rotating/20260719_160000/jalan/classification_decisions/yad325769_2027-01-10.json,zao_local_history_v1
2026-07-19|jalan|ペンション木いちご|yad325769|2027-01-11|2027-01-12|2_adults_1_room_1_night,9e7b3cc245a4f91df95502119c2d23235834817b379422159d11467b4c94e07f,2027_01,2026-07-19,2026-07-19T16:00:00+09:00,2026-07-19T16:00:00+09:00,jalan,AUTO-RUNNER10X,integrated_jalan_bounded_live,ペンション木いちご,国内旅行・海外旅行や宿・ホテルの宿泊予約はじゃらんnet　～日本最大級の宿・ホテル予約サイト～,true,yad325769,yad325769,2027-01-11,2027-01-12,1,2,1,0,JPY,ja,2_adults_1_room_1_night,sold_out,sold_out,,,missing_or_unclear,insufficient,insufficient,selected_date_calendar_sold_out,,,,missing_or_unclear,jalan_sold_out_excluded,false,false,true,sold_out_without_price,tax_included_total_not_confirmed,,,/Users/gini/Documents/ZMI/zao-market-intelligence/.data/debug/auto-runner-market-refresh-rotating/20260719_160000/jalan/classification_decisions/yad325769_2027-01-11.json,zao_local_history_v1
2026-07-19|jalan|たかみや瑠璃倶楽|yad316848|2027-01-03|2027-01-04|2_adults_1_room_1_night,acc336270b555040f16efc6dd621a0920d5a14424282eca6f93ff8c2094ce3ac,2027_01,2026-07-19,2026-07-19T20:00:05+09:00,2026-07-19T20:00:05+09:00,jalan,AUTO-RUNNER10X,integrated_jalan_bounded_live,たかみや瑠璃倶楽,国内旅行・海外旅行や宿・ホテルの宿泊予約はじゃらんnet　～日本最大級の宿・ホテル予約サイト～,true,yad316848,yad316848,2027-01-03,2027-01-04,1,2,1,0,JPY,ja,2_adults_1_room_1_night,sold_out,sold_out,,,missing_or_unclear,insufficient,insufficient,selected_date_calendar_sold_out,,,,missing_or_unclear,jalan_sold_out_excluded,false,false,true,sold_out_without_price,page_chrome_coupon_or_discount_evidence;tax_included_total_not_confirmed,,,/Users/gini/Documents/ZMI/zao-market-intelligence/.data/debug/auto-runner-market-refresh-rotating/20260719_200005/jalan/classification_decisions/yad316848_2027-01-03.json,zao_local_history_v1
2026-07-19|jalan|たかみや瑠璃倶楽|yad316848|2027-01-09|2027-01-10|2_adults_1_room_1_night,f27c4e988ae23f725e4189ef29facd474333e91eb369432809d1592560bd4373,2027_01,2026-07-19,2026-07-19T20:00:05+09:00,2026-07-19T20:00:05+09:00,jalan,AUTO-RUNNER10X,integrated_jalan_bounded_live,たかみや瑠璃倶楽,国内旅行・海外旅行や宿・ホテルの宿泊予約はじゃらんnet　～日本最大級の宿・ホテル予約サイト～,true,yad316848,yad316848,2027-01-09,2027-01-10,1,2,1,0,JPY,ja,2_adults_1_room_1_night,sold_out,sold_out,,,missing_or_unclear,insufficient,insufficient,selected_date_calendar_sold_out,,,,missing_or_unclear,jalan_sold_out_excluded,false,false,true,sold_out_without_price,page_chrome_coupon_or_discount_evidence;tax_included_total_not_confirmed,,,/Users/gini/Documents/ZMI/zao-market-intelligence/.data/debug/auto-runner-market-refresh-rotating/20260719_200005/jalan/classification_decisions/yad316848_2027-01-09.json,zao_local_history_v1
2026-07-20|jalan|ペンション木いちご|yad325769|2027-01-16|2027-01-17|2_adults_1_room_1_night,059179df06e519a295afa5f23fa0f34e09af151119e2fa6b019b7c8489884c36,2027_01,2026-07-20,2026-07-20T02:00:06+09:00,2026-07-20T02:00:06+09:00,jalan,AUTO-RUNNER10X,integrated_jalan_bounded_live,ペンション木いちご,国内旅行・海外旅行や宿・ホテルの宿泊予約はじゃらんnet　～日本最大級の宿・ホテル予約サイト～,true,yad325769,yad325769,2027-01-16,2027-01-17,1,2,1,0,JPY,ja,2_adults_1_room_1_night,sold_out,sold_out,,,missing_or_unclear,insufficient,insufficient,selected_date_calendar_sold_out,,,,missing_or_unclear,jalan_sold_out_excluded,false,false,true,sold_out_without_price,tax_included_total_not_confirmed,,,/Users/gini/Documents/ZMI/zao-market-intelligence/.data/debug/auto-runner-market-refresh-rotating/20260720_020006/jalan/classification_decisions/yad325769_2027-01-16.json,zao_local_history_v1
2026-07-20|jalan|蔵王四季のホテル|yad322447|2027-01-01|2027-01-02|2_adults_1_room_1_night,af12ce750819fad6605063564c800fbb250b85eb0f06d560ae426c46e03ababa,2027_01,2026-07-20,2026-07-20T08:00:06+09:00,2026-07-20T08:00:06+09:00,jalan,AUTO-RUNNER10X,integrated_jalan_bounded_live,蔵王四季のホテル,国内旅行・海外旅行や宿・ホテルの宿泊予約はじゃらんnet　～日本最大級の宿・ホテル予約サイト～,true,yad322447,yad322447,2027-01-01,2027-01-02,1,2,1,0,JPY,ja,2_adults_1_room_1_night,sold_out,sold_out,,,missing_or_unclear,insufficient,insufficient,price_basis_or_date_scope_unclear,,,,missing_or_unclear,jalan_sold_out_excluded,false,false,true,sold_out_without_price,page_chrome_coupon_or_discount_evidence;tax_included_total_not_confirmed,,,/Users/gini/Documents/ZMI/zao-market-intelligence/.data/debug/auto-runner-market-refresh-rotating/20260720_080006/jalan/classification_decisions/yad322447_2027-01-01.json,zao_local_history_v1
2026-07-20|jalan|蔵王四季のホテル|yad322447|2027-01-02|2027-01-03|2_adults_1_room_1_night,ea6f95fca8c44c22d8e89b7a09ca0c529914f264d9452d33f16f28e0adc35d17,2027_01,2026-07-20,2026-07-20T14:00:06+09:00,2026-07-20T14:00:06+09:00,jalan,AUTO-RUNNER10X,integrated_jalan_bounded_live,蔵王四季のホテル,国内旅行・海外旅行や宿・ホテルの宿泊予約はじゃらんnet　～日本最大級の宿・ホテル予約サイト～,true,yad322447,yad322447,2027-01-02,2027-01-03,1,2,1,0,JPY,ja,2_adults_1_room_1_night,available,not_sold_out_confirmed,,,missing_or_unclear,C,C,Price visible but meal_basis=unknown_meal_basis (jalan_ambiguous_meal_and_room_only_tokens); excluded from room-only DP per confirmed policy.,160600,,,tax_included_total,jalan_unknown_meal_basis_excluded,false,false,true,unknown_meal_basis_excluded,selected_plan_coupon_or_discount_evidence;unknown_meal_basis_excluded;meal_basis=unknown_meal_basis,,,/Users/gini/Documents/ZMI/zao-market-intelligence/.data/debug/auto-runner-market-refresh-rotating/20260720_140006/jalan/classification_decisions/yad322447_2027-01-02.json,zao_local_history_v1
2026-07-20|jalan|蔵王四季のホテル|yad322447|2027-01-03|2027-01-04|2_adults_1_room_1_night,af2d3c527b7097df12316fb11b1d12e38fbb0ef0eec45b17f2355a9a2a7a3160,2027_01,2026-07-20,2026-07-20T14:00:06+09:00,2026-07-20T14:00:06+09:00,jalan,AUTO-RUNNER10X,integrated_jalan_bounded_live,蔵王四季のホテル,国内旅行・海外旅行や宿・ホテルの宿泊予約はじゃらんnet　～日本最大級の宿・ホテル予約サイト～,true,yad322447,yad322447,2027-01-03,2027-01-04,1,2,1,0,JPY,ja,2_adults_1_room_1_night,available,not_sold_out_confirmed,,,missing_or_unclear,C,C,Price visible but meal_basis=unknown_meal_basis (jalan_ambiguous_meal_and_room_only_tokens); excluded from room-only DP per confirmed policy.,123200,,,tax_included_total,jalan_unknown_meal_basis_excluded,false,false,true,unknown_meal_basis_excluded,selected_plan_coupon_or_discount_evidence;unknown_meal_basis_excluded;meal_basis=unknown_meal_basis,,,/Users/gini/Documents/ZMI/zao-market-intelligence/.data/debug/auto-runner-market-refresh-rotating/20260720_140006/jalan/classification_decisions/yad322447_2027-01-03.json,zao_local_history_v1
2026-07-20|jalan|蔵王国際ホテル|yad309590|2027-01-01|2027-01-02|2_adults_1_room_1_night,68149d5769d2f9e80ebac82c890c1c03e4054ff72aad17eaf1f9b97e868dd7fc,2027_01,2026-07-20,2026-07-20T16:00:06+09:00,2026-07-20T16:00:06+09:00,jalan,AUTO-RUNNER10X,integrated_jalan_bounded_live,蔵王国際ホテル,国内旅行・海外旅行や宿・ホテルの宿泊予約はじゃらんnet　～日本最大級の宿・ホテル予約サイト～,true,yad309590,yad309590,2027-01-01,2027-01-02,1,2,1,0,JPY,ja,2_adults_1_room_1_night,sold_out,sold_out,,,missing_or_unclear,insufficient,insufficient,selected_date_calendar_sold_out,,,,missing_or_unclear,jalan_sold_out_excluded,false,false,true,sold_out_without_price,page_chrome_coupon_or_discount_evidence;tax_included_total_not_confirmed,,,/Users/gini/Documents/ZMI/zao-market-intelligence/.data/debug/auto-runner-market-refresh-rotating/20260720_160006/jalan/classification_decisions/yad309590_2027-01-01.json,zao_local_history_v1
2026-07-20|jalan|蔵王四季のホテル|yad322447|2027-01-09|2027-01-10|2_adults_1_room_1_night,351c6a7e263752cf3d1f7c36ea304ed8865b690aa15a96e9134ef5a083920354,2027_01,2026-07-20,2026-07-20T16:00:06+09:00,2026-07-20T16:00:06+09:00,jalan,AUTO-RUNNER10X,integrated_jalan_bounded_live,蔵王四季のホテル,国内旅行・海外旅行や宿・ホテルの宿泊予約はじゃらんnet　～日本最大級の宿・ホテル予約サイト～,true,yad322447,yad322447,2027-01-09,2027-01-10,1,2,1,0,JPY,ja,2_adults_1_room_1_night,available,not_sold_out_confirmed,,,missing_or_unclear,C,C,Price visible but meal_basis=unknown_meal_basis (jalan_ambiguous_meal_and_room_only_tokens); excluded from room-only DP per confirmed policy.,138600,,,tax_included_total,jalan_unknown_meal_basis_excluded,false,false,true,unknown_meal_basis_excluded,selected_plan_coupon_or_discount_evidence;unknown_meal_basis_excluded;meal_basis=unknown_meal_basis,,,/Users/gini/Documents/ZMI/zao-market-intelligence/.data/debug/auto-runner-market-refresh-rotating/20260720_160006/jalan/classification_decisions/yad322447_2027-01-09.json,zao_local_history_v1
2026-07-20|jalan|蔵王四季のホテル|yad322447|2027-01-10|2027-01-11|2_adults_1_room_1_night,be1d157cc67abdf9cc2435b82d17f9f1788af3d99ad44d91b1909556d257f259,2027_01,2026-07-20,2026-07-20T16:00:06+09:00,2026-07-20T16:00:06+09:00,jalan,AUTO-RUNNER10X,integrated_jalan_bounded_live,蔵王四季のホテル,国内旅行・海外旅行や宿・ホテルの宿泊予約はじゃらんnet　～日本最大級の宿・ホテル予約サイト～,true,yad322447,yad322447,2027-01-10,2027-01-11,1,2,1,0,JPY,ja,2_adults_1_room_1_night,available,not_sold_out_confirmed,,,missing_or_unclear,C,C,Price visible but meal_basis=unknown_meal_basis (jalan_ambiguous_meal_and_room_only_tokens); excluded from room-only DP per confirmed policy.,132000,,,tax_included_total,jalan_unknown_meal_basis_excluded,false,false,true,unknown_meal_basis_excluded,selected_plan_coupon_or_discount_evidence;unknown_meal_basis_excluded;meal_basis=unknown_meal_basis,,,/Users/gini/Documents/ZMI/zao-market-intelligence/.data/debug/auto-runner-market-refresh-rotating/20260720_160006/jalan/classification_decisions/yad322447_2027-01-10.json,zao_local_history_v1
2026-07-20|jalan|蔵王国際ホテル|yad309590|2027-01-02|2027-01-03|2_adults_1_room_1_night,3795f82bdc8ec9c57666878b04a07c7763a5a06ea8fceb1ca67cd2475873deab,2027_01,2026-07-20,2026-07-20T18:00:06+09:00,2026-07-20T18:00:06+09:00,jalan,AUTO-RUNNER10X,integrated_jalan_bounded_live,蔵王国際ホテル,国内旅行・海外旅行や宿・ホテルの宿泊予約はじゃらんnet　～日本最大級の宿・ホテル予約サイト～,true,yad309590,yad309590,2027-01-02,2027-01-03,1,2,1,0,JPY,ja,2_adults_1_room_1_night,sold_out,sold_out,,,missing_or_unclear,insufficient,insufficient,selected_date_calendar_sold_out,,,,missing_or_unclear,jalan_sold_out_excluded,false,false,true,sold_out_without_price,page_chrome_coupon_or_discount_evidence;tax_included_total_not_confirmed,,,/Users/gini/Documents/ZMI/zao-market-intelligence/.data/debug/auto-runner-market-refresh-rotating/20260720_180006/jalan/classification_decisions/yad309590_2027-01-02.json,zao_local_history_v1
2026-07-20|jalan|蔵王国際ホテル|yad309590|2027-01-03|2027-01-04|2_adults_1_room_1_night,bb32389ce3b64454b9f233d8c7daec54743e5b8d0b120eed026f899d6323f163,2027_01,2026-07-20,2026-07-20T18:00:06+09:00,2026-07-20T18:00:06+09:00,jalan,AUTO-RUNNER10X,integrated_jalan_bounded_live,蔵王国際ホテル,国内旅行・海外旅行や宿・ホテルの宿泊予約はじゃらんnet　～日本最大級の宿・ホテル予約サイト～,true,yad309590,yad309590,2027-01-03,2027-01-04,1,2,1,0,JPY,ja,2_adults_1_room_1_night,sold_out,sold_out,,,missing_or_unclear,insufficient,insufficient,selected_date_calendar_sold_out,,,,missing_or_unclear,jalan_sold_out_excluded,false,false,true,sold_out_without_price,page_chrome_coupon_or_discount_evidence;tax_included_total_not_confirmed,,,/Users/gini/Documents/ZMI/zao-market-intelligence/.data/debug/auto-runner-market-refresh-rotating/20260720_180006/jalan/classification_decisions/yad309590_2027-01-03.json,zao_local_history_v1
2026-07-20|jalan|蔵王四季のホテル|yad322447|2027-01-11|2027-01-12|2_adults_1_room_1_night,44b962d13ca23fb3db3e91b1afca86024141afb857fa08f5786b4d2df49b4461,2027_01,2026-07-20,2026-07-20T18:00:06+09:00,2026-07-20T18:00:06+09:00,jalan,AUTO-RUNNER10X,integrated_jalan_bounded_live,蔵王四季のホテル,国内旅行・海外旅行や宿・ホテルの宿泊予約はじゃらんnet　～日本最大級の宿・ホテル予約サイト～,true,yad322447,yad322447,2027-01-11,2027-01-12,1,2,1,0,JPY,ja,2_adults_1_room_1_night,available,not_sold_out_confirmed,,,missing_or_unclear,C,C,Price visible but meal_basis=unknown_meal_basis (jalan_ambiguous_meal_and_room_only_tokens); excluded from room-only DP per confirmed policy.,49500,,,tax_included_total,jalan_unknown_meal_basis_excluded,false,false,true,unknown_meal_basis_excluded,selected_plan_coupon_or_discount_evidence;unknown_meal_basis_excluded;meal_basis=unknown_meal_basis,,,/Users/gini/Documents/ZMI/zao-market-intelligence/.data/debug/auto-runner-market-refresh-rotating/20260720_180006/jalan/classification_decisions/yad322447_2027-01-11.json,zao_local_history_v1
2026-07-20|jalan|蔵王国際ホテル|yad309590|2027-01-09|2027-01-10|2_adults_1_room_1_night,afae09fc12f24923be6e888208ecf497d5729409ab03afdaf6fc5648948bafa8,2027_01,2026-07-20,2026-07-20T20:00:06+09:00,2026-07-20T20:00:06+09:00,jalan,AUTO-RUNNER10X,integrated_jalan_bounded_live,蔵王国際ホテル,国内旅行・海外旅行や宿・ホテルの宿泊予約はじゃらんnet　～日本最大級の宿・ホテル予約サイト～,true,yad309590,yad309590,2027-01-09,2027-01-10,1,2,1,0,JPY,ja,2_adults_1_room_1_night,sold_out,sold_out,,,missing_or_unclear,insufficient,insufficient,selected_date_calendar_sold_out,,,,missing_or_unclear,jalan_sold_out_excluded,false,false,true,sold_out_without_price,page_chrome_coupon_or_discount_evidence;tax_included_total_not_confirmed,,,/Users/gini/Documents/ZMI/zao-market-intelligence/.data/debug/auto-runner-market-refresh-rotating/20260720_200006/jalan/classification_decisions/yad309590_2027-01-09.json,zao_local_history_v1
2026-07-20|jalan|蔵王国際ホテル|yad309590|2027-01-10|2027-01-11|2_adults_1_room_1_night,a09c9e8622d83857dd0049d6b72f7e5cc6679212ca61d474df1b34f1560f50b8,2027_01,2026-07-20,2026-07-20T20:00:06+09:00,2026-07-20T20:00:06+09:00,jalan,AUTO-RUNNER10X,integrated_jalan_bounded_live,蔵王国際ホテル,国内旅行・海外旅行や宿・ホテルの宿泊予約はじゃらんnet　～日本最大級の宿・ホテル予約サイト～,true,yad309590,yad309590,2027-01-10,2027-01-11,1,2,1,0,JPY,ja,2_adults_1_room_1_night,sold_out,sold_out,,,missing_or_unclear,insufficient,insufficient,selected_date_calendar_sold_out,,,,missing_or_unclear,jalan_sold_out_excluded,false,false,true,sold_out_without_price,page_chrome_coupon_or_discount_evidence;tax_included_total_not_confirmed,,,/Users/gini/Documents/ZMI/zao-market-intelligence/.data/debug/auto-runner-market-refresh-rotating/20260720_200006/jalan/classification_decisions/yad309590_2027-01-10.json,zao_local_history_v1
2026-07-20|jalan|蔵王国際ホテル|yad309590|2027-01-11|2027-01-12|2_adults_1_room_1_night,436c176eb908dc1e81423c87fe3d1d077026a2e9d95fffc628806f6e9d43b034,2027_01,2026-07-20,2026-07-20T22:00:06+09:00,2026-07-20T22:00:06+09:00,jalan,AUTO-RUNNER10X,integrated_jalan_bounded_live,蔵王国際ホテル,国内旅行・海外旅行や宿・ホテルの宿泊予約はじゃらんnet　～日本最大級の宿・ホテル予約サイト～,true,yad309590,yad309590,2027-01-11,2027-01-12,1,2,1,0,JPY,ja,2_adults_1_room_1_night,sold_out,sold_out,,,missing_or_unclear,insufficient,insufficient,selected_date_calendar_sold_out,,,,missing_or_unclear,jalan_sold_out_excluded,false,false,true,sold_out_without_price,page_chrome_coupon_or_discount_evidence;tax_included_total_not_confirmed,,,/Users/gini/Documents/ZMI/zao-market-intelligence/.data/debug/auto-runner-market-refresh-rotating/20260720_220006/jalan/classification_decisions/yad309590_2027-01-11.json,zao_local_history_v1
2026-07-21|jalan|蔵王国際ホテル|yad309590|2027-01-16|2027-01-17|2_adults_1_room_1_night,c01f74835c631a260fa38b679d59abd6015c5a0691e32058fd84247ca1d25814,2027_01,2026-07-21,2026-07-21T00:00:01+09:00,2026-07-21T00:00:01+09:00,jalan,AUTO-RUNNER10X,integrated_jalan_bounded_live,蔵王国際ホテル,国内旅行・海外旅行や宿・ホテルの宿泊予約はじゃらんnet　～日本最大級の宿・ホテル予約サイト～,true,yad309590,yad309590,2027-01-16,2027-01-17,1,2,1,0,JPY,ja,2_adults_1_room_1_night,available,not_sold_out_confirmed,,,missing_or_unclear,C,C,Price visible but meal_basis=meal_included (jalan_meal_included_token_detected); excluded from room-only DP per confirmed policy.,109120,,,tax_included_total,jalan_meal_included_excluded,false,false,true,meal_included_plan_excluded,page_chrome_coupon_or_discount_evidence;meal_included_plan_excluded;meal_basis=meal_included,,,/Users/gini/Documents/ZMI/zao-market-intelligence/.data/debug/auto-runner-market-refresh-rotating/20260721_000001/jalan/classification_decisions/yad309590_2027-01-16.json,zao_local_history_v1
2026-07-21|jalan|たかみや瑠璃倶楽|yad316848|2027-01-01|2027-01-02|2_adults_1_room_1_night,8a87933789b22edcf6c53397c0db4f5c970b7dcc90794a4c450e4110d583bfee,2027_01,2026-07-21,2026-07-21T04:00:06+09:00,2026-07-21T04:00:06+09:00,jalan,AUTO-RUNNER10X,integrated_jalan_bounded_live,たかみや瑠璃倶楽,国内旅行・海外旅行や宿・ホテルの宿泊予約はじゃらんnet　～日本最大級の宿・ホテル予約サイト～,true,yad316848,yad316848,2027-01-01,2027-01-02,1,2,1,0,JPY,ja,2_adults_1_room_1_night,sold_out,sold_out,,,missing_or_unclear,insufficient,insufficient,selected_date_calendar_sold_out,,,,missing_or_unclear,jalan_sold_out_excluded,false,false,true,sold_out_without_price,page_chrome_coupon_or_discount_evidence;tax_included_total_not_confirmed,,,/Users/gini/Documents/ZMI/zao-market-intelligence/.data/debug/auto-runner-market-refresh-rotating/20260721_040006/jalan/classification_decisions/yad316848_2027-01-01.json,zao_local_history_v1
2026-07-21|jalan|たかみや瑠璃倶楽|yad316848|2027-01-02|2027-01-03|2_adults_1_room_1_night,4c3e2902edf748d9d78267a3294f7c2b587b875bf2bf56f5538e4b428b11b54c,2027_01,2026-07-21,2026-07-21T06:00:06+09:00,2026-07-21T06:00:06+09:00,jalan,AUTO-RUNNER10X,integrated_jalan_bounded_live,たかみや瑠璃倶楽,国内旅行・海外旅行や宿・ホテルの宿泊予約はじゃらんnet　～日本最大級の宿・ホテル予約サイト～,true,yad316848,yad316848,2027-01-02,2027-01-03,1,2,1,0,JPY,ja,2_adults_1_room_1_night,sold_out,sold_out,,,missing_or_unclear,insufficient,insufficient,selected_date_calendar_sold_out,,,,missing_or_unclear,jalan_sold_out_excluded,false,false,true,sold_out_without_price,page_chrome_coupon_or_discount_evidence;tax_included_total_not_confirmed,,,/Users/gini/Documents/ZMI/zao-market-intelligence/.data/debug/auto-runner-market-refresh-rotating/20260721_060006/jalan/classification_decisions/yad316848_2027-01-02.json,zao_local_history_v1
2026-07-21|jalan|たかみや瑠璃倶楽|yad316848|2027-01-03|2027-01-04|2_adults_1_room_1_night,4fddbed44229bfad704846f3e4b6ba03c57b56db436965018952f2b4abe7080b,2027_01,2026-07-21,2026-07-21T06:00:06+09:00,2026-07-21T06:00:06+09:00,jalan,AUTO-RUNNER10X,integrated_jalan_bounded_live,たかみや瑠璃倶楽,国内旅行・海外旅行や宿・ホテルの宿泊予約はじゃらんnet　～日本最大級の宿・ホテル予約サイト～,true,yad316848,yad316848,2027-01-03,2027-01-04,1,2,1,0,JPY,ja,2_adults_1_room_1_night,sold_out,sold_out,,,missing_or_unclear,insufficient,insufficient,selected_date_calendar_sold_out,,,,missing_or_unclear,jalan_sold_out_excluded,false,false,true,sold_out_without_price,page_chrome_coupon_or_discount_evidence;tax_included_total_not_confirmed,,,/Users/gini/Documents/ZMI/zao-market-intelligence/.data/debug/auto-runner-market-refresh-rotating/20260721_060006/jalan/classification_decisions/yad316848_2027-01-03.json,zao_local_history_v1
2026-07-21|jalan|たかみや瑠璃倶楽|yad316848|2027-01-09|2027-01-10|2_adults_1_room_1_night,cc01aad82eafe35c2a9518a58337dfa2b386106051a949e9824e72ade817cf6d,2027_01,2026-07-21,2026-07-21T08:00:06+09:00,2026-07-21T08:00:06+09:00,jalan,AUTO-RUNNER10X,integrated_jalan_bounded_live,たかみや瑠璃倶楽,国内旅行・海外旅行や宿・ホテルの宿泊予約はじゃらんnet　～日本最大級の宿・ホテル予約サイト～,true,yad316848,yad316848,2027-01-09,2027-01-10,1,2,1,0,JPY,ja,2_adults_1_room_1_night,sold_out,sold_out,,,missing_or_unclear,insufficient,insufficient,selected_date_calendar_sold_out,,,,missing_or_unclear,jalan_sold_out_excluded,false,false,true,sold_out_without_price,page_chrome_coupon_or_discount_evidence;tax_included_total_not_confirmed,,,/Users/gini/Documents/ZMI/zao-market-intelligence/.data/debug/auto-runner-market-refresh-rotating/20260721_080006/jalan/classification_decisions/yad316848_2027-01-09.json,zao_local_history_v1
2026-07-21|jalan|たかみや瑠璃倶楽|yad316848|2027-01-10|2027-01-11|2_adults_1_room_1_night,1177967f8ffee4f17639558862fea3643596ca4316dcc27d18d6448890cdd6ad,2027_01,2026-07-21,2026-07-21T08:00:06+09:00,2026-07-21T08:00:06+09:00,jalan,AUTO-RUNNER10X,integrated_jalan_bounded_live,たかみや瑠璃倶楽,国内旅行・海外旅行や宿・ホテルの宿泊予約はじゃらんnet　～日本最大級の宿・ホテル予約サイト～,true,yad316848,yad316848,2027-01-10,2027-01-11,1,2,1,0,JPY,ja,2_adults_1_room_1_night,sold_out,sold_out,,,missing_or_unclear,insufficient,insufficient,selected_date_calendar_sold_out,,,,missing_or_unclear,jalan_sold_out_excluded,false,false,true,sold_out_without_price,page_chrome_coupon_or_discount_evidence;tax_included_total_not_confirmed,,,/Users/gini/Documents/ZMI/zao-market-intelligence/.data/debug/auto-runner-market-refresh-rotating/20260721_080006/jalan/classification_decisions/yad316848_2027-01-10.json,zao_local_history_v1
2026-07-21|jalan|たかみや瑠璃倶楽|yad316848|2027-01-11|2027-01-12|2_adults_1_room_1_night,4e9467843755a0618b4e6b977bf61eba2d8b090e35fb73f5832d530af0d496bc,2027_01,2026-07-21,2026-07-21T10:00:07+09:00,2026-07-21T10:00:07+09:00,jalan,AUTO-RUNNER10X,integrated_jalan_bounded_live,たかみや瑠璃倶楽,国内旅行・海外旅行や宿・ホテルの宿泊予約はじゃらんnet　～日本最大級の宿・ホテル予約サイト～,true,yad316848,yad316848,2027-01-11,2027-01-12,1,2,1,0,JPY,ja,2_adults_1_room_1_night,sold_out,sold_out,,,missing_or_unclear,insufficient,insufficient,selected_date_calendar_sold_out,,,,missing_or_unclear,jalan_sold_out_excluded,false,false,true,sold_out_without_price,page_chrome_coupon_or_discount_evidence;tax_included_total_not_confirmed,,,/Users/gini/Documents/ZMI/zao-market-intelligence/.data/debug/auto-runner-market-refresh-rotating/20260721_100007/jalan/classification_decisions/yad316848_2027-01-11.json,zao_local_history_v1
2026-07-21|jalan|深山荘 高見屋|yad321744|2027-01-01|2027-01-02|2_adults_1_room_1_night,3a7ba3f3a734c3a11ad6025a4df4f902d7c7b780c9274acaf821345dd9db724b,2027_01,2026-07-21,2026-07-21T12:00:06+09:00,2026-07-21T12:00:06+09:00,jalan,AUTO-RUNNER10X,integrated_jalan_bounded_live,深山荘 高見屋,国内旅行・海外旅行や宿・ホテルの宿泊予約はじゃらんnet　～日本最大級の宿・ホテル予約サイト～,true,yad321744,yad321744,2027-01-01,2027-01-02,1,2,1,0,JPY,ja,2_adults_1_room_1_night,sold_out,sold_out,,,missing_or_unclear,insufficient,insufficient,selected_date_calendar_sold_out,,,,missing_or_unclear,jalan_sold_out_excluded,false,false,true,sold_out_without_price,page_chrome_coupon_or_discount_evidence;tax_included_total_not_confirmed,,,/Users/gini/Documents/ZMI/zao-market-intelligence/.data/debug/auto-runner-market-refresh-rotating/20260721_120006/jalan/classification_decisions/yad321744_2027-01-01.json,zao_local_history_v1
2026-07-21|jalan|たかみや瑠璃倶楽|yad316848|2027-01-16|2027-01-17|2_adults_1_room_1_night,18cb8c455ba662f43f397a52bd5bace08ef9980c93da2ba46fef235b73940f83,2027_01,2026-07-21,2026-07-21T12:00:06+09:00,2026-07-21T12:00:06+09:00,jalan,AUTO-RUNNER10X,integrated_jalan_bounded_live,たかみや瑠璃倶楽,国内旅行・海外旅行や宿・ホテルの宿泊予約はじゃらんnet　～日本最大級の宿・ホテル予約サイト～,true,yad316848,yad316848,2027-01-16,2027-01-17,1,2,1,0,JPY,ja,2_adults_1_room_1_night,sold_out,sold_out,,,missing_or_unclear,insufficient,insufficient,selected_date_calendar_sold_out,,,,missing_or_unclear,jalan_sold_out_excluded,false,false,true,sold_out_without_price,page_chrome_coupon_or_discount_evidence;tax_included_total_not_confirmed,,,/Users/gini/Documents/ZMI/zao-market-intelligence/.data/debug/auto-runner-market-refresh-rotating/20260721_120006/jalan/classification_decisions/yad316848_2027-01-16.json,zao_local_history_v1
2026-07-21|jalan|深山荘 高見屋|yad321744|2027-01-02|2027-01-03|2_adults_1_room_1_night,c36cfa7fc33a049e0960e04062f36ead172423f1e364cdfa658c94cf60a40c18,2027_01,2026-07-21,2026-07-21T14:00:05+09:00,2026-07-21T14:00:05+09:00,jalan,AUTO-RUNNER10X,integrated_jalan_bounded_live,深山荘 高見屋,国内旅行・海外旅行や宿・ホテルの宿泊予約はじゃらんnet　～日本最大級の宿・ホテル予約サイト～,true,yad321744,yad321744,2027-01-02,2027-01-03,1,2,1,0,JPY,ja,2_adults_1_room_1_night,sold_out,sold_out,,,missing_or_unclear,insufficient,insufficient,selected_date_calendar_sold_out,,,,missing_or_unclear,jalan_sold_out_excluded,false,false,true,sold_out_without_price,page_chrome_coupon_or_discount_evidence;tax_included_total_not_confirmed,,,/Users/gini/Documents/ZMI/zao-market-intelligence/.data/debug/auto-runner-market-refresh-rotating/20260721_140005/jalan/classification_decisions/yad321744_2027-01-02.json,zao_local_history_v1
2026-07-21|jalan|深山荘 高見屋|yad321744|2027-01-03|2027-01-04|2_adults_1_room_1_night,ded6a1506bd28a80ffd83f99e3e9c4134fad12fe3cb0618774969fe8479b90c7,2027_01,2026-07-21,2026-07-21T16:00:06+09:00,2026-07-21T16:00:06+09:00,jalan,AUTO-RUNNER10X,integrated_jalan_bounded_live,深山荘 高見屋,国内旅行・海外旅行や宿・ホテルの宿泊予約はじゃらんnet　～日本最大級の宿・ホテル予約サイト～,true,yad321744,yad321744,2027-01-03,2027-01-04,1,2,1,0,JPY,ja,2_adults_1_room_1_night,sold_out,sold_out,,,missing_or_unclear,insufficient,insufficient,price_basis_or_date_scope_unclear,,,,missing_or_unclear,jalan_sold_out_excluded,false,false,true,sold_out_without_price,page_chrome_coupon_or_discount_evidence;tax_included_total_not_confirmed,,,/Users/gini/Documents/ZMI/zao-market-intelligence/.data/debug/auto-runner-market-refresh-rotating/20260721_160006/jalan/classification_decisions/yad321744_2027-01-03.json,zao_local_history_v1
2026-07-21|jalan|ペンションぷうたろう|yad394784|2027-01-01|2027-01-02|2_adults_1_room_1_night,a4cb999d50332dc67c81afb95ccdc3e1abfe4e201c97aae9926bd151750ab512,2027_01,2026-07-21,2026-07-21T18:00:06+09:00,2026-07-21T18:00:06+09:00,jalan,AUTO-RUNNER10X,integrated_jalan_bounded_live,ペンションぷうたろう,国内旅行・海外旅行や宿・ホテルの宿泊予約はじゃらんnet　～日本最大級の宿・ホテル予約サイト～,true,yad394784,yad394784,2027-01-01,2027-01-02,1,2,1,0,JPY,ja,2_adults_1_room_1_night,sold_out,sold_out,,,missing_or_unclear,insufficient,insufficient,selected_date_calendar_sold_out,,,,missing_or_unclear,jalan_sold_out_excluded,false,false,true,sold_out_without_price,page_chrome_coupon_or_discount_evidence;tax_included_total_not_confirmed,,,/Users/gini/Documents/ZMI/zao-market-intelligence/.data/debug/auto-runner-market-refresh-rotating/20260721_180006/jalan/classification_decisions/yad394784_2027-01-01.json,zao_local_history_v1
2026-07-21|jalan|ペンションぷうたろう|yad394784|2027-01-02|2027-01-03|2_adults_1_room_1_night,a8bcf90164d2101a4f685814e490aa211f26fc8858f3130d1551f4eeb1813095,2027_01,2026-07-21,2026-07-21T18:00:06+09:00,2026-07-21T18:00:06+09:00,jalan,AUTO-RUNNER10X,integrated_jalan_bounded_live,ペンションぷうたろう,国内旅行・海外旅行や宿・ホテルの宿泊予約はじゃらんnet　～日本最大級の宿・ホテル予約サイト～,true,yad394784,yad394784,2027-01-02,2027-01-03,1,2,1,0,JPY,ja,2_adults_1_room_1_night,sold_out,sold_out,,,missing_or_unclear,insufficient,insufficient,selected_date_calendar_sold_out,,,,missing_or_unclear,jalan_sold_out_excluded,false,false,true,sold_out_without_price,page_chrome_coupon_or_discount_evidence;tax_included_total_not_confirmed,,,/Users/gini/Documents/ZMI/zao-market-intelligence/.data/debug/auto-runner-market-refresh-rotating/20260721_180006/jalan/classification_decisions/yad394784_2027-01-02.json,zao_local_history_v1
2026-07-21|jalan|深山荘 高見屋|yad321744|2027-01-09|2027-01-10|2_adults_1_room_1_night,9a2c8babd30f20fb208f1ab602762a301b0d3ac881358adf3be730b65630ac28,2027_01,2026-07-21,2026-07-21T20:00:06+09:00,2026-07-21T20:00:06+09:00,jalan,AUTO-RUNNER10X,integrated_jalan_bounded_live,深山荘 高見屋,国内旅行・海外旅行や宿・ホテルの宿泊予約はじゃらんnet　～日本最大級の宿・ホテル予約サイト～,true,yad321744,yad321744,2027-01-09,2027-01-10,1,2,1,0,JPY,ja,2_adults_1_room_1_night,sold_out,sold_out,,,missing_or_unclear,insufficient,insufficient,selected_date_calendar_sold_out,,,,missing_or_unclear,jalan_sold_out_excluded,false,false,true,sold_out_without_price,page_chrome_coupon_or_discount_evidence;tax_included_total_not_confirmed,,,/Users/gini/Documents/ZMI/zao-market-intelligence/.data/debug/auto-runner-market-refresh-rotating/20260721_200006/jalan/classification_decisions/yad321744_2027-01-09.json,zao_local_history_v1
2026-07-21|jalan|深山荘 高見屋|yad321744|2027-01-10|2027-01-11|2_adults_1_room_1_night,35649cc906f6614c1980f174b38d4725fdcc8d84657682f60d02a119ddd094fb,2027_01,2026-07-21,2026-07-21T20:00:06+09:00,2026-07-21T20:00:06+09:00,jalan,AUTO-RUNNER10X,integrated_jalan_bounded_live,深山荘 高見屋,国内旅行・海外旅行や宿・ホテルの宿泊予約はじゃらんnet　～日本最大級の宿・ホテル予約サイト～,true,yad321744,yad321744,2027-01-10,2027-01-11,1,2,1,0,JPY,ja,2_adults_1_room_1_night,sold_out,sold_out,,,missing_or_unclear,insufficient,insufficient,selected_date_calendar_sold_out,,,,missing_or_unclear,jalan_sold_out_excluded,false,false,true,sold_out_without_price,page_chrome_coupon_or_discount_evidence;tax_included_total_not_confirmed,,,/Users/gini/Documents/ZMI/zao-market-intelligence/.data/debug/auto-runner-market-refresh-rotating/20260721_200006/jalan/classification_decisions/yad321744_2027-01-10.json,zao_local_history_v1
2026-07-21|jalan|ペンションぷうたろう|yad394784|2027-01-03|2027-01-04|2_adults_1_room_1_night,25d83b7d7d748fe161413b50a18d51665d35d5c65463ac7d72ea0a7abc28fb5e,2027_01,2026-07-21,2026-07-21T20:00:06+09:00,2026-07-21T20:00:06+09:00,jalan,AUTO-RUNNER10X,integrated_jalan_bounded_live,ペンションぷうたろう,国内旅行・海外旅行や宿・ホテルの宿泊予約はじゃらんnet　～日本最大級の宿・ホテル予約サイト～,true,yad394784,yad394784,2027-01-03,2027-01-04,1,2,1,0,JPY,ja,2_adults_1_room_1_night,sold_out,sold_out,,,missing_or_unclear,insufficient,insufficient,selected_date_calendar_sold_out,,,,missing_or_unclear,jalan_sold_out_excluded,false,false,true,sold_out_without_price,page_chrome_coupon_or_discount_evidence;tax_included_total_not_confirmed,,,/Users/gini/Documents/ZMI/zao-market-intelligence/.data/debug/auto-runner-market-refresh-rotating/20260721_200006/jalan/classification_decisions/yad394784_2027-01-03.json,zao_local_history_v1
2026-07-22|jalan|蔵王国際ホテル|yad309590|2027-01-01|2027-01-02|2_adults_1_room_1_night,f084ed2cd23ddf90c6033db6b314fcf9d4c54c3beabf838c12f03a9e4ab4f587,2027_01,2026-07-22,2026-07-22T02:00:06+09:00,2026-07-22T02:00:06+09:00,jalan,AUTO-RUNNER10X,integrated_jalan_bounded_live,蔵王国際ホテル,国内旅行・海外旅行や宿・ホテルの宿泊予約はじゃらんnet　～日本最大級の宿・ホテル予約サイト～,true,yad309590,yad309590,2027-01-01,2027-01-02,1,2,1,0,JPY,ja,2_adults_1_room_1_night,sold_out,sold_out,,,missing_or_unclear,insufficient,insufficient,price_basis_or_date_scope_unclear,,,,missing_or_unclear,jalan_sold_out_excluded,false,false,true,sold_out_without_price,page_chrome_coupon_or_discount_evidence;tax_included_total_not_confirmed,,,/Users/gini/Documents/ZMI/zao-market-intelligence/.data/debug/auto-runner-market-refresh-rotating/20260722_020006/jalan/classification_decisions/yad309590_2027-01-01.json,zao_local_history_v1
2026-07-22|jalan|蔵王国際ホテル|yad309590|2027-01-02|2027-01-03|2_adults_1_room_1_night,b2e02c310e8b39add1aecf2e6111cf228b404fbdfbfd79aac367cecf4c10716f,2027_01,2026-07-22,2026-07-22T04:00:07+09:00,2026-07-22T04:00:07+09:00,jalan,AUTO-RUNNER10X,integrated_jalan_bounded_live,蔵王国際ホテル,国内旅行・海外旅行や宿・ホテルの宿泊予約はじゃらんnet　～日本最大級の宿・ホテル予約サイト～,true,yad309590,yad309590,2027-01-02,2027-01-03,1,2,1,0,JPY,ja,2_adults_1_room_1_night,available,not_sold_out_confirmed,,,missing_or_unclear,C,C,Price visible but meal_basis=unknown_meal_basis (jalan_meal_basis_unknown); excluded from room-only DP per confirmed policy.,48400,,,tax_included_total,jalan_unknown_meal_basis_excluded,false,false,true,unknown_meal_basis_excluded,page_chrome_coupon_or_discount_evidence;unknown_meal_basis_excluded;meal_basis=unknown_meal_basis,,,/Users/gini/Documents/ZMI/zao-market-intelligence/.data/debug/auto-runner-market-refresh-rotating/20260722_040007/jalan/classification_decisions/yad309590_2027-01-02.json,zao_local_history_v1
2026-07-22|jalan|蔵王国際ホテル|yad309590|2027-01-03|2027-01-04|2_adults_1_room_1_night,75a5047ec7291544ded34ae942ca353016c6f8c0f6cd5ee2c2ce950c186b859c,2027_01,2026-07-22,2026-07-22T04:00:07+09:00,2026-07-22T04:00:07+09:00,jalan,AUTO-RUNNER10X,integrated_jalan_bounded_live,蔵王国際ホテル,国内旅行・海外旅行や宿・ホテルの宿泊予約はじゃらんnet　～日本最大級の宿・ホテル予約サイト～,true,yad309590,yad309590,2027-01-03,2027-01-04,1,2,1,0,JPY,ja,2_adults_1_room_1_night,sold_out,sold_out,,,missing_or_unclear,insufficient,insufficient,selected_date_calendar_sold_out,,,,missing_or_unclear,jalan_sold_out_excluded,false,false,true,sold_out_without_price,page_chrome_coupon_or_discount_evidence;tax_included_total_not_confirmed,,,/Users/gini/Documents/ZMI/zao-market-intelligence/.data/debug/auto-runner-market-refresh-rotating/20260722_040007/jalan/classification_decisions/yad309590_2027-01-03.json,zao_local_history_v1
2026-07-22|jalan|蔵王国際ホテル|yad309590|2027-01-09|2027-01-10|2_adults_1_room_1_night,83af63490cfa1d33197a22cf8f316a8b5cb5c096673792e3f05bd121c605218a,2027_01,2026-07-22,2026-07-22T06:00:06+09:00,2026-07-22T06:00:06+09:00,jalan,AUTO-RUNNER10X,integrated_jalan_bounded_live,蔵王国際ホテル,国内旅行・海外旅行や宿・ホテルの宿泊予約はじゃらんnet　～日本最大級の宿・ホテル予約サイト～,true,yad309590,yad309590,2027-01-09,2027-01-10,1,2,1,0,JPY,ja,2_adults_1_room_1_night,available,not_sold_out_confirmed,,,missing_or_unclear,C,C,Price visible but meal_basis=unknown_meal_basis (jalan_meal_basis_unknown); excluded from room-only DP per confirmed policy.,70400,,,tax_included_total,jalan_unknown_meal_basis_excluded,false,false,true,unknown_meal_basis_excluded,page_chrome_coupon_or_discount_evidence;unknown_meal_basis_excluded;meal_basis=unknown_meal_basis,,,/Users/gini/Documents/ZMI/zao-market-intelligence/.data/debug/auto-runner-market-refresh-rotating/20260722_060006/jalan/classification_decisions/yad309590_2027-01-09.json,zao_local_history_v1
2026-07-22|jalan|たかみや瑠璃倶楽|yad316848|2027-01-01|2027-01-02|2_adults_1_room_1_night,dd98f78aacf665126228edfec798a05eb91d850457823abedc9e6c0e62d07104,2027_01,2026-07-22,2026-07-22T06:00:06+09:00,2026-07-22T06:00:06+09:00,jalan,AUTO-RUNNER10X,integrated_jalan_bounded_live,たかみや瑠璃倶楽,国内旅行・海外旅行や宿・ホテルの宿泊予約はじゃらんnet　～日本最大級の宿・ホテル予約サイト～,true,yad316848,yad316848,2027-01-01,2027-01-02,1,2,1,0,JPY,ja,2_adults_1_room_1_night,sold_out,sold_out,,,missing_or_unclear,insufficient,insufficient,selected_date_calendar_sold_out,,,,missing_or_unclear,jalan_sold_out_excluded,false,false,true,sold_out_without_price,page_chrome_coupon_or_discount_evidence;tax_included_total_not_confirmed,,,/Users/gini/Documents/ZMI/zao-market-intelligence/.data/debug/auto-runner-market-refresh-rotating/20260722_060006/jalan/classification_decisions/yad316848_2027-01-01.json,zao_local_history_v1
2026-07-22|jalan|深山荘 高見屋|yad321744|2027-01-11|2027-01-12|2_adults_1_room_1_night,e04fe7b42892e22fc3f755160a7d1650b2facb6f39c6d7b7f0c4c6b4d2ab4e5c,2027_01,2026-07-22,2026-07-22T06:00:06+09:00,2026-07-22T06:00:06+09:00,jalan,AUTO-RUNNER10X,integrated_jalan_bounded_live,深山荘 高見屋,国内旅行・海外旅行や宿・ホテルの宿泊予約はじゃらんnet　～日本最大級の宿・ホテル予約サイト～,true,yad321744,yad321744,2027-01-11,2027-01-12,1,2,1,0,JPY,ja,2_adults_1_room_1_night,sold_out,sold_out,,,missing_or_unclear,insufficient,insufficient,selected_date_calendar_sold_out,,,,missing_or_unclear,jalan_sold_out_excluded,false,false,true,sold_out_without_price,page_chrome_coupon_or_discount_evidence;tax_included_total_not_confirmed,,,/Users/gini/Documents/ZMI/zao-market-intelligence/.data/debug/auto-runner-market-refresh-rotating/20260722_060006/jalan/classification_decisions/yad321744_2027-01-11.json,zao_local_history_v1
2026-07-22|jalan|たかみや瑠璃倶楽|yad316848|2027-01-02|2027-01-03|2_adults_1_room_1_night,81b763e35e95546e78d2d11e4edb37f72229ee57673bae34ed632d4c2780422d,2027_01,2026-07-22,2026-07-22T06:00:06+09:00,2026-07-22T06:00:06+09:00,jalan,AUTO-RUNNER10X,integrated_jalan_bounded_live,たかみや瑠璃倶楽,国内旅行・海外旅行や宿・ホテルの宿泊予約はじゃらんnet　～日本最大級の宿・ホテル予約サイト～,true,yad316848,yad316848,2027-01-02,2027-01-03,1,2,1,0,JPY,ja,2_adults_1_room_1_night,sold_out,sold_out,,,missing_or_unclear,insufficient,insufficient,selected_date_calendar_sold_out,,,,missing_or_unclear,jalan_sold_out_excluded,false,false,true,sold_out_without_price,page_chrome_coupon_or_discount_evidence;tax_included_total_not_confirmed,,,/Users/gini/Documents/ZMI/zao-market-intelligence/.data/debug/auto-runner-market-refresh-rotating/20260722_060006/jalan/classification_decisions/yad316848_2027-01-02.json,zao_local_history_v1
2026-07-22|jalan|たかみや瑠璃倶楽|yad316848|2027-01-03|2027-01-04|2_adults_1_room_1_night,d6016fdbca24bdb80e5833fe86f24c6efbbc4ad23e9c7c50bb40f77af56a7f57,2027_01,2026-07-22,2026-07-22T08:00:03+09:00,2026-07-22T08:00:03+09:00,jalan,AUTO-RUNNER10X,integrated_jalan_bounded_live,たかみや瑠璃倶楽,国内旅行・海外旅行や宿・ホテルの宿泊予約はじゃらんnet　～日本最大級の宿・ホテル予約サイト～,true,yad316848,yad316848,2027-01-03,2027-01-04,1,2,1,0,JPY,ja,2_adults_1_room_1_night,sold_out,sold_out,,,missing_or_unclear,insufficient,insufficient,selected_date_calendar_sold_out,,,,missing_or_unclear,jalan_sold_out_excluded,false,false,true,sold_out_without_price,page_chrome_coupon_or_discount_evidence;tax_included_total_not_confirmed,,,/Users/gini/Documents/ZMI/zao-market-intelligence/.data/debug/auto-runner-market-refresh-rotating/20260722_080003/jalan/classification_decisions/yad316848_2027-01-03.json,zao_local_history_v1
2026-07-22|jalan|たかみや瑠璃倶楽|yad316848|2027-01-09|2027-01-10|2_adults_1_room_1_night,1d53e17d8516d2b8acccb742628bb300198a5d45f1aa73ec3190fd47070653b6,2027_01,2026-07-22,2026-07-22T08:00:03+09:00,2026-07-22T08:00:03+09:00,jalan,AUTO-RUNNER10X,integrated_jalan_bounded_live,たかみや瑠璃倶楽,国内旅行・海外旅行や宿・ホテルの宿泊予約はじゃらんnet　～日本最大級の宿・ホテル予約サイト～,true,yad316848,yad316848,2027-01-09,2027-01-10,1,2,1,0,JPY,ja,2_adults_1_room_1_night,sold_out,sold_out,,,missing_or_unclear,insufficient,insufficient,selected_date_calendar_sold_out,,,,missing_or_unclear,jalan_sold_out_excluded,false,false,true,sold_out_without_price,page_chrome_coupon_or_discount_evidence;tax_included_total_not_confirmed,,,/Users/gini/Documents/ZMI/zao-market-intelligence/.data/debug/auto-runner-market-refresh-rotating/20260722_080003/jalan/classification_decisions/yad316848_2027-01-09.json,zao_local_history_v1
2026-07-22|jalan|深山荘 高見屋|yad321744|2027-01-16|2027-01-17|2_adults_1_room_1_night,110c8356cc430a7888ded03bbaf7d3eb150d8f706400a71f8cf750f3fb601904,2027_01,2026-07-22,2026-07-22T08:00:03+09:00,2026-07-22T08:00:03+09:00,jalan,AUTO-RUNNER10X,integrated_jalan_bounded_live,深山荘 高見屋,国内旅行・海外旅行や宿・ホテルの宿泊予約はじゃらんnet　～日本最大級の宿・ホテル予約サイト～,true,yad321744,yad321744,2027-01-16,2027-01-17,1,2,1,0,JPY,ja,2_adults_1_room_1_night,sold_out,sold_out,,,missing_or_unclear,insufficient,insufficient,selected_date_calendar_sold_out,,,,missing_or_unclear,jalan_sold_out_excluded,false,false,true,sold_out_without_price,page_chrome_coupon_or_discount_evidence;tax_included_total_not_confirmed,,,/Users/gini/Documents/ZMI/zao-market-intelligence/.data/debug/auto-runner-market-refresh-rotating/20260722_080003/jalan/classification_decisions/yad321744_2027-01-16.json,zao_local_history_v1
2026-07-22|jalan|たかみや瑠璃倶楽|yad316848|2027-01-10|2027-01-11|2_adults_1_room_1_night,9b47738bf6e14a127af2028dd855e334ae1f4106d4e558b511bc904a651749c0,2027_01,2026-07-22,2026-07-22T10:00:06+09:00,2026-07-22T10:00:06+09:00,jalan,AUTO-RUNNER10X,integrated_jalan_bounded_live,たかみや瑠璃倶楽,国内旅行・海外旅行や宿・ホテルの宿泊予約はじゃらんnet　～日本最大級の宿・ホテル予約サイト～,true,yad316848,yad316848,2027-01-10,2027-01-11,1,2,1,0,JPY,ja,2_adults_1_room_1_night,sold_out,sold_out,,,missing_or_unclear,insufficient,insufficient,selected_date_calendar_sold_out,,,,missing_or_unclear,jalan_sold_out_excluded,false,false,true,sold_out_without_price,page_chrome_coupon_or_discount_evidence;tax_included_total_not_confirmed,,,/Users/gini/Documents/ZMI/zao-market-intelligence/.data/debug/auto-runner-market-refresh-rotating/20260722_100006/jalan/classification_decisions/yad316848_2027-01-10.json,zao_local_history_v1
2026-07-22|jalan|たかみや瑠璃倶楽|yad316848|2027-01-11|2027-01-12|2_adults_1_room_1_night,45e65ab3db17b79746b8e637a35daca8490f91a1721fe4dbcf47ff0751899b67,2027_01,2026-07-22,2026-07-22T10:00:06+09:00,2026-07-22T10:00:06+09:00,jalan,AUTO-RUNNER10X,integrated_jalan_bounded_live,たかみや瑠璃倶楽,国内旅行・海外旅行や宿・ホテルの宿泊予約はじゃらんnet　～日本最大級の宿・ホテル予約サイト～,true,yad316848,yad316848,2027-01-11,2027-01-12,1,2,1,0,JPY,ja,2_adults_1_room_1_night,sold_out,sold_out,,,missing_or_unclear,insufficient,insufficient,selected_date_calendar_sold_out,,,,missing_or_unclear,jalan_sold_out_excluded,false,false,true,sold_out_without_price,page_chrome_coupon_or_discount_evidence;tax_included_total_not_confirmed,,,/Users/gini/Documents/ZMI/zao-market-intelligence/.data/debug/auto-runner-market-refresh-rotating/20260722_100006/jalan/classification_decisions/yad316848_2027-01-11.json,zao_local_history_v1
2026-07-22|jalan|蔵王国際ホテル|yad309590|2027-01-10|2027-01-11|2_adults_1_room_1_night,79066a9305582e8192105bedfd3676afc478e3ca5824fa0c737b8405040f650d,2027_01,2026-07-22,2026-07-22T12:00:06+09:00,2026-07-22T12:00:06+09:00,jalan,AUTO-RUNNER10X,integrated_jalan_bounded_live,蔵王国際ホテル,国内旅行・海外旅行や宿・ホテルの宿泊予約はじゃらんnet　～日本最大級の宿・ホテル予約サイト～,true,yad309590,yad309590,2027-01-10,2027-01-11,1,2,1,0,JPY,ja,2_adults_1_room_1_night,sold_out,sold_out,,,missing_or_unclear,insufficient,insufficient,selected_date_calendar_sold_out,,,,missing_or_unclear,jalan_sold_out_excluded,false,false,true,sold_out_without_price,page_chrome_coupon_or_discount_evidence;tax_included_total_not_confirmed,,,/Users/gini/Documents/ZMI/zao-market-intelligence/.data/debug/auto-runner-market-refresh-rotating/20260722_120006/jalan/classification_decisions/yad309590_2027-01-10.json,zao_local_history_v1
2026-07-22|jalan|たかみや瑠璃倶楽|yad316848|2027-01-16|2027-01-17|2_adults_1_room_1_night,7387dea4b81750ffc2790e8f760ccc31dcec1868b0bec5269615c1539f7c2a35,2027_01,2026-07-22,2026-07-22T12:00:06+09:00,2026-07-22T12:00:06+09:00,jalan,AUTO-RUNNER10X,integrated_jalan_bounded_live,たかみや瑠璃倶楽,国内旅行・海外旅行や宿・ホテルの宿泊予約はじゃらんnet　～日本最大級の宿・ホテル予約サイト～,true,yad316848,yad316848,2027-01-16,2027-01-17,1,2,1,0,JPY,ja,2_adults_1_room_1_night,sold_out,sold_out,,,missing_or_unclear,insufficient,insufficient,selected_date_calendar_sold_out,,,,missing_or_unclear,jalan_sold_out_excluded,false,false,true,sold_out_without_price,page_chrome_coupon_or_discount_evidence;tax_included_total_not_confirmed,,,/Users/gini/Documents/ZMI/zao-market-intelligence/.data/debug/auto-runner-market-refresh-rotating/20260722_120006/jalan/classification_decisions/yad316848_2027-01-16.json,zao_local_history_v1
2026-07-22|jalan|蔵王国際ホテル|yad309590|2027-01-11|2027-01-12|2_adults_1_room_1_night,5188e6221cd996bc779018b1867c4ee444816bc6c24fb12e2542bddd38366d6c,2027_01,2026-07-22,2026-07-22T14:00:06+09:00,2026-07-22T14:00:06+09:00,jalan,AUTO-RUNNER10X,integrated_jalan_bounded_live,蔵王国際ホテル,国内旅行・海外旅行や宿・ホテルの宿泊予約はじゃらんnet　～日本最大級の宿・ホテル予約サイト～,true,yad309590,yad309590,2027-01-11,2027-01-12,1,2,1,0,JPY,ja,2_adults_1_room_1_night,sold_out,sold_out,,,missing_or_unclear,insufficient,insufficient,selected_date_calendar_sold_out,,,,missing_or_unclear,jalan_sold_out_excluded,false,false,true,sold_out_without_price,page_chrome_coupon_or_discount_evidence;tax_included_total_not_confirmed,,,/Users/gini/Documents/ZMI/zao-market-intelligence/.data/debug/auto-runner-market-refresh-rotating/20260722_140006/jalan/classification_decisions/yad309590_2027-01-11.json,zao_local_history_v1
2026-07-22|jalan|蔵王国際ホテル|yad309590|2027-01-16|2027-01-17|2_adults_1_room_1_night,9d9054e71614571c5d5ae0f50a2f2074143206a159926aec60f972690aac0480,2027_01,2026-07-22,2026-07-22T14:00:06+09:00,2026-07-22T14:00:06+09:00,jalan,AUTO-RUNNER10X,integrated_jalan_bounded_live,蔵王国際ホテル,国内旅行・海外旅行や宿・ホテルの宿泊予約はじゃらんnet　～日本最大級の宿・ホテル予約サイト～,true,yad309590,yad309590,2027-01-16,2027-01-17,1,2,1,0,JPY,ja,2_adults_1_room_1_night,available,not_sold_out_confirmed,,,missing_or_unclear,C,C,Price visible but meal_basis=meal_included (jalan_meal_included_token_detected); excluded from room-only DP per confirmed policy.,109120,,,tax_included_total,jalan_meal_included_excluded,false,false,true,meal_included_plan_excluded,page_chrome_coupon_or_discount_evidence;meal_included_plan_excluded;meal_basis=meal_included,,,/Users/gini/Documents/ZMI/zao-market-intelligence/.data/debug/auto-runner-market-refresh-rotating/20260722_140006/jalan/classification_decisions/yad309590_2027-01-16.json,zao_local_history_v1
2026-07-22|jalan|たかみや瑠璃倶楽|yad316848|2027-01-23|2027-01-24|2_adults_1_room_1_night,154be091b16309a180d37b7d0c61839bb74d4a575eb75fbe3b753dadc663adaa,2027_01,2026-07-22,2026-07-22T14:00:06+09:00,2026-07-22T14:00:06+09:00,jalan,AUTO-RUNNER10X,integrated_jalan_bounded_live,たかみや瑠璃倶楽,国内旅行・海外旅行や宿・ホテルの宿泊予約はじゃらんnet　～日本最大級の宿・ホテル予約サイト～,true,yad316848,yad316848,2027-01-23,2027-01-24,1,2,1,0,JPY,ja,2_adults_1_room_1_night,sold_out,sold_out,,,missing_or_unclear,insufficient,insufficient,selected_date_calendar_sold_out,,,,missing_or_unclear,jalan_sold_out_excluded,false,false,true,sold_out_without_price,page_chrome_coupon_or_discount_evidence;tax_included_total_not_confirmed,,,/Users/gini/Documents/ZMI/zao-market-intelligence/.data/debug/auto-runner-market-refresh-rotating/20260722_140006/jalan/classification_decisions/yad316848_2027-01-23.json,zao_local_history_v1
2026-07-22|jalan|蔵王国際ホテル|yad309590|2027-01-23|2027-01-24|2_adults_1_room_1_night,be7eff7fac2edc94bc9bc9e21c281eb260ee41cf1fe02de2b4240083c11da99a,2027_01,2026-07-22,2026-07-22T16:00:06+09:00,2026-07-22T16:00:06+09:00,jalan,AUTO-RUNNER10X,integrated_jalan_bounded_live,蔵王国際ホテル,国内旅行・海外旅行や宿・ホテルの宿泊予約はじゃらんnet　～日本最大級の宿・ホテル予約サイト～,true,yad309590,yad309590,2027-01-23,2027-01-24,1,2,1,0,JPY,ja,2_adults_1_room_1_night,available,not_sold_out_confirmed,,,missing_or_unclear,C,C,Price visible but meal_basis=meal_included (jalan_meal_included_token_detected); excluded from room-only DP per confirmed policy.,117920,,,tax_included_total,jalan_meal_included_excluded,false,false,true,meal_included_plan_excluded,page_chrome_coupon_or_discount_evidence;meal_included_plan_excluded;meal_basis=meal_included,,,/Users/gini/Documents/ZMI/zao-market-intelligence/.data/debug/auto-runner-market-refresh-rotating/20260722_160006/jalan/classification_decisions/yad309590_2027-01-23.json,zao_local_history_v1
2026-07-22|jalan|蔵王国際ホテル|yad309590|2027-01-30|2027-01-31|2_adults_1_room_1_night,4df055688c878449c9c06ec1306a70d4037daeca00ab879f73e3725b44a0a082,2027_01,2026-07-22,2026-07-22T16:00:06+09:00,2026-07-22T16:00:06+09:00,jalan,AUTO-RUNNER10X,integrated_jalan_bounded_live,蔵王国際ホテル,国内旅行・海外旅行や宿・ホテルの宿泊予約はじゃらんnet　～日本最大級の宿・ホテル予約サイト～,true,yad309590,yad309590,2027-01-30,2027-01-31,1,2,1,0,JPY,ja,2_adults_1_room_1_night,available,not_sold_out_confirmed,,,missing_or_unclear,C,C,Price visible but meal_basis=meal_included (jalan_meal_included_token_detected); excluded from room-only DP per confirmed policy.,117920,,,tax_included_total,jalan_meal_included_excluded,false,false,true,meal_included_plan_excluded,page_chrome_coupon_or_discount_evidence;meal_included_plan_excluded;meal_basis=meal_included,,,/Users/gini/Documents/ZMI/zao-market-intelligence/.data/debug/auto-runner-market-refresh-rotating/20260722_160006/jalan/classification_decisions/yad309590_2027-01-30.json,zao_local_history_v1
2026-07-22|jalan|深山荘 高見屋|yad321744|2027-01-01|2027-01-02|2_adults_1_room_1_night,c211116f0d8ab425ba5d84a46ee9e1d60fc91c4202008d71ef335bdd4859911d,2027_01,2026-07-22,2026-07-22T16:00:06+09:00,2026-07-22T16:00:06+09:00,jalan,AUTO-RUNNER10X,integrated_jalan_bounded_live,深山荘 高見屋,国内旅行・海外旅行や宿・ホテルの宿泊予約はじゃらんnet　～日本最大級の宿・ホテル予約サイト～,true,yad321744,yad321744,2027-01-01,2027-01-02,1,2,1,0,JPY,ja,2_adults_1_room_1_night,sold_out,sold_out,,,missing_or_unclear,insufficient,insufficient,selected_date_calendar_sold_out,,,,missing_or_unclear,jalan_sold_out_excluded,false,false,true,sold_out_without_price,page_chrome_coupon_or_discount_evidence;tax_included_total_not_confirmed,,,/Users/gini/Documents/ZMI/zao-market-intelligence/.data/debug/auto-runner-market-refresh-rotating/20260722_160006/jalan/classification_decisions/yad321744_2027-01-01.json,zao_local_history_v1
2026-07-22|jalan|深山荘 高見屋|yad321744|2027-01-02|2027-01-03|2_adults_1_room_1_night,0d4489370a7364ccbff17cbacced79a82d5090f7b6555bd4635bf9ff7a0cc77e,2027_01,2026-07-22,2026-07-22T20:00:06+09:00,2026-07-22T20:00:06+09:00,jalan,AUTO-RUNNER10X,integrated_jalan_bounded_live,深山荘 高見屋,国内旅行・海外旅行や宿・ホテルの宿泊予約はじゃらんnet　～日本最大級の宿・ホテル予約サイト～,true,yad321744,yad321744,2027-01-02,2027-01-03,1,2,1,0,JPY,ja,2_adults_1_room_1_night,sold_out,sold_out,,,missing_or_unclear,insufficient,insufficient,selected_date_calendar_sold_out,,,,missing_or_unclear,jalan_sold_out_excluded,false,false,true,sold_out_without_price,page_chrome_coupon_or_discount_evidence;tax_included_total_not_confirmed,,,/Users/gini/Documents/ZMI/zao-market-intelligence/.data/debug/auto-runner-market-refresh-rotating/20260722_200006/jalan/classification_decisions/yad321744_2027-01-02.json,zao_local_history_v1
2026-07-22|jalan|深山荘 高見屋|yad321744|2027-01-03|2027-01-04|2_adults_1_room_1_night,4a1b42eec1fa3d40ca02d221db696d88ff1dc390be54f8b157a16d5aa5ccaf71,2027_01,2026-07-22,2026-07-22T20:00:06+09:00,2026-07-22T20:00:06+09:00,jalan,AUTO-RUNNER10X,integrated_jalan_bounded_live,深山荘 高見屋,国内旅行・海外旅行や宿・ホテルの宿泊予約はじゃらんnet　～日本最大級の宿・ホテル予約サイト～,true,yad321744,yad321744,2027-01-03,2027-01-04,1,2,1,0,JPY,ja,2_adults_1_room_1_night,sold_out,sold_out,,,missing_or_unclear,insufficient,insufficient,selected_date_calendar_sold_out,,,,missing_or_unclear,jalan_sold_out_excluded,false,false,true,sold_out_without_price,page_chrome_coupon_or_discount_evidence;tax_included_total_not_confirmed,,,/Users/gini/Documents/ZMI/zao-market-intelligence/.data/debug/auto-runner-market-refresh-rotating/20260722_200006/jalan/classification_decisions/yad321744_2027-01-03.json,zao_local_history_v1
2026-07-22|jalan|蔵王温泉 高砂屋旅館|yad391608|2027-01-01|2027-01-02|2_adults_1_room_1_night,8ee7fca29f50be1d5781f0f7e82859e363757007295cf7672c33be371469b37f,2027_01,2026-07-22,2026-07-22T22:00:06+09:00,2026-07-22T22:00:06+09:00,jalan,AUTO-RUNNER10X,integrated_jalan_bounded_live,蔵王温泉 高砂屋旅館,国内旅行・海外旅行や宿・ホテルの宿泊予約はじゃらんnet　～日本最大級の宿・ホテル予約サイト～,true,yad391608,yad391608,2027-01-01,2027-01-02,1,2,1,0,JPY,ja,2_adults_1_room_1_night,sold_out,sold_out,,,missing_or_unclear,insufficient,insufficient,selected_date_calendar_sold_out,,,,missing_or_unclear,jalan_sold_out_excluded,false,false,true,sold_out_without_price,page_chrome_coupon_or_discount_evidence;tax_included_total_not_confirmed,,,/Users/gini/Documents/ZMI/zao-market-intelligence/.data/debug/auto-runner-market-refresh-rotating/20260722_220006/jalan/classification_decisions/yad391608_2027-01-01.json,zao_local_history_v1
2026-07-22|jalan|蔵王温泉 高砂屋旅館|yad391608|2027-01-02|2027-01-03|2_adults_1_room_1_night,d0880399ba4f6e2a3b8a6cd9cf53425c2eb9fd40be681a73d18ea10d12f1cd6e,2027_01,2026-07-22,2026-07-22T22:00:06+09:00,2026-07-22T22:00:06+09:00,jalan,AUTO-RUNNER10X,integrated_jalan_bounded_live,蔵王温泉 高砂屋旅館,国内旅行・海外旅行や宿・ホテルの宿泊予約はじゃらんnet　～日本最大級の宿・ホテル予約サイト～,true,yad391608,yad391608,2027-01-02,2027-01-03,1,2,1,0,JPY,ja,2_adults_1_room_1_night,sold_out,sold_out,,,missing_or_unclear,insufficient,insufficient,selected_date_calendar_sold_out,,,,missing_or_unclear,jalan_sold_out_excluded,false,false,true,sold_out_without_price,page_chrome_coupon_or_discount_evidence;tax_included_total_not_confirmed,,,/Users/gini/Documents/ZMI/zao-market-intelligence/.data/debug/auto-runner-market-refresh-rotating/20260722_220006/jalan/classification_decisions/yad391608_2027-01-02.json,zao_local_history_v1
2026-07-23|jalan|蔵王温泉 高砂屋旅館|yad391608|2027-01-03|2027-01-04|2_adults_1_room_1_night,c4dc765ca8d44ec55d198e795e198903dec0581ebafd4718deaad5f10e508201,2027_01,2026-07-23,2026-07-23T00:00:03+09:00,2026-07-23T00:00:03+09:00,jalan,AUTO-RUNNER10X,integrated_jalan_bounded_live,蔵王温泉 高砂屋旅館,国内旅行・海外旅行や宿・ホテルの宿泊予約はじゃらんnet　～日本最大級の宿・ホテル予約サイト～,true,yad391608,yad391608,2027-01-03,2027-01-04,1,2,1,0,JPY,ja,2_adults_1_room_1_night,available,not_sold_out_confirmed,,,missing_or_unclear,C,C,Price visible but meal_basis=meal_included (jalan_meal_included_token_detected); excluded from room-only DP per confirmed policy.,48000,,,tax_included_total,jalan_meal_included_excluded,false,false,true,meal_included_plan_excluded,page_chrome_coupon_or_discount_evidence;meal_included_plan_excluded;meal_basis=meal_included,,,/Users/gini/Documents/ZMI/zao-market-intelligence/.data/debug/auto-runner-market-refresh-rotating/20260723_000003/jalan/classification_decisions/yad391608_2027-01-03.json,zao_local_history_v1
2026-07-23|jalan|深山荘 高見屋|yad321744|2027-01-09|2027-01-10|2_adults_1_room_1_night,6601453fb5c33a1f605a70a3214aebeeb9029dd577bf1f70d6c580cd189e988b,2027_01,2026-07-23,2026-07-23T00:00:03+09:00,2026-07-23T00:00:03+09:00,jalan,AUTO-RUNNER10X,integrated_jalan_bounded_live,深山荘 高見屋,国内旅行・海外旅行や宿・ホテルの宿泊予約はじゃらんnet　～日本最大級の宿・ホテル予約サイト～,true,yad321744,yad321744,2027-01-09,2027-01-10,1,2,1,0,JPY,ja,2_adults_1_room_1_night,sold_out,sold_out,,,missing_or_unclear,insufficient,insufficient,selected_date_calendar_sold_out,,,,missing_or_unclear,jalan_sold_out_excluded,false,false,true,sold_out_without_price,page_chrome_coupon_or_discount_evidence;tax_included_total_not_confirmed,,,/Users/gini/Documents/ZMI/zao-market-intelligence/.data/debug/auto-runner-market-refresh-rotating/20260723_000003/jalan/classification_decisions/yad321744_2027-01-09.json,zao_local_history_v1
2026-07-23|jalan|蔵王温泉 高砂屋旅館|yad391608|2027-01-09|2027-01-10|2_adults_1_room_1_night,b7cbcd870d04254f4cc9937114d798c8073216b1883dab7e54d320aaed6a7ce6,2027_01,2026-07-23,2026-07-23T02:00:06+09:00,2026-07-23T02:00:06+09:00,jalan,AUTO-RUNNER10X,integrated_jalan_bounded_live,蔵王温泉 高砂屋旅館,国内旅行・海外旅行や宿・ホテルの宿泊予約はじゃらんnet　～日本最大級の宿・ホテル予約サイト～,true,yad391608,yad391608,2027-01-09,2027-01-10,1,2,1,0,JPY,ja,2_adults_1_room_1_night,available,not_sold_out_confirmed,,,missing_or_unclear,C,C,Price visible but meal_basis=meal_included (jalan_meal_included_token_detected); excluded from room-only DP per confirmed policy.,48000,,,tax_included_total,jalan_meal_included_excluded,false,false,true,meal_included_plan_excluded,page_chrome_coupon_or_discount_evidence;meal_included_plan_excluded;meal_basis=meal_included,,,/Users/gini/Documents/ZMI/zao-market-intelligence/.data/debug/auto-runner-market-refresh-rotating/20260723_020006/jalan/classification_decisions/yad391608_2027-01-09.json,zao_local_history_v1
2026-07-23|jalan|蔵王温泉 高砂屋旅館|yad391608|2027-01-10|2027-01-11|2_adults_1_room_1_night,1e6a2b4d39f9e59689cda41b7f6fa3ab560e90fbe12e4cd4157bed8fd3a4a30d,2027_01,2026-07-23,2026-07-23T02:00:06+09:00,2026-07-23T02:00:06+09:00,jalan,AUTO-RUNNER10X,integrated_jalan_bounded_live,蔵王温泉 高砂屋旅館,国内旅行・海外旅行や宿・ホテルの宿泊予約はじゃらんnet　～日本最大級の宿・ホテル予約サイト～,true,yad391608,yad391608,2027-01-10,2027-01-11,1,2,1,0,JPY,ja,2_adults_1_room_1_night,available,not_sold_out_confirmed,,,missing_or_unclear,C,C,Price visible but meal_basis=meal_included (jalan_meal_included_token_detected); excluded from room-only DP per confirmed policy.,48000,,,tax_included_total,jalan_meal_included_excluded,false,false,true,meal_included_plan_excluded,page_chrome_coupon_or_discount_evidence;meal_included_plan_excluded;meal_basis=meal_included,,,/Users/gini/Documents/ZMI/zao-market-intelligence/.data/debug/auto-runner-market-refresh-rotating/20260723_020006/jalan/classification_decisions/yad391608_2027-01-10.json,zao_local_history_v1
2026-07-23|jalan|蔵王国際ホテル|yad309590|2027-01-01|2027-01-02|2_adults_1_room_1_night,ad75f1b5585cb2cd4fcda2eb4b644de25bfadafcbe2350463d1aa6ebcd23fe63,2027_01,2026-07-23,2026-07-23T02:00:06+09:00,2026-07-23T02:00:06+09:00,jalan,AUTO-RUNNER10X,integrated_jalan_bounded_live,蔵王国際ホテル,国内旅行・海外旅行や宿・ホテルの宿泊予約はじゃらんnet　～日本最大級の宿・ホテル予約サイト～,true,yad309590,yad309590,2027-01-01,2027-01-02,1,2,1,0,JPY,ja,2_adults_1_room_1_night,sold_out,sold_out,,,missing_or_unclear,insufficient,insufficient,selected_date_calendar_sold_out,,,,missing_or_unclear,jalan_sold_out_excluded,false,false,true,sold_out_without_price,page_chrome_coupon_or_discount_evidence;tax_included_total_not_confirmed,,,/Users/gini/Documents/ZMI/zao-market-intelligence/.data/debug/auto-runner-market-refresh-rotating/20260723_020006/jalan/classification_decisions/yad309590_2027-01-01.json,zao_local_history_v1
2026-07-23|jalan|蔵王温泉 高砂屋旅館|yad391608|2027-01-11|2027-01-12|2_adults_1_room_1_night,47d03940c5396b58a1cffa67d5068623dbe658a7a4afe80939adbc193ab1248c,2027_01,2026-07-23,2026-07-23T04:00:05+09:00,2026-07-23T04:00:05+09:00,jalan,AUTO-RUNNER10X,integrated_jalan_bounded_live,蔵王温泉 高砂屋旅館,国内旅行・海外旅行や宿・ホテルの宿泊予約はじゃらんnet　～日本最大級の宿・ホテル予約サイト～,true,yad391608,yad391608,2027-01-11,2027-01-12,1,2,1,0,JPY,ja,2_adults_1_room_1_night,available,not_sold_out_confirmed,,,missing_or_unclear,C,C,Price visible but meal_basis=meal_included (jalan_meal_included_token_detected); excluded from room-only DP per confirmed policy.,41000,,,tax_included_total,jalan_meal_included_excluded,false,false,true,meal_included_plan_excluded,page_chrome_coupon_or_discount_evidence;meal_included_plan_excluded;meal_basis=meal_included,,,/Users/gini/Documents/ZMI/zao-market-intelligence/.data/debug/auto-runner-market-refresh-rotating/20260723_040005/jalan/classification_decisions/yad391608_2027-01-11.json,zao_local_history_v1
2026-07-23|jalan|蔵王国際ホテル|yad309590|2027-01-02|2027-01-03|2_adults_1_room_1_night,69072881526514109d705b966eec03c41c9147a705b38704e77e154183ade15b,2027_01,2026-07-23,2026-07-23T04:00:05+09:00,2026-07-23T04:00:05+09:00,jalan,AUTO-RUNNER10X,integrated_jalan_bounded_live,蔵王国際ホテル,国内旅行・海外旅行や宿・ホテルの宿泊予約はじゃらんnet　～日本最大級の宿・ホテル予約サイト～,true,yad309590,yad309590,2027-01-02,2027-01-03,1,2,1,0,JPY,ja,2_adults_1_room_1_night,sold_out,sold_out,,,missing_or_unclear,insufficient,insufficient,selected_date_calendar_sold_out,,,,missing_or_unclear,jalan_sold_out_excluded,false,false,true,sold_out_without_price,page_chrome_coupon_or_discount_evidence;tax_included_total_not_confirmed,,,/Users/gini/Documents/ZMI/zao-market-intelligence/.data/debug/auto-runner-market-refresh-rotating/20260723_040005/jalan/classification_decisions/yad309590_2027-01-02.json,zao_local_history_v1
2026-07-23|jalan|蔵王国際ホテル|yad309590|2027-01-03|2027-01-04|2_adults_1_room_1_night,0d1346ffee95b3fb9eeb2c3ee00b709de800bd270708ce5fc687884a74428927,2027_01,2026-07-23,2026-07-23T04:00:05+09:00,2026-07-23T04:00:05+09:00,jalan,AUTO-RUNNER10X,integrated_jalan_bounded_live,蔵王国際ホテル,国内旅行・海外旅行や宿・ホテルの宿泊予約はじゃらんnet　～日本最大級の宿・ホテル予約サイト～,true,yad309590,yad309590,2027-01-03,2027-01-04,1,2,1,0,JPY,ja,2_adults_1_room_1_night,sold_out,sold_out,,,missing_or_unclear,insufficient,insufficient,selected_date_calendar_sold_out,,,,missing_or_unclear,jalan_sold_out_excluded,false,false,true,sold_out_without_price,page_chrome_coupon_or_discount_evidence;tax_included_total_not_confirmed,,,/Users/gini/Documents/ZMI/zao-market-intelligence/.data/debug/auto-runner-market-refresh-rotating/20260723_040005/jalan/classification_decisions/yad309590_2027-01-03.json,zao_local_history_v1
2026-07-23|jalan|蔵王温泉 高砂屋旅館|yad391608|2027-01-16|2027-01-17|2_adults_1_room_1_night,3dc05520494338c8f713a2338de67d46369f0e4e794d739e699cb8aa888e6778,2027_01,2026-07-23,2026-07-23T06:00:06+09:00,2026-07-23T06:00:06+09:00,jalan,AUTO-RUNNER10X,integrated_jalan_bounded_live,蔵王温泉 高砂屋旅館,国内旅行・海外旅行や宿・ホテルの宿泊予約はじゃらんnet　～日本最大級の宿・ホテル予約サイト～,true,yad391608,yad391608,2027-01-16,2027-01-17,1,2,1,0,JPY,ja,2_adults_1_room_1_night,available,not_sold_out_confirmed,,,missing_or_unclear,C,C,Price visible but meal_basis=meal_included (jalan_meal_included_token_detected); excluded from room-only DP per confirmed policy.,44000,,,tax_included_total,jalan_meal_included_excluded,false,false,true,meal_included_plan_excluded,page_chrome_coupon_or_discount_evidence;meal_included_plan_excluded;meal_basis=meal_included,,,/Users/gini/Documents/ZMI/zao-market-intelligence/.data/debug/auto-runner-market-refresh-rotating/20260723_060006/jalan/classification_decisions/yad391608_2027-01-16.json,zao_local_history_v1
2026-07-23|jalan|蔵王温泉 高砂屋旅館|yad391608|2027-01-23|2027-01-24|2_adults_1_room_1_night,3ad7d2877cbb140d8541266695156d8b4e432a19e64b49f6c498ed7f3f82a15c,2027_01,2026-07-23,2026-07-23T08:00:07+09:00,2026-07-23T08:00:07+09:00,jalan,AUTO-RUNNER10X,integrated_jalan_bounded_live,蔵王温泉 高砂屋旅館,国内旅行・海外旅行や宿・ホテルの宿泊予約はじゃらんnet　～日本最大級の宿・ホテル予約サイト～,true,yad391608,yad391608,2027-01-23,2027-01-24,1,2,1,0,JPY,ja,2_adults_1_room_1_night,sold_out,sold_out,,,missing_or_unclear,insufficient,insufficient,selected_date_calendar_sold_out,,,,missing_or_unclear,jalan_sold_out_excluded,false,false,true,sold_out_without_price,page_chrome_coupon_or_discount_evidence;tax_included_total_not_confirmed,,,/Users/gini/Documents/ZMI/zao-market-intelligence/.data/debug/auto-runner-market-refresh-rotating/20260723_080007/jalan/classification_decisions/yad391608_2027-01-23.json,zao_local_history_v1
2026-07-23|jalan|蔵王国際ホテル|yad309590|2027-01-09|2027-01-10|2_adults_1_room_1_night,956c29ea420f838c61ef0e8218b6fee27e52f5e476bc0684a09c08a9532fbf50,2027_01,2026-07-23,2026-07-23T08:00:07+09:00,2026-07-23T08:00:07+09:00,jalan,AUTO-RUNNER10X,integrated_jalan_bounded_live,蔵王国際ホテル,国内旅行・海外旅行や宿・ホテルの宿泊予約はじゃらんnet　～日本最大級の宿・ホテル予約サイト～,true,yad309590,yad309590,2027-01-09,2027-01-10,1,2,1,0,JPY,ja,2_adults_1_room_1_night,sold_out,sold_out,,,missing_or_unclear,insufficient,insufficient,selected_date_calendar_sold_out,,,,missing_or_unclear,jalan_sold_out_excluded,false,false,true,sold_out_without_price,page_chrome_coupon_or_discount_evidence;tax_included_total_not_confirmed,,,/Users/gini/Documents/ZMI/zao-market-intelligence/.data/debug/auto-runner-market-refresh-rotating/20260723_080007/jalan/classification_decisions/yad309590_2027-01-09.json,zao_local_history_v1
2026-07-23|jalan|蔵王温泉 高砂屋旅館|yad391608|2027-01-30|2027-01-31|2_adults_1_room_1_night,c7eb77a196a640b682b849f5b8a07a4118200dd0d7e8c0972be93453a2a34b09,2027_01,2026-07-23,2026-07-23T10:00:03+09:00,2026-07-23T10:00:03+09:00,jalan,AUTO-RUNNER10X,integrated_jalan_bounded_live,蔵王温泉 高砂屋旅館,国内旅行・海外旅行や宿・ホテルの宿泊予約はじゃらんnet　～日本最大級の宿・ホテル予約サイト～,true,yad391608,yad391608,2027-01-30,2027-01-31,1,2,1,0,JPY,ja,2_adults_1_room_1_night,sold_out,sold_out,,,missing_or_unclear,insufficient,insufficient,selected_date_calendar_sold_out,,,,missing_or_unclear,jalan_sold_out_excluded,false,false,true,sold_out_without_price,page_chrome_coupon_or_discount_evidence;tax_included_total_not_confirmed,,,/Users/gini/Documents/ZMI/zao-market-intelligence/.data/debug/auto-runner-market-refresh-rotating/20260723_100003/jalan/classification_decisions/yad391608_2027-01-30.json,zao_local_history_v1
2026-07-23|jalan|たかみや瑠璃倶楽|yad316848|2027-01-01|2027-01-02|2_adults_1_room_1_night,b9941a3ceb18411a5b47e71c3df4fddc45aa0d648d8ab29d2bf7d65c9d3eb45d,2027_01,2026-07-23,2026-07-23T10:00:03+09:00,2026-07-23T10:00:03+09:00,jalan,AUTO-RUNNER10X,integrated_jalan_bounded_live,たかみや瑠璃倶楽,国内旅行・海外旅行や宿・ホテルの宿泊予約はじゃらんnet　～日本最大級の宿・ホテル予約サイト～,true,yad316848,yad316848,2027-01-01,2027-01-02,1,2,1,0,JPY,ja,2_adults_1_room_1_night,sold_out,sold_out,,,missing_or_unclear,insufficient,insufficient,selected_date_calendar_sold_out,,,,missing_or_unclear,jalan_sold_out_excluded,false,false,true,sold_out_without_price,page_chrome_coupon_or_discount_evidence;tax_included_total_not_confirmed,,,/Users/gini/Documents/ZMI/zao-market-intelligence/.data/debug/auto-runner-market-refresh-rotating/20260723_100003/jalan/classification_decisions/yad316848_2027-01-01.json,zao_local_history_v1
2026-07-23|jalan|たかみや瑠璃倶楽|yad316848|2027-01-02|2027-01-03|2_adults_1_room_1_night,b21635c794e2ce49e5d2b7d5ba213eb1be1b929a1859bc2635f9a9e1c2f55140,2027_01,2026-07-23,2026-07-23T12:00:06+09:00,2026-07-23T12:00:06+09:00,jalan,AUTO-RUNNER10X,integrated_jalan_bounded_live,たかみや瑠璃倶楽,国内旅行・海外旅行や宿・ホテルの宿泊予約はじゃらんnet　～日本最大級の宿・ホテル予約サイト～,true,yad316848,yad316848,2027-01-02,2027-01-03,1,2,1,0,JPY,ja,2_adults_1_room_1_night,sold_out,sold_out,,,missing_or_unclear,insufficient,insufficient,selected_date_calendar_sold_out,,,,missing_or_unclear,jalan_sold_out_excluded,false,false,true,sold_out_without_price,page_chrome_coupon_or_discount_evidence;tax_included_total_not_confirmed,,,/Users/gini/Documents/ZMI/zao-market-intelligence/.data/debug/auto-runner-market-refresh-rotating/20260723_120006/jalan/classification_decisions/yad316848_2027-01-02.json,zao_local_history_v1
2026-07-23|jalan|蔵王国際ホテル|yad309590|2027-01-10|2027-01-11|2_adults_1_room_1_night,4b63efdd342f7de85e8b1364337a4b235d566262ad37cf8eeb066b448aa1a2fc,2027_01,2026-07-23,2026-07-23T14:00:05+09:00,2026-07-23T14:00:05+09:00,jalan,AUTO-RUNNER10X,integrated_jalan_bounded_live,蔵王国際ホテル,国内旅行・海外旅行や宿・ホテルの宿泊予約はじゃらんnet　～日本最大級の宿・ホテル予約サイト～,true,yad309590,yad309590,2027-01-10,2027-01-11,1,2,1,0,JPY,ja,2_adults_1_room_1_night,sold_out,sold_out,,,missing_or_unclear,insufficient,insufficient,selected_date_calendar_sold_out,,,,missing_or_unclear,jalan_sold_out_excluded,false,false,true,sold_out_without_price,page_chrome_coupon_or_discount_evidence;tax_included_total_not_confirmed,,,/Users/gini/Documents/ZMI/zao-market-intelligence/.data/debug/auto-runner-market-refresh-rotating/20260723_140005/jalan/classification_decisions/yad309590_2027-01-10.json,zao_local_history_v1
2026-07-23|jalan|蔵王国際ホテル|yad309590|2027-01-11|2027-01-12|2_adults_1_room_1_night,c87d3c7c1dad21511942b305dcc5431a61142eff611d5a423fdfb98f93cf276a,2027_01,2026-07-23,2026-07-23T14:00:05+09:00,2026-07-23T14:00:05+09:00,jalan,AUTO-RUNNER10X,integrated_jalan_bounded_live,蔵王国際ホテル,国内旅行・海外旅行や宿・ホテルの宿泊予約はじゃらんnet　～日本最大級の宿・ホテル予約サイト～,true,yad309590,yad309590,2027-01-11,2027-01-12,1,2,1,0,JPY,ja,2_adults_1_room_1_night,available,not_sold_out_confirmed,,,missing_or_unclear,C,C,Price visible but meal_basis=unknown_meal_basis (jalan_meal_basis_unknown); excluded from room-only DP per confirmed policy.,44000,,,tax_included_total,jalan_unknown_meal_basis_excluded,false,false,true,unknown_meal_basis_excluded,page_chrome_coupon_or_discount_evidence;unknown_meal_basis_excluded;meal_basis=unknown_meal_basis,,,/Users/gini/Documents/ZMI/zao-market-intelligence/.data/debug/auto-runner-market-refresh-rotating/20260723_140005/jalan/classification_decisions/yad309590_2027-01-11.json,zao_local_history_v1
2026-07-23|jalan|蔵王国際ホテル|yad309590|2027-01-16|2027-01-17|2_adults_1_room_1_night,101121ca62e5b321949ad0a748d064ee3cf201571251e7273c36d51b1fde3a4c,2027_01,2026-07-23,2026-07-23T16:00:03+09:00,2026-07-23T16:00:03+09:00,jalan,AUTO-RUNNER10X,integrated_jalan_bounded_live,蔵王国際ホテル,国内旅行・海外旅行や宿・ホテルの宿泊予約はじゃらんnet　～日本最大級の宿・ホテル予約サイト～,true,yad309590,yad309590,2027-01-16,2027-01-17,1,2,1,0,JPY,ja,2_adults_1_room_1_night,available,not_sold_out_confirmed,,,missing_or_unclear,C,C,Price visible but meal_basis=meal_included (jalan_meal_included_token_detected); excluded from room-only DP per confirmed policy.,109120,,,tax_included_total,jalan_meal_included_excluded,false,false,true,meal_included_plan_excluded,page_chrome_coupon_or_discount_evidence;meal_included_plan_excluded;meal_basis=meal_included,,,/Users/gini/Documents/ZMI/zao-market-intelligence/.data/debug/auto-runner-market-refresh-rotating/20260723_160003/jalan/classification_decisions/yad309590_2027-01-16.json,zao_local_history_v1
2026-07-23|jalan|蔵王国際ホテル|yad309590|2027-01-23|2027-01-24|2_adults_1_room_1_night,a8d31fdd45c1e8a1cb9ef75282b543ac6e3be4562eaa5ad86abde7c5ec5d816d,2027_01,2026-07-23,2026-07-23T16:00:03+09:00,2026-07-23T16:00:03+09:00,jalan,AUTO-RUNNER10X,integrated_jalan_bounded_live,蔵王国際ホテル,国内旅行・海外旅行や宿・ホテルの宿泊予約はじゃらんnet　～日本最大級の宿・ホテル予約サイト～,true,yad309590,yad309590,2027-01-23,2027-01-24,1,2,1,0,JPY,ja,2_adults_1_room_1_night,available,not_sold_out_confirmed,,,missing_or_unclear,C,C,Price visible but meal_basis=meal_included (jalan_meal_included_token_detected); excluded from room-only DP per confirmed policy.,117920,,,tax_included_total,jalan_meal_included_excluded,false,false,true,meal_included_plan_excluded,page_chrome_coupon_or_discount_evidence;meal_included_plan_excluded;meal_basis=meal_included,,,/Users/gini/Documents/ZMI/zao-market-intelligence/.data/debug/auto-runner-market-refresh-rotating/20260723_160003/jalan/classification_decisions/yad309590_2027-01-23.json,zao_local_history_v1
2026-07-23|jalan|蔵王国際ホテル|yad309590|2027-01-30|2027-01-31|2_adults_1_room_1_night,df1684db57a4027eda2c3c8d1d8146155300e4b41a70166059e6f6f5a6b7eb1f,2027_01,2026-07-23,2026-07-23T18:00:06+09:00,2026-07-23T18:00:06+09:00,jalan,AUTO-RUNNER10X,integrated_jalan_bounded_live,蔵王国際ホテル,国内旅行・海外旅行や宿・ホテルの宿泊予約はじゃらんnet　～日本最大級の宿・ホテル予約サイト～,true,yad309590,yad309590,2027-01-30,2027-01-31,1,2,1,0,JPY,ja,2_adults_1_room_1_night,available,not_sold_out_confirmed,,,missing_or_unclear,C,C,Price visible but meal_basis=meal_included (jalan_meal_included_token_detected); excluded from room-only DP per confirmed policy.,117920,,,tax_included_total,jalan_meal_included_excluded,false,false,true,meal_included_plan_excluded,page_chrome_coupon_or_discount_evidence;meal_included_plan_excluded;meal_basis=meal_included,,,/Users/gini/Documents/ZMI/zao-market-intelligence/.data/debug/auto-runner-market-refresh-rotating/20260723_180006/jalan/classification_decisions/yad309590_2027-01-30.json,zao_local_history_v1
2026-07-23|jalan|深山荘 高見屋|yad321744|2027-01-01|2027-01-02|2_adults_1_room_1_night,51d9412fdbe7821662d264c669d46c5d5b332699d5a155e52cd03028c1f71ff7,2027_01,2026-07-23,2026-07-23T22:00:03+09:00,2026-07-23T22:00:03+09:00,jalan,AUTO-RUNNER10X,integrated_jalan_bounded_live,深山荘 高見屋,国内旅行・海外旅行や宿・ホテルの宿泊予約はじゃらんnet　～日本最大級の宿・ホテル予約サイト～,true,yad321744,yad321744,2027-01-01,2027-01-02,1,2,1,0,JPY,ja,2_adults_1_room_1_night,sold_out,sold_out,,,missing_or_unclear,insufficient,insufficient,selected_date_calendar_sold_out,,,,missing_or_unclear,jalan_sold_out_excluded,false,false,true,sold_out_without_price,page_chrome_coupon_or_discount_evidence;tax_included_total_not_confirmed,,,/Users/gini/Documents/ZMI/zao-market-intelligence/.data/debug/auto-runner-market-refresh-rotating/20260723_220003/jalan/classification_decisions/yad321744_2027-01-01.json,zao_local_history_v1
2026-07-24|jalan|蔵王温泉 高砂屋旅館|yad391608|2027-01-01|2027-01-02|2_adults_1_room_1_night,8811f3e84193c09417fbdbb6934629ca113a6983f2a14df86c873fe3d3fc1f89,2027_01,2026-07-24,2026-07-24T02:00:06+09:00,2026-07-24T02:00:06+09:00,jalan,AUTO-RUNNER10X,integrated_jalan_bounded_live,蔵王温泉 高砂屋旅館,国内旅行・海外旅行や宿・ホテルの宿泊予約はじゃらんnet　～日本最大級の宿・ホテル予約サイト～,true,yad391608,yad391608,2027-01-01,2027-01-02,1,2,1,0,JPY,ja,2_adults_1_room_1_night,sold_out,sold_out,,,missing_or_unclear,insufficient,insufficient,selected_date_calendar_sold_out,,,,missing_or_unclear,jalan_sold_out_excluded,false,false,true,sold_out_without_price,page_chrome_coupon_or_discount_evidence;tax_included_total_not_confirmed,,,/Users/gini/Documents/ZMI/zao-market-intelligence/.data/debug/auto-runner-market-refresh-rotating/20260724_020006/jalan/classification_decisions/yad391608_2027-01-01.json,zao_local_history_v1
2026-07-24|jalan|蔵王国際ホテル|yad309590|2027-01-01|2027-01-02|2_adults_1_room_1_night,a255dcd094742f45b7b758205f3b87a56b3653ab1caadf67b8fca06b205e1721,2027_01,2026-07-24,2026-07-24T04:00:05+09:00,2026-07-24T04:00:05+09:00,jalan,AUTO-RUNNER10X,integrated_jalan_bounded_live,蔵王国際ホテル,国内旅行・海外旅行や宿・ホテルの宿泊予約はじゃらんnet　～日本最大級の宿・ホテル予約サイト～,true,yad309590,yad309590,2027-01-01,2027-01-02,1,2,1,0,JPY,ja,2_adults_1_room_1_night,sold_out,sold_out,,,missing_or_unclear,insufficient,insufficient,selected_date_calendar_sold_out,,,,missing_or_unclear,jalan_sold_out_excluded,false,false,true,sold_out_without_price,page_chrome_coupon_or_discount_evidence;tax_included_total_not_confirmed,,,/Users/gini/Documents/ZMI/zao-market-intelligence/.data/debug/auto-runner-market-refresh-rotating/20260724_040005/jalan/classification_decisions/yad309590_2027-01-01.json,zao_local_history_v1
2026-07-24|jalan|蔵王温泉 高砂屋旅館|yad391608|2027-01-02|2027-01-03|2_adults_1_room_1_night,b5d5085a67d585a325bd4673e669f349b4067893b2e723dcc3d6d3de8fd0ab68,2027_01,2026-07-24,2026-07-24T06:00:06+09:00,2026-07-24T06:00:06+09:00,jalan,AUTO-RUNNER10X,integrated_jalan_bounded_live,蔵王温泉 高砂屋旅館,国内旅行・海外旅行や宿・ホテルの宿泊予約はじゃらんnet　～日本最大級の宿・ホテル予約サイト～,true,yad391608,yad391608,2027-01-02,2027-01-03,1,2,1,0,JPY,ja,2_adults_1_room_1_night,sold_out,sold_out,,,missing_or_unclear,insufficient,insufficient,selected_date_calendar_sold_out,,,,missing_or_unclear,jalan_sold_out_excluded,false,false,true,sold_out_without_price,page_chrome_coupon_or_discount_evidence;tax_included_total_not_confirmed,,,/Users/gini/Documents/ZMI/zao-market-intelligence/.data/debug/auto-runner-market-refresh-rotating/20260724_060006/jalan/classification_decisions/yad391608_2027-01-02.json,zao_local_history_v1
2026-07-24|jalan|蔵王国際ホテル|yad309590|2027-01-03|2027-01-04|2_adults_1_room_1_night,1ac4868ea9888f7d5b9c7f985ee146df62c7fc6944a0329ef88b7534776c7d30,2027_01,2026-07-24,2026-07-24T06:00:06+09:00,2026-07-24T06:00:06+09:00,jalan,AUTO-RUNNER10X,integrated_jalan_bounded_live,蔵王国際ホテル,国内旅行・海外旅行や宿・ホテルの宿泊予約はじゃらんnet　～日本最大級の宿・ホテル予約サイト～,true,yad309590,yad309590,2027-01-03,2027-01-04,1,2,1,0,JPY,ja,2_adults_1_room_1_night,sold_out,sold_out,,,missing_or_unclear,insufficient,insufficient,selected_date_calendar_sold_out,,,,missing_or_unclear,jalan_sold_out_excluded,false,false,true,sold_out_without_price,page_chrome_coupon_or_discount_evidence;tax_included_total_not_confirmed,,,/Users/gini/Documents/ZMI/zao-market-intelligence/.data/debug/auto-runner-market-refresh-rotating/20260724_060006/jalan/classification_decisions/yad309590_2027-01-03.json,zao_local_history_v1
2026-07-24|jalan|三浦屋|yad302145|2027-01-01|2027-01-02|2_adults_1_room_1_night,75cdecb13cdc2734b702acd7c0368f06c2dd4e9bd6d8c93f7ff1689b68a1090e,2027_01,2026-07-24,2026-07-24T08:00:06+09:00,2026-07-24T08:00:06+09:00,jalan,AUTO-RUNNER10X,integrated_jalan_bounded_live,三浦屋,国内旅行・海外旅行や宿・ホテルの宿泊予約はじゃらんnet　～日本最大級の宿・ホテル予約サイト～,true,yad302145,yad302145,2027-01-01,2027-01-02,1,2,1,0,JPY,ja,2_adults_1_room_1_night,available,not_sold_out_confirmed,,,missing_or_unclear,C,C,Price visible but a hard disqualifier prevents directional use: selected_plan_coupon_or_discount_not_comparable.,53926,,,tax_included_total,jalan_price_disqualified,false,false,true,selected_plan_coupon_or_discount_not_comparable,selected_plan_coupon_or_discount_evidence;meal_basis_confirmed_room_only;meal_basis=confirmed_room_only;room_basis_confirmed_two_person_standard;room_basis=confirmed_two_person_standard_room,,,/Users/gini/Documents/ZMI/zao-market-intelligence/.data/debug/auto-runner-market-refresh-rotating/20260724_080006/jalan/classification_decisions/yad302145_2027-01-01.json,zao_local_history_v1
2026-07-24|jalan|蔵王温泉 高砂屋旅館|yad391608|2027-01-03|2027-01-04|2_adults_1_room_1_night,890d14ca52e574e37538cbb44d7b8af904260b3109e91d53ad06ea45eccb55c6,2027_01,2026-07-24,2026-07-24T08:00:06+09:00,2026-07-24T08:00:06+09:00,jalan,AUTO-RUNNER10X,integrated_jalan_bounded_live,蔵王温泉 高砂屋旅館,国内旅行・海外旅行や宿・ホテルの宿泊予約はじゃらんnet　～日本最大級の宿・ホテル予約サイト～,true,yad391608,yad391608,2027-01-03,2027-01-04,1,2,1,0,JPY,ja,2_adults_1_room_1_night,available,not_sold_out_confirmed,,,missing_or_unclear,C,C,Price visible but meal_basis=meal_included (jalan_meal_included_token_detected); excluded from room-only DP per confirmed policy.,48000,,,tax_included_total,jalan_meal_included_excluded,false,false,true,meal_included_plan_excluded,page_chrome_coupon_or_discount_evidence;meal_included_plan_excluded;meal_basis=meal_included,,,/Users/gini/Documents/ZMI/zao-market-intelligence/.data/debug/auto-runner-market-refresh-rotating/20260724_080006/jalan/classification_decisions/yad391608_2027-01-03.json,zao_local_history_v1
2026-07-24|jalan|蔵王温泉 高砂屋旅館|yad391608|2027-01-09|2027-01-10|2_adults_1_room_1_night,4c45db92dfeadd9c74d7249b03074150e860c73dcf52ce26e9267dfcb70920cb,2027_01,2026-07-24,2026-07-24T08:00:06+09:00,2026-07-24T08:00:06+09:00,jalan,AUTO-RUNNER10X,integrated_jalan_bounded_live,蔵王温泉 高砂屋旅館,国内旅行・海外旅行や宿・ホテルの宿泊予約はじゃらんnet　～日本最大級の宿・ホテル予約サイト～,true,yad391608,yad391608,2027-01-09,2027-01-10,1,2,1,0,JPY,ja,2_adults_1_room_1_night,available,not_sold_out_confirmed,,,missing_or_unclear,C,C,Price visible but meal_basis=meal_included (jalan_meal_included_token_detected); excluded from room-only DP per confirmed policy.,48000,,,tax_included_total,jalan_meal_included_excluded,false,false,true,meal_included_plan_excluded,page_chrome_coupon_or_discount_evidence;meal_included_plan_excluded;meal_basis=meal_included,,,/Users/gini/Documents/ZMI/zao-market-intelligence/.data/debug/auto-runner-market-refresh-rotating/20260724_080006/jalan/classification_decisions/yad391608_2027-01-09.json,zao_local_history_v1
2026-07-24|jalan|蔵王国際ホテル|yad309590|2027-01-02|2027-01-03|2_adults_1_room_1_night,083b69cbb398b4af98620a27efa3b858dc60242eb4fac9176d67c414aef88c3b,2027_01,2026-07-24,2026-07-24T08:00:06+09:00,2026-07-24T08:00:06+09:00,jalan,AUTO-RUNNER10X,integrated_jalan_bounded_live,蔵王国際ホテル,国内旅行・海外旅行や宿・ホテルの宿泊予約はじゃらんnet　～日本最大級の宿・ホテル予約サイト～,true,yad309590,yad309590,2027-01-02,2027-01-03,1,2,1,0,JPY,ja,2_adults_1_room_1_night,sold_out,sold_out,,,missing_or_unclear,insufficient,insufficient,selected_date_calendar_sold_out,,,,missing_or_unclear,jalan_sold_out_excluded,false,false,true,sold_out_without_price,page_chrome_coupon_or_discount_evidence;tax_included_total_not_confirmed,,,/Users/gini/Documents/ZMI/zao-market-intelligence/.data/debug/auto-runner-market-refresh-rotating/20260724_080006/jalan/classification_decisions/yad309590_2027-01-02.json,zao_local_history_v1
2026-07-24|jalan|蔵王国際ホテル|yad309590|2027-01-09|2027-01-10|2_adults_1_room_1_night,3aad9b30637548a6859793df9dfb40243d082564f4e55feb5abccba6436cafcb,2027_01,2026-07-24,2026-07-24T10:00:06+09:00,2026-07-24T10:00:06+09:00,jalan,AUTO-RUNNER10X,integrated_jalan_bounded_live,蔵王国際ホテル,国内旅行・海外旅行や宿・ホテルの宿泊予約はじゃらんnet　～日本最大級の宿・ホテル予約サイト～,true,yad309590,yad309590,2027-01-09,2027-01-10,1,2,1,0,JPY,ja,2_adults_1_room_1_night,sold_out,sold_out,,,missing_or_unclear,insufficient,insufficient,selected_date_calendar_sold_out,,,,missing_or_unclear,jalan_sold_out_excluded,false,false,true,sold_out_without_price,page_chrome_coupon_or_discount_evidence;tax_included_total_not_confirmed,,,/Users/gini/Documents/ZMI/zao-market-intelligence/.data/debug/auto-runner-market-refresh-rotating/20260724_100006/jalan/classification_decisions/yad309590_2027-01-09.json,zao_local_history_v1
2026-07-24|jalan|蔵王温泉 高砂屋旅館|yad391608|2027-01-10|2027-01-11|2_adults_1_room_1_night,fb3be128115aa1458c9cd859bdeb0121231990af91d7fd1b0c805a3667bc8288,2027_01,2026-07-24,2026-07-24T12:00:06+09:00,2026-07-24T12:00:06+09:00,jalan,AUTO-RUNNER10X,integrated_jalan_bounded_live,蔵王温泉 高砂屋旅館,国内旅行・海外旅行や宿・ホテルの宿泊予約はじゃらんnet　～日本最大級の宿・ホテル予約サイト～,true,yad391608,yad391608,2027-01-10,2027-01-11,1,2,1,0,JPY,ja,2_adults_1_room_1_night,available,not_sold_out_confirmed,,,missing_or_unclear,C,C,Price visible but meal_basis=meal_included (jalan_meal_included_token_detected); excluded from room-only DP per confirmed policy.,48000,,,tax_included_total,jalan_meal_included_excluded,false,false,true,meal_included_plan_excluded,page_chrome_coupon_or_discount_evidence;meal_included_plan_excluded;meal_basis=meal_included,,,/Users/gini/Documents/ZMI/zao-market-intelligence/.data/debug/auto-runner-market-refresh-rotating/20260724_120006/jalan/classification_decisions/yad391608_2027-01-10.json,zao_local_history_v1
2026-07-24|jalan|蔵王国際ホテル|yad309590|2027-01-10|2027-01-11|2_adults_1_room_1_night,68d56061630049fb3d8eb648045bc84a7a8635fc392652acff9192c458ec4b1c,2027_01,2026-07-24,2026-07-24T14:00:05+09:00,2026-07-24T14:00:05+09:00,jalan,AUTO-RUNNER10X,integrated_jalan_bounded_live,蔵王国際ホテル,国内旅行・海外旅行や宿・ホテルの宿泊予約はじゃらんnet　～日本最大級の宿・ホテル予約サイト～,true,yad309590,yad309590,2027-01-10,2027-01-11,1,2,1,0,JPY,ja,2_adults_1_room_1_night,sold_out,sold_out,,,missing_or_unclear,insufficient,insufficient,selected_date_calendar_sold_out,,,,missing_or_unclear,jalan_sold_out_excluded,false,false,true,sold_out_without_price,page_chrome_coupon_or_discount_evidence;tax_included_total_not_confirmed,,,/Users/gini/Documents/ZMI/zao-market-intelligence/.data/debug/auto-runner-market-refresh-rotating/20260724_140005/jalan/classification_decisions/yad309590_2027-01-10.json,zao_local_history_v1
2026-07-24|jalan|蔵王国際ホテル|yad309590|2027-01-11|2027-01-12|2_adults_1_room_1_night,a7f5b87a4b275af11c349ed295e54870a2051c2292794e99de0180196671a0ec,2027_01,2026-07-24,2026-07-24T14:00:05+09:00,2026-07-24T14:00:05+09:00,jalan,AUTO-RUNNER10X,integrated_jalan_bounded_live,蔵王国際ホテル,国内旅行・海外旅行や宿・ホテルの宿泊予約はじゃらんnet　～日本最大級の宿・ホテル予約サイト～,true,yad309590,yad309590,2027-01-11,2027-01-12,1,2,1,0,JPY,ja,2_adults_1_room_1_night,sold_out,sold_out,,,missing_or_unclear,insufficient,insufficient,selected_date_calendar_sold_out,,,,missing_or_unclear,jalan_sold_out_excluded,false,false,true,sold_out_without_price,page_chrome_coupon_or_discount_evidence;tax_included_total_not_confirmed,,,/Users/gini/Documents/ZMI/zao-market-intelligence/.data/debug/auto-runner-market-refresh-rotating/20260724_140005/jalan/classification_decisions/yad309590_2027-01-11.json,zao_local_history_v1
2026-07-24|jalan|三浦屋|yad302145|2027-01-02|2027-01-03|2_adults_1_room_1_night,ed83287286b368c66679586c2cdfb99dff4024cf85a053ec54ed343a40dd9bf5,2027_01,2026-07-24,2026-07-24T16:00:06+09:00,2026-07-24T16:00:06+09:00,jalan,AUTO-RUNNER10X,integrated_jalan_bounded_live,三浦屋,国内旅行・海外旅行や宿・ホテルの宿泊予約はじゃらんnet　～日本最大級の宿・ホテル予約サイト～,true,yad302145,yad302145,2027-01-02,2027-01-03,1,2,1,0,JPY,ja,2_adults_1_room_1_night,available,not_sold_out_confirmed,,,missing_or_unclear,C,C,Price visible but a hard disqualifier prevents directional use: selected_plan_coupon_or_discount_not_comparable.,53926,,,tax_included_total,jalan_price_disqualified,false,false,true,selected_plan_coupon_or_discount_not_comparable,selected_plan_coupon_or_discount_evidence;meal_basis_confirmed_room_only;meal_basis=confirmed_room_only;room_basis_confirmed_two_person_standard;room_basis=confirmed_two_person_standard_room,,,/Users/gini/Documents/ZMI/zao-market-intelligence/.data/debug/auto-runner-market-refresh-rotating/20260724_160006/jalan/classification_decisions/yad302145_2027-01-02.json,zao_local_history_v1
2026-07-24|jalan|蔵王国際ホテル|yad309590|2027-01-16|2027-01-17|2_adults_1_room_1_night,0cb88b8ef52f0ab263050f00f911c75a09e80482f0da2a28343b4c63e8b13c14,2027_01,2026-07-24,2026-07-24T16:00:06+09:00,2026-07-24T16:00:06+09:00,jalan,AUTO-RUNNER10X,integrated_jalan_bounded_live,蔵王国際ホテル,国内旅行・海外旅行や宿・ホテルの宿泊予約はじゃらんnet　～日本最大級の宿・ホテル予約サイト～,true,yad309590,yad309590,2027-01-16,2027-01-17,1,2,1,0,JPY,ja,2_adults_1_room_1_night,available,not_sold_out_confirmed,,,missing_or_unclear,C,C,Price visible but meal_basis=meal_included (jalan_meal_included_token_detected); excluded from room-only DP per confirmed policy.,109120,,,tax_included_total,jalan_meal_included_excluded,false,false,true,meal_included_plan_excluded,page_chrome_coupon_or_discount_evidence;meal_included_plan_excluded;meal_basis=meal_included,,,/Users/gini/Documents/ZMI/zao-market-intelligence/.data/debug/auto-runner-market-refresh-rotating/20260724_160006/jalan/classification_decisions/yad309590_2027-01-16.json,zao_local_history_v1
2026-07-24|jalan|蔵王国際ホテル|yad309590|2027-01-23|2027-01-24|2_adults_1_room_1_night,141679c63932c0ea81dfe931830152d0814780ba01490325b8740640208f7a78,2027_01,2026-07-24,2026-07-24T16:00:06+09:00,2026-07-24T16:00:06+09:00,jalan,AUTO-RUNNER10X,integrated_jalan_bounded_live,蔵王国際ホテル,国内旅行・海外旅行や宿・ホテルの宿泊予約はじゃらんnet　～日本最大級の宿・ホテル予約サイト～,true,yad309590,yad309590,2027-01-23,2027-01-24,1,2,1,0,JPY,ja,2_adults_1_room_1_night,available,not_sold_out_confirmed,,,missing_or_unclear,C,C,Price visible but meal_basis=meal_included (jalan_meal_included_token_detected); excluded from room-only DP per confirmed policy.,117920,,,tax_included_total,jalan_meal_included_excluded,false,false,true,meal_included_plan_excluded,page_chrome_coupon_or_discount_evidence;meal_included_plan_excluded;meal_basis=meal_included,,,/Users/gini/Documents/ZMI/zao-market-intelligence/.data/debug/auto-runner-market-refresh-rotating/20260724_160006/jalan/classification_decisions/yad309590_2027-01-23.json,zao_local_history_v1
2026-07-24|jalan|たかみや瑠璃倶楽|yad316848|2027-01-01|2027-01-02|2_adults_1_room_1_night,2122096b4beb984d636213b448a2509bbc7410410f132a627f615018766ba0c2,2027_01,2026-07-24,2026-07-24T16:00:06+09:00,2026-07-24T16:00:06+09:00,jalan,AUTO-RUNNER10X,integrated_jalan_bounded_live,たかみや瑠璃倶楽,国内旅行・海外旅行や宿・ホテルの宿泊予約はじゃらんnet　～日本最大級の宿・ホテル予約サイト～,true,yad316848,yad316848,2027-01-01,2027-01-02,1,2,1,0,JPY,ja,2_adults_1_room_1_night,sold_out,sold_out,,,missing_or_unclear,insufficient,insufficient,selected_date_calendar_sold_out,,,,missing_or_unclear,jalan_sold_out_excluded,false,false,true,sold_out_without_price,page_chrome_coupon_or_discount_evidence;tax_included_total_not_confirmed,,,/Users/gini/Documents/ZMI/zao-market-intelligence/.data/debug/auto-runner-market-refresh-rotating/20260724_160006/jalan/classification_decisions/yad316848_2027-01-01.json,zao_local_history_v1
2026-07-24|jalan|たかみや瑠璃倶楽|yad316848|2027-01-03|2027-01-04|2_adults_1_room_1_night,4ba4995b06b59225d362fbc22e7fdaa6d00f68668faa411d9682613034aa0c1e,2027_01,2026-07-24,2026-07-24T16:00:06+09:00,2026-07-24T16:00:06+09:00,jalan,AUTO-RUNNER10X,integrated_jalan_bounded_live,たかみや瑠璃倶楽,国内旅行・海外旅行や宿・ホテルの宿泊予約はじゃらんnet　～日本最大級の宿・ホテル予約サイト～,true,yad316848,yad316848,2027-01-03,2027-01-04,1,2,1,0,JPY,ja,2_adults_1_room_1_night,sold_out,sold_out,,,missing_or_unclear,insufficient,insufficient,selected_date_calendar_sold_out,,,,missing_or_unclear,jalan_sold_out_excluded,false,false,true,sold_out_without_price,page_chrome_coupon_or_discount_evidence;tax_included_total_not_confirmed,,,/Users/gini/Documents/ZMI/zao-market-intelligence/.data/debug/auto-runner-market-refresh-rotating/20260724_160006/jalan/classification_decisions/yad316848_2027-01-03.json,zao_local_history_v1
2026-07-24|jalan|蔵王国際ホテル|yad309590|2027-01-30|2027-01-31|2_adults_1_room_1_night,fcb326a9a9d69d66e29f02ccdc6e6370c98fce7ac2ea22e797324bdb76558e14,2027_01,2026-07-24,2026-07-24T18:00:06+09:00,2026-07-24T18:00:06+09:00,jalan,AUTO-RUNNER10X,integrated_jalan_bounded_live,蔵王国際ホテル,国内旅行・海外旅行や宿・ホテルの宿泊予約はじゃらんnet　～日本最大級の宿・ホテル予約サイト～,true,yad309590,yad309590,2027-01-30,2027-01-31,1,2,1,0,JPY,ja,2_adults_1_room_1_night,available,not_sold_out_confirmed,,,missing_or_unclear,C,C,Price visible but meal_basis=meal_included (jalan_meal_included_token_detected); excluded from room-only DP per confirmed policy.,117920,,,tax_included_total,jalan_meal_included_excluded,false,false,true,meal_included_plan_excluded,page_chrome_coupon_or_discount_evidence;meal_included_plan_excluded;meal_basis=meal_included,,,/Users/gini/Documents/ZMI/zao-market-intelligence/.data/debug/auto-runner-market-refresh-rotating/20260724_180006/jalan/classification_decisions/yad309590_2027-01-30.json,zao_local_history_v1
2026-07-24|jalan|たかみや瑠璃倶楽|yad316848|2027-01-02|2027-01-03|2_adults_1_room_1_night,a8fb809e4db27af2cdb1bf00f1f24d0da69d77f9c6eb38214bac084d31e9f786,2027_01,2026-07-24,2026-07-24T18:00:06+09:00,2026-07-24T18:00:06+09:00,jalan,AUTO-RUNNER10X,integrated_jalan_bounded_live,たかみや瑠璃倶楽,国内旅行・海外旅行や宿・ホテルの宿泊予約はじゃらんnet　～日本最大級の宿・ホテル予約サイト～,true,yad316848,yad316848,2027-01-02,2027-01-03,1,2,1,0,JPY,ja,2_adults_1_room_1_night,sold_out,sold_out,,,missing_or_unclear,insufficient,insufficient,selected_date_calendar_sold_out,,,,missing_or_unclear,jalan_sold_out_excluded,false,false,true,sold_out_without_price,page_chrome_coupon_or_discount_evidence;tax_included_total_not_confirmed,,,/Users/gini/Documents/ZMI/zao-market-intelligence/.data/debug/auto-runner-market-refresh-rotating/20260724_180006/jalan/classification_decisions/yad316848_2027-01-02.json,zao_local_history_v1
2026-07-24|jalan|三浦屋|yad302145|2027-01-03|2027-01-04|2_adults_1_room_1_night,463c38805df4b78cca4bd23c61c426ca9a2787cfb3022d6d31b7e83bb0d914f5,2027_01,2026-07-24,2026-07-24T20:00:06+09:00,2026-07-24T20:00:06+09:00,jalan,AUTO-RUNNER10X,integrated_jalan_bounded_live,三浦屋,国内旅行・海外旅行や宿・ホテルの宿泊予約はじゃらんnet　～日本最大級の宿・ホテル予約サイト～,true,yad302145,yad302145,2027-01-03,2027-01-04,1,2,1,0,JPY,ja,2_adults_1_room_1_night,available,not_sold_out_confirmed,,,missing_or_unclear,C,C,Price visible but a hard disqualifier prevents directional use: selected_plan_coupon_or_discount_not_comparable.,49524,,,tax_included_total,jalan_price_disqualified,false,false,true,selected_plan_coupon_or_discount_not_comparable,selected_plan_coupon_or_discount_evidence;meal_basis_confirmed_room_only;meal_basis=confirmed_room_only;room_basis_confirmed_two_person_standard;room_basis=confirmed_two_person_standard_room,,,/Users/gini/Documents/ZMI/zao-market-intelligence/.data/debug/auto-runner-market-refresh-rotating/20260724_200006/jalan/classification_decisions/yad302145_2027-01-03.json,zao_local_history_v1
2026-07-24|jalan|たかみや瑠璃倶楽|yad316848|2027-01-09|2027-01-10|2_adults_1_room_1_night,29c481e01566614101f2639de360965737546d3e4fd3a07c606369ed511d1059,2027_01,2026-07-24,2026-07-24T22:00:06+09:00,2026-07-24T22:00:06+09:00,jalan,AUTO-RUNNER10X,integrated_jalan_bounded_live,たかみや瑠璃倶楽,国内旅行・海外旅行や宿・ホテルの宿泊予約はじゃらんnet　～日本最大級の宿・ホテル予約サイト～,true,yad316848,yad316848,2027-01-09,2027-01-10,1,2,1,0,JPY,ja,2_adults_1_room_1_night,sold_out,sold_out,,,missing_or_unclear,insufficient,insufficient,selected_date_calendar_sold_out,,,,missing_or_unclear,jalan_sold_out_excluded,false,false,true,sold_out_without_price,page_chrome_coupon_or_discount_evidence;tax_included_total_not_confirmed,,,/Users/gini/Documents/ZMI/zao-market-intelligence/.data/debug/auto-runner-market-refresh-rotating/20260724_220006/jalan/classification_decisions/yad316848_2027-01-09.json,zao_local_history_v1
2026-07-24|jalan|たかみや瑠璃倶楽|yad316848|2027-01-10|2027-01-11|2_adults_1_room_1_night,e27316f7e9a343bb79958ce9ed46b96011dfd88cfdd236bd167bf17f57a807dd,2027_01,2026-07-24,2026-07-24T22:00:06+09:00,2026-07-24T22:00:06+09:00,jalan,AUTO-RUNNER10X,integrated_jalan_bounded_live,たかみや瑠璃倶楽,国内旅行・海外旅行や宿・ホテルの宿泊予約はじゃらんnet　～日本最大級の宿・ホテル予約サイト～,true,yad316848,yad316848,2027-01-10,2027-01-11,1,2,1,0,JPY,ja,2_adults_1_room_1_night,sold_out,sold_out,,,missing_or_unclear,insufficient,insufficient,selected_date_calendar_sold_out,,,,missing_or_unclear,jalan_sold_out_excluded,false,false,true,sold_out_without_price,page_chrome_coupon_or_discount_evidence;tax_included_total_not_confirmed,,,/Users/gini/Documents/ZMI/zao-market-intelligence/.data/debug/auto-runner-market-refresh-rotating/20260724_220006/jalan/classification_decisions/yad316848_2027-01-10.json,zao_local_history_v1
2026-07-25|jalan|たかみや瑠璃倶楽|yad316848|2027-01-11|2027-01-12|2_adults_1_room_1_night,4eb461780a303a5edd19356537386c57d1fe136c08ff2fdf7447440a8bfb0817,2027_01,2026-07-25,2026-07-25T00:00:02+09:00,2026-07-25T00:00:02+09:00,jalan,AUTO-RUNNER10X,integrated_jalan_bounded_live,たかみや瑠璃倶楽,国内旅行・海外旅行や宿・ホテルの宿泊予約はじゃらんnet　～日本最大級の宿・ホテル予約サイト～,true,yad316848,yad316848,2027-01-11,2027-01-12,1,2,1,0,JPY,ja,2_adults_1_room_1_night,sold_out,sold_out,,,missing_or_unclear,insufficient,insufficient,selected_date_calendar_sold_out,,,,missing_or_unclear,jalan_sold_out_excluded,false,false,true,sold_out_without_price,page_chrome_coupon_or_discount_evidence;tax_included_total_not_confirmed,,,/Users/gini/Documents/ZMI/zao-market-intelligence/.data/debug/auto-runner-market-refresh-rotating/20260725_000002/jalan/classification_decisions/yad316848_2027-01-11.json,zao_local_history_v1
2026-07-25|jalan|たかみや瑠璃倶楽|yad316848|2027-01-16|2027-01-17|2_adults_1_room_1_night,462554598b0242ab40c043b2e781271b0e3a5445e8a9c2b59bc905390e950b7b,2027_01,2026-07-25,2026-07-25T02:00:06+09:00,2026-07-25T02:00:06+09:00,jalan,AUTO-RUNNER10X,integrated_jalan_bounded_live,たかみや瑠璃倶楽,国内旅行・海外旅行や宿・ホテルの宿泊予約はじゃらんnet　～日本最大級の宿・ホテル予約サイト～,true,yad316848,yad316848,2027-01-16,2027-01-17,1,2,1,0,JPY,ja,2_adults_1_room_1_night,sold_out,sold_out,,,missing_or_unclear,insufficient,insufficient,selected_date_calendar_sold_out,,,,missing_or_unclear,jalan_sold_out_excluded,false,false,true,sold_out_without_price,page_chrome_coupon_or_discount_evidence;tax_included_total_not_confirmed,,,/Users/gini/Documents/ZMI/zao-market-intelligence/.data/debug/auto-runner-market-refresh-rotating/20260725_020006/jalan/classification_decisions/yad316848_2027-01-16.json,zao_local_history_v1
2026-07-25|jalan|蔵王国際ホテル|yad309590|2027-01-01|2027-01-02|2_adults_1_room_1_night,197a6292a9bbf3239cd6f43e3556fd8329576ba2cd6875d0d48f611b7674a54b,2027_01,2026-07-25,2026-07-25T06:00:06+09:00,2026-07-25T06:00:06+09:00,jalan,AUTO-RUNNER10X,integrated_jalan_bounded_live,蔵王国際ホテル,国内旅行・海外旅行や宿・ホテルの宿泊予約はじゃらんnet　～日本最大級の宿・ホテル予約サイト～,true,yad309590,yad309590,2027-01-01,2027-01-02,1,2,1,0,JPY,ja,2_adults_1_room_1_night,sold_out,sold_out,,,missing_or_unclear,insufficient,insufficient,selected_date_calendar_sold_out,,,,missing_or_unclear,jalan_sold_out_excluded,false,false,true,sold_out_without_price,page_chrome_coupon_or_discount_evidence;tax_included_total_not_confirmed,,,/Users/gini/Documents/ZMI/zao-market-intelligence/.data/debug/auto-runner-market-refresh-rotating/20260725_060006/jalan/classification_decisions/yad309590_2027-01-01.json,zao_local_history_v1
2026-07-25|jalan|蔵王国際ホテル|yad309590|2027-01-02|2027-01-03|2_adults_1_room_1_night,7863c32d100eb7b6c6094a0aa22da24344d2808f100ef32e6127d8ff70795b9a,2027_01,2026-07-25,2026-07-25T10:00:06+09:00,2026-07-25T10:00:06+09:00,jalan,AUTO-RUNNER10X,integrated_jalan_bounded_live,蔵王国際ホテル,国内旅行・海外旅行や宿・ホテルの宿泊予約はじゃらんnet　～日本最大級の宿・ホテル予約サイト～,true,yad309590,yad309590,2027-01-02,2027-01-03,1,2,1,0,JPY,ja,2_adults_1_room_1_night,sold_out,sold_out,,,missing_or_unclear,insufficient,insufficient,selected_date_calendar_sold_out,,,,missing_or_unclear,jalan_sold_out_excluded,false,false,true,sold_out_without_price,page_chrome_coupon_or_discount_evidence;tax_included_total_not_confirmed,,,/Users/gini/Documents/ZMI/zao-market-intelligence/.data/debug/auto-runner-market-refresh-rotating/20260725_100006/jalan/classification_decisions/yad309590_2027-01-02.json,zao_local_history_v1
2026-07-25|jalan|三浦屋|yad302145|2027-01-01|2027-01-02|2_adults_1_room_1_night,77a34ef9385f91079d3df14951ed776cb4af86abfed481158a3a3e73e48287c1,2027_01,2026-07-25,2026-07-25T14:00:06+09:00,2026-07-25T14:00:06+09:00,jalan,AUTO-RUNNER10X,integrated_jalan_bounded_live,三浦屋,国内旅行・海外旅行や宿・ホテルの宿泊予約はじゃらんnet　～日本最大級の宿・ホテル予約サイト～,true,yad302145,yad302145,2027-01-01,2027-01-02,1,2,1,0,JPY,ja,2_adults_1_room_1_night,available,not_sold_out_confirmed,,,missing_or_unclear,C,C,Price visible but a hard disqualifier prevents directional use: selected_plan_coupon_or_discount_not_comparable.,53926,,,tax_included_total,jalan_price_disqualified,false,false,true,selected_plan_coupon_or_discount_not_comparable,selected_plan_coupon_or_discount_evidence;meal_basis_confirmed_room_only;meal_basis=confirmed_room_only;room_basis_confirmed_two_person_standard;room_basis=confirmed_two_person_standard_room,,,/Users/gini/Documents/ZMI/zao-market-intelligence/.data/debug/auto-runner-market-refresh-rotating/20260725_140006/jalan/classification_decisions/yad302145_2027-01-01.json,zao_local_history_v1
2026-07-25|jalan|蔵王温泉 高砂屋旅館|yad391608|2027-01-01|2027-01-02|2_adults_1_room_1_night,d6243f56c4bfa28682d5368654d32effcc2ebd0e818345247d6e6cb84e6bfd66,2027_01,2026-07-25,2026-07-25T18:00:06+09:00,2026-07-25T18:00:06+09:00,jalan,AUTO-RUNNER10X,integrated_jalan_bounded_live,蔵王温泉 高砂屋旅館,国内旅行・海外旅行や宿・ホテルの宿泊予約はじゃらんnet　～日本最大級の宿・ホテル予約サイト～,true,yad391608,yad391608,2027-01-01,2027-01-02,1,2,1,0,JPY,ja,2_adults_1_room_1_night,sold_out,sold_out,,,missing_or_unclear,insufficient,insufficient,selected_date_calendar_sold_out,,,,missing_or_unclear,jalan_sold_out_excluded,false,false,true,sold_out_without_price,page_chrome_coupon_or_discount_evidence;tax_included_total_not_confirmed,,,/Users/gini/Documents/ZMI/zao-market-intelligence/.data/debug/auto-runner-market-refresh-rotating/20260725_180006/jalan/classification_decisions/yad391608_2027-01-01.json,zao_local_history_v1
2026-07-25|jalan|蔵王温泉 高砂屋旅館|yad391608|2027-01-02|2027-01-03|2_adults_1_room_1_night,93ed037cfa6bcbaf299c89d4c32c77d2cee16d789848fe4da4eec8d6f5d39276,2027_01,2026-07-25,2026-07-25T20:00:06+09:00,2026-07-25T20:00:06+09:00,jalan,AUTO-RUNNER10X,integrated_jalan_bounded_live,蔵王温泉 高砂屋旅館,国内旅行・海外旅行や宿・ホテルの宿泊予約はじゃらんnet　～日本最大級の宿・ホテル予約サイト～,true,yad391608,yad391608,2027-01-02,2027-01-03,1,2,1,0,JPY,ja,2_adults_1_room_1_night,sold_out,sold_out,,,missing_or_unclear,insufficient,insufficient,selected_date_calendar_sold_out,,,,missing_or_unclear,jalan_sold_out_excluded,false,false,true,sold_out_without_price,page_chrome_coupon_or_discount_evidence;tax_included_total_not_confirmed,,,/Users/gini/Documents/ZMI/zao-market-intelligence/.data/debug/auto-runner-market-refresh-rotating/20260725_200006/jalan/classification_decisions/yad391608_2027-01-02.json,zao_local_history_v1
2026-07-25|jalan|蔵王温泉 高砂屋旅館|yad391608|2027-01-03|2027-01-04|2_adults_1_room_1_night,b9cb27335d9a17799a6592ad3121dc05a814fc162d2a9eca2957251d20b5b859,2027_01,2026-07-25,2026-07-25T20:00:06+09:00,2026-07-25T20:00:06+09:00,jalan,AUTO-RUNNER10X,integrated_jalan_bounded_live,蔵王温泉 高砂屋旅館,国内旅行・海外旅行や宿・ホテルの宿泊予約はじゃらんnet　～日本最大級の宿・ホテル予約サイト～,true,yad391608,yad391608,2027-01-03,2027-01-04,1,2,1,0,JPY,ja,2_adults_1_room_1_night,available,not_sold_out_confirmed,,,missing_or_unclear,C,C,Price visible but meal_basis=meal_included (jalan_meal_included_token_detected); excluded from room-only DP per confirmed policy.,48000,,,tax_included_total,jalan_meal_included_excluded,false,false,true,meal_included_plan_excluded,page_chrome_coupon_or_discount_evidence;meal_included_plan_excluded;meal_basis=meal_included,,,/Users/gini/Documents/ZMI/zao-market-intelligence/.data/debug/auto-runner-market-refresh-rotating/20260725_200006/jalan/classification_decisions/yad391608_2027-01-03.json,zao_local_history_v1
2026-07-25|jalan|たかみや瑠璃倶楽|yad316848|2027-01-01|2027-01-02|2_adults_1_room_1_night,bd71fa8f60008d2123c5be949a57fdaac028303d69a9af6c23f7cd4f7d46a3ab,2027_01,2026-07-25,2026-07-25T20:00:06+09:00,2026-07-25T20:00:06+09:00,jalan,AUTO-RUNNER10X,integrated_jalan_bounded_live,たかみや瑠璃倶楽,国内旅行・海外旅行や宿・ホテルの宿泊予約はじゃらんnet　～日本最大級の宿・ホテル予約サイト～,true,yad316848,yad316848,2027-01-01,2027-01-02,1,2,1,0,JPY,ja,2_adults_1_room_1_night,sold_out,sold_out,,,missing_or_unclear,insufficient,insufficient,selected_date_calendar_sold_out,,,,missing_or_unclear,jalan_sold_out_excluded,false,false,true,sold_out_without_price,page_chrome_coupon_or_discount_evidence;tax_included_total_not_confirmed,,,/Users/gini/Documents/ZMI/zao-market-intelligence/.data/debug/auto-runner-market-refresh-rotating/20260725_200006/jalan/classification_decisions/yad316848_2027-01-01.json,zao_local_history_v1
2026-07-25|jalan|蔵王温泉 高砂屋旅館|yad391608|2027-01-09|2027-01-10|2_adults_1_room_1_night,82ceeec1a46fd78d47072fb5c91957d33864361522c91d9858ec0819c248eb84,2027_01,2026-07-25,2026-07-25T22:00:06+09:00,2026-07-25T22:00:06+09:00,jalan,AUTO-RUNNER10X,integrated_jalan_bounded_live,蔵王温泉 高砂屋旅館,国内旅行・海外旅行や宿・ホテルの宿泊予約はじゃらんnet　～日本最大級の宿・ホテル予約サイト～,true,yad391608,yad391608,2027-01-09,2027-01-10,1,2,1,0,JPY,ja,2_adults_1_room_1_night,available,not_sold_out_confirmed,,,missing_or_unclear,C,C,Price visible but meal_basis=meal_included (jalan_meal_included_token_detected); excluded from room-only DP per confirmed policy.,48000,,,tax_included_total,jalan_meal_included_excluded,false,false,true,meal_included_plan_excluded,page_chrome_coupon_or_discount_evidence;meal_included_plan_excluded;meal_basis=meal_included,,,/Users/gini/Documents/ZMI/zao-market-intelligence/.data/debug/auto-runner-market-refresh-rotating/20260725_220006/jalan/classification_decisions/yad391608_2027-01-09.json,zao_local_history_v1
2026-07-25|jalan|蔵王温泉 高砂屋旅館|yad391608|2027-01-10|2027-01-11|2_adults_1_room_1_night,67f07bc7068d92aef7ec16ea834b96f9a2ecf813abbccdcd2c851111615aafbb,2027_01,2026-07-25,2026-07-25T22:00:06+09:00,2026-07-25T22:00:06+09:00,jalan,AUTO-RUNNER10X,integrated_jalan_bounded_live,蔵王温泉 高砂屋旅館,国内旅行・海外旅行や宿・ホテルの宿泊予約はじゃらんnet　～日本最大級の宿・ホテル予約サイト～,true,yad391608,yad391608,2027-01-10,2027-01-11,1,2,1,0,JPY,ja,2_adults_1_room_1_night,available,not_sold_out_confirmed,,,missing_or_unclear,C,C,Price visible but meal_basis=meal_included (jalan_meal_included_token_detected); excluded from room-only DP per confirmed policy.,48000,,,tax_included_total,jalan_meal_included_excluded,false,false,true,meal_included_plan_excluded,page_chrome_coupon_or_discount_evidence;meal_included_plan_excluded;meal_basis=meal_included,,,/Users/gini/Documents/ZMI/zao-market-intelligence/.data/debug/auto-runner-market-refresh-rotating/20260725_220006/jalan/classification_decisions/yad391608_2027-01-10.json,zao_local_history_v1
2026-07-26|jalan|蔵王温泉 高砂屋旅館|yad391608|2027-01-11|2027-01-12|2_adults_1_room_1_night,e822ccc760489de8226de3aa5885288ff7dd9a70dab10107d57f42fc365ffda7,2027_01,2026-07-26,2026-07-26T00:00:01+09:00,2026-07-26T00:00:01+09:00,jalan,AUTO-RUNNER10X,integrated_jalan_bounded_live,蔵王温泉 高砂屋旅館,国内旅行・海外旅行や宿・ホテルの宿泊予約はじゃらんnet　～日本最大級の宿・ホテル予約サイト～,true,yad391608,yad391608,2027-01-11,2027-01-12,1,2,1,0,JPY,ja,2_adults_1_room_1_night,available,not_sold_out_confirmed,,,missing_or_unclear,C,C,Price visible but meal_basis=meal_included (jalan_meal_included_token_detected); excluded from room-only DP per confirmed policy.,41000,,,tax_included_total,jalan_meal_included_excluded,false,false,true,meal_included_plan_excluded,page_chrome_coupon_or_discount_evidence;meal_included_plan_excluded;meal_basis=meal_included,,,/Users/gini/Documents/ZMI/zao-market-intelligence/.data/debug/auto-runner-market-refresh-rotating/20260726_000001/jalan/classification_decisions/yad391608_2027-01-11.json,zao_local_history_v1
2026-07-26|jalan|蔵王温泉 高砂屋旅館|yad391608|2027-01-16|2027-01-17|2_adults_1_room_1_night,458a8abafffbf0b113e47cec985fe14579c797f6b6937c17fcdbf8f82a96c777,2027_01,2026-07-26,2026-07-26T00:00:01+09:00,2026-07-26T00:00:01+09:00,jalan,AUTO-RUNNER10X,integrated_jalan_bounded_live,蔵王温泉 高砂屋旅館,国内旅行・海外旅行や宿・ホテルの宿泊予約はじゃらんnet　～日本最大級の宿・ホテル予約サイト～,true,yad391608,yad391608,2027-01-16,2027-01-17,1,2,1,0,JPY,ja,2_adults_1_room_1_night,available,not_sold_out_confirmed,,,missing_or_unclear,C,C,Price visible but meal_basis=meal_included (jalan_meal_included_token_detected); excluded from room-only DP per confirmed policy.,44000,,,tax_included_total,jalan_meal_included_excluded,false,false,true,meal_included_plan_excluded,page_chrome_coupon_or_discount_evidence;meal_included_plan_excluded;meal_basis=meal_included,,,/Users/gini/Documents/ZMI/zao-market-intelligence/.data/debug/auto-runner-market-refresh-rotating/20260726_000001/jalan/classification_decisions/yad391608_2027-01-16.json,zao_local_history_v1
2026-07-26|jalan|蔵王温泉 高砂屋旅館|yad391608|2027-01-23|2027-01-24|2_adults_1_room_1_night,caa08792b4ce903ec219f8633e0a5c5a6437fe84dd5ee2d924f41af134945e08,2027_01,2026-07-26,2026-07-26T02:00:06+09:00,2026-07-26T02:00:06+09:00,jalan,AUTO-RUNNER10X,integrated_jalan_bounded_live,蔵王温泉 高砂屋旅館,国内旅行・海外旅行や宿・ホテルの宿泊予約はじゃらんnet　～日本最大級の宿・ホテル予約サイト～,true,yad391608,yad391608,2027-01-23,2027-01-24,1,2,1,0,JPY,ja,2_adults_1_room_1_night,sold_out,sold_out,,,missing_or_unclear,insufficient,insufficient,selected_date_calendar_sold_out,,,,missing_or_unclear,jalan_sold_out_excluded,false,false,true,sold_out_without_price,page_chrome_coupon_or_discount_evidence;tax_included_total_not_confirmed,,,/Users/gini/Documents/ZMI/zao-market-intelligence/.data/debug/auto-runner-market-refresh-rotating/20260726_020006/jalan/classification_decisions/yad391608_2027-01-23.json,zao_local_history_v1
2026-07-26|jalan|蔵王温泉 高砂屋旅館|yad391608|2027-01-30|2027-01-31|2_adults_1_room_1_night,06125887531f77c8a8e662eda004a6cff215771d866290d779545a730205373e,2027_01,2026-07-26,2026-07-26T02:00:06+09:00,2026-07-26T02:00:06+09:00,jalan,AUTO-RUNNER10X,integrated_jalan_bounded_live,蔵王温泉 高砂屋旅館,国内旅行・海外旅行や宿・ホテルの宿泊予約はじゃらんnet　～日本最大級の宿・ホテル予約サイト～,true,yad391608,yad391608,2027-01-30,2027-01-31,1,2,1,0,JPY,ja,2_adults_1_room_1_night,sold_out,sold_out,,,missing_or_unclear,insufficient,insufficient,selected_date_calendar_sold_out,,,,missing_or_unclear,jalan_sold_out_excluded,false,false,true,sold_out_without_price,page_chrome_coupon_or_discount_evidence;tax_included_total_not_confirmed,,,/Users/gini/Documents/ZMI/zao-market-intelligence/.data/debug/auto-runner-market-refresh-rotating/20260726_020006/jalan/classification_decisions/yad391608_2027-01-30.json,zao_local_history_v1
2026-07-26|jalan|ペンションぷうたろう|yad394784|2027-01-01|2027-01-02|2_adults_1_room_1_night,19b9a9486ee7afe5f29a051529276627b9a8ebf7ffa8be2856e26bbeae97386f,2027_01,2026-07-26,2026-07-26T06:00:05+09:00,2026-07-26T06:00:05+09:00,jalan,AUTO-RUNNER10X,integrated_jalan_bounded_live,ペンションぷうたろう,国内旅行・海外旅行や宿・ホテルの宿泊予約はじゃらんnet　～日本最大級の宿・ホテル予約サイト～,true,yad394784,yad394784,2027-01-01,2027-01-02,1,2,1,0,JPY,ja,2_adults_1_room_1_night,sold_out,sold_out,,,missing_or_unclear,insufficient,insufficient,selected_date_calendar_sold_out,,,,missing_or_unclear,jalan_sold_out_excluded,false,false,true,sold_out_without_price,page_chrome_coupon_or_discount_evidence;tax_included_total_not_confirmed,,,/Users/gini/Documents/ZMI/zao-market-intelligence/.data/debug/auto-runner-market-refresh-rotating/20260726_060005/jalan/classification_decisions/yad394784_2027-01-01.json,zao_local_history_v1
2026-07-26|jalan|たかみや瑠璃倶楽|yad316848|2027-01-02|2027-01-03|2_adults_1_room_1_night,892488a286e98fbc6edfaee9c0bcf43e2dd3d34070a85bf1ed31ef200061eb6d,2027_01,2026-07-26,2026-07-26T06:00:05+09:00,2026-07-26T06:00:05+09:00,jalan,AUTO-RUNNER10X,integrated_jalan_bounded_live,たかみや瑠璃倶楽,国内旅行・海外旅行や宿・ホテルの宿泊予約はじゃらんnet　～日本最大級の宿・ホテル予約サイト～,true,yad316848,yad316848,2027-01-02,2027-01-03,1,2,1,0,JPY,ja,2_adults_1_room_1_night,sold_out,sold_out,,,missing_or_unclear,insufficient,insufficient,selected_date_calendar_sold_out,,,,missing_or_unclear,jalan_sold_out_excluded,false,false,true,sold_out_without_price,page_chrome_coupon_or_discount_evidence;tax_included_total_not_confirmed,,,/Users/gini/Documents/ZMI/zao-market-intelligence/.data/debug/auto-runner-market-refresh-rotating/20260726_060005/jalan/classification_decisions/yad316848_2027-01-02.json,zao_local_history_v1
2026-07-26|jalan|蔵王国際ホテル|yad309590|2027-01-01|2027-01-02|2_adults_1_room_1_night,d763743a70b23c582fcbf74bf339668302149d03ac7ec93422156c51a32042f2,2027_01,2026-07-26,2026-07-26T10:00:06+09:00,2026-07-26T10:00:06+09:00,jalan,AUTO-RUNNER10X,integrated_jalan_bounded_live,蔵王国際ホテル,国内旅行・海外旅行や宿・ホテルの宿泊予約はじゃらんnet　～日本最大級の宿・ホテル予約サイト～,true,yad309590,yad309590,2027-01-01,2027-01-02,1,2,1,0,JPY,ja,2_adults_1_room_1_night,sold_out,sold_out,,,missing_or_unclear,insufficient,insufficient,selected_date_calendar_sold_out,,,,missing_or_unclear,jalan_sold_out_excluded,false,false,true,sold_out_without_price,page_chrome_coupon_or_discount_evidence;tax_included_total_not_confirmed,,,/Users/gini/Documents/ZMI/zao-market-intelligence/.data/debug/auto-runner-market-refresh-rotating/20260726_100006/jalan/classification_decisions/yad309590_2027-01-01.json,zao_local_history_v1
2026-07-26|jalan|三浦屋|yad302145|2027-01-01|2027-01-02|2_adults_1_room_1_night,03941c436fae96725dfad3fd99e2116200931ad4cab31aa70d71773be63fd486,2027_01,2026-07-26,2026-07-26T14:00:06+09:00,2026-07-26T14:00:06+09:00,jalan,AUTO-RUNNER10X,integrated_jalan_bounded_live,三浦屋,国内旅行・海外旅行や宿・ホテルの宿泊予約はじゃらんnet　～日本最大級の宿・ホテル予約サイト～,true,yad302145,yad302145,2027-01-01,2027-01-02,1,2,1,0,JPY,ja,2_adults_1_room_1_night,available,not_sold_out_confirmed,,,missing_or_unclear,C,C,"Price visible, meal_basis=confirmed_room_only, but room_basis=excluded_large_room (large_or_triple_or_quad_room_token_detected); excluded from two-person-standard DP per confirmed policy.",53926,,,tax_included_total,jalan_room_type_excluded,false,false,true,excluded_room_type_large,selected_plan_coupon_or_discount_evidence;meal_basis_confirmed_room_only;meal_basis=confirmed_room_only;excluded_room_type_large;room_basis=excluded_large_room,,,/Users/gini/Documents/ZMI/zao-market-intelligence/.data/debug/auto-runner-market-refresh-rotating/20260726_140006/jalan/classification_decisions/yad302145_2027-01-01.json,zao_local_history_v1
2026-07-26|jalan|蔵王国際ホテル|yad309590|2027-01-02|2027-01-03|2_adults_1_room_1_night,f7c9f9d112247410e0737ea06d538466777aeac38ce12bd09ba4c54d2b99ae9e,2027_01,2026-07-26,2026-07-26T14:00:06+09:00,2026-07-26T14:00:06+09:00,jalan,AUTO-RUNNER10X,integrated_jalan_bounded_live,蔵王国際ホテル,国内旅行・海外旅行や宿・ホテルの宿泊予約はじゃらんnet　～日本最大級の宿・ホテル予約サイト～,true,yad309590,yad309590,2027-01-02,2027-01-03,1,2,1,0,JPY,ja,2_adults_1_room_1_night,sold_out,sold_out,,,missing_or_unclear,insufficient,insufficient,selected_date_calendar_sold_out,,,,missing_or_unclear,jalan_sold_out_excluded,false,false,true,sold_out_without_price,page_chrome_coupon_or_discount_evidence;tax_included_total_not_confirmed,,,/Users/gini/Documents/ZMI/zao-market-intelligence/.data/debug/auto-runner-market-refresh-rotating/20260726_140006/jalan/classification_decisions/yad309590_2027-01-02.json,zao_local_history_v1
2026-07-26|jalan|三浦屋|yad302145|2027-01-02|2027-01-03|2_adults_1_room_1_night,50568c4f03a3055b69702b25c6a3e04265834ffd99fde66d0c539432b96a74f7,2027_01,2026-07-26,2026-07-26T16:00:05+09:00,2026-07-26T16:00:05+09:00,jalan,AUTO-RUNNER10X,integrated_jalan_bounded_live,三浦屋,国内旅行・海外旅行や宿・ホテルの宿泊予約はじゃらんnet　～日本最大級の宿・ホテル予約サイト～,true,yad302145,yad302145,2027-01-02,2027-01-03,1,2,1,0,JPY,ja,2_adults_1_room_1_night,available,not_sold_out_confirmed,,,missing_or_unclear,C,C,Price visible but a hard disqualifier prevents directional use: selected_plan_coupon_or_discount_not_comparable.,53926,,,tax_included_total,jalan_price_disqualified,false,false,true,selected_plan_coupon_or_discount_not_comparable,selected_plan_coupon_or_discount_evidence;meal_basis_confirmed_room_only;meal_basis=confirmed_room_only;room_basis_confirmed_two_person_standard;room_basis=confirmed_two_person_standard_room,,,/Users/gini/Documents/ZMI/zao-market-intelligence/.data/debug/auto-runner-market-refresh-rotating/20260726_160005/jalan/classification_decisions/yad302145_2027-01-02.json,zao_local_history_v1
2026-07-26|jalan|蔵王国際ホテル|yad309590|2027-01-03|2027-01-04|2_adults_1_room_1_night,f24f2708c1c8480db1cd1a7337d95550ee680077f619720aedcd7e3e97cae04c,2027_01,2026-07-26,2026-07-26T16:00:05+09:00,2026-07-26T16:00:05+09:00,jalan,AUTO-RUNNER10X,integrated_jalan_bounded_live,蔵王国際ホテル,国内旅行・海外旅行や宿・ホテルの宿泊予約はじゃらんnet　～日本最大級の宿・ホテル予約サイト～,true,yad309590,yad309590,2027-01-03,2027-01-04,1,2,1,0,JPY,ja,2_adults_1_room_1_night,sold_out,sold_out,,,missing_or_unclear,insufficient,insufficient,selected_date_calendar_sold_out,,,,missing_or_unclear,jalan_sold_out_excluded,false,false,true,sold_out_without_price,page_chrome_coupon_or_discount_evidence;tax_included_total_not_confirmed,,,/Users/gini/Documents/ZMI/zao-market-intelligence/.data/debug/auto-runner-market-refresh-rotating/20260726_160005/jalan/classification_decisions/yad309590_2027-01-03.json,zao_local_history_v1
2026-07-26|jalan|三浦屋|yad302145|2027-01-03|2027-01-04|2_adults_1_room_1_night,6856d56caad65c5dbd1977a937177f36501e1381207adf944c723f01d0c063f6,2027_01,2026-07-26,2026-07-26T18:00:04+09:00,2026-07-26T18:00:04+09:00,jalan,AUTO-RUNNER10X,integrated_jalan_bounded_live,三浦屋,国内旅行・海外旅行や宿・ホテルの宿泊予約はじゃらんnet　～日本最大級の宿・ホテル予約サイト～,true,yad302145,yad302145,2027-01-03,2027-01-04,1,2,1,0,JPY,ja,2_adults_1_room_1_night,available,not_sold_out_confirmed,,,missing_or_unclear,C,C,Price visible but a hard disqualifier prevents directional use: selected_plan_coupon_or_discount_not_comparable.,49524,,,tax_included_total,jalan_price_disqualified,false,false,true,selected_plan_coupon_or_discount_not_comparable,selected_plan_coupon_or_discount_evidence;meal_basis_confirmed_room_only;meal_basis=confirmed_room_only;room_basis_confirmed_two_person_standard;room_basis=confirmed_two_person_standard_room,,,/Users/gini/Documents/ZMI/zao-market-intelligence/.data/debug/auto-runner-market-refresh-rotating/20260726_180004/jalan/classification_decisions/yad302145_2027-01-03.json,zao_local_history_v1
2026-07-26|jalan|三浦屋|yad302145|2027-01-09|2027-01-10|2_adults_1_room_1_night,6deaef55af56f5a62e47e13ba42373a4a7d93e5abbe4328f035cca5deb8c8bbe,2027_01,2026-07-26,2026-07-26T18:00:04+09:00,2026-07-26T18:00:04+09:00,jalan,AUTO-RUNNER10X,integrated_jalan_bounded_live,三浦屋,国内旅行・海外旅行や宿・ホテルの宿泊予約はじゃらんnet　～日本最大級の宿・ホテル予約サイト～,true,yad302145,yad302145,2027-01-09,2027-01-10,1,2,1,0,JPY,ja,2_adults_1_room_1_night,available,not_sold_out_confirmed,,,missing_or_unclear,C,C,Price visible but a hard disqualifier prevents directional use: selected_plan_coupon_or_discount_not_comparable.,44022,,,tax_included_total,jalan_price_disqualified,false,false,true,selected_plan_coupon_or_discount_not_comparable,selected_plan_coupon_or_discount_evidence;meal_basis_confirmed_room_only;meal_basis=confirmed_room_only;room_basis_confirmed_two_person_standard;room_basis=confirmed_two_person_standard_room,,,/Users/gini/Documents/ZMI/zao-market-intelligence/.data/debug/auto-runner-market-refresh-rotating/20260726_180004/jalan/classification_decisions/yad302145_2027-01-09.json,zao_local_history_v1
2026-07-26|jalan|蔵王国際ホテル|yad309590|2027-01-10|2027-01-11|2_adults_1_room_1_night,ec0951e7f9674b6abcac14de06b822de4c0236df687bc769fc245c5484252119,2027_01,2026-07-26,2026-07-26T18:00:04+09:00,2026-07-26T18:00:04+09:00,jalan,AUTO-RUNNER10X,integrated_jalan_bounded_live,蔵王国際ホテル,国内旅行・海外旅行や宿・ホテルの宿泊予約はじゃらんnet　～日本最大級の宿・ホテル予約サイト～,true,yad309590,yad309590,2027-01-10,2027-01-11,1,2,1,0,JPY,ja,2_adults_1_room_1_night,sold_out,sold_out,,,missing_or_unclear,insufficient,insufficient,selected_date_calendar_sold_out,,,,missing_or_unclear,jalan_sold_out_excluded,false,false,true,sold_out_without_price,page_chrome_coupon_or_discount_evidence;tax_included_total_not_confirmed,,,/Users/gini/Documents/ZMI/zao-market-intelligence/.data/debug/auto-runner-market-refresh-rotating/20260726_180004/jalan/classification_decisions/yad309590_2027-01-10.json,zao_local_history_v1
2026-07-26|jalan|深山荘 高見屋|yad321744|2027-01-01|2027-01-02|2_adults_1_room_1_night,e2766e3ea2212850cec513ea8f40685afefc7f32627d766734fdafff1a26d4f7,2027_01,2026-07-26,2026-07-26T20:00:06+09:00,2026-07-26T20:00:06+09:00,jalan,AUTO-RUNNER10X,integrated_jalan_bounded_live,深山荘 高見屋,国内旅行・海外旅行や宿・ホテルの宿泊予約はじゃらんnet　～日本最大級の宿・ホテル予約サイト～,true,yad321744,yad321744,2027-01-01,2027-01-02,1,2,1,0,JPY,ja,2_adults_1_room_1_night,sold_out,sold_out,,,missing_or_unclear,insufficient,insufficient,selected_date_calendar_sold_out,,,,missing_or_unclear,jalan_sold_out_excluded,false,false,true,sold_out_without_price,page_chrome_coupon_or_discount_evidence;tax_included_total_not_confirmed,,,/Users/gini/Documents/ZMI/zao-market-intelligence/.data/debug/auto-runner-market-refresh-rotating/20260726_200006/jalan/classification_decisions/yad321744_2027-01-01.json,zao_local_history_v1
2026-07-26|jalan|三浦屋|yad302145|2027-01-10|2027-01-11|2_adults_1_room_1_night,86044bffb0ee0c3f33939276ca417a2379780fdca5c61bbd9751b0daac846777,2027_01,2026-07-26,2026-07-26T20:00:06+09:00,2026-07-26T20:00:06+09:00,jalan,AUTO-RUNNER10X,integrated_jalan_bounded_live,三浦屋,国内旅行・海外旅行や宿・ホテルの宿泊予約はじゃらんnet　～日本最大級の宿・ホテル予約サイト～,true,yad302145,yad302145,2027-01-10,2027-01-11,1,2,1,0,JPY,ja,2_adults_1_room_1_night,available,not_sold_out_confirmed,,,missing_or_unclear,C,C,Price visible but a hard disqualifier prevents directional use: selected_plan_coupon_or_discount_not_comparable.,42921,,,tax_included_total,jalan_price_disqualified,false,false,true,selected_plan_coupon_or_discount_not_comparable,selected_plan_coupon_or_discount_evidence;meal_basis_confirmed_room_only;meal_basis=confirmed_room_only;room_basis_confirmed_two_person_standard;room_basis=confirmed_two_person_standard_room,,,/Users/gini/Documents/ZMI/zao-market-intelligence/.data/debug/auto-runner-market-refresh-rotating/20260726_200006/jalan/classification_decisions/yad302145_2027-01-10.json,zao_local_history_v1
2026-07-26|jalan|三浦屋|yad302145|2027-01-11|2027-01-12|2_adults_1_room_1_night,f64078282c5257e8a724b02e7e4d4338de1b79f412dd1d4939f765f5091b7b8d,2027_01,2026-07-26,2026-07-26T20:00:06+09:00,2026-07-26T20:00:06+09:00,jalan,AUTO-RUNNER10X,integrated_jalan_bounded_live,三浦屋,国内旅行・海外旅行や宿・ホテルの宿泊予約はじゃらんnet　～日本最大級の宿・ホテル予約サイト～,true,yad302145,yad302145,2027-01-11,2027-01-12,1,2,1,0,JPY,ja,2_adults_1_room_1_night,available,not_sold_out_confirmed,,,missing_or_unclear,C,C,Price visible but a hard disqualifier prevents directional use: selected_plan_coupon_or_discount_not_comparable.,36318,,,tax_included_total,jalan_price_disqualified,false,false,true,selected_plan_coupon_or_discount_not_comparable,selected_plan_coupon_or_discount_evidence;meal_basis_confirmed_room_only;meal_basis=confirmed_room_only;room_basis_confirmed_two_person_standard;room_basis=confirmed_two_person_standard_room,,,/Users/gini/Documents/ZMI/zao-market-intelligence/.data/debug/auto-runner-market-refresh-rotating/20260726_200006/jalan/classification_decisions/yad302145_2027-01-11.json,zao_local_history_v1
2026-07-26|jalan|たかみや瑠璃倶楽|yad316848|2027-01-01|2027-01-02|2_adults_1_room_1_night,6d60ddd76e80fff873d91ca8d4bf83876a0cd26681b809414d9b0ce96030d969,2027_01,2026-07-26,2026-07-26T22:00:06+09:00,2026-07-26T22:00:06+09:00,jalan,AUTO-RUNNER10X,integrated_jalan_bounded_live,たかみや瑠璃倶楽,国内旅行・海外旅行や宿・ホテルの宿泊予約はじゃらんnet　～日本最大級の宿・ホテル予約サイト～,true,yad316848,yad316848,2027-01-01,2027-01-02,1,2,1,0,JPY,ja,2_adults_1_room_1_night,sold_out,sold_out,,,missing_or_unclear,insufficient,insufficient,selected_date_calendar_sold_out,,,,missing_or_unclear,jalan_sold_out_excluded,false,false,true,sold_out_without_price,page_chrome_coupon_or_discount_evidence;tax_included_total_not_confirmed,,,/Users/gini/Documents/ZMI/zao-market-intelligence/.data/debug/auto-runner-market-refresh-rotating/20260726_220006/jalan/classification_decisions/yad316848_2027-01-01.json,zao_local_history_v1
2026-07-26|jalan|深山荘 高見屋|yad321744|2027-01-02|2027-01-03|2_adults_1_room_1_night,d80892ee4bb7dab4b11cd50378916f898f1be52e07cdd7d5f7f042147f316dc7,2027_01,2026-07-26,2026-07-26T22:00:06+09:00,2026-07-26T22:00:06+09:00,jalan,AUTO-RUNNER10X,integrated_jalan_bounded_live,深山荘 高見屋,国内旅行・海外旅行や宿・ホテルの宿泊予約はじゃらんnet　～日本最大級の宿・ホテル予約サイト～,true,yad321744,yad321744,2027-01-02,2027-01-03,1,2,1,0,JPY,ja,2_adults_1_room_1_night,sold_out,sold_out,,,missing_or_unclear,insufficient,insufficient,selected_date_calendar_sold_out,,,,missing_or_unclear,jalan_sold_out_excluded,false,false,true,sold_out_without_price,page_chrome_coupon_or_discount_evidence;tax_included_total_not_confirmed,,,/Users/gini/Documents/ZMI/zao-market-intelligence/.data/debug/auto-runner-market-refresh-rotating/20260726_220006/jalan/classification_decisions/yad321744_2027-01-02.json,zao_local_history_v1
2026-07-26|jalan|深山荘 高見屋|yad321744|2027-01-03|2027-01-04|2_adults_1_room_1_night,31687f652d6d06d12386325fab96c5d4c2a95f52bceb8407a20a0d1f12dac4ef,2027_01,2026-07-26,2026-07-26T22:00:06+09:00,2026-07-26T22:00:06+09:00,jalan,AUTO-RUNNER10X,integrated_jalan_bounded_live,深山荘 高見屋,国内旅行・海外旅行や宿・ホテルの宿泊予約はじゃらんnet　～日本最大級の宿・ホテル予約サイト～,true,yad321744,yad321744,2027-01-03,2027-01-04,1,2,1,0,JPY,ja,2_adults_1_room_1_night,sold_out,sold_out,,,missing_or_unclear,insufficient,insufficient,selected_date_calendar_sold_out,,,,missing_or_unclear,jalan_sold_out_excluded,false,false,true,sold_out_without_price,page_chrome_coupon_or_discount_evidence;tax_included_total_not_confirmed,,,/Users/gini/Documents/ZMI/zao-market-intelligence/.data/debug/auto-runner-market-refresh-rotating/20260726_220006/jalan/classification_decisions/yad321744_2027-01-03.json,zao_local_history_v1
2026-07-26|jalan|三浦屋|yad302145|2027-01-16|2027-01-17|2_adults_1_room_1_night,7ec11c0db938be50aabb0f54c26c688297c07c0f694332e180dd324f348a6c7c,2027_01,2026-07-26,2026-07-26T22:00:06+09:00,2026-07-26T22:00:06+09:00,jalan,AUTO-RUNNER10X,integrated_jalan_bounded_live,三浦屋,国内旅行・海外旅行や宿・ホテルの宿泊予約はじゃらんnet　～日本最大級の宿・ホテル予約サイト～,true,yad302145,yad302145,2027-01-16,2027-01-17,1,2,1,0,JPY,ja,2_adults_1_room_1_night,sold_out,sold_out,,,missing_or_unclear,insufficient,insufficient,selected_date_calendar_sold_out,,,,missing_or_unclear,jalan_sold_out_excluded,false,false,true,sold_out_without_price,page_chrome_coupon_or_discount_evidence;tax_included_total_not_confirmed,,,/Users/gini/Documents/ZMI/zao-market-intelligence/.data/debug/auto-runner-market-refresh-rotating/20260726_220006/jalan/classification_decisions/yad302145_2027-01-16.json,zao_local_history_v1
2026-07-27|jalan|たかみや瑠璃倶楽|yad316848|2027-01-03|2027-01-04|2_adults_1_room_1_night,458cf51966aac995ccc960da7b8f65fcb115b9de7ed660b6c1b17532ccb9877e,2027_01,2026-07-27,2026-07-27T00:00:01+09:00,2026-07-27T00:00:01+09:00,jalan,AUTO-RUNNER10X,integrated_jalan_bounded_live,たかみや瑠璃倶楽,国内旅行・海外旅行や宿・ホテルの宿泊予約はじゃらんnet　～日本最大級の宿・ホテル予約サイト～,true,yad316848,yad316848,2027-01-03,2027-01-04,1,2,1,0,JPY,ja,2_adults_1_room_1_night,sold_out,sold_out,,,missing_or_unclear,insufficient,insufficient,selected_date_calendar_sold_out,,,,missing_or_unclear,jalan_sold_out_excluded,false,false,true,sold_out_without_price,page_chrome_coupon_or_discount_evidence;tax_included_total_not_confirmed,,,/Users/gini/Documents/ZMI/zao-market-intelligence/.data/debug/auto-runner-market-refresh-rotating/20260727_000001/jalan/classification_decisions/yad316848_2027-01-03.json,zao_local_history_v1
2026-07-27|jalan|たかみや瑠璃倶楽|yad316848|2027-01-09|2027-01-10|2_adults_1_room_1_night,a32f4284636b8fc4d0852c78dcae3c0280cde96f99ec14d16c63b599d70dc874,2027_01,2026-07-27,2026-07-27T00:00:01+09:00,2026-07-27T00:00:01+09:00,jalan,AUTO-RUNNER10X,integrated_jalan_bounded_live,たかみや瑠璃倶楽,国内旅行・海外旅行や宿・ホテルの宿泊予約はじゃらんnet　～日本最大級の宿・ホテル予約サイト～,true,yad316848,yad316848,2027-01-09,2027-01-10,1,2,1,0,JPY,ja,2_adults_1_room_1_night,sold_out,sold_out,,,missing_or_unclear,insufficient,insufficient,selected_date_calendar_sold_out,,,,missing_or_unclear,jalan_sold_out_excluded,false,false,true,sold_out_without_price,page_chrome_coupon_or_discount_evidence;tax_included_total_not_confirmed,,,/Users/gini/Documents/ZMI/zao-market-intelligence/.data/debug/auto-runner-market-refresh-rotating/20260727_000001/jalan/classification_decisions/yad316848_2027-01-09.json,zao_local_history_v1
2026-07-27|jalan|深山荘 高見屋|yad321744|2027-01-10|2027-01-11|2_adults_1_room_1_night,6fc6aef42e6ac65cef7117377c32b2a9149ef235db1ae484a70cf123d5b5a1f2,2027_01,2026-07-27,2026-07-27T00:00:01+09:00,2026-07-27T00:00:01+09:00,jalan,AUTO-RUNNER10X,integrated_jalan_bounded_live,深山荘 高見屋,国内旅行・海外旅行や宿・ホテルの宿泊予約はじゃらんnet　～日本最大級の宿・ホテル予約サイト～,true,yad321744,yad321744,2027-01-10,2027-01-11,1,2,1,0,JPY,ja,2_adults_1_room_1_night,sold_out,sold_out,,,missing_or_unclear,insufficient,insufficient,selected_date_calendar_sold_out,,,,missing_or_unclear,jalan_sold_out_excluded,false,false,true,sold_out_without_price,page_chrome_coupon_or_discount_evidence;tax_included_total_not_confirmed,,,/Users/gini/Documents/ZMI/zao-market-intelligence/.data/debug/auto-runner-market-refresh-rotating/20260727_000001/jalan/classification_decisions/yad321744_2027-01-10.json,zao_local_history_v1
2026-07-27|jalan|たかみや瑠璃倶楽|yad316848|2027-01-10|2027-01-11|2_adults_1_room_1_night,3c064a4053c538201ca253aece282633f6a4dffdabf51adfa40c495232f38b88,2027_01,2026-07-27,2026-07-27T02:00:06+09:00,2026-07-27T02:00:06+09:00,jalan,AUTO-RUNNER10X,integrated_jalan_bounded_live,たかみや瑠璃倶楽,たかみや瑠璃倶楽,true,yad316848,yad316848,2027-01-10,2027-01-11,1,2,1,0,JPY,ja,2_adults_1_room_1_night,failed,not_sold_out_confirmed,,,missing_or_unclear,insufficient,insufficient,Jalan status could not be determined conservatively.,,,,missing_or_unclear,jalan_failed_excluded,false,false,true,Jalan status could not be determined conservatively.,tax_included_total_not_confirmed;meal_condition_missing,,,/Users/gini/Documents/ZMI/zao-market-intelligence/.data/debug/auto-runner-market-refresh-rotating/20260727_020006/jalan/classification_decisions/yad316848_2027-01-10.json,zao_local_history_v1
2026-07-27|jalan|深山荘 高見屋|yad321744|2027-01-09|2027-01-10|2_adults_1_room_1_night,410898a3e9c5cdf50992b4bfe3307fb1e39fa2c509059e49e18146fe423fa94e,2027_01,2026-07-27,2026-07-27T02:00:06+09:00,2026-07-27T02:00:06+09:00,jalan,AUTO-RUNNER10X,integrated_jalan_bounded_live,深山荘 高見屋,深山荘 高見屋,true,yad321744,yad321744,2027-01-09,2027-01-10,1,2,1,0,JPY,ja,2_adults_1_room_1_night,failed,not_sold_out_confirmed,,,missing_or_unclear,insufficient,insufficient,Jalan status could not be determined conservatively.,,,,missing_or_unclear,jalan_failed_excluded,false,false,true,Jalan status could not be determined conservatively.,tax_included_total_not_confirmed;meal_condition_missing,,,/Users/gini/Documents/ZMI/zao-market-intelligence/.data/debug/auto-runner-market-refresh-rotating/20260727_020006/jalan/classification_decisions/yad321744_2027-01-09.json,zao_local_history_v1
2026-07-27|jalan|たかみや瑠璃倶楽|yad316848|2027-01-11|2027-01-12|2_adults_1_room_1_night,fb4a15d3358b7ca69137302559d7b5bb713d8d06eefa6f61ae31be29f05b6f9f,2027_01,2026-07-27,2026-07-27T02:00:06+09:00,2026-07-27T02:00:06+09:00,jalan,AUTO-RUNNER10X,integrated_jalan_bounded_live,たかみや瑠璃倶楽,たかみや瑠璃倶楽,true,yad316848,yad316848,2027-01-11,2027-01-12,1,2,1,0,JPY,ja,2_adults_1_room_1_night,failed,not_sold_out_confirmed,,,missing_or_unclear,insufficient,insufficient,Jalan status could not be determined conservatively.,,,,missing_or_unclear,jalan_failed_excluded,false,false,true,Jalan status could not be determined conservatively.,tax_included_total_not_confirmed;meal_condition_missing,,,/Users/gini/Documents/ZMI/zao-market-intelligence/.data/debug/auto-runner-market-refresh-rotating/20260727_020006/jalan/classification_decisions/yad316848_2027-01-11.json,zao_local_history_v1
2026-07-27|jalan|たかみや瑠璃倶楽|yad316848|2027-01-16|2027-01-17|2_adults_1_room_1_night,2a3403a52b555f5d414eed79069950f85228da2b26ad3ae811b945293d82a5df,2027_01,2026-07-27,2026-07-27T04:00:06+09:00,2026-07-27T04:00:06+09:00,jalan,AUTO-RUNNER10X,integrated_jalan_bounded_live,たかみや瑠璃倶楽,たかみや瑠璃倶楽,true,yad316848,yad316848,2027-01-16,2027-01-17,1,2,1,0,JPY,ja,2_adults_1_room_1_night,failed,not_sold_out_confirmed,,,missing_or_unclear,insufficient,insufficient,Jalan status could not be determined conservatively.,,,,missing_or_unclear,jalan_failed_excluded,false,false,true,Jalan status could not be determined conservatively.,tax_included_total_not_confirmed;meal_condition_missing,,,/Users/gini/Documents/ZMI/zao-market-intelligence/.data/debug/auto-runner-market-refresh-rotating/20260727_040006/jalan/classification_decisions/yad316848_2027-01-16.json,zao_local_history_v1
2026-07-27|jalan|たかみや瑠璃倶楽|yad316848|2027-01-23|2027-01-24|2_adults_1_room_1_night,d629dfa9ce7950abfe427bca92f4a6705b9c7c2f425b2283884f5d50949136fe,2027_01,2026-07-27,2026-07-27T04:00:06+09:00,2026-07-27T04:00:06+09:00,jalan,AUTO-RUNNER10X,integrated_jalan_bounded_live,たかみや瑠璃倶楽,たかみや瑠璃倶楽,true,yad316848,yad316848,2027-01-23,2027-01-24,1,2,1,0,JPY,ja,2_adults_1_room_1_night,failed,not_sold_out_confirmed,,,missing_or_unclear,insufficient,insufficient,Jalan status could not be determined conservatively.,,,,missing_or_unclear,jalan_failed_excluded,false,false,true,Jalan status could not be determined conservatively.,tax_included_total_not_confirmed;meal_condition_missing,,,/Users/gini/Documents/ZMI/zao-market-intelligence/.data/debug/auto-runner-market-refresh-rotating/20260727_040006/jalan/classification_decisions/yad316848_2027-01-23.json,zao_local_history_v1
2026-07-27|jalan|深山荘 高見屋|yad321744|2027-01-11|2027-01-12|2_adults_1_room_1_night,e185bc35ba7e1d90154dbf4538d4a7a8a3a80d7395ae6c630fe8578ae631cb34,2027_01,2026-07-27,2026-07-27T06:00:06+09:00,2026-07-27T06:00:06+09:00,jalan,AUTO-RUNNER10X,integrated_jalan_bounded_live,深山荘 高見屋,深山荘 高見屋,true,yad321744,yad321744,2027-01-11,2027-01-12,1,2,1,0,JPY,ja,2_adults_1_room_1_night,failed,not_sold_out_confirmed,,,missing_or_unclear,insufficient,insufficient,Jalan status could not be determined conservatively.,,,,missing_or_unclear,jalan_failed_excluded,false,false,true,Jalan status could not be determined conservatively.,tax_included_total_not_confirmed;meal_condition_missing,,,/Users/gini/Documents/ZMI/zao-market-intelligence/.data/debug/auto-runner-market-refresh-rotating/20260727_060006/jalan/classification_decisions/yad321744_2027-01-11.json,zao_local_history_v1
2026-07-27|jalan|たかみや瑠璃倶楽|yad316848|2027-01-02|2027-01-03|2_adults_1_room_1_night,c46f1a96325f1b8cea9b09ed9a36714bd22542bc22c7403e564a890cb02ae602,2027_01,2026-07-27,2026-07-27T06:00:06+09:00,2026-07-27T06:00:06+09:00,jalan,AUTO-RUNNER10X,integrated_jalan_bounded_live,たかみや瑠璃倶楽,たかみや瑠璃倶楽,true,yad316848,yad316848,2027-01-02,2027-01-03,1,2,1,0,JPY,ja,2_adults_1_room_1_night,failed,not_sold_out_confirmed,,,missing_or_unclear,insufficient,insufficient,Jalan status could not be determined conservatively.,,,,missing_or_unclear,jalan_failed_excluded,false,false,true,Jalan status could not be determined conservatively.,tax_included_total_not_confirmed;meal_condition_missing,,,/Users/gini/Documents/ZMI/zao-market-intelligence/.data/debug/auto-runner-market-refresh-rotating/20260727_060006/jalan/classification_decisions/yad316848_2027-01-02.json,zao_local_history_v1
2026-07-27|jalan|深山荘 高見屋|yad321744|2027-01-16|2027-01-17|2_adults_1_room_1_night,122566a0fa18c96f74d3200a19d08783b1e65dd8631b5ce0c81a0f94f3f70956,2027_01,2026-07-27,2026-07-27T08:00:06+09:00,2026-07-27T08:00:06+09:00,jalan,AUTO-RUNNER10X,integrated_jalan_bounded_live,深山荘 高見屋,国内旅行・海外旅行や宿・ホテルの宿泊予約はじゃらんnet　～日本最大級の宿・ホテル予約サイト～,true,yad321744,yad321744,2027-01-16,2027-01-17,1,2,1,0,JPY,ja,2_adults_1_room_1_night,sold_out,sold_out,,,missing_or_unclear,insufficient,insufficient,selected_date_calendar_sold_out,,,,missing_or_unclear,jalan_sold_out_excluded,false,false,true,sold_out_without_price,page_chrome_coupon_or_discount_evidence;tax_included_total_not_confirmed,,,/Users/gini/Documents/ZMI/zao-market-intelligence/.data/debug/auto-runner-market-refresh-rotating/20260727_080006/jalan/classification_decisions/yad321744_2027-01-16.json,zao_local_history_v1
2026-07-27|jalan|たかみや瑠璃倶楽|yad316848|2027-01-30|2027-01-31|2_adults_1_room_1_night,c154da9b5fdaedae73a0cddb965212f4c7c9a7cc69efcdd5595e3e317c2546bb,2027_01,2026-07-27,2026-07-27T08:00:06+09:00,2026-07-27T08:00:06+09:00,jalan,AUTO-RUNNER10X,integrated_jalan_bounded_live,たかみや瑠璃倶楽,国内旅行・海外旅行や宿・ホテルの宿泊予約はじゃらんnet　～日本最大級の宿・ホテル予約サイト～,true,yad316848,yad316848,2027-01-30,2027-01-31,1,2,1,0,JPY,ja,2_adults_1_room_1_night,sold_out,sold_out,,,missing_or_unclear,insufficient,insufficient,selected_date_calendar_sold_out,,,,missing_or_unclear,jalan_sold_out_excluded,false,false,true,sold_out_without_price,page_chrome_coupon_or_discount_evidence;tax_included_total_not_confirmed,,,/Users/gini/Documents/ZMI/zao-market-intelligence/.data/debug/auto-runner-market-refresh-rotating/20260727_080006/jalan/classification_decisions/yad316848_2027-01-30.json,zao_local_history_v1
2026-07-27|jalan|深山荘 高見屋|yad321744|2027-01-23|2027-01-24|2_adults_1_room_1_night,fb8e6c272cfdad6a2e04df6cfaeffece1d27836fc99fc609325a707292d6e928,2027_01,2026-07-27,2026-07-27T08:00:06+09:00,2026-07-27T08:00:06+09:00,jalan,AUTO-RUNNER10X,integrated_jalan_bounded_live,深山荘 高見屋,国内旅行・海外旅行や宿・ホテルの宿泊予約はじゃらんnet　～日本最大級の宿・ホテル予約サイト～,true,yad321744,yad321744,2027-01-23,2027-01-24,1,2,1,0,JPY,ja,2_adults_1_room_1_night,sold_out,sold_out,,,missing_or_unclear,insufficient,insufficient,selected_date_calendar_sold_out,,,,missing_or_unclear,jalan_sold_out_excluded,false,false,true,sold_out_without_price,page_chrome_coupon_or_discount_evidence;tax_included_total_not_confirmed,,,/Users/gini/Documents/ZMI/zao-market-intelligence/.data/debug/auto-runner-market-refresh-rotating/20260727_080006/jalan/classification_decisions/yad321744_2027-01-23.json,zao_local_history_v1
2026-07-27|jalan|深山荘 高見屋|yad321744|2027-01-30|2027-01-31|2_adults_1_room_1_night,03dd720e324dcd748b7b1125674f0e0f00ae0f2c36f8aba12ff97a0d6bb21662,2027_01,2026-07-27,2026-07-27T10:00:02+09:00,2026-07-27T10:00:02+09:00,jalan,AUTO-RUNNER10X,integrated_jalan_bounded_live,深山荘 高見屋,国内旅行・海外旅行や宿・ホテルの宿泊予約はじゃらんnet　～日本最大級の宿・ホテル予約サイト～,true,yad321744,yad321744,2027-01-30,2027-01-31,1,2,1,0,JPY,ja,2_adults_1_room_1_night,sold_out,sold_out,,,missing_or_unclear,insufficient,insufficient,selected_date_calendar_sold_out,,,,missing_or_unclear,jalan_sold_out_excluded,false,false,true,sold_out_without_price,page_chrome_coupon_or_discount_evidence;tax_included_total_not_confirmed,,,/Users/gini/Documents/ZMI/zao-market-intelligence/.data/debug/auto-runner-market-refresh-rotating/20260727_100002/jalan/classification_decisions/yad321744_2027-01-30.json,zao_local_history_v1
2026-07-27|jalan|ペンションぷうたろう|yad394784|2027-01-01|2027-01-02|2_adults_1_room_1_night,bf013457d67f2b3a3e3ebfa51bc19f13a6f7aa646ef893871757f0287dc16889,2027_01,2026-07-27,2026-07-27T12:00:06+09:00,2026-07-27T12:00:06+09:00,jalan,AUTO-RUNNER10X,integrated_jalan_bounded_live,ペンションぷうたろう,国内旅行・海外旅行や宿・ホテルの宿泊予約はじゃらんnet　～日本最大級の宿・ホテル予約サイト～,true,yad394784,yad394784,2027-01-01,2027-01-02,1,2,1,0,JPY,ja,2_adults_1_room_1_night,sold_out,sold_out,,,missing_or_unclear,insufficient,insufficient,selected_date_calendar_sold_out,,,,missing_or_unclear,jalan_sold_out_excluded,false,false,true,sold_out_without_price,page_chrome_coupon_or_discount_evidence;tax_included_total_not_confirmed,,,/Users/gini/Documents/ZMI/zao-market-intelligence/.data/debug/auto-runner-market-refresh-rotating/20260727_120006/jalan/classification_decisions/yad394784_2027-01-01.json,zao_local_history_v1
2026-07-27|jalan|蔵王四季のホテル|yad322447|2027-01-01|2027-01-02|2_adults_1_room_1_night,b428ba3edd5cf10205832114d5b5e60c6d60d2965b5aea6a4f8d66df3777b347,2027_01,2026-07-27,2026-07-27T16:00:06+09:00,2026-07-27T16:00:06+09:00,jalan,AUTO-RUNNER10X,integrated_jalan_bounded_live,蔵王四季のホテル,国内旅行・海外旅行や宿・ホテルの宿泊予約はじゃらんnet　～日本最大級の宿・ホテル予約サイト～,true,yad322447,yad322447,2027-01-01,2027-01-02,1,2,1,0,JPY,ja,2_adults_1_room_1_night,sold_out,sold_out,,,missing_or_unclear,insufficient,insufficient,selected_date_calendar_sold_out,,,,missing_or_unclear,jalan_sold_out_excluded,false,false,true,sold_out_without_price,page_chrome_coupon_or_discount_evidence;tax_included_total_not_confirmed,,,/Users/gini/Documents/ZMI/zao-market-intelligence/.data/debug/auto-runner-market-refresh-rotating/20260727_160006/jalan/classification_decisions/yad322447_2027-01-01.json,zao_local_history_v1
2026-07-27|jalan|ペンションぷうたろう|yad394784|2027-01-02|2027-01-03|2_adults_1_room_1_night,6f45c20ac4177f3c6fc5c4aab45d1e1a8fd90d719809c7fbe75674f7d1a3c03b,2027_01,2026-07-27,2026-07-27T18:00:05+09:00,2026-07-27T18:00:05+09:00,jalan,AUTO-RUNNER10X,integrated_jalan_bounded_live,ペンションぷうたろう,国内旅行・海外旅行や宿・ホテルの宿泊予約はじゃらんnet　～日本最大級の宿・ホテル予約サイト～,true,yad394784,yad394784,2027-01-02,2027-01-03,1,2,1,0,JPY,ja,2_adults_1_room_1_night,sold_out,sold_out,,,missing_or_unclear,insufficient,insufficient,selected_date_calendar_sold_out,,,,missing_or_unclear,jalan_sold_out_excluded,false,false,true,sold_out_without_price,page_chrome_coupon_or_discount_evidence;tax_included_total_not_confirmed,,,/Users/gini/Documents/ZMI/zao-market-intelligence/.data/debug/auto-runner-market-refresh-rotating/20260727_180005/jalan/classification_decisions/yad394784_2027-01-02.json,zao_local_history_v1
2026-07-27|jalan|蔵王四季のホテル|yad322447|2027-01-03|2027-01-04|2_adults_1_room_1_night,528f5d331f604011786e4d2779624eac53cce45a1fc19e3a4bb83f0ab2af3706,2027_01,2026-07-27,2026-07-27T18:00:05+09:00,2026-07-27T18:00:05+09:00,jalan,AUTO-RUNNER10X,integrated_jalan_bounded_live,蔵王四季のホテル,国内旅行・海外旅行や宿・ホテルの宿泊予約はじゃらんnet　～日本最大級の宿・ホテル予約サイト～,true,yad322447,yad322447,2027-01-03,2027-01-04,1,2,1,0,JPY,ja,2_adults_1_room_1_night,available,not_sold_out_confirmed,,,missing_or_unclear,C,C,Price visible but meal_basis=unknown_meal_basis (jalan_ambiguous_meal_and_room_only_tokens); excluded from room-only DP per confirmed policy.,123200,,,tax_included_total,jalan_unknown_meal_basis_excluded,false,false,true,unknown_meal_basis_excluded,page_chrome_coupon_or_discount_evidence;unknown_meal_basis_excluded;meal_basis=unknown_meal_basis,,,/Users/gini/Documents/ZMI/zao-market-intelligence/.data/debug/auto-runner-market-refresh-rotating/20260727_180005/jalan/classification_decisions/yad322447_2027-01-03.json,zao_local_history_v1
2026-07-27|jalan|蔵王四季のホテル|yad322447|2027-01-09|2027-01-10|2_adults_1_room_1_night,29d243cb2cbd531b2d4493f487c9f40af265edc70c5478ba386ffe248456cd2c,2027_01,2026-07-27,2026-07-27T18:00:05+09:00,2026-07-27T18:00:05+09:00,jalan,AUTO-RUNNER10X,integrated_jalan_bounded_live,蔵王四季のホテル,国内旅行・海外旅行や宿・ホテルの宿泊予約はじゃらんnet　～日本最大級の宿・ホテル予約サイト～,true,yad322447,yad322447,2027-01-09,2027-01-10,1,2,1,0,JPY,ja,2_adults_1_room_1_night,available,not_sold_out_confirmed,,,missing_or_unclear,C,C,Price visible but meal_basis=unknown_meal_basis (jalan_ambiguous_meal_and_room_only_tokens); excluded from room-only DP per confirmed policy.,138600,,,tax_included_total,jalan_unknown_meal_basis_excluded,false,false,true,unknown_meal_basis_excluded,page_chrome_coupon_or_discount_evidence;unknown_meal_basis_excluded;meal_basis=unknown_meal_basis,,,/Users/gini/Documents/ZMI/zao-market-intelligence/.data/debug/auto-runner-market-refresh-rotating/20260727_180005/jalan/classification_decisions/yad322447_2027-01-09.json,zao_local_history_v1
2026-07-27|jalan|蔵王四季のホテル|yad322447|2027-01-02|2027-01-03|2_adults_1_room_1_night,ff305a1a73b8e87cb3fd0f935ff45ea61e9d489b3bfeb87fcdd9b9ee29033d69,2027_01,2026-07-27,2026-07-27T20:00:05+09:00,2026-07-27T20:00:05+09:00,jalan,AUTO-RUNNER10X,integrated_jalan_bounded_live,蔵王四季のホテル,国内旅行・海外旅行や宿・ホテルの宿泊予約はじゃらんnet　～日本最大級の宿・ホテル予約サイト～,true,yad322447,yad322447,2027-01-02,2027-01-03,1,2,1,0,JPY,ja,2_adults_1_room_1_night,available,not_sold_out_confirmed,,,missing_or_unclear,C,C,Price visible but meal_basis=unknown_meal_basis (jalan_ambiguous_meal_and_room_only_tokens); excluded from room-only DP per confirmed policy.,160600,,,tax_included_total,jalan_unknown_meal_basis_excluded,false,false,true,unknown_meal_basis_excluded,page_chrome_coupon_or_discount_evidence;unknown_meal_basis_excluded;meal_basis=unknown_meal_basis,,,/Users/gini/Documents/ZMI/zao-market-intelligence/.data/debug/auto-runner-market-refresh-rotating/20260727_200005/jalan/classification_decisions/yad322447_2027-01-02.json,zao_local_history_v1
2026-07-27|jalan|深山荘 高見屋|yad321744|2027-01-01|2027-01-02|2_adults_1_room_1_night,b1dec144fe98afe6db1b02fc11939fd1ad3f35892f2661d692a10d6ea18c8189,2027_01,2026-07-27,2026-07-27T22:00:06+09:00,2026-07-27T22:00:06+09:00,jalan,AUTO-RUNNER10X,integrated_jalan_bounded_live,深山荘 高見屋,国内旅行・海外旅行や宿・ホテルの宿泊予約はじゃらんnet　～日本最大級の宿・ホテル予約サイト～,true,yad321744,yad321744,2027-01-01,2027-01-02,1,2,1,0,JPY,ja,2_adults_1_room_1_night,sold_out,sold_out,,,missing_or_unclear,insufficient,insufficient,selected_date_calendar_sold_out,,,,missing_or_unclear,jalan_sold_out_excluded,false,false,true,sold_out_without_price,page_chrome_coupon_or_discount_evidence;tax_included_total_not_confirmed,,,/Users/gini/Documents/ZMI/zao-market-intelligence/.data/debug/auto-runner-market-refresh-rotating/20260727_220006/jalan/classification_decisions/yad321744_2027-01-01.json,zao_local_history_v1
2026-07-27|jalan|蔵王四季のホテル|yad322447|2027-01-10|2027-01-11|2_adults_1_room_1_night,a66822ce371ef2f7bb6363e2c416d614368efeb921f48644381baba5524eb611,2027_01,2026-07-27,2026-07-27T22:00:06+09:00,2026-07-27T22:00:06+09:00,jalan,AUTO-RUNNER10X,integrated_jalan_bounded_live,蔵王四季のホテル,国内旅行・海外旅行や宿・ホテルの宿泊予約はじゃらんnet　～日本最大級の宿・ホテル予約サイト～,true,yad322447,yad322447,2027-01-10,2027-01-11,1,2,1,0,JPY,ja,2_adults_1_room_1_night,available,not_sold_out_confirmed,,,missing_or_unclear,C,C,Price visible but meal_basis=unknown_meal_basis (jalan_ambiguous_meal_and_room_only_tokens); excluded from room-only DP per confirmed policy.,132000,,,tax_included_total,jalan_unknown_meal_basis_excluded,false,false,true,unknown_meal_basis_excluded,page_chrome_coupon_or_discount_evidence;unknown_meal_basis_excluded;meal_basis=unknown_meal_basis,,,/Users/gini/Documents/ZMI/zao-market-intelligence/.data/debug/auto-runner-market-refresh-rotating/20260727_220006/jalan/classification_decisions/yad322447_2027-01-10.json,zao_local_history_v1
2026-07-28|jalan|深山荘 高見屋|yad321744|2027-01-02|2027-01-03|2_adults_1_room_1_night,af5fe21c00bd8d69f20e72453a5add4cb76d2915bfeebebaa3dcbbddc087af06,2027_01,2026-07-28,2026-07-28T00:00:05+09:00,2026-07-28T00:00:05+09:00,jalan,AUTO-RUNNER10X,integrated_jalan_bounded_live,深山荘 高見屋,国内旅行・海外旅行や宿・ホテルの宿泊予約はじゃらんnet　～日本最大級の宿・ホテル予約サイト～,true,yad321744,yad321744,2027-01-02,2027-01-03,1,2,1,0,JPY,ja,2_adults_1_room_1_night,sold_out,sold_out,,,missing_or_unclear,insufficient,insufficient,selected_date_calendar_sold_out,,,,missing_or_unclear,jalan_sold_out_excluded,false,false,true,sold_out_without_price,page_chrome_coupon_or_discount_evidence;tax_included_total_not_confirmed,,,/Users/gini/Documents/ZMI/zao-market-intelligence/.data/debug/auto-runner-market-refresh-rotating/20260728_000005/jalan/classification_decisions/yad321744_2027-01-02.json,zao_local_history_v1
2026-07-28|jalan|蔵王四季のホテル|yad322447|2027-01-11|2027-01-12|2_adults_1_room_1_night,b8752b61830d833bcdb4d45dbf10a688cf2558e4a2542d1f7d18ab99033f047a,2027_01,2026-07-28,2026-07-28T00:00:05+09:00,2026-07-28T00:00:05+09:00,jalan,AUTO-RUNNER10X,integrated_jalan_bounded_live,蔵王四季のホテル,国内旅行・海外旅行や宿・ホテルの宿泊予約はじゃらんnet　～日本最大級の宿・ホテル予約サイト～,true,yad322447,yad322447,2027-01-11,2027-01-12,1,2,1,0,JPY,ja,2_adults_1_room_1_night,available,not_sold_out_confirmed,,,missing_or_unclear,C,C,Price visible but meal_basis=unknown_meal_basis (jalan_ambiguous_meal_and_room_only_tokens); excluded from room-only DP per confirmed policy.,49500,,,tax_included_total,jalan_unknown_meal_basis_excluded,false,false,true,unknown_meal_basis_excluded,selected_plan_coupon_or_discount_evidence;unknown_meal_basis_excluded;meal_basis=unknown_meal_basis,,,/Users/gini/Documents/ZMI/zao-market-intelligence/.data/debug/auto-runner-market-refresh-rotating/20260728_000005/jalan/classification_decisions/yad322447_2027-01-11.json,zao_local_history_v1
2026-07-28|jalan|蔵王四季のホテル|yad322447|2027-01-16|2027-01-17|2_adults_1_room_1_night,f6be587fba42bdc5c8177c991bdc51f0b0dca3a9f264c1bcf4c555a8d494551a,2027_01,2026-07-28,2026-07-28T00:00:05+09:00,2026-07-28T00:00:05+09:00,jalan,AUTO-RUNNER10X,integrated_jalan_bounded_live,蔵王四季のホテル,国内旅行・海外旅行や宿・ホテルの宿泊予約はじゃらんnet　～日本最大級の宿・ホテル予約サイト～,true,yad322447,yad322447,2027-01-16,2027-01-17,1,2,1,0,JPY,ja,2_adults_1_room_1_night,available,not_sold_out_confirmed,,,missing_or_unclear,C,C,Price visible but meal_basis=unknown_meal_basis (jalan_ambiguous_meal_and_room_only_tokens); excluded from room-only DP per confirmed policy.,63800,,,tax_included_total,jalan_unknown_meal_basis_excluded,false,false,true,unknown_meal_basis_excluded,selected_plan_coupon_or_discount_evidence;unknown_meal_basis_excluded;meal_basis=unknown_meal_basis,,,/Users/gini/Documents/ZMI/zao-market-intelligence/.data/debug/auto-runner-market-refresh-rotating/20260728_000005/jalan/classification_decisions/yad322447_2027-01-16.json,zao_local_history_v1
2026-07-28|jalan|蔵王四季のホテル|yad322447|2027-01-23|2027-01-24|2_adults_1_room_1_night,b9e2732baedfcf525122d9bb777f12b70b29f45ef964d02e98dbc72a99efa05c,2027_01,2026-07-28,2026-07-28T02:00:01+09:00,2026-07-28T02:00:01+09:00,jalan,AUTO-RUNNER10X,integrated_jalan_bounded_live,蔵王四季のホテル,国内旅行・海外旅行や宿・ホテルの宿泊予約はじゃらんnet　～日本最大級の宿・ホテル予約サイト～,true,yad322447,yad322447,2027-01-23,2027-01-24,1,2,1,0,JPY,ja,2_adults_1_room_1_night,available,not_sold_out_confirmed,,,missing_or_unclear,C,C,Price visible but meal_basis=unknown_meal_basis (jalan_ambiguous_meal_and_room_only_tokens); excluded from room-only DP per confirmed policy.,66000,,,tax_included_total,jalan_unknown_meal_basis_excluded,false,false,true,unknown_meal_basis_excluded,selected_plan_coupon_or_discount_evidence;unknown_meal_basis_excluded;meal_basis=unknown_meal_basis,,,/Users/gini/Documents/ZMI/zao-market-intelligence/.data/debug/auto-runner-market-refresh-rotating/20260728_020001/jalan/classification_decisions/yad322447_2027-01-23.json,zao_local_history_v1
2026-07-28|jalan|蔵王国際ホテル|yad309590|2027-01-01|2027-01-02|2_adults_1_room_1_night,8dcfacebb11377cba361cd544d3038dd3a73150d54479967f216633dabcd917c,2027_01,2026-07-28,2026-07-28T04:00:05+09:00,2026-07-28T04:00:05+09:00,jalan,AUTO-RUNNER10X,integrated_jalan_bounded_live,蔵王国際ホテル,国内旅行・海外旅行や宿・ホテルの宿泊予約はじゃらんnet　～日本最大級の宿・ホテル予約サイト～,true,yad309590,yad309590,2027-01-01,2027-01-02,1,2,1,0,JPY,ja,2_adults_1_room_1_night,sold_out,sold_out,,,missing_or_unclear,insufficient,insufficient,selected_date_calendar_sold_out,,,,missing_or_unclear,jalan_sold_out_excluded,false,false,true,sold_out_without_price,page_chrome_coupon_or_discount_evidence;tax_included_total_not_confirmed,,,/Users/gini/Documents/ZMI/zao-market-intelligence/.data/debug/auto-runner-market-refresh-rotating/20260728_040005/jalan/classification_decisions/yad309590_2027-01-01.json,zao_local_history_v1
2026-07-28|jalan|蔵王四季のホテル|yad322447|2027-01-30|2027-01-31|2_adults_1_room_1_night,638e40ea9092a114b6008818d7bcdc05a45945118f64feda88b27a2defa467b5,2027_01,2026-07-28,2026-07-28T04:00:05+09:00,2026-07-28T04:00:05+09:00,jalan,AUTO-RUNNER10X,integrated_jalan_bounded_live,蔵王四季のホテル,国内旅行・海外旅行や宿・ホテルの宿泊予約はじゃらんnet　～日本最大級の宿・ホテル予約サイト～,true,yad322447,yad322447,2027-01-30,2027-01-31,1,2,1,0,JPY,ja,2_adults_1_room_1_night,available,not_sold_out_confirmed,,,missing_or_unclear,C,C,Price visible but meal_basis=unknown_meal_basis (jalan_ambiguous_meal_and_room_only_tokens); excluded from room-only DP per confirmed policy.,71500,,,tax_included_total,jalan_unknown_meal_basis_excluded,false,false,true,unknown_meal_basis_excluded,selected_plan_coupon_or_discount_evidence;unknown_meal_basis_excluded;meal_basis=unknown_meal_basis,,,/Users/gini/Documents/ZMI/zao-market-intelligence/.data/debug/auto-runner-market-refresh-rotating/20260728_040005/jalan/classification_decisions/yad322447_2027-01-30.json,zao_local_history_v1
2026-07-28|jalan|蔵王国際ホテル|yad309590|2027-01-02|2027-01-03|2_adults_1_room_1_night,8aecc1a6a23005a462890478c0d202a07003bc06985a50b7a4bc3c9b2c3d7097,2027_01,2026-07-28,2026-07-28T06:00:05+09:00,2026-07-28T06:00:05+09:00,jalan,AUTO-RUNNER10X,integrated_jalan_bounded_live,蔵王国際ホテル,国内旅行・海外旅行や宿・ホテルの宿泊予約はじゃらんnet　～日本最大級の宿・ホテル予約サイト～,true,yad309590,yad309590,2027-01-02,2027-01-03,1,2,1,0,JPY,ja,2_adults_1_room_1_night,sold_out,sold_out,,,missing_or_unclear,insufficient,insufficient,selected_date_calendar_sold_out,,,,missing_or_unclear,jalan_sold_out_excluded,false,false,true,sold_out_without_price,page_chrome_coupon_or_discount_evidence;tax_included_total_not_confirmed,,,/Users/gini/Documents/ZMI/zao-market-intelligence/.data/debug/auto-runner-market-refresh-rotating/20260728_060005/jalan/classification_decisions/yad309590_2027-01-02.json,zao_local_history_v1
2026-07-28|jalan|蔵王国際ホテル|yad309590|2027-01-03|2027-01-04|2_adults_1_room_1_night,e990fd79484163530363bd68cbc74f3f0e77ed2e0abc412eba7bbef10295798c,2027_01,2026-07-28,2026-07-28T10:00:06+09:00,2026-07-28T10:00:06+09:00,jalan,AUTO-RUNNER10X,integrated_jalan_bounded_live,蔵王国際ホテル,国内旅行・海外旅行や宿・ホテルの宿泊予約はじゃらんnet　～日本最大級の宿・ホテル予約サイト～,true,yad309590,yad309590,2027-01-03,2027-01-04,1,2,1,0,JPY,ja,2_adults_1_room_1_night,sold_out,sold_out,,,missing_or_unclear,insufficient,insufficient,selected_date_calendar_sold_out,,,,missing_or_unclear,jalan_sold_out_excluded,false,false,true,sold_out_without_price,page_chrome_coupon_or_discount_evidence;tax_included_total_not_confirmed,,,/Users/gini/Documents/ZMI/zao-market-intelligence/.data/debug/auto-runner-market-refresh-rotating/20260728_100006/jalan/classification_decisions/yad309590_2027-01-03.json,zao_local_history_v1
2026-07-28|jalan|蔵王国際ホテル|yad309590|2027-01-09|2027-01-10|2_adults_1_room_1_night,c1dee3cde4bd14e066dbb16de884e192e732b4bfe8cde99fa84a36514afec9bc,2027_01,2026-07-28,2026-07-28T14:00:06+09:00,2026-07-28T14:00:06+09:00,jalan,AUTO-RUNNER10X,integrated_jalan_bounded_live,蔵王国際ホテル,国内旅行・海外旅行や宿・ホテルの宿泊予約はじゃらんnet　～日本最大級の宿・ホテル予約サイト～,true,yad309590,yad309590,2027-01-09,2027-01-10,1,2,1,0,JPY,ja,2_adults_1_room_1_night,available,not_sold_out_confirmed,,,missing_or_unclear,C,C,Price visible but meal_basis=unknown_meal_basis (jalan_meal_basis_unknown); excluded from room-only DP per confirmed policy.,70400,,,tax_included_total,jalan_unknown_meal_basis_excluded,false,false,true,unknown_meal_basis_excluded,page_chrome_coupon_or_discount_evidence;unknown_meal_basis_excluded;meal_basis=unknown_meal_basis,,,/Users/gini/Documents/ZMI/zao-market-intelligence/.data/debug/auto-runner-market-refresh-rotating/20260728_140006/jalan/classification_decisions/yad309590_2027-01-09.json,zao_local_history_v1
2026-07-28|jalan|たかみや瑠璃倶楽|yad316848|2027-01-01|2027-01-02|2_adults_1_room_1_night,e58015f7be16c0520577620a868ed572bc6f4f48d4f0182ad550bcbeb157c8d8,2027_01,2026-07-28,2026-07-28T16:00:06+09:00,2026-07-28T16:00:06+09:00,jalan,AUTO-RUNNER10X,integrated_jalan_bounded_live,たかみや瑠璃倶楽,国内旅行・海外旅行や宿・ホテルの宿泊予約はじゃらんnet　～日本最大級の宿・ホテル予約サイト～,true,yad316848,yad316848,2027-01-01,2027-01-02,1,2,1,0,JPY,ja,2_adults_1_room_1_night,sold_out,sold_out,,,missing_or_unclear,insufficient,insufficient,selected_date_calendar_sold_out,,,,missing_or_unclear,jalan_sold_out_excluded,false,false,true,sold_out_without_price,page_chrome_coupon_or_discount_evidence;tax_included_total_not_confirmed,,,/Users/gini/Documents/ZMI/zao-market-intelligence/.data/debug/auto-runner-market-refresh-rotating/20260728_160006/jalan/classification_decisions/yad316848_2027-01-01.json,zao_local_history_v1
2026-07-28|jalan|ペンションぷうたろう|yad394784|2027-01-03|2027-01-04|2_adults_1_room_1_night,3406d22c08ffd268caf91172dcee007db7f899088c20c5e09b5218ec22624e49,2027_01,2026-07-28,2026-07-28T16:00:06+09:00,2026-07-28T16:00:06+09:00,jalan,AUTO-RUNNER10X,integrated_jalan_bounded_live,ペンションぷうたろう,国内旅行・海外旅行や宿・ホテルの宿泊予約はじゃらんnet　～日本最大級の宿・ホテル予約サイト～,true,yad394784,yad394784,2027-01-03,2027-01-04,1,2,1,0,JPY,ja,2_adults_1_room_1_night,sold_out,sold_out,,,missing_or_unclear,insufficient,insufficient,selected_date_calendar_sold_out,,,,missing_or_unclear,jalan_sold_out_excluded,false,false,true,sold_out_without_price,page_chrome_coupon_or_discount_evidence;tax_included_total_not_confirmed,,,/Users/gini/Documents/ZMI/zao-market-intelligence/.data/debug/auto-runner-market-refresh-rotating/20260728_160006/jalan/classification_decisions/yad394784_2027-01-03.json,zao_local_history_v1
2026-07-28|jalan|ペンションぷうたろう|yad394784|2027-01-01|2027-01-02|2_adults_1_room_1_night,fbe5f00a02205b748a7ef5e9bc363b3c9fb5bb6fe12c3af020c551772703ce14,2027_01,2026-07-28,2026-07-28T18:00:05+09:00,2026-07-28T18:00:05+09:00,jalan,AUTO-RUNNER10X,integrated_jalan_bounded_live,ペンションぷうたろう,国内旅行・海外旅行や宿・ホテルの宿泊予約はじゃらんnet　～日本最大級の宿・ホテル予約サイト～,true,yad394784,yad394784,2027-01-01,2027-01-02,1,2,1,0,JPY,ja,2_adults_1_room_1_night,sold_out,sold_out,,,missing_or_unclear,insufficient,insufficient,selected_date_calendar_sold_out,,,,missing_or_unclear,jalan_sold_out_excluded,false,false,true,sold_out_without_price,page_chrome_coupon_or_discount_evidence;tax_included_total_not_confirmed,,,/Users/gini/Documents/ZMI/zao-market-intelligence/.data/debug/auto-runner-market-refresh-rotating/20260728_180005/jalan/classification_decisions/yad394784_2027-01-01.json,zao_local_history_v1
2026-07-28|jalan|ペンションぷうたろう|yad394784|2027-01-02|2027-01-03|2_adults_1_room_1_night,69eed10cccb522ed3a2d864d2a6a6d4e7ad267c3e2ddcf3352162e2272561ea3,2027_01,2026-07-28,2026-07-28T18:00:05+09:00,2026-07-28T18:00:05+09:00,jalan,AUTO-RUNNER10X,integrated_jalan_bounded_live,ペンションぷうたろう,国内旅行・海外旅行や宿・ホテルの宿泊予約はじゃらんnet　～日本最大級の宿・ホテル予約サイト～,true,yad394784,yad394784,2027-01-02,2027-01-03,1,2,1,0,JPY,ja,2_adults_1_room_1_night,sold_out,sold_out,,,missing_or_unclear,insufficient,insufficient,selected_date_calendar_sold_out,,,,missing_or_unclear,jalan_sold_out_excluded,false,false,true,sold_out_without_price,page_chrome_coupon_or_discount_evidence;tax_included_total_not_confirmed,,,/Users/gini/Documents/ZMI/zao-market-intelligence/.data/debug/auto-runner-market-refresh-rotating/20260728_180005/jalan/classification_decisions/yad394784_2027-01-02.json,zao_local_history_v1
2026-07-28|jalan|深山荘 高見屋|yad321744|2027-01-03|2027-01-04|2_adults_1_room_1_night,ceff44de6ff25e84a2ccc213e74a2be44cf06b9054f60488774c904c5b5a2e98,2027_01,2026-07-28,2026-07-28T20:00:06+09:00,2026-07-28T20:00:06+09:00,jalan,AUTO-RUNNER10X,integrated_jalan_bounded_live,深山荘 高見屋,国内旅行・海外旅行や宿・ホテルの宿泊予約はじゃらんnet　～日本最大級の宿・ホテル予約サイト～,true,yad321744,yad321744,2027-01-03,2027-01-04,1,2,1,0,JPY,ja,2_adults_1_room_1_night,sold_out,sold_out,,,missing_or_unclear,insufficient,insufficient,selected_date_calendar_sold_out,,,,missing_or_unclear,jalan_sold_out_excluded,false,false,true,sold_out_without_price,page_chrome_coupon_or_discount_evidence;tax_included_total_not_confirmed,,,/Users/gini/Documents/ZMI/zao-market-intelligence/.data/debug/auto-runner-market-refresh-rotating/20260728_200005/jalan/classification_decisions/yad321744_2027-01-03.json,zao_local_history_v1
2026-07-28|jalan|ペンションぷうたろう|yad394784|2027-01-09|2027-01-10|2_adults_1_room_1_night,76f44169b927f4233feffadc64c805ceec7ca919861762d6a509f496662a8bf0,2027_01,2026-07-28,2026-07-28T20:00:06+09:00,2026-07-28T20:00:06+09:00,jalan,AUTO-RUNNER10X,integrated_jalan_bounded_live,ペンションぷうたろう,国内旅行・海外旅行や宿・ホテルの宿泊予約はじゃらんnet　～日本最大級の宿・ホテル予約サイト～,true,yad394784,yad394784,2027-01-09,2027-01-10,1,2,1,0,JPY,ja,2_adults_1_room_1_night,sold_out,sold_out,,,missing_or_unclear,insufficient,insufficient,selected_date_calendar_sold_out,,,,missing_or_unclear,jalan_sold_out_excluded,false,false,true,sold_out_without_price,page_chrome_coupon_or_discount_evidence;tax_included_total_not_confirmed,,,/Users/gini/Documents/ZMI/zao-market-intelligence/.data/debug/auto-runner-market-refresh-rotating/20260728_200005/jalan/classification_decisions/yad394784_2027-01-09.json,zao_local_history_v1
2026-07-28|jalan|ペンションぷうたろう|yad394784|2027-01-10|2027-01-11|2_adults_1_room_1_night,184adeb7d35d6c8877c4a1b18557a92e3a4579b79fb752883f59c26020056a64,2027_01,2026-07-28,2026-07-28T22:00:03+09:00,2026-07-28T22:00:03+09:00,jalan,AUTO-RUNNER10X,integrated_jalan_bounded_live,ペンションぷうたろう,国内旅行・海外旅行や宿・ホテルの宿泊予約はじゃらんnet　～日本最大級の宿・ホテル予約サイト～,false,yad394784,yad394784,2027-01-10,2027-01-11,1,2,1,0,JPY,ja,2_adults_1_room_1_night,available,not_sold_out_confirmed,,,missing_or_unclear,C,C,Price visible but meal_basis=unknown_meal_basis (jalan_ambiguous_meal_and_room_only_tokens); excluded from room-only DP per confirmed policy.,41800,,,tax_included_total,jalan_unknown_meal_basis_excluded,false,false,true,unknown_meal_basis_excluded,page_chrome_coupon_or_discount_evidence;property_identity_not_confirmed;unknown_meal_basis_excluded;meal_basis=unknown_meal_basis,,,/Users/gini/Documents/ZMI/zao-market-intelligence/.data/debug/auto-runner-market-refresh-rotating/20260728_220003/jalan/classification_decisions/yad394784_2027-01-10.json,zao_local_history_v1
2026-07-28|jalan|蔵王四季のホテル|yad322447|2027-01-01|2027-01-02|2_adults_1_room_1_night,4bd3751f34966253e0c0096721ccbf328ecfcbcc5230d3594d4560c2adba8d5e,2027_01,2026-07-28,2026-07-28T22:00:03+09:00,2026-07-28T22:00:03+09:00,jalan,AUTO-RUNNER10X,integrated_jalan_bounded_live,蔵王四季のホテル,国内旅行・海外旅行や宿・ホテルの宿泊予約はじゃらんnet　～日本最大級の宿・ホテル予約サイト～,true,yad322447,yad322447,2027-01-01,2027-01-02,1,2,1,0,JPY,ja,2_adults_1_room_1_night,sold_out,sold_out,,,missing_or_unclear,insufficient,insufficient,selected_date_calendar_sold_out,,,,missing_or_unclear,jalan_sold_out_excluded,false,false,true,sold_out_without_price,page_chrome_coupon_or_discount_evidence;tax_included_total_not_confirmed,,,/Users/gini/Documents/ZMI/zao-market-intelligence/.data/debug/auto-runner-market-refresh-rotating/20260728_220003/jalan/classification_decisions/yad322447_2027-01-01.json,zao_local_history_v1
2026-07-28|jalan|蔵王四季のホテル|yad322447|2027-01-02|2027-01-03|2_adults_1_room_1_night,79e19bbf8e1d7f8e46c4d327b26eb11ecaf080a6f0e3768f0a15e1190e20c8f0,2027_01,2026-07-28,2026-07-28T22:00:03+09:00,2026-07-28T22:00:03+09:00,jalan,AUTO-RUNNER10X,integrated_jalan_bounded_live,蔵王四季のホテル,国内旅行・海外旅行や宿・ホテルの宿泊予約はじゃらんnet　～日本最大級の宿・ホテル予約サイト～,true,yad322447,yad322447,2027-01-02,2027-01-03,1,2,1,0,JPY,ja,2_adults_1_room_1_night,available,not_sold_out_confirmed,,,missing_or_unclear,C,C,Price visible but meal_basis=unknown_meal_basis (jalan_ambiguous_meal_and_room_only_tokens); excluded from room-only DP per confirmed policy.,160600,,,tax_included_total,jalan_unknown_meal_basis_excluded,false,false,true,unknown_meal_basis_excluded,page_chrome_coupon_or_discount_evidence;unknown_meal_basis_excluded;meal_basis=unknown_meal_basis,,,/Users/gini/Documents/ZMI/zao-market-intelligence/.data/debug/auto-runner-market-refresh-rotating/20260728_220003/jalan/classification_decisions/yad322447_2027-01-02.json,zao_local_history_v1
2026-07-29|jalan|たかみや瑠璃倶楽|yad316848|2027-01-02|2027-01-03|2_adults_1_room_1_night,d52bdf3080e3454f7d25f667f3f18ba0a706107234f859816bd84973e9ddafa9,2027_01,2026-07-29,2026-07-29T00:00:02+09:00,2026-07-29T00:00:02+09:00,jalan,AUTO-RUNNER10X,integrated_jalan_bounded_live,たかみや瑠璃倶楽,国内旅行・海外旅行や宿・ホテルの宿泊予約はじゃらんnet　～日本最大級の宿・ホテル予約サイト～,true,yad316848,yad316848,2027-01-02,2027-01-03,1,2,1,0,JPY,ja,2_adults_1_room_1_night,sold_out,sold_out,,,missing_or_unclear,insufficient,insufficient,selected_date_calendar_sold_out,,,,missing_or_unclear,jalan_sold_out_excluded,false,false,true,sold_out_without_price,page_chrome_coupon_or_discount_evidence;tax_included_total_not_confirmed,,,/Users/gini/Documents/ZMI/zao-market-intelligence/.data/debug/auto-runner-market-refresh-rotating/20260729_000002/jalan/classification_decisions/yad316848_2027-01-02.json,zao_local_history_v1
2026-07-29|jalan|ペンションぷうたろう|yad394784|2027-01-11|2027-01-12|2_adults_1_room_1_night,5f26be525cfff07137eda3295805fa2ad08f069ed94ec044ca03ee44f0add1da,2027_01,2026-07-29,2026-07-29T00:00:02+09:00,2026-07-29T00:00:02+09:00,jalan,AUTO-RUNNER10X,integrated_jalan_bounded_live,ペンションぷうたろう,国内旅行・海外旅行や宿・ホテルの宿泊予約はじゃらんnet　～日本最大級の宿・ホテル予約サイト～,true,yad394784,yad394784,2027-01-11,2027-01-12,1,2,1,0,JPY,ja,2_adults_1_room_1_night,sold_out,sold_out,,,missing_or_unclear,insufficient,insufficient,selected_date_calendar_sold_out,,,,missing_or_unclear,jalan_sold_out_excluded,false,false,true,sold_out_without_price,page_chrome_coupon_or_discount_evidence;tax_included_total_not_confirmed,,,/Users/gini/Documents/ZMI/zao-market-intelligence/.data/debug/auto-runner-market-refresh-rotating/20260729_000002/jalan/classification_decisions/yad394784_2027-01-11.json,zao_local_history_v1
2026-07-29|jalan|蔵王四季のホテル|yad322447|2027-01-03|2027-01-04|2_adults_1_room_1_night,0f34633d140c3b12b991dfaf521e019efdb3bb85e4ef11fc85d5b3f7d2ccf154,2027_01,2026-07-29,2026-07-29T00:00:02+09:00,2026-07-29T00:00:02+09:00,jalan,AUTO-RUNNER10X,integrated_jalan_bounded_live,蔵王四季のホテル,国内旅行・海外旅行や宿・ホテルの宿泊予約はじゃらんnet　～日本最大級の宿・ホテル予約サイト～,true,yad322447,yad322447,2027-01-03,2027-01-04,1,2,1,0,JPY,ja,2_adults_1_room_1_night,available,not_sold_out_confirmed,,,missing_or_unclear,C,C,Price visible but meal_basis=unknown_meal_basis (jalan_ambiguous_meal_and_room_only_tokens); excluded from room-only DP per confirmed policy.,123200,,,tax_included_total,jalan_unknown_meal_basis_excluded,false,false,true,unknown_meal_basis_excluded,page_chrome_coupon_or_discount_evidence;unknown_meal_basis_excluded;meal_basis=unknown_meal_basis,,,/Users/gini/Documents/ZMI/zao-market-intelligence/.data/debug/auto-runner-market-refresh-rotating/20260729_000002/jalan/classification_decisions/yad322447_2027-01-03.json,zao_local_history_v1
2026-07-29|jalan|たかみや瑠璃倶楽|yad316848|2027-01-03|2027-01-04|2_adults_1_room_1_night,3294c33e3f12217969277a6c8e22cac2b9f75d8b7e86a6dcd9ca9e498896f891,2027_01,2026-07-29,2026-07-29T02:00:05+09:00,2026-07-29T02:00:05+09:00,jalan,AUTO-RUNNER10X,integrated_jalan_bounded_live,たかみや瑠璃倶楽,国内旅行・海外旅行や宿・ホテルの宿泊予約はじゃらんnet　～日本最大級の宿・ホテル予約サイト～,true,yad316848,yad316848,2027-01-03,2027-01-04,1,2,1,0,JPY,ja,2_adults_1_room_1_night,sold_out,sold_out,,,missing_or_unclear,insufficient,insufficient,selected_date_calendar_sold_out,,,,missing_or_unclear,jalan_sold_out_excluded,false,false,true,sold_out_without_price,page_chrome_coupon_or_discount_evidence;tax_included_total_not_confirmed,,,/Users/gini/Documents/ZMI/zao-market-intelligence/.data/debug/auto-runner-market-refresh-rotating/20260729_020005/jalan/classification_decisions/yad316848_2027-01-03.json,zao_local_history_v1
2026-07-29|jalan|蔵王四季のホテル|yad322447|2027-01-09|2027-01-10|2_adults_1_room_1_night,b32335c2b30ad8439eb9275db93e437a55a31b6ef375c08da76d579104b76776,2027_01,2026-07-29,2026-07-29T02:00:05+09:00,2026-07-29T02:00:05+09:00,jalan,AUTO-RUNNER10X,integrated_jalan_bounded_live,蔵王四季のホテル,国内旅行・海外旅行や宿・ホテルの宿泊予約はじゃらんnet　～日本最大級の宿・ホテル予約サイト～,true,yad322447,yad322447,2027-01-09,2027-01-10,1,2,1,0,JPY,ja,2_adults_1_room_1_night,available,not_sold_out_confirmed,,,missing_or_unclear,C,C,Price visible but meal_basis=unknown_meal_basis (jalan_ambiguous_meal_and_room_only_tokens); excluded from room-only DP per confirmed policy.,138600,,,tax_included_total,jalan_unknown_meal_basis_excluded,false,false,true,unknown_meal_basis_excluded,page_chrome_coupon_or_discount_evidence;unknown_meal_basis_excluded;meal_basis=unknown_meal_basis,,,/Users/gini/Documents/ZMI/zao-market-intelligence/.data/debug/auto-runner-market-refresh-rotating/20260729_020005/jalan/classification_decisions/yad322447_2027-01-09.json,zao_local_history_v1
2026-07-29|jalan|三浦屋|yad302145|2027-01-01|2027-01-02|2_adults_1_room_1_night,e25a45c9274f480e9c9ae81efc1538555bb0d73c426f246990552869272be47c,2027_01,2026-07-29,2026-07-29T04:00:06+09:00,2026-07-29T04:00:06+09:00,jalan,AUTO-RUNNER10X,integrated_jalan_bounded_live,三浦屋,国内旅行・海外旅行や宿・ホテルの宿泊予約はじゃらんnet　～日本最大級の宿・ホテル予約サイト～,true,yad302145,yad302145,2027-01-01,2027-01-02,1,2,1,0,JPY,ja,2_adults_1_room_1_night,available,not_sold_out_confirmed,,,missing_or_unclear,C,C,Price visible but a hard disqualifier prevents directional use: selected_plan_coupon_or_discount_not_comparable.,53926,,,tax_included_total,jalan_price_disqualified,false,false,true,selected_plan_coupon_or_discount_not_comparable,selected_plan_coupon_or_discount_evidence;meal_basis_confirmed_room_only;meal_basis=confirmed_room_only;room_basis_confirmed_two_person_standard;room_basis=confirmed_two_person_standard_room,,,/Users/gini/Documents/ZMI/zao-market-intelligence/.data/debug/auto-runner-market-refresh-rotating/20260729_040006/jalan/classification_decisions/yad302145_2027-01-01.json,zao_local_history_v1
2026-07-29|jalan|深山荘 高見屋|yad321744|2027-01-02|2027-01-03|2_adults_1_room_1_night,c65b1c7c8835fb3fd9566b02b7a364cfe5792249917a46a116642c40c3f58572,2027_01,2026-07-29,2026-07-29T04:00:06+09:00,2026-07-29T04:00:06+09:00,jalan,AUTO-RUNNER10X,integrated_jalan_bounded_live,深山荘 高見屋,国内旅行・海外旅行や宿・ホテルの宿泊予約はじゃらんnet　～日本最大級の宿・ホテル予約サイト～,true,yad321744,yad321744,2027-01-02,2027-01-03,1,2,1,0,JPY,ja,2_adults_1_room_1_night,sold_out,sold_out,,,missing_or_unclear,insufficient,insufficient,selected_date_calendar_sold_out,,,,missing_or_unclear,jalan_sold_out_excluded,false,false,true,sold_out_without_price,page_chrome_coupon_or_discount_evidence;tax_included_total_not_confirmed,,,/Users/gini/Documents/ZMI/zao-market-intelligence/.data/debug/auto-runner-market-refresh-rotating/20260729_040006/jalan/classification_decisions/yad321744_2027-01-02.json,zao_local_history_v1
2026-07-29|jalan|たかみや瑠璃倶楽|yad316848|2027-01-09|2027-01-10|2_adults_1_room_1_night,44142cd9dbc379a0559669ee83cd7bbd3804b9b20ad95ea020f659f61a272a55,2027_01,2026-07-29,2026-07-29T04:00:06+09:00,2026-07-29T04:00:06+09:00,jalan,AUTO-RUNNER10X,integrated_jalan_bounded_live,たかみや瑠璃倶楽,国内旅行・海外旅行や宿・ホテルの宿泊予約はじゃらんnet　～日本最大級の宿・ホテル予約サイト～,true,yad316848,yad316848,2027-01-09,2027-01-10,1,2,1,0,JPY,ja,2_adults_1_room_1_night,sold_out,sold_out,,,missing_or_unclear,insufficient,insufficient,selected_date_calendar_sold_out,,,,missing_or_unclear,jalan_sold_out_excluded,false,false,true,sold_out_without_price,page_chrome_coupon_or_discount_evidence;tax_included_total_not_confirmed,,,/Users/gini/Documents/ZMI/zao-market-intelligence/.data/debug/auto-runner-market-refresh-rotating/20260729_040006/jalan/classification_decisions/yad316848_2027-01-09.json,zao_local_history_v1
2026-07-29|jalan|蔵王四季のホテル|yad322447|2027-01-10|2027-01-11|2_adults_1_room_1_night,ce0d77c510a379f413d0cfe99e008a7b0698f31c108f437cefa74657f36538dc,2027_01,2026-07-29,2026-07-29T04:00:06+09:00,2026-07-29T04:00:06+09:00,jalan,AUTO-RUNNER10X,integrated_jalan_bounded_live,蔵王四季のホテル,国内旅行・海外旅行や宿・ホテルの宿泊予約はじゃらんnet　～日本最大級の宿・ホテル予約サイト～,true,yad322447,yad322447,2027-01-10,2027-01-11,1,2,1,0,JPY,ja,2_adults_1_room_1_night,available,not_sold_out_confirmed,,,missing_or_unclear,C,C,Price visible but meal_basis=unknown_meal_basis (jalan_ambiguous_meal_and_room_only_tokens); excluded from room-only DP per confirmed policy.,132000,,,tax_included_total,jalan_unknown_meal_basis_excluded,false,false,true,unknown_meal_basis_excluded,page_chrome_coupon_or_discount_evidence;unknown_meal_basis_excluded;meal_basis=unknown_meal_basis,,,/Users/gini/Documents/ZMI/zao-market-intelligence/.data/debug/auto-runner-market-refresh-rotating/20260729_040006/jalan/classification_decisions/yad322447_2027-01-10.json,zao_local_history_v1
2026-07-29|jalan|三浦屋|yad302145|2027-01-02|2027-01-03|2_adults_1_room_1_night,1fa71737b1d31dca4556e630291f14a9332829876c8d78429b466f6f87a5ab6e,2027_01,2026-07-29,2026-07-29T06:00:06+09:00,2026-07-29T06:00:06+09:00,jalan,AUTO-RUNNER10X,integrated_jalan_bounded_live,三浦屋,国内旅行・海外旅行や宿・ホテルの宿泊予約はじゃらんnet　～日本最大級の宿・ホテル予約サイト～,true,yad302145,yad302145,2027-01-02,2027-01-03,1,2,1,0,JPY,ja,2_adults_1_room_1_night,available,not_sold_out_confirmed,,,missing_or_unclear,C,C,Price visible but a hard disqualifier prevents directional use: selected_plan_coupon_or_discount_not_comparable.,53926,,,tax_included_total,jalan_price_disqualified,false,false,true,selected_plan_coupon_or_discount_not_comparable,selected_plan_coupon_or_discount_evidence;meal_basis_confirmed_room_only;meal_basis=confirmed_room_only;room_basis_confirmed_two_person_standard;room_basis=confirmed_two_person_standard_room,,,/Users/gini/Documents/ZMI/zao-market-intelligence/.data/debug/auto-runner-market-refresh-rotating/20260729_060006/jalan/classification_decisions/yad302145_2027-01-02.json,zao_local_history_v1
2026-07-29|jalan|深山荘 高見屋|yad321744|2027-01-01|2027-01-02|2_adults_1_room_1_night,4f8ab4cb19a64fc47bbe8ffbfb46c123fa7eb98bebeb3b795952b58f9102dc8e,2027_01,2026-07-29,2026-07-29T06:00:06+09:00,2026-07-29T06:00:06+09:00,jalan,AUTO-RUNNER10X,integrated_jalan_bounded_live,深山荘 高見屋,国内旅行・海外旅行や宿・ホテルの宿泊予約はじゃらんnet　～日本最大級の宿・ホテル予約サイト～,true,yad321744,yad321744,2027-01-01,2027-01-02,1,2,1,0,JPY,ja,2_adults_1_room_1_night,sold_out,sold_out,,,missing_or_unclear,insufficient,insufficient,selected_date_calendar_sold_out,,,,missing_or_unclear,jalan_sold_out_excluded,false,false,true,sold_out_without_price,page_chrome_coupon_or_discount_evidence;tax_included_total_not_confirmed,,,/Users/gini/Documents/ZMI/zao-market-intelligence/.data/debug/auto-runner-market-refresh-rotating/20260729_060006/jalan/classification_decisions/yad321744_2027-01-01.json,zao_local_history_v1
2026-07-29|jalan|蔵王四季のホテル|yad322447|2027-01-11|2027-01-12|2_adults_1_room_1_night,12ad5fa38dd8268dcae67e4be313b80aeeaca30e1886cab22efc9372b8d79203,2027_01,2026-07-29,2026-07-29T06:00:06+09:00,2026-07-29T06:00:06+09:00,jalan,AUTO-RUNNER10X,integrated_jalan_bounded_live,蔵王四季のホテル,国内旅行・海外旅行や宿・ホテルの宿泊予約はじゃらんnet　～日本最大級の宿・ホテル予約サイト～,true,yad322447,yad322447,2027-01-11,2027-01-12,1,2,1,0,JPY,ja,2_adults_1_room_1_night,available,not_sold_out_confirmed,,,missing_or_unclear,C,C,Price visible but meal_basis=unknown_meal_basis (jalan_ambiguous_meal_and_room_only_tokens); excluded from room-only DP per confirmed policy.,49500,,,tax_included_total,jalan_unknown_meal_basis_excluded,false,false,true,unknown_meal_basis_excluded,selected_plan_coupon_or_discount_evidence;unknown_meal_basis_excluded;meal_basis=unknown_meal_basis,,,/Users/gini/Documents/ZMI/zao-market-intelligence/.data/debug/auto-runner-market-refresh-rotating/20260729_060006/jalan/classification_decisions/yad322447_2027-01-11.json,zao_local_history_v1
2026-07-29|jalan|深山荘 高見屋|yad321744|2027-01-09|2027-01-10|2_adults_1_room_1_night,daf80c0eeecf8685c3a272fcb8c4f0c4e64c64b691750fb2cdccc238c468adf1,2027_01,2026-07-29,2026-07-29T08:00:06+09:00,2026-07-29T08:00:06+09:00,jalan,AUTO-RUNNER10X,integrated_jalan_bounded_live,深山荘 高見屋,国内旅行・海外旅行や宿・ホテルの宿泊予約はじゃらんnet　～日本最大級の宿・ホテル予約サイト～,true,yad321744,yad321744,2027-01-09,2027-01-10,1,2,1,0,JPY,ja,2_adults_1_room_1_night,sold_out,sold_out,,,missing_or_unclear,insufficient,insufficient,selected_date_calendar_sold_out,,,,missing_or_unclear,jalan_sold_out_excluded,false,false,true,sold_out_without_price,page_chrome_coupon_or_discount_evidence;tax_included_total_not_confirmed,,,/Users/gini/Documents/ZMI/zao-market-intelligence/.data/debug/auto-runner-market-refresh-rotating/20260729_080006/jalan/classification_decisions/yad321744_2027-01-09.json,zao_local_history_v1
2026-07-29|jalan|蔵王国際ホテル|yad309590|2027-01-01|2027-01-02|2_adults_1_room_1_night,48eb6529bdb25a14e44c3e4eed5d7043df353a8abaa585a13f260a62a6696cea,2027_01,2026-07-29,2026-07-29T10:00:06+09:00,2026-07-29T10:00:06+09:00,jalan,AUTO-RUNNER10X,integrated_jalan_bounded_live,蔵王国際ホテル,国内旅行・海外旅行や宿・ホテルの宿泊予約はじゃらんnet　～日本最大級の宿・ホテル予約サイト～,true,yad309590,yad309590,2027-01-01,2027-01-02,1,2,1,0,JPY,ja,2_adults_1_room_1_night,sold_out,sold_out,,,missing_or_unclear,insufficient,insufficient,price_basis_or_date_scope_unclear,,,,missing_or_unclear,jalan_sold_out_excluded,false,false,true,sold_out_without_price,page_chrome_coupon_or_discount_evidence;tax_included_total_not_confirmed,,,/Users/gini/Documents/ZMI/zao-market-intelligence/.data/debug/auto-runner-market-refresh-rotating/20260729_100006/jalan/classification_decisions/yad309590_2027-01-01.json,zao_local_history_v1
2026-07-29|jalan|深山荘 高見屋|yad321744|2027-01-10|2027-01-11|2_adults_1_room_1_night,58bbe55e3d00d6d27f70a5b29f229adf98db26ac7f2335fe20fef31196fe92fd,2027_01,2026-07-29,2026-07-29T10:00:06+09:00,2026-07-29T10:00:06+09:00,jalan,AUTO-RUNNER10X,integrated_jalan_bounded_live,深山荘 高見屋,国内旅行・海外旅行や宿・ホテルの宿泊予約はじゃらんnet　～日本最大級の宿・ホテル予約サイト～,true,yad321744,yad321744,2027-01-10,2027-01-11,1,2,1,0,JPY,ja,2_adults_1_room_1_night,sold_out,sold_out,,,missing_or_unclear,insufficient,insufficient,selected_date_calendar_sold_out,,,,missing_or_unclear,jalan_sold_out_excluded,false,false,true,sold_out_without_price,page_chrome_coupon_or_discount_evidence;tax_included_total_not_confirmed,,,/Users/gini/Documents/ZMI/zao-market-intelligence/.data/debug/auto-runner-market-refresh-rotating/20260729_100006/jalan/classification_decisions/yad321744_2027-01-10.json,zao_local_history_v1
2026-07-29|jalan|蔵王国際ホテル|yad309590|2027-01-02|2027-01-03|2_adults_1_room_1_night,861060597a0c282f191e1f732e011433f4791a66271b1f146c78a11279680488,2027_01,2026-07-29,2026-07-29T14:00:04+09:00,2026-07-29T14:00:04+09:00,jalan,AUTO-RUNNER10X,integrated_jalan_bounded_live,蔵王国際ホテル,国内旅行・海外旅行や宿・ホテルの宿泊予約はじゃらんnet　～日本最大級の宿・ホテル予約サイト～,true,yad309590,yad309590,2027-01-02,2027-01-03,1,2,1,0,JPY,ja,2_adults_1_room_1_night,sold_out,sold_out,,,missing_or_unclear,insufficient,insufficient,selected_date_calendar_sold_out,,,,missing_or_unclear,jalan_sold_out_excluded,false,false,true,sold_out_without_price,page_chrome_coupon_or_discount_evidence;tax_included_total_not_confirmed,,,/Users/gini/Documents/ZMI/zao-market-intelligence/.data/debug/auto-runner-market-refresh-rotating/20260729_140004/jalan/classification_decisions/yad309590_2027-01-02.json,zao_local_history_v1
2026-07-29|jalan|三浦屋|yad302145|2027-01-03|2027-01-04|2_adults_1_room_1_night,96aa02e938f269069140e819fc9192c8a957e7d18458279e825e150f71fb4d45,2027_01,2026-07-29,2026-07-29T14:00:04+09:00,2026-07-29T14:00:04+09:00,jalan,AUTO-RUNNER10X,integrated_jalan_bounded_live,三浦屋,国内旅行・海外旅行や宿・ホテルの宿泊予約はじゃらんnet　～日本最大級の宿・ホテル予約サイト～,true,yad302145,yad302145,2027-01-03,2027-01-04,1,2,1,0,JPY,ja,2_adults_1_room_1_night,available,not_sold_out_confirmed,,,missing_or_unclear,C,C,Price visible but a hard disqualifier prevents directional use: selected_plan_coupon_or_discount_not_comparable.,49524,,,tax_included_total,jalan_price_disqualified,false,false,true,selected_plan_coupon_or_discount_not_comparable,selected_plan_coupon_or_discount_evidence;meal_basis_confirmed_room_only;meal_basis=confirmed_room_only;room_basis_confirmed_two_person_standard;room_basis=confirmed_two_person_standard_room,,,/Users/gini/Documents/ZMI/zao-market-intelligence/.data/debug/auto-runner-market-refresh-rotating/20260729_140004/jalan/classification_decisions/yad302145_2027-01-03.json,zao_local_history_v1
2026-07-29|jalan|蔵王国際ホテル|yad309590|2027-01-09|2027-01-10|2_adults_1_room_1_night,cf5f334383574eef5de11e0c6ec3db70ec92bddc43651c24d042c6eb03131f84,2027_01,2026-07-29,2026-07-29T14:00:04+09:00,2026-07-29T14:00:04+09:00,jalan,AUTO-RUNNER10X,integrated_jalan_bounded_live,蔵王国際ホテル,国内旅行・海外旅行や宿・ホテルの宿泊予約はじゃらんnet　～日本最大級の宿・ホテル予約サイト～,true,yad309590,yad309590,2027-01-09,2027-01-10,1,2,1,0,JPY,ja,2_adults_1_room_1_night,sold_out,sold_out,,,missing_or_unclear,insufficient,insufficient,selected_date_calendar_sold_out,,,,missing_or_unclear,jalan_sold_out_excluded,false,false,true,sold_out_without_price,page_chrome_coupon_or_discount_evidence;tax_included_total_not_confirmed,,,/Users/gini/Documents/ZMI/zao-market-intelligence/.data/debug/auto-runner-market-refresh-rotating/20260729_140004/jalan/classification_decisions/yad309590_2027-01-09.json,zao_local_history_v1
2026-07-29|jalan|三浦屋|yad302145|2027-01-09|2027-01-10|2_adults_1_room_1_night,74fde29625f148ca760dc734a2679a99f06e583ec0a92979f15e765839655955,2027_01,2026-07-29,2026-07-29T16:00:05+09:00,2026-07-29T16:00:05+09:00,jalan,AUTO-RUNNER10X,integrated_jalan_bounded_live,三浦屋,国内旅行・海外旅行や宿・ホテルの宿泊予約はじゃらんnet　～日本最大級の宿・ホテル予約サイト～,true,yad302145,yad302145,2027-01-09,2027-01-10,1,2,1,0,JPY,ja,2_adults_1_room_1_night,available,not_sold_out_confirmed,,,missing_or_unclear,C,C,Price visible but a hard disqualifier prevents directional use: selected_plan_coupon_or_discount_not_comparable.,44022,,,tax_included_total,jalan_price_disqualified,false,false,true,selected_plan_coupon_or_discount_not_comparable,selected_plan_coupon_or_discount_evidence;meal_basis_confirmed_room_only;meal_basis=confirmed_room_only;room_basis_confirmed_two_person_standard;room_basis=confirmed_two_person_standard_room,,,/Users/gini/Documents/ZMI/zao-market-intelligence/.data/debug/auto-runner-market-refresh-rotating/20260729_160005/jalan/classification_decisions/yad302145_2027-01-09.json,zao_local_history_v1
2026-07-29|jalan|蔵王国際ホテル|yad309590|2027-01-03|2027-01-04|2_adults_1_room_1_night,25efd03c131fcadd3b92119703e649fccb2cad0a57eed2cda303082b75185768,2027_01,2026-07-29,2026-07-29T16:00:05+09:00,2026-07-29T16:00:05+09:00,jalan,AUTO-RUNNER10X,integrated_jalan_bounded_live,蔵王国際ホテル,国内旅行・海外旅行や宿・ホテルの宿泊予約はじゃらんnet　～日本最大級の宿・ホテル予約サイト～,true,yad309590,yad309590,2027-01-03,2027-01-04,1,2,1,0,JPY,ja,2_adults_1_room_1_night,sold_out,sold_out,,,missing_or_unclear,insufficient,insufficient,selected_date_calendar_sold_out,,,,missing_or_unclear,jalan_sold_out_excluded,false,false,true,sold_out_without_price,page_chrome_coupon_or_discount_evidence;tax_included_total_not_confirmed,,,/Users/gini/Documents/ZMI/zao-market-intelligence/.data/debug/auto-runner-market-refresh-rotating/20260729_160005/jalan/classification_decisions/yad309590_2027-01-03.json,zao_local_history_v1
2026-07-29|jalan|三浦屋|yad302145|2027-01-10|2027-01-11|2_adults_1_room_1_night,474b3b39c45cc0fd67a618eca760229b0407d0046c0b78fb97bb0a04abdb7ed0,2027_01,2026-07-29,2026-07-29T16:00:05+09:00,2026-07-29T16:00:05+09:00,jalan,AUTO-RUNNER10X,integrated_jalan_bounded_live,三浦屋,国内旅行・海外旅行や宿・ホテルの宿泊予約はじゃらんnet　～日本最大級の宿・ホテル予約サイト～,true,yad302145,yad302145,2027-01-10,2027-01-11,1,2,1,0,JPY,ja,2_adults_1_room_1_night,available,not_sold_out_confirmed,,,missing_or_unclear,C,C,Price visible but a hard disqualifier prevents directional use: selected_plan_coupon_or_discount_not_comparable.,42921,,,tax_included_total,jalan_price_disqualified,false,false,true,selected_plan_coupon_or_discount_not_comparable,selected_plan_coupon_or_discount_evidence;meal_basis_confirmed_room_only;meal_basis=confirmed_room_only;room_basis_confirmed_two_person_standard;room_basis=confirmed_two_person_standard_room,,,/Users/gini/Documents/ZMI/zao-market-intelligence/.data/debug/auto-runner-market-refresh-rotating/20260729_160005/jalan/classification_decisions/yad302145_2027-01-10.json,zao_local_history_v1
2026-07-29|jalan|蔵王国際ホテル|yad309590|2027-01-11|2027-01-12|2_adults_1_room_1_night,703ca0f4c44ffbb31d0bc52fff651b6b6f5196565a6f04bbdeb8ea3c514b8266,2027_01,2026-07-29,2026-07-29T16:00:05+09:00,2026-07-29T16:00:05+09:00,jalan,AUTO-RUNNER10X,integrated_jalan_bounded_live,蔵王国際ホテル,国内旅行・海外旅行や宿・ホテルの宿泊予約はじゃらんnet　～日本最大級の宿・ホテル予約サイト～,true,yad309590,yad309590,2027-01-11,2027-01-12,1,2,1,0,JPY,ja,2_adults_1_room_1_night,sold_out,sold_out,,,missing_or_unclear,insufficient,insufficient,selected_date_calendar_sold_out,,,,missing_or_unclear,jalan_sold_out_excluded,false,false,true,sold_out_without_price,page_chrome_coupon_or_discount_evidence;tax_included_total_not_confirmed,,,/Users/gini/Documents/ZMI/zao-market-intelligence/.data/debug/auto-runner-market-refresh-rotating/20260729_160005/jalan/classification_decisions/yad309590_2027-01-11.json,zao_local_history_v1
2026-07-29|jalan|三浦屋|yad302145|2027-01-11|2027-01-12|2_adults_1_room_1_night,ce1adee940d0a2d078d549512e6d5fd124b3e0be321dafcba553b86b95f961eb,2027_01,2026-07-29,2026-07-29T18:00:06+09:00,2026-07-29T18:00:06+09:00,jalan,AUTO-RUNNER10X,integrated_jalan_bounded_live,三浦屋,国内旅行・海外旅行や宿・ホテルの宿泊予約はじゃらんnet　～日本最大級の宿・ホテル予約サイト～,true,yad302145,yad302145,2027-01-11,2027-01-12,1,2,1,0,JPY,ja,2_adults_1_room_1_night,available,not_sold_out_confirmed,,,missing_or_unclear,C,C,Price visible but a hard disqualifier prevents directional use: selected_plan_coupon_or_discount_not_comparable.,36318,,,tax_included_total,jalan_price_disqualified,false,false,true,selected_plan_coupon_or_discount_not_comparable,selected_plan_coupon_or_discount_evidence;meal_basis_confirmed_room_only;meal_basis=confirmed_room_only;room_basis_confirmed_two_person_standard;room_basis=confirmed_two_person_standard_room,,,/Users/gini/Documents/ZMI/zao-market-intelligence/.data/debug/auto-runner-market-refresh-rotating/20260729_180006/jalan/classification_decisions/yad302145_2027-01-11.json,zao_local_history_v1
2026-07-29|jalan|蔵王国際ホテル|yad309590|2027-01-10|2027-01-11|2_adults_1_room_1_night,69b2367416370a00c08d0cb4c9f691681525e6f82c3e77c31f8292a5b15fdfe8,2027_01,2026-07-29,2026-07-29T18:00:06+09:00,2026-07-29T18:00:06+09:00,jalan,AUTO-RUNNER10X,integrated_jalan_bounded_live,蔵王国際ホテル,国内旅行・海外旅行や宿・ホテルの宿泊予約はじゃらんnet　～日本最大級の宿・ホテル予約サイト～,true,yad309590,yad309590,2027-01-10,2027-01-11,1,2,1,0,JPY,ja,2_adults_1_room_1_night,sold_out,sold_out,,,missing_or_unclear,insufficient,insufficient,selected_date_calendar_sold_out,,,,missing_or_unclear,jalan_sold_out_excluded,false,false,true,sold_out_without_price,page_chrome_coupon_or_discount_evidence;tax_included_total_not_confirmed,,,/Users/gini/Documents/ZMI/zao-market-intelligence/.data/debug/auto-runner-market-refresh-rotating/20260729_180006/jalan/classification_decisions/yad309590_2027-01-10.json,zao_local_history_v1
2026-07-29|jalan|蔵王国際ホテル|yad309590|2027-01-16|2027-01-17|2_adults_1_room_1_night,7bbf1dba7472e3d5b214529ae5640463415240c130ddcee91e76b7fe81f9d980,2027_01,2026-07-29,2026-07-29T18:00:06+09:00,2026-07-29T18:00:06+09:00,jalan,AUTO-RUNNER10X,integrated_jalan_bounded_live,蔵王国際ホテル,国内旅行・海外旅行や宿・ホテルの宿泊予約はじゃらんnet　～日本最大級の宿・ホテル予約サイト～,true,yad309590,yad309590,2027-01-16,2027-01-17,1,2,1,0,JPY,ja,2_adults_1_room_1_night,available,not_sold_out_confirmed,,,missing_or_unclear,C,C,Price visible but meal_basis=meal_included (jalan_meal_included_token_detected); excluded from room-only DP per confirmed policy.,109120,,,tax_included_total,jalan_meal_included_excluded,false,false,true,meal_included_plan_excluded,page_chrome_coupon_or_discount_evidence;meal_included_plan_excluded;meal_basis=meal_included,,,/Users/gini/Documents/ZMI/zao-market-intelligence/.data/debug/auto-runner-market-refresh-rotating/20260729_180006/jalan/classification_decisions/yad309590_2027-01-16.json,zao_local_history_v1
2026-07-29|jalan|たかみや瑠璃倶楽|yad316848|2027-01-01|2027-01-02|2_adults_1_room_1_night,e8954190954aee17280f80e67d9cebf91966bdf04e5636906bf5fc9a77f5f9a9,2027_01,2026-07-29,2026-07-29T20:00:08+09:00,2026-07-29T20:00:08+09:00,jalan,AUTO-RUNNER10X,integrated_jalan_bounded_live,たかみや瑠璃倶楽,国内旅行・海外旅行や宿・ホテルの宿泊予約はじゃらんnet　～日本最大級の宿・ホテル予約サイト～,true,yad316848,yad316848,2027-01-01,2027-01-02,1,2,1,0,JPY,ja,2_adults_1_room_1_night,sold_out,sold_out,,,missing_or_unclear,insufficient,insufficient,selected_date_calendar_sold_out,,,,missing_or_unclear,jalan_sold_out_excluded,false,false,true,sold_out_without_price,page_chrome_coupon_or_discount_evidence;tax_included_total_not_confirmed,,,/Users/gini/Documents/ZMI/zao-market-intelligence/.data/debug/auto-runner-market-refresh-rotating/20260729_200008/jalan/classification_decisions/yad316848_2027-01-01.json,zao_local_history_v1
2026-07-29|jalan|蔵王国際ホテル|yad309590|2027-01-23|2027-01-24|2_adults_1_room_1_night,30fb62f6983b433ba17535c063a9c54569601039779a926dc40e82ef0e658e98,2027_01,2026-07-29,2026-07-29T20:00:08+09:00,2026-07-29T20:00:08+09:00,jalan,AUTO-RUNNER10X,integrated_jalan_bounded_live,蔵王国際ホテル,国内旅行・海外旅行や宿・ホテルの宿泊予約はじゃらんnet　～日本最大級の宿・ホテル予約サイト～,true,yad309590,yad309590,2027-01-23,2027-01-24,1,2,1,0,JPY,ja,2_adults_1_room_1_night,available,not_sold_out_confirmed,,,missing_or_unclear,C,C,Price visible but meal_basis=meal_included (jalan_meal_included_token_detected); excluded from room-only DP per confirmed policy.,117920,,,tax_included_total,jalan_meal_included_excluded,false,false,true,meal_included_plan_excluded,page_chrome_coupon_or_discount_evidence;meal_included_plan_excluded;meal_basis=meal_included,,,/Users/gini/Documents/ZMI/zao-market-intelligence/.data/debug/auto-runner-market-refresh-rotating/20260729_200008/jalan/classification_decisions/yad309590_2027-01-23.json,zao_local_history_v1
2026-07-29|jalan|たかみや瑠璃倶楽|yad316848|2027-01-10|2027-01-11|2_adults_1_room_1_night,45638fafad02ca914d2d75130ee331a6bc3da39fca3957d6dcf1864c4ae31961,2027_01,2026-07-29,2026-07-29T22:00:07+09:00,2026-07-29T22:00:07+09:00,jalan,AUTO-RUNNER10X,integrated_jalan_bounded_live,たかみや瑠璃倶楽,国内旅行・海外旅行や宿・ホテルの宿泊予約はじゃらんnet　～日本最大級の宿・ホテル予約サイト～,true,yad316848,yad316848,2027-01-10,2027-01-11,1,2,1,0,JPY,ja,2_adults_1_room_1_night,sold_out,sold_out,,,missing_or_unclear,insufficient,insufficient,selected_date_calendar_sold_out,,,,missing_or_unclear,jalan_sold_out_excluded,false,false,true,sold_out_without_price,page_chrome_coupon_or_discount_evidence;tax_included_total_not_confirmed,,,/Users/gini/Documents/ZMI/zao-market-intelligence/.data/debug/auto-runner-market-refresh-rotating/20260729_220007/jalan/classification_decisions/yad316848_2027-01-10.json,zao_local_history_v1
2026-07-29|jalan|蔵王国際ホテル|yad309590|2027-01-30|2027-01-31|2_adults_1_room_1_night,2ac869887f4cb5a1a271e76f7911c72faf2218c49003cf2d08922adb9a58c9e2,2027_01,2026-07-29,2026-07-29T22:00:07+09:00,2026-07-29T22:00:07+09:00,jalan,AUTO-RUNNER10X,integrated_jalan_bounded_live,蔵王国際ホテル,国内旅行・海外旅行や宿・ホテルの宿泊予約はじゃらんnet　～日本最大級の宿・ホテル予約サイト～,true,yad309590,yad309590,2027-01-30,2027-01-31,1,2,1,0,JPY,ja,2_adults_1_room_1_night,available,not_sold_out_confirmed,,,missing_or_unclear,C,C,Price visible but meal_basis=meal_included (jalan_meal_included_token_detected); excluded from room-only DP per confirmed policy.,112640,,,tax_included_total,jalan_meal_included_excluded,false,false,true,meal_included_plan_excluded,page_chrome_coupon_or_discount_evidence;meal_included_plan_excluded;meal_basis=meal_included,,,/Users/gini/Documents/ZMI/zao-market-intelligence/.data/debug/auto-runner-market-refresh-rotating/20260729_220007/jalan/classification_decisions/yad309590_2027-01-30.json,zao_local_history_v1
2026-07-30|jalan|たかみや瑠璃倶楽|yad316848|2027-01-02|2027-01-03|2_adults_1_room_1_night,7f886482e286651404c8d5d60bbcd733118aa0b675d713373a96dfcb62b062e3,2027_01,2026-07-30,2026-07-30T00:00:02+09:00,2026-07-30T00:00:02+09:00,jalan,AUTO-RUNNER10X,integrated_jalan_bounded_live,たかみや瑠璃倶楽,国内旅行・海外旅行や宿・ホテルの宿泊予約はじゃらんnet　～日本最大級の宿・ホテル予約サイト～,true,yad316848,yad316848,2027-01-02,2027-01-03,1,2,1,0,JPY,ja,2_adults_1_room_1_night,sold_out,sold_out,,,missing_or_unclear,insufficient,insufficient,selected_date_calendar_sold_out,,,,missing_or_unclear,jalan_sold_out_excluded,false,false,true,sold_out_without_price,page_chrome_coupon_or_discount_evidence;tax_included_total_not_confirmed,,,/Users/gini/Documents/ZMI/zao-market-intelligence/.data/debug/auto-runner-market-refresh-rotating/20260730_000002/jalan/classification_decisions/yad316848_2027-01-02.json,zao_local_history_v1
2026-07-30|jalan|たかみや瑠璃倶楽|yad316848|2027-01-11|2027-01-12|2_adults_1_room_1_night,3434fc80e652ff0e73e33197704057c53b291812989f6650806e806fc57ffe93,2027_01,2026-07-30,2026-07-30T00:00:02+09:00,2026-07-30T00:00:02+09:00,jalan,AUTO-RUNNER10X,integrated_jalan_bounded_live,たかみや瑠璃倶楽,国内旅行・海外旅行や宿・ホテルの宿泊予約はじゃらんnet　～日本最大級の宿・ホテル予約サイト～,true,yad316848,yad316848,2027-01-11,2027-01-12,1,2,1,0,JPY,ja,2_adults_1_room_1_night,sold_out,sold_out,,,missing_or_unclear,insufficient,insufficient,selected_date_calendar_sold_out,,,,missing_or_unclear,jalan_sold_out_excluded,false,false,true,sold_out_without_price,page_chrome_coupon_or_discount_evidence;tax_included_total_not_confirmed,,,/Users/gini/Documents/ZMI/zao-market-intelligence/.data/debug/auto-runner-market-refresh-rotating/20260730_000002/jalan/classification_decisions/yad316848_2027-01-11.json,zao_local_history_v1
2026-07-30|jalan|深山荘 高見屋|yad321744|2027-01-03|2027-01-04|2_adults_1_room_1_night,9ac489d7736269af78231a5ee25b68b89a36bba9e280fea79f5a6b263ef82856,2027_01,2026-07-30,2026-07-30T02:00:06+09:00,2026-07-30T02:00:06+09:00,jalan,AUTO-RUNNER10X,integrated_jalan_bounded_live,深山荘 高見屋,国内旅行・海外旅行や宿・ホテルの宿泊予約はじゃらんnet　～日本最大級の宿・ホテル予約サイト～,true,yad321744,yad321744,2027-01-03,2027-01-04,1,2,1,0,JPY,ja,2_adults_1_room_1_night,sold_out,sold_out,,,missing_or_unclear,insufficient,insufficient,selected_date_calendar_sold_out,,,,missing_or_unclear,jalan_sold_out_excluded,false,false,true,sold_out_without_price,page_chrome_coupon_or_discount_evidence;tax_included_total_not_confirmed,,,/Users/gini/Documents/ZMI/zao-market-intelligence/.data/debug/auto-runner-market-refresh-rotating/20260730_020006/jalan/classification_decisions/yad321744_2027-01-03.json,zao_local_history_v1
2026-07-30|jalan|たかみや瑠璃倶楽|yad316848|2027-01-16|2027-01-17|2_adults_1_room_1_night,7e185ca4efa52443eaa4d21a41c324d325554a86d6dc3f676388e2b3a3053a0f,2027_01,2026-07-30,2026-07-30T02:00:06+09:00,2026-07-30T02:00:06+09:00,jalan,AUTO-RUNNER10X,integrated_jalan_bounded_live,たかみや瑠璃倶楽,国内旅行・海外旅行や宿・ホテルの宿泊予約はじゃらんnet　～日本最大級の宿・ホテル予約サイト～,true,yad316848,yad316848,2027-01-16,2027-01-17,1,2,1,0,JPY,ja,2_adults_1_room_1_night,sold_out,sold_out,,,missing_or_unclear,insufficient,insufficient,selected_date_calendar_sold_out,,,,missing_or_unclear,jalan_sold_out_excluded,false,false,true,sold_out_without_price,page_chrome_coupon_or_discount_evidence;tax_included_total_not_confirmed,,,/Users/gini/Documents/ZMI/zao-market-intelligence/.data/debug/auto-runner-market-refresh-rotating/20260730_020006/jalan/classification_decisions/yad316848_2027-01-16.json,zao_local_history_v1
2026-07-30|jalan|たかみや瑠璃倶楽|yad316848|2027-01-23|2027-01-24|2_adults_1_room_1_night,80a66caad03ea9a3f11fad0da96418ea1a830cdb661bf240016915faefa13211,2027_01,2026-07-30,2026-07-30T02:00:06+09:00,2026-07-30T02:00:06+09:00,jalan,AUTO-RUNNER10X,integrated_jalan_bounded_live,たかみや瑠璃倶楽,国内旅行・海外旅行や宿・ホテルの宿泊予約はじゃらんnet　～日本最大級の宿・ホテル予約サイト～,true,yad316848,yad316848,2027-01-23,2027-01-24,1,2,1,0,JPY,ja,2_adults_1_room_1_night,sold_out,sold_out,,,missing_or_unclear,insufficient,insufficient,selected_date_calendar_sold_out,,,,missing_or_unclear,jalan_sold_out_excluded,false,false,true,sold_out_without_price,page_chrome_coupon_or_discount_evidence;tax_included_total_not_confirmed,,,/Users/gini/Documents/ZMI/zao-market-intelligence/.data/debug/auto-runner-market-refresh-rotating/20260730_020006/jalan/classification_decisions/yad316848_2027-01-23.json,zao_local_history_v1
2026-07-30|jalan|ペンションぷうたろう|yad394784|2027-01-01|2027-01-02|2_adults_1_room_1_night,ed7d7950415d56fa2ae2d47974084ca05f89f322a6602df5f252cf678d8d6bf1,2027_01,2026-07-30,2026-07-30T02:00:06+09:00,2026-07-30T02:00:06+09:00,jalan,AUTO-RUNNER10X,integrated_jalan_bounded_live,ペンションぷうたろう,国内旅行・海外旅行や宿・ホテルの宿泊予約はじゃらんnet　～日本最大級の宿・ホテル予約サイト～,true,yad394784,yad394784,2027-01-01,2027-01-02,1,2,1,0,JPY,ja,2_adults_1_room_1_night,sold_out,sold_out,,,missing_or_unclear,insufficient,insufficient,selected_date_calendar_sold_out,,,,missing_or_unclear,jalan_sold_out_excluded,false,false,true,sold_out_without_price,tax_included_total_not_confirmed,,,/Users/gini/Documents/ZMI/zao-market-intelligence/.data/debug/auto-runner-market-refresh-rotating/20260730_020006/jalan/classification_decisions/yad394784_2027-01-01.json,zao_local_history_v1
2026-07-30|jalan|深山荘 高見屋|yad321744|2027-01-02|2027-01-03|2_adults_1_room_1_night,ea57e0e9a49ad36fc131186ee6ecbf51d2eeb960d7fabb4608667fe83ab7f616,2027_01,2026-07-30,2026-07-30T04:00:06+09:00,2026-07-30T04:00:06+09:00,jalan,AUTO-RUNNER10X,integrated_jalan_bounded_live,深山荘 高見屋,国内旅行・海外旅行や宿・ホテルの宿泊予約はじゃらんnet　～日本最大級の宿・ホテル予約サイト～,true,yad321744,yad321744,2027-01-02,2027-01-03,1,2,1,0,JPY,ja,2_adults_1_room_1_night,sold_out,sold_out,,,missing_or_unclear,insufficient,insufficient,selected_date_calendar_sold_out,,,,missing_or_unclear,jalan_sold_out_excluded,false,false,true,sold_out_without_price,page_chrome_coupon_or_discount_evidence;tax_included_total_not_confirmed,,,/Users/gini/Documents/ZMI/zao-market-intelligence/.data/debug/auto-runner-market-refresh-rotating/20260730_040006/jalan/classification_decisions/yad321744_2027-01-02.json,zao_local_history_v1
2026-07-30|jalan|たかみや瑠璃倶楽|yad316848|2027-01-03|2027-01-04|2_adults_1_room_1_night,0113290762a60d2a36238f5228ed422453e8ff5c3754a00c0d5241e1032c751c,2027_01,2026-07-30,2026-07-30T04:00:06+09:00,2026-07-30T04:00:06+09:00,jalan,AUTO-RUNNER10X,integrated_jalan_bounded_live,たかみや瑠璃倶楽,国内旅行・海外旅行や宿・ホテルの宿泊予約はじゃらんnet　～日本最大級の宿・ホテル予約サイト～,true,yad316848,yad316848,2027-01-03,2027-01-04,1,2,1,0,JPY,ja,2_adults_1_room_1_night,sold_out,sold_out,,,missing_or_unclear,insufficient,insufficient,selected_date_calendar_sold_out,,,,missing_or_unclear,jalan_sold_out_excluded,false,false,true,sold_out_without_price,page_chrome_coupon_or_discount_evidence;tax_included_total_not_confirmed,,,/Users/gini/Documents/ZMI/zao-market-intelligence/.data/debug/auto-runner-market-refresh-rotating/20260730_040006/jalan/classification_decisions/yad316848_2027-01-03.json,zao_local_history_v1
2026-07-30|jalan|たかみや瑠璃倶楽|yad316848|2027-01-09|2027-01-10|2_adults_1_room_1_night,4297db3c543d2edd842155399fe3891e342400cbd87ed87c6266f3bf9578c32c,2027_01,2026-07-30,2026-07-30T04:00:06+09:00,2026-07-30T04:00:06+09:00,jalan,AUTO-RUNNER10X,integrated_jalan_bounded_live,たかみや瑠璃倶楽,国内旅行・海外旅行や宿・ホテルの宿泊予約はじゃらんnet　～日本最大級の宿・ホテル予約サイト～,true,yad316848,yad316848,2027-01-09,2027-01-10,1,2,1,0,JPY,ja,2_adults_1_room_1_night,sold_out,sold_out,,,missing_or_unclear,insufficient,insufficient,selected_date_calendar_sold_out,,,,missing_or_unclear,jalan_sold_out_excluded,false,false,true,sold_out_without_price,page_chrome_coupon_or_discount_evidence;tax_included_total_not_confirmed,,,/Users/gini/Documents/ZMI/zao-market-intelligence/.data/debug/auto-runner-market-refresh-rotating/20260730_040006/jalan/classification_decisions/yad316848_2027-01-09.json,zao_local_history_v1
2026-07-30|jalan|深山荘 高見屋|yad321744|2027-01-01|2027-01-02|2_adults_1_room_1_night,df48af32b0120e6a2cb8517f04eb1957e277ebe936ca6edb467ac3a4c78d2300,2027_01,2026-07-30,2026-07-30T06:00:06+09:00,2026-07-30T06:00:06+09:00,jalan,AUTO-RUNNER10X,integrated_jalan_bounded_live,深山荘 高見屋,国内旅行・海外旅行や宿・ホテルの宿泊予約はじゃらんnet　～日本最大級の宿・ホテル予約サイト～,true,yad321744,yad321744,2027-01-01,2027-01-02,1,2,1,0,JPY,ja,2_adults_1_room_1_night,sold_out,sold_out,,,missing_or_unclear,insufficient,insufficient,selected_date_calendar_sold_out,,,,missing_or_unclear,jalan_sold_out_excluded,false,false,true,sold_out_without_price,page_chrome_coupon_or_discount_evidence;tax_included_total_not_confirmed,,,/Users/gini/Documents/ZMI/zao-market-intelligence/.data/debug/auto-runner-market-refresh-rotating/20260730_060006/jalan/classification_decisions/yad321744_2027-01-01.json,zao_local_history_v1
2026-07-30|jalan|深山荘 高見屋|yad321744|2027-01-11|2027-01-12|2_adults_1_room_1_night,85ec7e58b7699bfd87550a65ba827db5c3ed1cd904c3df00f3c80918976abed4,2027_01,2026-07-30,2026-07-30T06:00:06+09:00,2026-07-30T06:00:06+09:00,jalan,AUTO-RUNNER10X,integrated_jalan_bounded_live,深山荘 高見屋,国内旅行・海外旅行や宿・ホテルの宿泊予約はじゃらんnet　～日本最大級の宿・ホテル予約サイト～,true,yad321744,yad321744,2027-01-11,2027-01-12,1,2,1,0,JPY,ja,2_adults_1_room_1_night,sold_out,sold_out,,,missing_or_unclear,insufficient,insufficient,selected_date_calendar_sold_out,,,,missing_or_unclear,jalan_sold_out_excluded,false,false,true,sold_out_without_price,page_chrome_coupon_or_discount_evidence;tax_included_total_not_confirmed,,,/Users/gini/Documents/ZMI/zao-market-intelligence/.data/debug/auto-runner-market-refresh-rotating/20260730_060006/jalan/classification_decisions/yad321744_2027-01-11.json,zao_local_history_v1
2026-07-30|jalan|たかみや瑠璃倶楽|yad316848|2027-01-30|2027-01-31|2_adults_1_room_1_night,496f0078754849791c8ea5354124e511e729343c2f0b69d53c735e2c13e8607f,2027_01,2026-07-30,2026-07-30T06:00:06+09:00,2026-07-30T06:00:06+09:00,jalan,AUTO-RUNNER10X,integrated_jalan_bounded_live,たかみや瑠璃倶楽,国内旅行・海外旅行や宿・ホテルの宿泊予約はじゃらんnet　～日本最大級の宿・ホテル予約サイト～,true,yad316848,yad316848,2027-01-30,2027-01-31,1,2,1,0,JPY,ja,2_adults_1_room_1_night,sold_out,sold_out,,,missing_or_unclear,insufficient,insufficient,selected_date_calendar_sold_out,,,,missing_or_unclear,jalan_sold_out_excluded,false,false,true,sold_out_without_price,page_chrome_coupon_or_discount_evidence;tax_included_total_not_confirmed,,,/Users/gini/Documents/ZMI/zao-market-intelligence/.data/debug/auto-runner-market-refresh-rotating/20260730_060006/jalan/classification_decisions/yad316848_2027-01-30.json,zao_local_history_v1
2026-07-30|jalan|深山荘 高見屋|yad321744|2027-01-09|2027-01-10|2_adults_1_room_1_night,56159c695526c062e913d015ce82cb336cfa53d53d7a47d309dd29f16049f2ec,2027_01,2026-07-30,2026-07-30T08:00:06+09:00,2026-07-30T08:00:06+09:00,jalan,AUTO-RUNNER10X,integrated_jalan_bounded_live,深山荘 高見屋,国内旅行・海外旅行や宿・ホテルの宿泊予約はじゃらんnet　～日本最大級の宿・ホテル予約サイト～,true,yad321744,yad321744,2027-01-09,2027-01-10,1,2,1,0,JPY,ja,2_adults_1_room_1_night,sold_out,sold_out,,,missing_or_unclear,insufficient,insufficient,selected_date_calendar_sold_out,,,,missing_or_unclear,jalan_sold_out_excluded,false,false,true,sold_out_without_price,page_chrome_coupon_or_discount_evidence;tax_included_total_not_confirmed,,,/Users/gini/Documents/ZMI/zao-market-intelligence/.data/debug/auto-runner-market-refresh-rotating/20260730_080006/jalan/classification_decisions/yad321744_2027-01-09.json,zao_local_history_v1
2026-07-30|jalan|深山荘 高見屋|yad321744|2027-01-16|2027-01-17|2_adults_1_room_1_night,613414985bebe0e1a1c24e3eb32f29e237d3814efa9d558ce1875bbe715f7fba,2027_01,2026-07-30,2026-07-30T08:00:06+09:00,2026-07-30T08:00:06+09:00,jalan,AUTO-RUNNER10X,integrated_jalan_bounded_live,深山荘 高見屋,国内旅行・海外旅行や宿・ホテルの宿泊予約はじゃらんnet　～日本最大級の宿・ホテル予約サイト～,true,yad321744,yad321744,2027-01-16,2027-01-17,1,2,1,0,JPY,ja,2_adults_1_room_1_night,sold_out,sold_out,,,missing_or_unclear,insufficient,insufficient,selected_date_calendar_sold_out,,,,missing_or_unclear,jalan_sold_out_excluded,false,false,true,sold_out_without_price,page_chrome_coupon_or_discount_evidence;tax_included_total_not_confirmed,,,/Users/gini/Documents/ZMI/zao-market-intelligence/.data/debug/auto-runner-market-refresh-rotating/20260730_080006/jalan/classification_decisions/yad321744_2027-01-16.json,zao_local_history_v1
2026-07-30|jalan|深山荘 高見屋|yad321744|2027-01-10|2027-01-11|2_adults_1_room_1_night,3b034dcc1dfac95f0f1aca56e2ceb9f2884163b330916c1a27b98599d2e6ab07,2027_01,2026-07-30,2026-07-30T10:00:06+09:00,2026-07-30T10:00:06+09:00,jalan,AUTO-RUNNER10X,integrated_jalan_bounded_live,深山荘 高見屋,国内旅行・海外旅行や宿・ホテルの宿泊予約はじゃらんnet　～日本最大級の宿・ホテル予約サイト～,true,yad321744,yad321744,2027-01-10,2027-01-11,1,2,1,0,JPY,ja,2_adults_1_room_1_night,sold_out,sold_out,,,missing_or_unclear,insufficient,insufficient,selected_date_calendar_sold_out,,,,missing_or_unclear,jalan_sold_out_excluded,false,false,true,sold_out_without_price,page_chrome_coupon_or_discount_evidence;tax_included_total_not_confirmed,,,/Users/gini/Documents/ZMI/zao-market-intelligence/.data/debug/auto-runner-market-refresh-rotating/20260730_100006/jalan/classification_decisions/yad321744_2027-01-10.json,zao_local_history_v1
2026-07-30|jalan|深山荘 高見屋|yad321744|2027-01-23|2027-01-24|2_adults_1_room_1_night,a3a23ed5a1ab0e681834fce50d4b49c44815786b928caf6a50a02da5fe63080c,2027_01,2026-07-30,2026-07-30T10:00:06+09:00,2026-07-30T10:00:06+09:00,jalan,AUTO-RUNNER10X,integrated_jalan_bounded_live,深山荘 高見屋,国内旅行・海外旅行や宿・ホテルの宿泊予約はじゃらんnet　～日本最大級の宿・ホテル予約サイト～,true,yad321744,yad321744,2027-01-23,2027-01-24,1,2,1,0,JPY,ja,2_adults_1_room_1_night,sold_out,sold_out,,,missing_or_unclear,insufficient,insufficient,selected_date_calendar_sold_out,,,,missing_or_unclear,jalan_sold_out_excluded,false,false,true,sold_out_without_price,page_chrome_coupon_or_discount_evidence;tax_included_total_not_confirmed,,,/Users/gini/Documents/ZMI/zao-market-intelligence/.data/debug/auto-runner-market-refresh-rotating/20260730_100006/jalan/classification_decisions/yad321744_2027-01-23.json,zao_local_history_v1
2026-07-30|jalan|深山荘 高見屋|yad321744|2027-01-30|2027-01-31|2_adults_1_room_1_night,780ada1e190896f81d29114d22c7d9a52406d858bfd511e480d8f93756837e0e,2027_01,2026-07-30,2026-07-30T14:00:04+09:00,2026-07-30T14:00:04+09:00,jalan,AUTO-RUNNER10X,integrated_jalan_bounded_live,深山荘 高見屋,国内旅行・海外旅行や宿・ホテルの宿泊予約はじゃらんnet　～日本最大級の宿・ホテル予約サイト～,true,yad321744,yad321744,2027-01-30,2027-01-31,1,2,1,0,JPY,ja,2_adults_1_room_1_night,sold_out,sold_out,,,missing_or_unclear,insufficient,insufficient,selected_date_calendar_sold_out,,,,missing_or_unclear,jalan_sold_out_excluded,false,false,true,sold_out_without_price,page_chrome_coupon_or_discount_evidence;tax_included_total_not_confirmed,,,/Users/gini/Documents/ZMI/zao-market-intelligence/.data/debug/auto-runner-market-refresh-rotating/20260730_140004/jalan/classification_decisions/yad321744_2027-01-30.json,zao_local_history_v1
2026-07-30|jalan|蔵王四季のホテル|yad322447|2027-01-01|2027-01-02|2_adults_1_room_1_night,0488878a64bb551e5a86f1846b640f95cb1319ac2db155b996e9520344110eda,2027_01,2026-07-30,2026-07-30T20:00:06+09:00,2026-07-30T20:00:06+09:00,jalan,AUTO-RUNNER10X,integrated_jalan_bounded_live,蔵王四季のホテル,国内旅行・海外旅行や宿・ホテルの宿泊予約はじゃらんnet　～日本最大級の宿・ホテル予約サイト～,true,yad322447,yad322447,2027-01-01,2027-01-02,1,2,1,0,JPY,ja,2_adults_1_room_1_night,sold_out,sold_out,,,missing_or_unclear,insufficient,insufficient,selected_date_calendar_sold_out,,,,missing_or_unclear,jalan_sold_out_excluded,false,false,true,sold_out_without_price,tax_included_total_not_confirmed,,,/Users/gini/Documents/ZMI/zao-market-intelligence/.data/debug/auto-runner-market-refresh-rotating/20260730_200006/jalan/classification_decisions/yad322447_2027-01-01.json,zao_local_history_v1
2026-07-30|jalan|蔵王四季のホテル|yad322447|2027-01-02|2027-01-03|2_adults_1_room_1_night,efc2eb554f22d582fee033a7f3092c8444d1752e3bfd9539ac1a91ea00c47b4f,2027_01,2026-07-30,2026-07-30T22:00:06+09:00,2026-07-30T22:00:06+09:00,jalan,AUTO-RUNNER10X,integrated_jalan_bounded_live,蔵王四季のホテル,国内旅行・海外旅行や宿・ホテルの宿泊予約はじゃらんnet　～日本最大級の宿・ホテル予約サイト～,true,yad322447,yad322447,2027-01-02,2027-01-03,1,2,1,0,JPY,ja,2_adults_1_room_1_night,available,not_sold_out_confirmed,,,missing_or_unclear,C,C,Price visible but meal_basis=unknown_meal_basis (jalan_ambiguous_meal_and_room_only_tokens); excluded from room-only DP per confirmed policy.,160600,,,tax_included_total,jalan_unknown_meal_basis_excluded,false,false,true,unknown_meal_basis_excluded,unknown_meal_basis_excluded;meal_basis=unknown_meal_basis,,,/Users/gini/Documents/ZMI/zao-market-intelligence/.data/debug/auto-runner-market-refresh-rotating/20260730_220006/jalan/classification_decisions/yad322447_2027-01-02.json,zao_local_history_v1
2026-07-30|jalan|蔵王四季のホテル|yad322447|2027-01-03|2027-01-04|2_adults_1_room_1_night,adf000dfc9dc45dcece5067c2605f809c08ef4428792d2030161c9562d3248ea,2027_01,2026-07-30,2026-07-30T22:00:06+09:00,2026-07-30T22:00:06+09:00,jalan,AUTO-RUNNER10X,integrated_jalan_bounded_live,蔵王四季のホテル,国内旅行・海外旅行や宿・ホテルの宿泊予約はじゃらんnet　～日本最大級の宿・ホテル予約サイト～,true,yad322447,yad322447,2027-01-03,2027-01-04,1,2,1,0,JPY,ja,2_adults_1_room_1_night,available,not_sold_out_confirmed,,,missing_or_unclear,C,C,Price visible but meal_basis=unknown_meal_basis (jalan_ambiguous_meal_and_room_only_tokens); excluded from room-only DP per confirmed policy.,123200,,,tax_included_total,jalan_unknown_meal_basis_excluded,false,false,true,unknown_meal_basis_excluded,unknown_meal_basis_excluded;meal_basis=unknown_meal_basis,,,/Users/gini/Documents/ZMI/zao-market-intelligence/.data/debug/auto-runner-market-refresh-rotating/20260730_220006/jalan/classification_decisions/yad322447_2027-01-03.json,zao_local_history_v1
2026-07-31|jalan|蔵王四季のホテル|yad322447|2027-01-09|2027-01-10|2_adults_1_room_1_night,3ac6a6981da69a6cda4b053007b8dd2a9c0b52a2df520b73fb574024989988c9,2027_01,2026-07-31,2026-07-31T00:00:02+09:00,2026-07-31T00:00:02+09:00,jalan,AUTO-RUNNER10X,integrated_jalan_bounded_live,蔵王四季のホテル,国内旅行・海外旅行や宿・ホテルの宿泊予約はじゃらんnet　～日本最大級の宿・ホテル予約サイト～,true,yad322447,yad322447,2027-01-09,2027-01-10,1,2,1,0,JPY,ja,2_adults_1_room_1_night,available,not_sold_out_confirmed,,,missing_or_unclear,C,C,Price visible but meal_basis=unknown_meal_basis (jalan_ambiguous_meal_and_room_only_tokens); excluded from room-only DP per confirmed policy.,138600,,,tax_included_total,jalan_unknown_meal_basis_excluded,false,false,true,unknown_meal_basis_excluded,unknown_meal_basis_excluded;meal_basis=unknown_meal_basis,,,/Users/gini/Documents/ZMI/zao-market-intelligence/.data/debug/auto-runner-market-refresh-rotating/20260731_000002/jalan/classification_decisions/yad322447_2027-01-09.json,zao_local_history_v1
2026-07-31|jalan|蔵王四季のホテル|yad322447|2027-01-10|2027-01-11|2_adults_1_room_1_night,8c49bc6420491970c34c16a8d03cf5b0debd7a9890eeebb2b1a27f06ad48026f,2027_01,2026-07-31,2026-07-31T02:00:06+09:00,2026-07-31T02:00:06+09:00,jalan,AUTO-RUNNER10X,integrated_jalan_bounded_live,蔵王四季のホテル,国内旅行・海外旅行や宿・ホテルの宿泊予約はじゃらんnet　～日本最大級の宿・ホテル予約サイト～,true,yad322447,yad322447,2027-01-10,2027-01-11,1,2,1,0,JPY,ja,2_adults_1_room_1_night,available,not_sold_out_confirmed,,,missing_or_unclear,C,C,Price visible but meal_basis=unknown_meal_basis (jalan_ambiguous_meal_and_room_only_tokens); excluded from room-only DP per confirmed policy.,132000,,,tax_included_total,jalan_unknown_meal_basis_excluded,false,false,true,unknown_meal_basis_excluded,page_chrome_coupon_or_discount_evidence;unknown_meal_basis_excluded;meal_basis=unknown_meal_basis,,,/Users/gini/Documents/ZMI/zao-market-intelligence/.data/debug/auto-runner-market-refresh-rotating/20260731_020006/jalan/classification_decisions/yad322447_2027-01-10.json,zao_local_history_v1
2026-07-31|jalan|蔵王四季のホテル|yad322447|2027-01-11|2027-01-12|2_adults_1_room_1_night,5ced0bdb17d6c18e1778bfcb718bbc3e08e42fd6c444a2948366af249e0acc33,2027_01,2026-07-31,2026-07-31T02:00:06+09:00,2026-07-31T02:00:06+09:00,jalan,AUTO-RUNNER10X,integrated_jalan_bounded_live,蔵王四季のホテル,国内旅行・海外旅行や宿・ホテルの宿泊予約はじゃらんnet　～日本最大級の宿・ホテル予約サイト～,true,yad322447,yad322447,2027-01-11,2027-01-12,1,2,1,0,JPY,ja,2_adults_1_room_1_night,available,not_sold_out_confirmed,,,missing_or_unclear,C,C,Price visible but meal_basis=unknown_meal_basis (jalan_ambiguous_meal_and_room_only_tokens); excluded from room-only DP per confirmed policy.,99000,,,tax_included_total,jalan_unknown_meal_basis_excluded,false,false,true,unknown_meal_basis_excluded,unknown_meal_basis_excluded;meal_basis=unknown_meal_basis,,,/Users/gini/Documents/ZMI/zao-market-intelligence/.data/debug/auto-runner-market-refresh-rotating/20260731_020006/jalan/classification_decisions/yad322447_2027-01-11.json,zao_local_history_v1
2026-07-31|jalan|蔵王四季のホテル|yad322447|2027-01-16|2027-01-17|2_adults_1_room_1_night,8c4e1ac5edbc843eb6e0a7f7500918ce346cfe27860a9f058af3dad4f4404aa8,2027_01,2026-07-31,2026-07-31T04:00:06+09:00,2026-07-31T04:00:06+09:00,jalan,AUTO-RUNNER10X,integrated_jalan_bounded_live,蔵王四季のホテル,国内旅行・海外旅行や宿・ホテルの宿泊予約はじゃらんnet　～日本最大級の宿・ホテル予約サイト～,true,yad322447,yad322447,2027-01-16,2027-01-17,1,2,1,0,JPY,ja,2_adults_1_room_1_night,available,not_sold_out_confirmed,,,missing_or_unclear,C,C,Price visible but meal_basis=unknown_meal_basis (jalan_ambiguous_meal_and_room_only_tokens); excluded from room-only DP per confirmed policy.,127600,,,tax_included_total,jalan_unknown_meal_basis_excluded,false,false,true,unknown_meal_basis_excluded,unknown_meal_basis_excluded;meal_basis=unknown_meal_basis,,,/Users/gini/Documents/ZMI/zao-market-intelligence/.data/debug/auto-runner-market-refresh-rotating/20260731_040006/jalan/classification_decisions/yad322447_2027-01-16.json,zao_local_history_v1
2026-07-31|jalan|蔵王国際ホテル|yad309590|2027-01-01|2027-01-02|2_adults_1_room_1_night,b9a4595fa1cffad52a40fdfb151f41ae9c92334e3a5e7345b631df8f5f7e6b21,2027_01,2026-07-31,2026-07-31T06:00:06+09:00,2026-07-31T06:00:06+09:00,jalan,AUTO-RUNNER10X,integrated_jalan_bounded_live,蔵王国際ホテル,国内旅行・海外旅行や宿・ホテルの宿泊予約はじゃらんnet　～日本最大級の宿・ホテル予約サイト～,true,yad309590,yad309590,2027-01-01,2027-01-02,1,2,1,0,JPY,ja,2_adults_1_room_1_night,sold_out,sold_out,,,missing_or_unclear,insufficient,insufficient,selected_date_calendar_sold_out,,,,missing_or_unclear,jalan_sold_out_excluded,false,false,true,sold_out_without_price,page_chrome_coupon_or_discount_evidence;tax_included_total_not_confirmed,,,/Users/gini/Documents/ZMI/zao-market-intelligence/.data/debug/auto-runner-market-refresh-rotating/20260731_060006/jalan/classification_decisions/yad309590_2027-01-01.json,zao_local_history_v1
2026-07-31|jalan|蔵王国際ホテル|yad309590|2027-01-02|2027-01-03|2_adults_1_room_1_night,e02aac055a8a9969a5d8286d92a895ebced179d5e81bb546f885779b22432ebe,2027_01,2026-07-31,2026-07-31T08:00:06+09:00,2026-07-31T08:00:06+09:00,jalan,AUTO-RUNNER10X,integrated_jalan_bounded_live,蔵王国際ホテル,国内旅行・海外旅行や宿・ホテルの宿泊予約はじゃらんnet　～日本最大級の宿・ホテル予約サイト～,true,yad309590,yad309590,2027-01-02,2027-01-03,1,2,1,0,JPY,ja,2_adults_1_room_1_night,sold_out,sold_out,,,missing_or_unclear,insufficient,insufficient,selected_date_calendar_sold_out,,,,missing_or_unclear,jalan_sold_out_excluded,false,false,true,sold_out_without_price,tax_included_total_not_confirmed,,,/Users/gini/Documents/ZMI/zao-market-intelligence/.data/debug/auto-runner-market-refresh-rotating/20260731_080006/jalan/classification_decisions/yad309590_2027-01-02.json,zao_local_history_v1
2026-07-31|jalan|蔵王四季のホテル|yad322447|2027-01-23|2027-01-24|2_adults_1_room_1_night,04dd52f564745814d98529d6787425ccd5a5f6a657c7a23453f61fbd0a56839f,2027_01,2026-07-31,2026-07-31T08:00:06+09:00,2026-07-31T08:00:06+09:00,jalan,AUTO-RUNNER10X,integrated_jalan_bounded_live,蔵王四季のホテル,国内旅行・海外旅行や宿・ホテルの宿泊予約はじゃらんnet　～日本最大級の宿・ホテル予約サイト～,true,yad322447,yad322447,2027-01-23,2027-01-24,1,2,1,0,JPY,ja,2_adults_1_room_1_night,available,not_sold_out_confirmed,,,missing_or_unclear,C,C,Price visible but meal_basis=unknown_meal_basis (jalan_ambiguous_meal_and_room_only_tokens); excluded from room-only DP per confirmed policy.,132000,,,tax_included_total,jalan_unknown_meal_basis_excluded,false,false,true,unknown_meal_basis_excluded,unknown_meal_basis_excluded;meal_basis=unknown_meal_basis,,,/Users/gini/Documents/ZMI/zao-market-intelligence/.data/debug/auto-runner-market-refresh-rotating/20260731_080006/jalan/classification_decisions/yad322447_2027-01-23.json,zao_local_history_v1
2026-07-31|jalan|たかみや瑠璃倶楽|yad316848|2027-01-01|2027-01-02|2_adults_1_room_1_night,2b24da848feae736c458a5e6963bf8909b568d2734974b3794e9423eab551f0d,2027_01,2026-07-31,2026-07-31T12:00:05+09:00,2026-07-31T12:00:05+09:00,jalan,AUTO-RUNNER10X,integrated_jalan_bounded_live,たかみや瑠璃倶楽,国内旅行・海外旅行や宿・ホテルの宿泊予約はじゃらんnet　～日本最大級の宿・ホテル予約サイト～,true,yad316848,yad316848,2027-01-01,2027-01-02,1,2,1,0,JPY,ja,2_adults_1_room_1_night,sold_out,sold_out,,,missing_or_unclear,insufficient,insufficient,selected_date_calendar_sold_out,,,,missing_or_unclear,jalan_sold_out_excluded,false,false,true,sold_out_without_price,page_chrome_coupon_or_discount_evidence;tax_included_total_not_confirmed,,,/Users/gini/Documents/ZMI/zao-market-intelligence/.data/debug/auto-runner-market-refresh-rotating/20260731_120005/jalan/classification_decisions/yad316848_2027-01-01.json,zao_local_history_v1
2026-07-31|jalan|たかみや瑠璃倶楽|yad316848|2027-01-02|2027-01-03|2_adults_1_room_1_night,0c59a50d6aac089e4d99e4b8f3150a0bf2790767c3f48d186b72ecebfb06e178,2027_01,2026-07-31,2026-07-31T14:00:06+09:00,2026-07-31T14:00:06+09:00,jalan,AUTO-RUNNER10X,integrated_jalan_bounded_live,たかみや瑠璃倶楽,国内旅行・海外旅行や宿・ホテルの宿泊予約はじゃらんnet　～日本最大級の宿・ホテル予約サイト～,true,yad316848,yad316848,2027-01-02,2027-01-03,1,2,1,0,JPY,ja,2_adults_1_room_1_night,sold_out,sold_out,,,missing_or_unclear,insufficient,insufficient,selected_date_calendar_sold_out,,,,missing_or_unclear,jalan_sold_out_excluded,false,false,true,sold_out_without_price,page_chrome_coupon_or_discount_evidence;tax_included_total_not_confirmed,,,/Users/gini/Documents/ZMI/zao-market-intelligence/.data/debug/auto-runner-market-refresh-rotating/20260731_140006/jalan/classification_decisions/yad316848_2027-01-02.json,zao_local_history_v1
2026-07-31|jalan|蔵王国際ホテル|yad309590|2027-01-03|2027-01-04|2_adults_1_room_1_night,e1fa78a2408f94694a37040ac7f3c6197269a19002ff79bbe645ed6ff956f54f,2027_01,2026-07-31,2026-07-31T16:00:06+09:00,2026-07-31T16:00:06+09:00,jalan,AUTO-RUNNER10X,integrated_jalan_bounded_live,蔵王国際ホテル,国内旅行・海外旅行や宿・ホテルの宿泊予約はじゃらんnet　～日本最大級の宿・ホテル予約サイト～,true,yad309590,yad309590,2027-01-03,2027-01-04,1,2,1,0,JPY,ja,2_adults_1_room_1_night,sold_out,sold_out,,,missing_or_unclear,insufficient,insufficient,selected_date_calendar_sold_out,,,,missing_or_unclear,jalan_sold_out_excluded,false,false,true,sold_out_without_price,tax_included_total_not_confirmed,,,/Users/gini/Documents/ZMI/zao-market-intelligence/.data/debug/auto-runner-market-refresh-rotating/20260731_160006/jalan/classification_decisions/yad309590_2027-01-03.json,zao_local_history_v1
2026-07-31|jalan|深山荘 高見屋|yad321744|2027-01-01|2027-01-02|2_adults_1_room_1_night,c59803bd92dbd472d8af52621bc2d6e9a477b59fc3658149c40e6dcf7f76304f,2027_01,2026-07-31,2026-07-31T18:00:05+09:00,2026-07-31T18:00:05+09:00,jalan,AUTO-RUNNER10X,integrated_jalan_bounded_live,深山荘 高見屋,国内旅行・海外旅行や宿・ホテルの宿泊予約はじゃらんnet　～日本最大級の宿・ホテル予約サイト～,true,yad321744,yad321744,2027-01-01,2027-01-02,1,2,1,0,JPY,ja,2_adults_1_room_1_night,sold_out,sold_out,,,missing_or_unclear,insufficient,insufficient,selected_date_calendar_sold_out,,,,missing_or_unclear,jalan_sold_out_excluded,false,false,true,sold_out_without_price,page_chrome_coupon_or_discount_evidence;tax_included_total_not_confirmed,,,/Users/gini/Documents/ZMI/zao-market-intelligence/.data/debug/auto-runner-market-refresh-rotating/20260731_180005/jalan/classification_decisions/yad321744_2027-01-01.json,zao_local_history_v1
2026-07-31|jalan|深山荘 高見屋|yad321744|2027-01-02|2027-01-03|2_adults_1_room_1_night,cf2a940854587328cc4dc7b3d49f30a91a32acf8ac616efbc13ea7bdaa9bf448,2027_01,2026-07-31,2026-07-31T18:00:05+09:00,2026-07-31T18:00:05+09:00,jalan,AUTO-RUNNER10X,integrated_jalan_bounded_live,深山荘 高見屋,国内旅行・海外旅行や宿・ホテルの宿泊予約はじゃらんnet　～日本最大級の宿・ホテル予約サイト～,true,yad321744,yad321744,2027-01-02,2027-01-03,1,2,1,0,JPY,ja,2_adults_1_room_1_night,sold_out,sold_out,,,missing_or_unclear,insufficient,insufficient,selected_date_calendar_sold_out,,,,missing_or_unclear,jalan_sold_out_excluded,false,false,true,sold_out_without_price,page_chrome_coupon_or_discount_evidence;tax_included_total_not_confirmed,,,/Users/gini/Documents/ZMI/zao-market-intelligence/.data/debug/auto-runner-market-refresh-rotating/20260731_180005/jalan/classification_decisions/yad321744_2027-01-02.json,zao_local_history_v1
2026-07-31|jalan|たかみや瑠璃倶楽|yad316848|2027-01-03|2027-01-04|2_adults_1_room_1_night,ca44087992c223f0c37f66727dba52db2a7d58661be2be3ea5edc4bb3b0c0b6f,2027_01,2026-07-31,2026-07-31T20:00:06+09:00,2026-07-31T20:00:06+09:00,jalan,AUTO-RUNNER10X,integrated_jalan_bounded_live,たかみや瑠璃倶楽,国内旅行・海外旅行や宿・ホテルの宿泊予約はじゃらんnet　～日本最大級の宿・ホテル予約サイト～,true,yad316848,yad316848,2027-01-03,2027-01-04,1,2,1,0,JPY,ja,2_adults_1_room_1_night,sold_out,sold_out,,,missing_or_unclear,insufficient,insufficient,selected_date_calendar_sold_out,,,,missing_or_unclear,jalan_sold_out_excluded,false,false,true,sold_out_without_price,page_chrome_coupon_or_discount_evidence;tax_included_total_not_confirmed,,,/Users/gini/Documents/ZMI/zao-market-intelligence/.data/debug/auto-runner-market-refresh-rotating/20260731_200006/jalan/classification_decisions/yad316848_2027-01-03.json,zao_local_history_v1
2026-07-31|jalan|蔵王国際ホテル|yad309590|2027-01-09|2027-01-10|2_adults_1_room_1_night,03b7891d671987412b18a01310f962f03d0cb3521b9cbd7ea866faaf0b36cd0d,2027_01,2026-07-31,2026-07-31T20:00:06+09:00,2026-07-31T20:00:06+09:00,jalan,AUTO-RUNNER10X,integrated_jalan_bounded_live,蔵王国際ホテル,国内旅行・海外旅行や宿・ホテルの宿泊予約はじゃらんnet　～日本最大級の宿・ホテル予約サイト～,true,yad309590,yad309590,2027-01-09,2027-01-10,1,2,1,0,JPY,ja,2_adults_1_room_1_night,sold_out,sold_out,,,missing_or_unclear,insufficient,insufficient,selected_date_calendar_sold_out,,,,missing_or_unclear,jalan_sold_out_excluded,false,false,true,sold_out_without_price,tax_included_total_not_confirmed,,,/Users/gini/Documents/ZMI/zao-market-intelligence/.data/debug/auto-runner-market-refresh-rotating/20260731_200006/jalan/classification_decisions/yad309590_2027-01-09.json,zao_local_history_v1
2026-08-02|jalan|蔵王四季のホテル|yad322447|2027-01-01|2027-01-02|2_adults_1_room_1_night,9af2fd6873baccdf647bbd10ae48d4757c6e38b707dc97e14bac6a3111631bc7,2027_01,2026-08-02,2026-08-02T08:00:06+09:00,2026-08-02T08:00:06+09:00,jalan,AUTO-RUNNER10X,integrated_jalan_bounded_live,蔵王四季のホテル,国内旅行・海外旅行や宿・ホテルの宿泊予約はじゃらんnet　～日本最大級の宿・ホテル予約サイト～,true,yad322447,yad322447,2027-01-01,2027-01-02,1,2,1,0,JPY,ja,2_adults_1_room_1_night,sold_out,sold_out,,,missing_or_unclear,insufficient,insufficient,selected_date_calendar_sold_out,,,,missing_or_unclear,jalan_sold_out_excluded,false,false,true,sold_out_without_price,tax_included_total_not_confirmed,,,/Users/gini/Documents/ZMI/zao-market-intelligence/.data/debug/auto-runner-market-refresh-rotating/20260802_080006/jalan/classification_decisions/yad322447_2027-01-01.json,zao_local_history_v1
2026-08-02|jalan|深山荘 高見屋|yad321744|2027-01-01|2027-01-02|2_adults_1_room_1_night,3d3ec8402559ac22643a059c79142683cc7c264bbc79b533f8c5b4a40e75e3aa,2027_01,2026-08-02,2026-08-02T14:00:06+09:00,2026-08-02T14:00:06+09:00,jalan,AUTO-RUNNER10X,integrated_jalan_bounded_live,深山荘 高見屋,国内旅行・海外旅行や宿・ホテルの宿泊予約はじゃらんnet　～日本最大級の宿・ホテル予約サイト～,true,yad321744,yad321744,2027-01-01,2027-01-02,1,2,1,0,JPY,ja,2_adults_1_room_1_night,sold_out,sold_out,,,missing_or_unclear,insufficient,insufficient,selected_date_calendar_sold_out,,,,missing_or_unclear,jalan_sold_out_excluded,false,false,true,sold_out_without_price,page_chrome_coupon_or_discount_evidence;tax_included_total_not_confirmed,,,/Users/gini/Documents/ZMI/zao-market-intelligence/.data/debug/auto-runner-market-refresh-rotating/20260802_140006/jalan/classification_decisions/yad321744_2027-01-01.json,zao_local_history_v1
2026-08-02|jalan|深山荘 高見屋|yad321744|2027-01-02|2027-01-03|2_adults_1_room_1_night,fdd572e42115b35570d970b12e64c852fb57781653a630c6ebb590454b3706a5,2027_01,2026-08-02,2026-08-02T20:00:06+09:00,2026-08-02T20:00:06+09:00,jalan,AUTO-RUNNER10X,integrated_jalan_bounded_live,深山荘 高見屋,国内旅行・海外旅行や宿・ホテルの宿泊予約はじゃらんnet　～日本最大級の宿・ホテル予約サイト～,true,yad321744,yad321744,2027-01-02,2027-01-03,1,2,1,0,JPY,ja,2_adults_1_room_1_night,sold_out,sold_out,,,missing_or_unclear,insufficient,insufficient,selected_date_calendar_sold_out,,,,missing_or_unclear,jalan_sold_out_excluded,false,false,true,sold_out_without_price,page_chrome_coupon_or_discount_evidence;tax_included_total_not_confirmed,,,/Users/gini/Documents/ZMI/zao-market-intelligence/.data/debug/auto-runner-market-refresh-rotating/20260802_200006/jalan/classification_decisions/yad321744_2027-01-02.json,zao_local_history_v1
2026-08-02|jalan|深山荘 高見屋|yad321744|2027-01-03|2027-01-04|2_adults_1_room_1_night,e994c65713c3aae0f35b96e4b7927bbe93714b8247f439661f499fb12d60830b,2027_01,2026-08-02,2026-08-02T22:00:06+09:00,2026-08-02T22:00:06+09:00,jalan,AUTO-RUNNER10X,integrated_jalan_bounded_live,深山荘 高見屋,国内旅行・海外旅行や宿・ホテルの宿泊予約はじゃらんnet　～日本最大級の宿・ホテル予約サイト～,true,yad321744,yad321744,2027-01-03,2027-01-04,1,2,1,0,JPY,ja,2_adults_1_room_1_night,sold_out,sold_out,,,missing_or_unclear,insufficient,insufficient,selected_date_calendar_sold_out,,,,missing_or_unclear,jalan_sold_out_excluded,false,false,true,sold_out_without_price,page_chrome_coupon_or_discount_evidence;tax_included_total_not_confirmed,,,/Users/gini/Documents/ZMI/zao-market-intelligence/.data/debug/auto-runner-market-refresh-rotating/20260802_220006/jalan/classification_decisions/yad321744_2027-01-03.json,zao_local_history_v1
2026-08-02|jalan|蔵王四季のホテル|yad322447|2027-01-02|2027-01-03|2_adults_1_room_1_night,a695c8f293a019ee456ba830ab54bc693c1c44794e517f39e444413c8bc79e3f,2027_01,2026-08-02,2026-08-02T22:00:06+09:00,2026-08-02T22:00:06+09:00,jalan,AUTO-RUNNER10X,integrated_jalan_bounded_live,蔵王四季のホテル,国内旅行・海外旅行や宿・ホテルの宿泊予約はじゃらんnet　～日本最大級の宿・ホテル予約サイト～,true,yad322447,yad322447,2027-01-02,2027-01-03,1,2,1,0,JPY,ja,2_adults_1_room_1_night,available,not_sold_out_confirmed,,,missing_or_unclear,C,C,Price visible but meal_basis=unknown_meal_basis (jalan_ambiguous_meal_and_room_only_tokens); excluded from room-only DP per confirmed policy.,160600,,,tax_included_total,jalan_unknown_meal_basis_excluded,false,false,true,unknown_meal_basis_excluded,unknown_meal_basis_excluded;meal_basis=unknown_meal_basis,,,/Users/gini/Documents/ZMI/zao-market-intelligence/.data/debug/auto-runner-market-refresh-rotating/20260802_220006/jalan/classification_decisions/yad322447_2027-01-02.json,zao_local_history_v1
2026-08-03|jalan|蔵王四季のホテル|yad322447|2027-01-03|2027-01-04|2_adults_1_room_1_night,96487bf452192dd0e0494c52862e69d2ae5b47877e66765b7ce13e5ccb9c736c,2027_01,2026-08-03,2026-08-03T00:00:02+09:00,2026-08-03T00:00:02+09:00,jalan,AUTO-RUNNER10X,integrated_jalan_bounded_live,蔵王四季のホテル,国内旅行・海外旅行や宿・ホテルの宿泊予約はじゃらんnet　～日本最大級の宿・ホテル予約サイト～,true,yad322447,yad322447,2027-01-03,2027-01-04,1,2,1,0,JPY,ja,2_adults_1_room_1_night,available,not_sold_out_confirmed,,,missing_or_unclear,C,C,Price visible but meal_basis=unknown_meal_basis (jalan_ambiguous_meal_and_room_only_tokens); excluded from room-only DP per confirmed policy.,123200,,,tax_included_total,jalan_unknown_meal_basis_excluded,false,false,true,unknown_meal_basis_excluded,unknown_meal_basis_excluded;meal_basis=unknown_meal_basis,,,/Users/gini/Documents/ZMI/zao-market-intelligence/.data/debug/auto-runner-market-refresh-rotating/20260803_000002/jalan/classification_decisions/yad322447_2027-01-03.json,zao_local_history_v1
2026-08-03|jalan|蔵王四季のホテル|yad322447|2027-01-09|2027-01-10|2_adults_1_room_1_night,e1cf798945b6a694e951ca8c836508b65fd449239066be3d2f286ae92c1d1602,2027_01,2026-08-03,2026-08-03T00:00:02+09:00,2026-08-03T00:00:02+09:00,jalan,AUTO-RUNNER10X,integrated_jalan_bounded_live,蔵王四季のホテル,国内旅行・海外旅行や宿・ホテルの宿泊予約はじゃらんnet　～日本最大級の宿・ホテル予約サイト～,true,yad322447,yad322447,2027-01-09,2027-01-10,1,2,1,0,JPY,ja,2_adults_1_room_1_night,available,not_sold_out_confirmed,,,missing_or_unclear,C,C,Price visible but meal_basis=unknown_meal_basis (jalan_ambiguous_meal_and_room_only_tokens); excluded from room-only DP per confirmed policy.,138600,,,tax_included_total,jalan_unknown_meal_basis_excluded,false,false,true,unknown_meal_basis_excluded,unknown_meal_basis_excluded;meal_basis=unknown_meal_basis,,,/Users/gini/Documents/ZMI/zao-market-intelligence/.data/debug/auto-runner-market-refresh-rotating/20260803_000002/jalan/classification_decisions/yad322447_2027-01-09.json,zao_local_history_v1
2026-08-03|jalan|ペンション木いちご|yad325769|2027-01-01|2027-01-02|2_adults_1_room_1_night,9ac100f063ebed41f1a92b752122512be44c8336ec152a19040c8e4b6a280522,2027_01,2026-08-03,2026-08-03T00:00:02+09:00,2026-08-03T00:00:02+09:00,jalan,AUTO-RUNNER10X,integrated_jalan_bounded_live,ペンション木いちご,国内旅行・海外旅行や宿・ホテルの宿泊予約はじゃらんnet　～日本最大級の宿・ホテル予約サイト～,true,yad325769,yad325769,2027-01-01,2027-01-02,1,2,1,0,JPY,ja,2_adults_1_room_1_night,sold_out,sold_out,,,missing_or_unclear,insufficient,insufficient,selected_date_calendar_sold_out,,,,missing_or_unclear,jalan_sold_out_excluded,false,false,true,sold_out_without_price,tax_included_total_not_confirmed,,,/Users/gini/Documents/ZMI/zao-market-intelligence/.data/debug/auto-runner-market-refresh-rotating/20260803_000002/jalan/classification_decisions/yad325769_2027-01-01.json,zao_local_history_v1
2026-08-03|jalan|ペンション木いちご|yad325769|2027-01-02|2027-01-03|2_adults_1_room_1_night,945b62fd93d5a215a7328e695122c809f88a9094b693a04d5fa42f558b7795d8,2027_01,2026-08-03,2026-08-03T00:00:02+09:00,2026-08-03T00:00:02+09:00,jalan,AUTO-RUNNER10X,integrated_jalan_bounded_live,ペンション木いちご,国内旅行・海外旅行や宿・ホテルの宿泊予約はじゃらんnet　～日本最大級の宿・ホテル予約サイト～,true,yad325769,yad325769,2027-01-02,2027-01-03,1,2,1,0,JPY,ja,2_adults_1_room_1_night,sold_out,sold_out,,,missing_or_unclear,insufficient,insufficient,selected_date_calendar_sold_out,,,,missing_or_unclear,jalan_sold_out_excluded,false,false,true,sold_out_without_price,tax_included_total_not_confirmed,,,/Users/gini/Documents/ZMI/zao-market-intelligence/.data/debug/auto-runner-market-refresh-rotating/20260803_000002/jalan/classification_decisions/yad325769_2027-01-02.json,zao_local_history_v1
2026-08-03|jalan|ペンション木いちご|yad325769|2027-01-03|2027-01-04|2_adults_1_room_1_night,323c21f090748f3ddea0e2eabadf45129ba142b7b24992fe60b231784a8aff9a,2027_01,2026-08-03,2026-08-03T02:00:06+09:00,2026-08-03T02:00:06+09:00,jalan,AUTO-RUNNER10X,integrated_jalan_bounded_live,ペンション木いちご,国内旅行・海外旅行や宿・ホテルの宿泊予約はじゃらんnet　～日本最大級の宿・ホテル予約サイト～,true,yad325769,yad325769,2027-01-03,2027-01-04,1,2,1,0,JPY,ja,2_adults_1_room_1_night,sold_out,sold_out,,,missing_or_unclear,insufficient,insufficient,selected_date_calendar_sold_out,,,,missing_or_unclear,jalan_sold_out_excluded,false,false,true,sold_out_without_price,tax_included_total_not_confirmed,,,/Users/gini/Documents/ZMI/zao-market-intelligence/.data/debug/auto-runner-market-refresh-rotating/20260803_020005/jalan/classification_decisions/yad325769_2027-01-03.json,zao_local_history_v1
2026-08-03|jalan|名湯リゾート ルーセントタカミヤ|yad331969|2027-01-01|2027-01-02|2_adults_1_room_1_night,bc99e27962cb7db55f38634935a568f3d9ff5adad026808424707cf2bc20917e,2027_01,2026-08-03,2026-08-03T02:00:06+09:00,2026-08-03T02:00:06+09:00,jalan,AUTO-RUNNER10X,integrated_jalan_bounded_live,名湯リゾート ルーセントタカミヤ,国内旅行・海外旅行や宿・ホテルの宿泊予約はじゃらんnet　～日本最大級の宿・ホテル予約サイト～,true,yad331969,yad331969,2027-01-01,2027-01-02,1,2,1,0,JPY,ja,2_adults_1_room_1_night,sold_out,sold_out,,,missing_or_unclear,insufficient,insufficient,selected_date_calendar_sold_out,,,,missing_or_unclear,jalan_sold_out_excluded,false,false,true,sold_out_without_price,page_chrome_coupon_or_discount_evidence;tax_included_total_not_confirmed,,,/Users/gini/Documents/ZMI/zao-market-intelligence/.data/debug/auto-runner-market-refresh-rotating/20260803_020005/jalan/classification_decisions/yad331969_2027-01-01.json,zao_local_history_v1
2026-08-03|jalan|名湯リゾート ルーセントタカミヤ|yad331969|2027-01-02|2027-01-03|2_adults_1_room_1_night,0857236ab0a95437812152d933b4b6eecefa9815b21bbdb90667f5cc3d935ada,2027_01,2026-08-03,2026-08-03T04:00:05+09:00,2026-08-03T04:00:05+09:00,jalan,AUTO-RUNNER10X,integrated_jalan_bounded_live,名湯リゾート ルーセントタカミヤ,国内旅行・海外旅行や宿・ホテルの宿泊予約はじゃらんnet　～日本最大級の宿・ホテル予約サイト～,true,yad331969,yad331969,2027-01-02,2027-01-03,1,2,1,0,JPY,ja,2_adults_1_room_1_night,sold_out,sold_out,,,missing_or_unclear,insufficient,insufficient,selected_date_calendar_sold_out,,,,missing_or_unclear,jalan_sold_out_excluded,false,false,true,sold_out_without_price,page_chrome_coupon_or_discount_evidence;tax_included_total_not_confirmed,,,/Users/gini/Documents/ZMI/zao-market-intelligence/.data/debug/auto-runner-market-refresh-rotating/20260803_040005/jalan/classification_decisions/yad331969_2027-01-02.json,zao_local_history_v1
2026-08-03|jalan|蔵王四季のホテル|yad322447|2027-01-01|2027-01-02|2_adults_1_room_1_night,6d12f268a1833f3fa5c66f75dd9b1842f07c2fe1d7e2e47342ce46faeae19850,2027_01,2026-08-03,2026-08-03T08:00:06+09:00,2026-08-03T08:00:06+09:00,jalan,AUTO-RUNNER10X,integrated_jalan_bounded_live,蔵王四季のホテル,国内旅行・海外旅行や宿・ホテルの宿泊予約はじゃらんnet　～日本最大級の宿・ホテル予約サイト～,true,yad322447,yad322447,2027-01-01,2027-01-02,1,2,1,0,JPY,ja,2_adults_1_room_1_night,sold_out,sold_out,,,missing_or_unclear,insufficient,insufficient,selected_date_calendar_sold_out,,,,missing_or_unclear,jalan_sold_out_excluded,false,false,true,sold_out_without_price,tax_included_total_not_confirmed,,,/Users/gini/Documents/ZMI/zao-market-intelligence/.data/debug/auto-runner-market-refresh-rotating/20260803_080006/jalan/classification_decisions/yad322447_2027-01-01.json,zao_local_history_v1
2026-08-03|jalan|蔵王四季のホテル|yad322447|2027-01-10|2027-01-11|2_adults_1_room_1_night,633366738d844120e4152f6f71c7b0c278260aaf27e601ca813a175d56419795,2027_01,2026-08-03,2026-08-03T08:00:06+09:00,2026-08-03T08:00:06+09:00,jalan,AUTO-RUNNER10X,integrated_jalan_bounded_live,蔵王四季のホテル,国内旅行・海外旅行や宿・ホテルの宿泊予約はじゃらんnet　～日本最大級の宿・ホテル予約サイト～,true,yad322447,yad322447,2027-01-10,2027-01-11,1,2,1,0,JPY,ja,2_adults_1_room_1_night,available,not_sold_out_confirmed,,,missing_or_unclear,C,C,Price visible but meal_basis=unknown_meal_basis (jalan_ambiguous_meal_and_room_only_tokens); excluded from room-only DP per confirmed policy.,132000,,,tax_included_total,jalan_unknown_meal_basis_excluded,false,false,true,unknown_meal_basis_excluded,unknown_meal_basis_excluded;meal_basis=unknown_meal_basis,,,/Users/gini/Documents/ZMI/zao-market-intelligence/.data/debug/auto-runner-market-refresh-rotating/20260803_080006/jalan/classification_decisions/yad322447_2027-01-10.json,zao_local_history_v1
2026-08-03|jalan|深山荘 高見屋|yad321744|2027-01-01|2027-01-02|2_adults_1_room_1_night,7418b8dfe22a8e2ad6ae331719056df1dcc6a365f8e45e7899e42710012b3f71,2027_01,2026-08-03,2026-08-03T14:00:06+09:00,2026-08-03T14:00:06+09:00,jalan,AUTO-RUNNER10X,integrated_jalan_bounded_live,深山荘 高見屋,国内旅行・海外旅行や宿・ホテルの宿泊予約はじゃらんnet　～日本最大級の宿・ホテル予約サイト～,true,yad321744,yad321744,2027-01-01,2027-01-02,1,2,1,0,JPY,ja,2_adults_1_room_1_night,sold_out,sold_out,,,missing_or_unclear,insufficient,insufficient,selected_date_calendar_sold_out,,,,missing_or_unclear,jalan_sold_out_excluded,false,false,true,sold_out_without_price,page_chrome_coupon_or_discount_evidence;tax_included_total_not_confirmed,,,/Users/gini/Documents/ZMI/zao-market-intelligence/.data/debug/auto-runner-market-refresh-rotating/20260803_140006/jalan/classification_decisions/yad321744_2027-01-01.json,zao_local_history_v1
2026-08-03|jalan|深山荘 高見屋|yad321744|2027-01-09|2027-01-10|2_adults_1_room_1_night,1f89d39169590a098bcf0f436c910395ceb775a57709e9f6a6c6369737158770,2027_01,2026-08-03,2026-08-03T16:00:06+09:00,2026-08-03T16:00:06+09:00,jalan,AUTO-RUNNER10X,integrated_jalan_bounded_live,深山荘 高見屋,国内旅行・海外旅行や宿・ホテルの宿泊予約はじゃらんnet　～日本最大級の宿・ホテル予約サイト～,true,yad321744,yad321744,2027-01-09,2027-01-10,1,2,1,0,JPY,ja,2_adults_1_room_1_night,sold_out,sold_out,,,missing_or_unclear,insufficient,insufficient,selected_date_calendar_sold_out,,,,missing_or_unclear,jalan_sold_out_excluded,false,false,true,sold_out_without_price,page_chrome_coupon_or_discount_evidence;tax_included_total_not_confirmed,,,/Users/gini/Documents/ZMI/zao-market-intelligence/.data/debug/auto-runner-market-refresh-rotating/20260803_160006/jalan/classification_decisions/yad321744_2027-01-09.json,zao_local_history_v1
2026-08-03|jalan|深山荘 高見屋|yad321744|2027-01-10|2027-01-11|2_adults_1_room_1_night,4550f2b23e5c6680b5996da360169eb790b081ef17c9dce57f3a988ecbc2eea7,2027_01,2026-08-03,2026-08-03T16:00:06+09:00,2026-08-03T16:00:06+09:00,jalan,AUTO-RUNNER10X,integrated_jalan_bounded_live,深山荘 高見屋,国内旅行・海外旅行や宿・ホテルの宿泊予約はじゃらんnet　～日本最大級の宿・ホテル予約サイト～,true,yad321744,yad321744,2027-01-10,2027-01-11,1,2,1,0,JPY,ja,2_adults_1_room_1_night,sold_out,sold_out,,,missing_or_unclear,insufficient,insufficient,selected_date_calendar_sold_out,,,,missing_or_unclear,jalan_sold_out_excluded,false,false,true,sold_out_without_price,page_chrome_coupon_or_discount_evidence;tax_included_total_not_confirmed,,,/Users/gini/Documents/ZMI/zao-market-intelligence/.data/debug/auto-runner-market-refresh-rotating/20260803_160006/jalan/classification_decisions/yad321744_2027-01-10.json,zao_local_history_v1
2026-08-03|jalan|蔵王四季のホテル|yad322447|2027-01-11|2027-01-12|2_adults_1_room_1_night,2a958e74d12356f8fd88b509d3a3f9a7099cce495a25b7427ffd91b2cf723868,2027_01,2026-08-03,2026-08-03T16:00:06+09:00,2026-08-03T16:00:06+09:00,jalan,AUTO-RUNNER10X,integrated_jalan_bounded_live,蔵王四季のホテル,国内旅行・海外旅行や宿・ホテルの宿泊予約はじゃらんnet　～日本最大級の宿・ホテル予約サイト～,true,yad322447,yad322447,2027-01-11,2027-01-12,1,2,1,0,JPY,ja,2_adults_1_room_1_night,available,not_sold_out_confirmed,,,missing_or_unclear,C,C,Price visible but meal_basis=unknown_meal_basis (jalan_ambiguous_meal_and_room_only_tokens); excluded from room-only DP per confirmed policy.,99000,,,tax_included_total,jalan_unknown_meal_basis_excluded,false,false,true,unknown_meal_basis_excluded,unknown_meal_basis_excluded;meal_basis=unknown_meal_basis,,,/Users/gini/Documents/ZMI/zao-market-intelligence/.data/debug/auto-runner-market-refresh-rotating/20260803_160006/jalan/classification_decisions/yad322447_2027-01-11.json,zao_local_history_v1
2026-08-03|jalan|蔵王四季のホテル|yad322447|2027-01-16|2027-01-17|2_adults_1_room_1_night,ea7235c93f37ba0abf87fe76f402117bc588e66067100613a39ecfea7392e71b,2027_01,2026-08-03,2026-08-03T18:00:03+09:00,2026-08-03T18:00:03+09:00,jalan,AUTO-RUNNER10X,integrated_jalan_bounded_live,蔵王四季のホテル,国内旅行・海外旅行や宿・ホテルの宿泊予約はじゃらんnet　～日本最大級の宿・ホテル予約サイト～,true,yad322447,yad322447,2027-01-16,2027-01-17,1,2,1,0,JPY,ja,2_adults_1_room_1_night,available,not_sold_out_confirmed,,,missing_or_unclear,C,C,Price visible but meal_basis=unknown_meal_basis (jalan_ambiguous_meal_and_room_only_tokens); excluded from room-only DP per confirmed policy.,127600,,,tax_included_total,jalan_unknown_meal_basis_excluded,false,false,true,unknown_meal_basis_excluded,unknown_meal_basis_excluded;meal_basis=unknown_meal_basis,,,/Users/gini/Documents/ZMI/zao-market-intelligence/.data/debug/auto-runner-market-refresh-rotating/20260803_180003/jalan/classification_decisions/yad322447_2027-01-16.json,zao_local_history_v1
2026-08-03|jalan|蔵王四季のホテル|yad322447|2027-01-23|2027-01-24|2_adults_1_room_1_night,df2c13371f0060c23ba83064322e54dd010d161fb263419c810b23e707dc9225,2027_01,2026-08-03,2026-08-03T18:00:03+09:00,2026-08-03T18:00:03+09:00,jalan,AUTO-RUNNER10X,integrated_jalan_bounded_live,蔵王四季のホテル,国内旅行・海外旅行や宿・ホテルの宿泊予約はじゃらんnet　～日本最大級の宿・ホテル予約サイト～,true,yad322447,yad322447,2027-01-23,2027-01-24,1,2,1,0,JPY,ja,2_adults_1_room_1_night,available,not_sold_out_confirmed,,,missing_or_unclear,C,C,Price visible but meal_basis=unknown_meal_basis (jalan_ambiguous_meal_and_room_only_tokens); excluded from room-only DP per confirmed policy.,132000,,,tax_included_total,jalan_unknown_meal_basis_excluded,false,false,true,unknown_meal_basis_excluded,unknown_meal_basis_excluded;meal_basis=unknown_meal_basis,,,/Users/gini/Documents/ZMI/zao-market-intelligence/.data/debug/auto-runner-market-refresh-rotating/20260803_180003/jalan/classification_decisions/yad322447_2027-01-23.json,zao_local_history_v1
2026-08-03|jalan|深山荘 高見屋|yad321744|2027-01-02|2027-01-03|2_adults_1_room_1_night,81632cd90a54e5bc017506a37e18fff92b837554ff878868d5e6a002c1e87a0a,2027_01,2026-08-03,2026-08-03T20:00:04+09:00,2026-08-03T20:00:04+09:00,jalan,AUTO-RUNNER10X,integrated_jalan_bounded_live,深山荘 高見屋,国内旅行・海外旅行や宿・ホテルの宿泊予約はじゃらんnet　～日本最大級の宿・ホテル予約サイト～,true,yad321744,yad321744,2027-01-02,2027-01-03,1,2,1,0,JPY,ja,2_adults_1_room_1_night,sold_out,sold_out,,,missing_or_unclear,insufficient,insufficient,selected_date_calendar_sold_out,,,,missing_or_unclear,jalan_sold_out_excluded,false,false,true,sold_out_without_price,page_chrome_coupon_or_discount_evidence;tax_included_total_not_confirmed,,,/Users/gini/Documents/ZMI/zao-market-intelligence/.data/debug/auto-runner-market-refresh-rotating/20260803_200004/jalan/classification_decisions/yad321744_2027-01-02.json,zao_local_history_v1
2026-08-04|jalan|ペンション木いちご|yad325769|2027-01-01|2027-01-02|2_adults_1_room_1_night,c30354e662567ee1bce787b4a27c0590b696fde6cd3f3cf8e15c4cec7dd994e5,2027_01,2026-08-04,2026-08-04T06:00:06+09:00,2026-08-04T06:00:06+09:00,jalan,AUTO-RUNNER10X,integrated_jalan_bounded_live,ペンション木いちご,国内旅行・海外旅行や宿・ホテルの宿泊予約はじゃらんnet　～日本最大級の宿・ホテル予約サイト～,true,yad325769,yad325769,2027-01-01,2027-01-02,1,2,1,0,JPY,ja,2_adults_1_room_1_night,sold_out,sold_out,,,missing_or_unclear,insufficient,insufficient,selected_date_calendar_sold_out,,,,missing_or_unclear,jalan_sold_out_excluded,false,false,true,sold_out_without_price,tax_included_total_not_confirmed,,,/Users/gini/Documents/ZMI/zao-market-intelligence/.data/debug/auto-runner-market-refresh-rotating/20260804_060006/jalan/classification_decisions/yad325769_2027-01-01.json,zao_local_history_v1
2026-08-04|jalan|名湯リゾート ルーセントタカミヤ|yad331969|2027-01-02|2027-01-03|2_adults_1_room_1_night,93360d2e1272475fc74d07783e8e74184c5209c0073e75345358993c51b76b1a,2027_01,2026-08-04,2026-08-04T06:00:06+09:00,2026-08-04T06:00:06+09:00,jalan,AUTO-RUNNER10X,integrated_jalan_bounded_live,名湯リゾート ルーセントタカミヤ,国内旅行・海外旅行や宿・ホテルの宿泊予約はじゃらんnet　～日本最大級の宿・ホテル予約サイト～,true,yad331969,yad331969,2027-01-02,2027-01-03,1,2,1,0,JPY,ja,2_adults_1_room_1_night,sold_out,sold_out,,,missing_or_unclear,insufficient,insufficient,selected_date_calendar_sold_out,,,,missing_or_unclear,jalan_sold_out_excluded,false,false,true,sold_out_without_price,page_chrome_coupon_or_discount_evidence;tax_included_total_not_confirmed,,,/Users/gini/Documents/ZMI/zao-market-intelligence/.data/debug/auto-runner-market-refresh-rotating/20260804_060006/jalan/classification_decisions/yad331969_2027-01-02.json,zao_local_history_v1
2026-08-04|jalan|蔵王四季のホテル|yad322447|2027-01-01|2027-01-02|2_adults_1_room_1_night,4d08c16eea7ddb26a745e59c112d323c806a851127c4118c3fa593f764a81dc8,2027_01,2026-08-04,2026-08-04T10:00:06+09:00,2026-08-04T10:00:06+09:00,jalan,AUTO-RUNNER10X,integrated_jalan_bounded_live,蔵王四季のホテル,国内旅行・海外旅行や宿・ホテルの宿泊予約はじゃらんnet　～日本最大級の宿・ホテル予約サイト～,true,yad322447,yad322447,2027-01-01,2027-01-02,1,2,1,0,JPY,ja,2_adults_1_room_1_night,sold_out,sold_out,,,missing_or_unclear,insufficient,insufficient,selected_date_calendar_sold_out,,,,missing_or_unclear,jalan_sold_out_excluded,false,false,true,sold_out_without_price,tax_included_total_not_confirmed,,,/Users/gini/Documents/ZMI/zao-market-intelligence/.data/debug/auto-runner-market-refresh-rotating/20260804_100006/jalan/classification_decisions/yad322447_2027-01-01.json,zao_local_history_v1
2026-08-04|jalan|蔵王四季のホテル|yad322447|2027-01-02|2027-01-03|2_adults_1_room_1_night,011e2bec9820e26e15bd8f8f8d7eb89b4c1b763e47fc27682bb1afe45b522e8c,2027_01,2026-08-04,2026-08-04T12:00:06+09:00,2026-08-04T12:00:06+09:00,jalan,AUTO-RUNNER10X,integrated_jalan_bounded_live,蔵王四季のホテル,国内旅行・海外旅行や宿・ホテルの宿泊予約はじゃらんnet　～日本最大級の宿・ホテル予約サイト～,true,yad322447,yad322447,2027-01-02,2027-01-03,1,2,1,0,JPY,ja,2_adults_1_room_1_night,available,not_sold_out_confirmed,,,missing_or_unclear,C,C,Price visible but meal_basis=unknown_meal_basis (jalan_ambiguous_meal_and_room_only_tokens); excluded from room-only DP per confirmed policy.,160600,,,tax_included_total,jalan_unknown_meal_basis_excluded,false,false,true,unknown_meal_basis_excluded,unknown_meal_basis_excluded;meal_basis=unknown_meal_basis,,,/Users/gini/Documents/ZMI/zao-market-intelligence/.data/debug/auto-runner-market-refresh-rotating/20260804_120006/jalan/classification_decisions/yad322447_2027-01-02.json,zao_local_history_v1
2026-08-04|jalan|ペンション木いちご|yad325769|2027-01-02|2027-01-03|2_adults_1_room_1_night,2c255a9e81950c54f6a7ff46028474a8c5f71e9f25336e3816a21029f69d081f,2027_01,2026-08-04,2026-08-04T16:00:07+09:00,2026-08-04T16:00:07+09:00,jalan,AUTO-RUNNER10X,integrated_jalan_bounded_live,ペンション木いちご,国内旅行・海外旅行や宿・ホテルの宿泊予約はじゃらんnet　～日本最大級の宿・ホテル予約サイト～,true,yad325769,yad325769,2027-01-02,2027-01-03,1,2,1,0,JPY,ja,2_adults_1_room_1_night,sold_out,sold_out,,,missing_or_unclear,insufficient,insufficient,selected_date_calendar_sold_out,,,,missing_or_unclear,jalan_sold_out_excluded,false,false,true,sold_out_without_price,tax_included_total_not_confirmed,,,/Users/gini/Documents/ZMI/zao-market-intelligence/.data/debug/auto-runner-market-refresh-rotating/20260804_160007/jalan/classification_decisions/yad325769_2027-01-02.json,zao_local_history_v1
2026-08-04|jalan|ペンション木いちご|yad325769|2027-01-03|2027-01-04|2_adults_1_room_1_night,557a12e7d3c649e843d924c98e2a3ed26fc27ac51a4b2e1b3ad79c10162188c1,2027_01,2026-08-04,2026-08-04T16:00:07+09:00,2026-08-04T16:00:07+09:00,jalan,AUTO-RUNNER10X,integrated_jalan_bounded_live,ペンション木いちご,国内旅行・海外旅行や宿・ホテルの宿泊予約はじゃらんnet　～日本最大級の宿・ホテル予約サイト～,true,yad325769,yad325769,2027-01-03,2027-01-04,1,2,1,0,JPY,ja,2_adults_1_room_1_night,sold_out,sold_out,,,missing_or_unclear,insufficient,insufficient,selected_date_calendar_sold_out,,,,missing_or_unclear,jalan_sold_out_excluded,false,false,true,sold_out_without_price,tax_included_total_not_confirmed,,,/Users/gini/Documents/ZMI/zao-market-intelligence/.data/debug/auto-runner-market-refresh-rotating/20260804_160007/jalan/classification_decisions/yad325769_2027-01-03.json,zao_local_history_v1
2026-08-05|jalan|蔵王四季のホテル|yad322447|2027-01-03|2027-01-04|2_adults_1_room_1_night,557fb3153cf0af4f30042bf45ae8ecfa48c0195764d54d014be7647c4004061f,2027_01,2026-08-05,2026-08-05T02:00:06+09:00,2026-08-05T02:00:06+09:00,jalan,AUTO-RUNNER10X,integrated_jalan_bounded_live,蔵王四季のホテル,国内旅行・海外旅行や宿・ホテルの宿泊予約はじゃらんnet　～日本最大級の宿・ホテル予約サイト～,true,yad322447,yad322447,2027-01-03,2027-01-04,1,2,1,0,JPY,ja,2_adults_1_room_1_night,available,not_sold_out_confirmed,,,missing_or_unclear,C,C,Price visible but meal_basis=unknown_meal_basis (jalan_ambiguous_meal_and_room_only_tokens); excluded from room-only DP per confirmed policy.,123200,,,tax_included_total,jalan_unknown_meal_basis_excluded,false,false,true,unknown_meal_basis_excluded,unknown_meal_basis_excluded;meal_basis=unknown_meal_basis,,,/Users/gini/Documents/ZMI/zao-market-intelligence/.data/debug/auto-runner-market-refresh-rotating/20260805_020006/jalan/classification_decisions/yad322447_2027-01-03.json,zao_local_history_v1
2026-08-05|jalan|蔵王四季のホテル|yad322447|2027-01-09|2027-01-10|2_adults_1_room_1_night,c812be53e769d5e0454983d321b8f6ae4bfb4097d817f0f3f16d48f7ee876f3e,2027_01,2026-08-05,2026-08-05T02:00:06+09:00,2026-08-05T02:00:06+09:00,jalan,AUTO-RUNNER10X,integrated_jalan_bounded_live,蔵王四季のホテル,国内旅行・海外旅行や宿・ホテルの宿泊予約はじゃらんnet　～日本最大級の宿・ホテル予約サイト～,true,yad322447,yad322447,2027-01-09,2027-01-10,1,2,1,0,JPY,ja,2_adults_1_room_1_night,available,not_sold_out_confirmed,,,missing_or_unclear,C,C,Price visible but meal_basis=unknown_meal_basis (jalan_ambiguous_meal_and_room_only_tokens); excluded from room-only DP per confirmed policy.,138600,,,tax_included_total,jalan_unknown_meal_basis_excluded,false,false,true,unknown_meal_basis_excluded,unknown_meal_basis_excluded;meal_basis=unknown_meal_basis,,,/Users/gini/Documents/ZMI/zao-market-intelligence/.data/debug/auto-runner-market-refresh-rotating/20260805_020006/jalan/classification_decisions/yad322447_2027-01-09.json,zao_local_history_v1
2026-08-05|jalan|深山荘 高見屋|yad321744|2027-01-01|2027-01-02|2_adults_1_room_1_night,df1e4cf387e9d2a73b840155cbd1801a3f719bbdd6bbe436ac115886d1544a8b,2027_01,2026-08-05,2026-08-05T22:00:06+09:00,2026-08-05T22:00:06+09:00,jalan,AUTO-RUNNER10X,integrated_jalan_bounded_live,深山荘 高見屋,国内旅行・海外旅行や宿・ホテルの宿泊予約はじゃらんnet　～日本最大級の宿・ホテル予約サイト～,true,yad321744,yad321744,2027-01-01,2027-01-02,1,2,1,0,JPY,ja,2_adults_1_room_1_night,sold_out,sold_out,,,missing_or_unclear,insufficient,insufficient,selected_date_calendar_sold_out,,,,missing_or_unclear,jalan_sold_out_excluded,false,false,true,sold_out_without_price,page_chrome_coupon_or_discount_evidence;tax_included_total_not_confirmed,,,/Users/gini/Documents/ZMI/zao-market-intelligence/.data/debug/auto-runner-market-refresh-rotating/20260805_220006/jalan/classification_decisions/yad321744_2027-01-01.json,zao_local_history_v1
2026-08-06|jalan|深山荘 高見屋|yad321744|2027-01-02|2027-01-03|2_adults_1_room_1_night,2f3a69a1fd0492d5a16daf1c0b32f513503d7303b4836255051a6fa799550130,2027_01,2026-08-06,2026-08-06T06:00:06+09:00,2026-08-06T06:00:06+09:00,jalan,AUTO-RUNNER10X,integrated_jalan_bounded_live,深山荘 高見屋,国内旅行・海外旅行や宿・ホテルの宿泊予約はじゃらんnet　～日本最大級の宿・ホテル予約サイト～,true,yad321744,yad321744,2027-01-02,2027-01-03,1,2,1,0,JPY,ja,2_adults_1_room_1_night,sold_out,sold_out,,,missing_or_unclear,insufficient,insufficient,selected_date_calendar_sold_out,,,,missing_or_unclear,jalan_sold_out_excluded,false,false,true,sold_out_without_price,page_chrome_coupon_or_discount_evidence;tax_included_total_not_confirmed,,,/Users/gini/Documents/ZMI/zao-market-intelligence/.data/debug/auto-runner-market-refresh-rotating/20260806_060006/jalan/classification_decisions/yad321744_2027-01-02.json,zao_local_history_v1
2026-08-06|jalan|蔵王四季のホテル|yad322447|2027-01-01|2027-01-02|2_adults_1_room_1_night,4ebe179cf01ccbe0cc37b3a5e2be9bcc9bfef82443e32cf54b9fa8cc87f8fade,2027_01,2026-08-06,2026-08-06T08:00:06+09:00,2026-08-06T08:00:06+09:00,jalan,AUTO-RUNNER10X,integrated_jalan_bounded_live,蔵王四季のホテル,国内旅行・海外旅行や宿・ホテルの宿泊予約はじゃらんnet　～日本最大級の宿・ホテル予約サイト～,true,yad322447,yad322447,2027-01-01,2027-01-02,1,2,1,0,JPY,ja,2_adults_1_room_1_night,sold_out,sold_out,,,missing_or_unclear,insufficient,insufficient,selected_date_calendar_sold_out,,,,missing_or_unclear,jalan_sold_out_excluded,false,false,true,sold_out_without_price,tax_included_total_not_confirmed,,,/Users/gini/Documents/ZMI/zao-market-intelligence/.data/debug/auto-runner-market-refresh-rotating/20260806_080006/jalan/classification_decisions/yad322447_2027-01-01.json,zao_local_history_v1
2026-08-06|jalan|深山荘 高見屋|yad321744|2027-01-03|2027-01-04|2_adults_1_room_1_night,fa0c6148609ff6d97db1fcacb5f0175063a01c24612ac79ccb1905a692e1e545,2027_01,2026-08-06,2026-08-06T08:00:06+09:00,2026-08-06T08:00:06+09:00,jalan,AUTO-RUNNER10X,integrated_jalan_bounded_live,深山荘 高見屋,国内旅行・海外旅行や宿・ホテルの宿泊予約はじゃらんnet　～日本最大級の宿・ホテル予約サイト～,true,yad321744,yad321744,2027-01-03,2027-01-04,1,2,1,0,JPY,ja,2_adults_1_room_1_night,sold_out,sold_out,,,missing_or_unclear,insufficient,insufficient,selected_date_calendar_sold_out,,,,missing_or_unclear,jalan_sold_out_excluded,false,false,true,sold_out_without_price,page_chrome_coupon_or_discount_evidence;tax_included_total_not_confirmed,,,/Users/gini/Documents/ZMI/zao-market-intelligence/.data/debug/auto-runner-market-refresh-rotating/20260806_080006/jalan/classification_decisions/yad321744_2027-01-03.json,zao_local_history_v1
2026-08-06|jalan|蔵王四季のホテル|yad322447|2027-01-02|2027-01-03|2_adults_1_room_1_night,b640ea2511c40c16c8a4d7030ebd993123bc74cb4a5ea90dbcf3bb13814eb40d,2027_01,2026-08-06,2026-08-06T08:00:06+09:00,2026-08-06T08:00:06+09:00,jalan,AUTO-RUNNER10X,integrated_jalan_bounded_live,蔵王四季のホテル,国内旅行・海外旅行や宿・ホテルの宿泊予約はじゃらんnet　～日本最大級の宿・ホテル予約サイト～,true,yad322447,yad322447,2027-01-02,2027-01-03,1,2,1,0,JPY,ja,2_adults_1_room_1_night,available,not_sold_out_confirmed,,,missing_or_unclear,C,C,Price visible but meal_basis=unknown_meal_basis (jalan_ambiguous_meal_and_room_only_tokens); excluded from room-only DP per confirmed policy.,160600,,,tax_included_total,jalan_unknown_meal_basis_excluded,false,false,true,unknown_meal_basis_excluded,unknown_meal_basis_excluded;meal_basis=unknown_meal_basis,,,/Users/gini/Documents/ZMI/zao-market-intelligence/.data/debug/auto-runner-market-refresh-rotating/20260806_080006/jalan/classification_decisions/yad322447_2027-01-02.json,zao_local_history_v1
2026-08-06|jalan|蔵王四季のホテル|yad322447|2027-01-03|2027-01-04|2_adults_1_room_1_night,1a43b45e54a7dd56bf6256209224a6eb8aaf5572202191dfa3d809d89f69c702,2027_01,2026-08-06,2026-08-06T20:00:05+09:00,2026-08-06T20:00:05+09:00,jalan,AUTO-RUNNER10X,integrated_jalan_bounded_live,蔵王四季のホテル,国内旅行・海外旅行や宿・ホテルの宿泊予約はじゃらんnet　～日本最大級の宿・ホテル予約サイト～,true,yad322447,yad322447,2027-01-03,2027-01-04,1,2,1,0,JPY,ja,2_adults_1_room_1_night,available,not_sold_out_confirmed,,,missing_or_unclear,C,C,Price visible but meal_basis=unknown_meal_basis (jalan_ambiguous_meal_and_room_only_tokens); excluded from room-only DP per confirmed policy.,123200,,,tax_included_total,jalan_unknown_meal_basis_excluded,false,false,true,unknown_meal_basis_excluded,unknown_meal_basis_excluded;meal_basis=unknown_meal_basis,,,/Users/gini/Documents/ZMI/zao-market-intelligence/.data/debug/auto-runner-market-refresh-rotating/20260806_200005/jalan/classification_decisions/yad322447_2027-01-03.json,zao_local_history_v1
2026-08-07|jalan|ペンション木いちご|yad325769|2027-01-01|2027-01-02|2_adults_1_room_1_night,03f0d3c473be317ec23387f1cd0cfd7df0b62013177ce003139d5e863a122fa3,2027_01,2026-08-07,2026-08-07T04:00:05+09:00,2026-08-07T04:00:05+09:00,jalan,AUTO-RUNNER10X,integrated_jalan_bounded_live,ペンション木いちご,国内旅行・海外旅行や宿・ホテルの宿泊予約はじゃらんnet　～日本最大級の宿・ホテル予約サイト～,true,yad325769,yad325769,2027-01-01,2027-01-02,1,2,1,0,JPY,ja,2_adults_1_room_1_night,available,not_sold_out_confirmed,,,missing_or_unclear,C,C,"Price visible, meal_basis=confirmed_room_only, but room_basis=excluded_large_room (large_or_triple_or_quad_room_token_detected); excluded from two-person-standard DP per confirmed policy.",25000,,,tax_included_total,jalan_room_type_excluded,false,false,true,excluded_room_type_large,meal_basis_confirmed_room_only;meal_basis=confirmed_room_only;excluded_room_type_large;room_basis=excluded_large_room,,,/Users/gini/Documents/ZMI/zao-market-intelligence/.data/debug/auto-runner-market-refresh-rotating/20260807_040005/jalan/classification_decisions/yad325769_2027-01-01.json,zao_local_history_v1
2026-08-07|jalan|深山荘 高見屋|yad321744|2027-01-01|2027-01-02|2_adults_1_room_1_night,2525f2d7991ce45d6c2cd2174a7ae315fc641ef2bfc4035ae95e9a5f8c2f04ba,2027_01,2026-08-07,2026-08-07T12:00:05+09:00,2026-08-07T12:00:05+09:00,jalan,AUTO-RUNNER10X,integrated_jalan_bounded_live,深山荘 高見屋,国内旅行・海外旅行や宿・ホテルの宿泊予約はじゃらんnet　～日本最大級の宿・ホテル予約サイト～,true,yad321744,yad321744,2027-01-01,2027-01-02,1,2,1,0,JPY,ja,2_adults_1_room_1_night,sold_out,sold_out,,,missing_or_unclear,insufficient,insufficient,selected_date_calendar_sold_out,,,,missing_or_unclear,jalan_sold_out_excluded,false,false,true,sold_out_without_price,page_chrome_coupon_or_discount_evidence;tax_included_total_not_confirmed,,,/Users/gini/Documents/ZMI/zao-market-intelligence/.data/debug/auto-runner-market-refresh-rotating/20260807_120005/jalan/classification_decisions/yad321744_2027-01-01.json,zao_local_history_v1
2026-08-07|jalan|深山荘 高見屋|yad321744|2027-01-02|2027-01-03|2_adults_1_room_1_night,4a9253c6d4991f7250caeba0a931d49e5cd3761e92a969db80afb00737b1390a,2027_01,2026-08-07,2026-08-07T14:00:06+09:00,2026-08-07T14:00:06+09:00,jalan,AUTO-RUNNER10X,integrated_jalan_bounded_live,深山荘 高見屋,国内旅行・海外旅行や宿・ホテルの宿泊予約はじゃらんnet　～日本最大級の宿・ホテル予約サイト～,true,yad321744,yad321744,2027-01-02,2027-01-03,1,2,1,0,JPY,ja,2_adults_1_room_1_night,sold_out,sold_out,,,missing_or_unclear,insufficient,insufficient,selected_date_calendar_sold_out,,,,missing_or_unclear,jalan_sold_out_excluded,false,false,true,sold_out_without_price,page_chrome_coupon_or_discount_evidence;tax_included_total_not_confirmed,,,/Users/gini/Documents/ZMI/zao-market-intelligence/.data/debug/auto-runner-market-refresh-rotating/20260807_140005/jalan/classification_decisions/yad321744_2027-01-02.json,zao_local_history_v1
2026-08-07|jalan|深山荘 高見屋|yad321744|2027-01-03|2027-01-04|2_adults_1_room_1_night,59e4e26a7619fa90029b756dca53399c733202a5231cb37273e50d15b90ab1b2,2027_01,2026-08-07,2026-08-07T14:00:06+09:00,2026-08-07T14:00:06+09:00,jalan,AUTO-RUNNER10X,integrated_jalan_bounded_live,深山荘 高見屋,国内旅行・海外旅行や宿・ホテルの宿泊予約はじゃらんnet　～日本最大級の宿・ホテル予約サイト～,true,yad321744,yad321744,2027-01-03,2027-01-04,1,2,1,0,JPY,ja,2_adults_1_room_1_night,sold_out,sold_out,,,missing_or_unclear,insufficient,insufficient,selected_date_calendar_sold_out,,,,missing_or_unclear,jalan_sold_out_excluded,false,false,true,sold_out_without_price,page_chrome_coupon_or_discount_evidence;tax_included_total_not_confirmed,,,/Users/gini/Documents/ZMI/zao-market-intelligence/.data/debug/auto-runner-market-refresh-rotating/20260807_140005/jalan/classification_decisions/yad321744_2027-01-03.json,zao_local_history_v1
2026-08-07|jalan|深山荘 高見屋|yad321744|2027-01-09|2027-01-10|2_adults_1_room_1_night,4832d86d5449462a6df9303517c53970d75a4499b7e90b8ec2c9bdff5409c2d7,2027_01,2026-08-07,2026-08-07T16:00:06+09:00,2026-08-07T16:00:06+09:00,jalan,AUTO-RUNNER10X,integrated_jalan_bounded_live,深山荘 高見屋,国内旅行・海外旅行や宿・ホテルの宿泊予約はじゃらんnet　～日本最大級の宿・ホテル予約サイト～,true,yad321744,yad321744,2027-01-09,2027-01-10,1,2,1,0,JPY,ja,2_adults_1_room_1_night,sold_out,sold_out,,,missing_or_unclear,insufficient,insufficient,selected_date_calendar_sold_out,,,,missing_or_unclear,jalan_sold_out_excluded,false,false,true,sold_out_without_price,page_chrome_coupon_or_discount_evidence;tax_included_total_not_confirmed,,,/Users/gini/Documents/ZMI/zao-market-intelligence/.data/debug/auto-runner-market-refresh-rotating/20260807_160006/jalan/classification_decisions/yad321744_2027-01-09.json,zao_local_history_v1
2026-08-07|jalan|深山荘 高見屋|yad321744|2027-01-10|2027-01-11|2_adults_1_room_1_night,b6f2bfa829920bdec2dc26c7a70bb91cb567e3ee51dd6c13e85c48e5d33e4fa3,2027_01,2026-08-07,2026-08-07T16:00:06+09:00,2026-08-07T16:00:06+09:00,jalan,AUTO-RUNNER10X,integrated_jalan_bounded_live,深山荘 高見屋,国内旅行・海外旅行や宿・ホテルの宿泊予約はじゃらんnet　～日本最大級の宿・ホテル予約サイト～,true,yad321744,yad321744,2027-01-10,2027-01-11,1,2,1,0,JPY,ja,2_adults_1_room_1_night,sold_out,sold_out,,,missing_or_unclear,insufficient,insufficient,selected_date_calendar_sold_out,,,,missing_or_unclear,jalan_sold_out_excluded,false,false,true,sold_out_without_price,page_chrome_coupon_or_discount_evidence;tax_included_total_not_confirmed,,,/Users/gini/Documents/ZMI/zao-market-intelligence/.data/debug/auto-runner-market-refresh-rotating/20260807_160006/jalan/classification_decisions/yad321744_2027-01-10.json,zao_local_history_v1
2026-08-07|jalan|ペンション木いちご|yad325769|2027-01-02|2027-01-03|2_adults_1_room_1_night,152ab0b8bf284e9f7bc2c065548707e70d2b81d1f7d4c427e1ef688ac1efb658,2027_01,2026-08-07,2026-08-07T16:00:06+09:00,2026-08-07T16:00:06+09:00,jalan,AUTO-RUNNER10X,integrated_jalan_bounded_live,ペンション木いちご,国内旅行・海外旅行や宿・ホテルの宿泊予約はじゃらんnet　～日本最大級の宿・ホテル予約サイト～,true,yad325769,yad325769,2027-01-02,2027-01-03,1,2,1,0,JPY,ja,2_adults_1_room_1_night,available,not_sold_out_confirmed,,,missing_or_unclear,C,C,"Price visible, meal_basis=confirmed_room_only, but room_basis=excluded_large_room (large_or_triple_or_quad_room_token_detected); excluded from two-person-standard DP per confirmed policy.",25000,,,tax_included_total,jalan_room_type_excluded,false,false,true,excluded_room_type_large,meal_basis_confirmed_room_only;meal_basis=confirmed_room_only;excluded_room_type_large;room_basis=excluded_large_room,,,/Users/gini/Documents/ZMI/zao-market-intelligence/.data/debug/auto-runner-market-refresh-rotating/20260807_160006/jalan/classification_decisions/yad325769_2027-01-02.json,zao_local_history_v1
2026-08-07|jalan|深山荘 高見屋|yad321744|2027-01-11|2027-01-12|2_adults_1_room_1_night,187be57ba1d58581fe7528fe51774c72f889ece37a77a9ca91633104b5926114,2027_01,2026-08-07,2026-08-07T18:00:06+09:00,2026-08-07T18:00:06+09:00,jalan,AUTO-RUNNER10X,integrated_jalan_bounded_live,深山荘 高見屋,国内旅行・海外旅行や宿・ホテルの宿泊予約はじゃらんnet　～日本最大級の宿・ホテル予約サイト～,true,yad321744,yad321744,2027-01-11,2027-01-12,1,2,1,0,JPY,ja,2_adults_1_room_1_night,sold_out,sold_out,,,missing_or_unclear,insufficient,insufficient,selected_date_calendar_sold_out,,,,missing_or_unclear,jalan_sold_out_excluded,false,false,true,sold_out_without_price,page_chrome_coupon_or_discount_evidence;tax_included_total_not_confirmed,,,/Users/gini/Documents/ZMI/zao-market-intelligence/.data/debug/auto-runner-market-refresh-rotating/20260807_180006/jalan/classification_decisions/yad321744_2027-01-11.json,zao_local_history_v1
2026-08-07|jalan|深山荘 高見屋|yad321744|2027-01-16|2027-01-17|2_adults_1_room_1_night,ff8ddf5c7809abc390ee1f5368800442bf52c3ddc153a52c5d330fa12bf1dcd9,2027_01,2026-08-07,2026-08-07T18:00:06+09:00,2026-08-07T18:00:06+09:00,jalan,AUTO-RUNNER10X,integrated_jalan_bounded_live,深山荘 高見屋,国内旅行・海外旅行や宿・ホテルの宿泊予約はじゃらんnet　～日本最大級の宿・ホテル予約サイト～,true,yad321744,yad321744,2027-01-16,2027-01-17,1,2,1,0,JPY,ja,2_adults_1_room_1_night,sold_out,sold_out,,,missing_or_unclear,insufficient,insufficient,selected_date_calendar_sold_out,,,,missing_or_unclear,jalan_sold_out_excluded,false,false,true,sold_out_without_price,page_chrome_coupon_or_discount_evidence;tax_included_total_not_confirmed,,,/Users/gini/Documents/ZMI/zao-market-intelligence/.data/debug/auto-runner-market-refresh-rotating/20260807_180006/jalan/classification_decisions/yad321744_2027-01-16.json,zao_local_history_v1
2026-08-07|jalan|ペンション木いちご|yad325769|2027-01-03|2027-01-04|2_adults_1_room_1_night,f06701ab11fd509baf3016114491a81097d1675f17344d4ceb3ede6765481acc,2027_01,2026-08-07,2026-08-07T18:00:06+09:00,2026-08-07T18:00:06+09:00,jalan,AUTO-RUNNER10X,integrated_jalan_bounded_live,ペンション木いちご,国内旅行・海外旅行や宿・ホテルの宿泊予約はじゃらんnet　～日本最大級の宿・ホテル予約サイト～,true,yad325769,yad325769,2027-01-03,2027-01-04,1,2,1,0,JPY,ja,2_adults_1_room_1_night,available,not_sold_out_confirmed,,,missing_or_unclear,C,C,"Price visible, meal_basis=confirmed_room_only, but room_basis=excluded_large_room (large_or_triple_or_quad_room_token_detected); excluded from two-person-standard DP per confirmed policy.",19000,,,tax_included_total,jalan_room_type_excluded,false,false,true,excluded_room_type_large,meal_basis_confirmed_room_only;meal_basis=confirmed_room_only;excluded_room_type_large;room_basis=excluded_large_room,,,/Users/gini/Documents/ZMI/zao-market-intelligence/.data/debug/auto-runner-market-refresh-rotating/20260807_180006/jalan/classification_decisions/yad325769_2027-01-03.json,zao_local_history_v1
2026-08-07|jalan|深山荘 高見屋|yad321744|2027-01-23|2027-01-24|2_adults_1_room_1_night,7e57ff30bf0ab91e66c69fe050a4b05d7f50002ce709bdc62977c7485c9b207b,2027_01,2026-08-07,2026-08-07T20:00:06+09:00,2026-08-07T20:00:06+09:00,jalan,AUTO-RUNNER10X,integrated_jalan_bounded_live,深山荘 高見屋,国内旅行・海外旅行や宿・ホテルの宿泊予約はじゃらんnet　～日本最大級の宿・ホテル予約サイト～,true,yad321744,yad321744,2027-01-23,2027-01-24,1,2,1,0,JPY,ja,2_adults_1_room_1_night,sold_out,sold_out,,,missing_or_unclear,insufficient,insufficient,selected_date_calendar_sold_out,,,,missing_or_unclear,jalan_sold_out_excluded,false,false,true,sold_out_without_price,page_chrome_coupon_or_discount_evidence;tax_included_total_not_confirmed,,,/Users/gini/Documents/ZMI/zao-market-intelligence/.data/debug/auto-runner-market-refresh-rotating/20260807_200006/jalan/classification_decisions/yad321744_2027-01-23.json,zao_local_history_v1
2026-08-07|jalan|蔵王四季のホテル|yad322447|2027-01-01|2027-01-02|2_adults_1_room_1_night,8b5cd97e9bfaa05c58d4f10733e045bfaee9ea4581e3320033837b7fa129df53,2027_01,2026-08-07,2026-08-07T20:00:06+09:00,2026-08-07T20:00:06+09:00,jalan,AUTO-RUNNER10X,integrated_jalan_bounded_live,蔵王四季のホテル,国内旅行・海外旅行や宿・ホテルの宿泊予約はじゃらんnet　～日本最大級の宿・ホテル予約サイト～,true,yad322447,yad322447,2027-01-01,2027-01-02,1,2,1,0,JPY,ja,2_adults_1_room_1_night,sold_out,sold_out,,,missing_or_unclear,insufficient,insufficient,selected_date_calendar_sold_out,,,,missing_or_unclear,jalan_sold_out_excluded,false,false,true,sold_out_without_price,tax_included_total_not_confirmed,,,/Users/gini/Documents/ZMI/zao-market-intelligence/.data/debug/auto-runner-market-refresh-rotating/20260807_200006/jalan/classification_decisions/yad322447_2027-01-01.json,zao_local_history_v1
2026-08-07|jalan|蔵王四季のホテル|yad322447|2027-01-02|2027-01-03|2_adults_1_room_1_night,19163eee3ebf45e8d3927f673c5905f801a2248decd6de25ecc5b538e962bb8b,2027_01,2026-08-07,2026-08-07T22:00:05+09:00,2026-08-07T22:00:05+09:00,jalan,AUTO-RUNNER10X,integrated_jalan_bounded_live,蔵王四季のホテル,国内旅行・海外旅行や宿・ホテルの宿泊予約はじゃらんnet　～日本最大級の宿・ホテル予約サイト～,true,yad322447,yad322447,2027-01-02,2027-01-03,1,2,1,0,JPY,ja,2_adults_1_room_1_night,available,not_sold_out_confirmed,,,missing_or_unclear,C,C,Price visible but meal_basis=unknown_meal_basis (jalan_ambiguous_meal_and_room_only_tokens); excluded from room-only DP per confirmed policy.,160600,,,tax_included_total,jalan_unknown_meal_basis_excluded,false,false,true,unknown_meal_basis_excluded,unknown_meal_basis_excluded;meal_basis=unknown_meal_basis,,,/Users/gini/Documents/ZMI/zao-market-intelligence/.data/debug/auto-runner-market-refresh-rotating/20260807_220005/jalan/classification_decisions/yad322447_2027-01-02.json,zao_local_history_v1
2026-08-08|jalan|深山荘 高見屋|yad321744|2027-01-30|2027-01-31|2_adults_1_room_1_night,b2eae9390b60f9e800e0642561fafb446b5e6d681a3ab3118107053dc310a117,2027_01,2026-08-08,2026-08-08T00:00:01+09:00,2026-08-08T00:00:01+09:00,jalan,AUTO-RUNNER10X,integrated_jalan_bounded_live,深山荘 高見屋,国内旅行・海外旅行や宿・ホテルの宿泊予約はじゃらんnet　～日本最大級の宿・ホテル予約サイト～,true,yad321744,yad321744,2027-01-30,2027-01-31,1,2,1,0,JPY,ja,2_adults_1_room_1_night,sold_out,sold_out,,,missing_or_unclear,insufficient,insufficient,selected_date_calendar_sold_out,,,,missing_or_unclear,jalan_sold_out_excluded,false,false,true,sold_out_without_price,page_chrome_coupon_or_discount_evidence;tax_included_total_not_confirmed,,,/Users/gini/Documents/ZMI/zao-market-intelligence/.data/debug/auto-runner-market-refresh-rotating/20260808_000001/jalan/classification_decisions/yad321744_2027-01-30.json,zao_local_history_v1
2026-08-08|jalan|蔵王四季のホテル|yad322447|2027-01-03|2027-01-04|2_adults_1_room_1_night,80aa6e18ef69949996e55f6c048bdd2c730b73c708af4ccdb7b71939e6fd6a81,2027_01,2026-08-08,2026-08-08T00:00:01+09:00,2026-08-08T00:00:01+09:00,jalan,AUTO-RUNNER10X,integrated_jalan_bounded_live,蔵王四季のホテル,国内旅行・海外旅行や宿・ホテルの宿泊予約はじゃらんnet　～日本最大級の宿・ホテル予約サイト～,true,yad322447,yad322447,2027-01-03,2027-01-04,1,2,1,0,JPY,ja,2_adults_1_room_1_night,available,not_sold_out_confirmed,,,missing_or_unclear,C,C,Price visible but meal_basis=unknown_meal_basis (jalan_ambiguous_meal_and_room_only_tokens); excluded from room-only DP per confirmed policy.,123200,,,tax_included_total,jalan_unknown_meal_basis_excluded,false,false,true,unknown_meal_basis_excluded,unknown_meal_basis_excluded;meal_basis=unknown_meal_basis,,,/Users/gini/Documents/ZMI/zao-market-intelligence/.data/debug/auto-runner-market-refresh-rotating/20260808_000001/jalan/classification_decisions/yad322447_2027-01-03.json,zao_local_history_v1
2026-08-08|jalan|蔵王四季のホテル|yad322447|2027-01-09|2027-01-10|2_adults_1_room_1_night,a12568cc35afcc6c12c6a5075234bd2263301e691cc8530ecc604047688847b6,2027_01,2026-08-08,2026-08-08T02:00:05+09:00,2026-08-08T02:00:05+09:00,jalan,AUTO-RUNNER10X,integrated_jalan_bounded_live,蔵王四季のホテル,国内旅行・海外旅行や宿・ホテルの宿泊予約はじゃらんnet　～日本最大級の宿・ホテル予約サイト～,true,yad322447,yad322447,2027-01-09,2027-01-10,1,2,1,0,JPY,ja,2_adults_1_room_1_night,available,not_sold_out_confirmed,,,missing_or_unclear,C,C,Price visible but meal_basis=unknown_meal_basis (jalan_ambiguous_meal_and_room_only_tokens); excluded from room-only DP per confirmed policy.,138600,,,tax_included_total,jalan_unknown_meal_basis_excluded,false,false,true,unknown_meal_basis_excluded,unknown_meal_basis_excluded;meal_basis=unknown_meal_basis,,,/Users/gini/Documents/ZMI/zao-market-intelligence/.data/debug/auto-runner-market-refresh-rotating/20260808_020005/jalan/classification_decisions/yad322447_2027-01-09.json,zao_local_history_v1
2026-08-08|jalan|蔵王四季のホテル|yad322447|2027-01-10|2027-01-11|2_adults_1_room_1_night,209656d48fa9c8fe7df8b2dc42f7644f7639e280b9f16b9ac3f59220b0a29dfd,2027_01,2026-08-08,2026-08-08T04:00:05+09:00,2026-08-08T04:00:05+09:00,jalan,AUTO-RUNNER10X,integrated_jalan_bounded_live,蔵王四季のホテル,国内旅行・海外旅行や宿・ホテルの宿泊予約はじゃらんnet　～日本最大級の宿・ホテル予約サイト～,true,yad322447,yad322447,2027-01-10,2027-01-11,1,2,1,0,JPY,ja,2_adults_1_room_1_night,available,not_sold_out_confirmed,,,missing_or_unclear,C,C,Price visible but meal_basis=unknown_meal_basis (jalan_ambiguous_meal_and_room_only_tokens); excluded from room-only DP per confirmed policy.,132000,,,tax_included_total,jalan_unknown_meal_basis_excluded,false,false,true,unknown_meal_basis_excluded,unknown_meal_basis_excluded;meal_basis=unknown_meal_basis,,,/Users/gini/Documents/ZMI/zao-market-intelligence/.data/debug/auto-runner-market-refresh-rotating/20260808_040005/jalan/classification_decisions/yad322447_2027-01-10.json,zao_local_history_v1
2026-08-08|jalan|ペンション木いちご|yad325769|2027-01-01|2027-01-02|2_adults_1_room_1_night,1124cad9b4f6cc006abd3e328275891b67d5b8f97cc7c71e92a2b80a5a2e7673,2027_01,2026-08-08,2026-08-08T04:00:05+09:00,2026-08-08T04:00:05+09:00,jalan,AUTO-RUNNER10X,integrated_jalan_bounded_live,ペンション木いちご,国内旅行・海外旅行や宿・ホテルの宿泊予約はじゃらんnet　～日本最大級の宿・ホテル予約サイト～,true,yad325769,yad325769,2027-01-01,2027-01-02,1,2,1,0,JPY,ja,2_adults_1_room_1_night,available,not_sold_out_confirmed,,,missing_or_unclear,C,C,"Price visible, meal_basis=confirmed_room_only, but room_basis=excluded_large_room (large_or_triple_or_quad_room_token_detected); excluded from two-person-standard DP per confirmed policy.",25000,,,tax_included_total,jalan_room_type_excluded,false,false,true,excluded_room_type_large,meal_basis_confirmed_room_only;meal_basis=confirmed_room_only;excluded_room_type_large;room_basis=excluded_large_room,,,/Users/gini/Documents/ZMI/zao-market-intelligence/.data/debug/auto-runner-market-refresh-rotating/20260808_040005/jalan/classification_decisions/yad325769_2027-01-01.json,zao_local_history_v1
2026-08-08|jalan|蔵王国際ホテル|yad309590|2027-01-01|2027-01-02|2_adults_1_room_1_night,df9def161e06d562cb06033b8097e0525764d6c5625fe1342770cef0dc8c1758,2027_01,2026-08-08,2026-08-08T10:00:06+09:00,2026-08-08T10:00:06+09:00,jalan,AUTO-RUNNER10X,integrated_jalan_bounded_live,蔵王国際ホテル,国内旅行・海外旅行や宿・ホテルの宿泊予約はじゃらんnet　～日本最大級の宿・ホテル予約サイト～,true,yad309590,yad309590,2027-01-01,2027-01-02,1,2,1,0,JPY,ja,2_adults_1_room_1_night,sold_out,sold_out,,,missing_or_unclear,insufficient,insufficient,selected_date_calendar_sold_out,,,,missing_or_unclear,jalan_sold_out_excluded,false,false,true,sold_out_without_price,tax_included_total_not_confirmed,,,/Users/gini/Documents/ZMI/zao-market-intelligence/.data/debug/auto-runner-market-refresh-rotating/20260808_100006/jalan/classification_decisions/yad309590_2027-01-01.json,zao_local_history_v1
2026-08-08|jalan|蔵王国際ホテル|yad309590|2027-01-02|2027-01-03|2_adults_1_room_1_night,4d61cab7ef6e15241e904f99946ba0e2ceaebe2499d7ab5f04abeface1dc2f0c,2027_01,2026-08-08,2026-08-08T12:00:05+09:00,2026-08-08T12:00:05+09:00,jalan,AUTO-RUNNER10X,integrated_jalan_bounded_live,蔵王国際ホテル,国内旅行・海外旅行や宿・ホテルの宿泊予約はじゃらんnet　～日本最大級の宿・ホテル予約サイト～,true,yad309590,yad309590,2027-01-02,2027-01-03,1,2,1,0,JPY,ja,2_adults_1_room_1_night,sold_out,sold_out,,,missing_or_unclear,insufficient,insufficient,selected_date_calendar_sold_out,,,,missing_or_unclear,jalan_sold_out_excluded,false,false,true,sold_out_without_price,tax_included_total_not_confirmed,,,/Users/gini/Documents/ZMI/zao-market-intelligence/.data/debug/auto-runner-market-refresh-rotating/20260808_120005/jalan/classification_decisions/yad309590_2027-01-02.json,zao_local_history_v1
2026-08-08|jalan|たかみや瑠璃倶楽|yad316848|2027-01-01|2027-01-02|2_adults_1_room_1_night,bf422fa0f3185e81fa604b79b36a31726aa9a55b95a4891a4ccba157e088e2f9,2027_01,2026-08-08,2026-08-08T14:00:06+09:00,2026-08-08T14:00:06+09:00,jalan,AUTO-RUNNER10X,integrated_jalan_bounded_live,たかみや瑠璃倶楽,国内旅行・海外旅行や宿・ホテルの宿泊予約はじゃらんnet　～日本最大級の宿・ホテル予約サイト～,true,yad316848,yad316848,2027-01-01,2027-01-02,1,2,1,0,JPY,ja,2_adults_1_room_1_night,sold_out,sold_out,,,missing_or_unclear,insufficient,insufficient,selected_date_calendar_sold_out,,,,missing_or_unclear,jalan_sold_out_excluded,false,false,true,sold_out_without_price,page_chrome_coupon_or_discount_evidence;tax_included_total_not_confirmed,,,/Users/gini/Documents/ZMI/zao-market-intelligence/.data/debug/auto-runner-market-refresh-rotating/20260808_140006/jalan/classification_decisions/yad316848_2027-01-01.json,zao_local_history_v1
2026-08-08|jalan|蔵王国際ホテル|yad309590|2027-01-03|2027-01-04|2_adults_1_room_1_night,8ec566c0c623a57817f7dea19f5269bcc451aa8579ba3561765aa000be7d8cef,2027_01,2026-08-08,2026-08-08T14:00:06+09:00,2026-08-08T14:00:06+09:00,jalan,AUTO-RUNNER10X,integrated_jalan_bounded_live,蔵王国際ホテル,国内旅行・海外旅行や宿・ホテルの宿泊予約はじゃらんnet　～日本最大級の宿・ホテル予約サイト～,true,yad309590,yad309590,2027-01-03,2027-01-04,1,2,1,0,JPY,ja,2_adults_1_room_1_night,sold_out,sold_out,,,missing_or_unclear,insufficient,insufficient,selected_date_calendar_sold_out,,,,missing_or_unclear,jalan_sold_out_excluded,false,false,true,sold_out_without_price,tax_included_total_not_confirmed,,,/Users/gini/Documents/ZMI/zao-market-intelligence/.data/debug/auto-runner-market-refresh-rotating/20260808_140006/jalan/classification_decisions/yad309590_2027-01-03.json,zao_local_history_v1
2026-08-08|jalan|たかみや瑠璃倶楽|yad316848|2027-01-02|2027-01-03|2_adults_1_room_1_night,66a8d6ac619514f9b5bec77c2111fa5786b8b0f97dc8543e6736d48068ee7e96,2027_01,2026-08-08,2026-08-08T16:00:04+09:00,2026-08-08T16:00:04+09:00,jalan,AUTO-RUNNER10X,integrated_jalan_bounded_live,たかみや瑠璃倶楽,国内旅行・海外旅行や宿・ホテルの宿泊予約はじゃらんnet　～日本最大級の宿・ホテル予約サイト～,true,yad316848,yad316848,2027-01-02,2027-01-03,1,2,1,0,JPY,ja,2_adults_1_room_1_night,sold_out,sold_out,,,missing_or_unclear,insufficient,insufficient,selected_date_calendar_sold_out,,,,missing_or_unclear,jalan_sold_out_excluded,false,false,true,sold_out_without_price,page_chrome_coupon_or_discount_evidence;tax_included_total_not_confirmed,,,/Users/gini/Documents/ZMI/zao-market-intelligence/.data/debug/auto-runner-market-refresh-rotating/20260808_160004/jalan/classification_decisions/yad316848_2027-01-02.json,zao_local_history_v1
2026-08-08|jalan|たかみや瑠璃倶楽|yad316848|2027-01-03|2027-01-04|2_adults_1_room_1_night,d3ff3dbf229c2dcb2d87ba5b85ccd9a8fb3c6abc641e39a5cc0db5d460d495cf,2027_01,2026-08-08,2026-08-08T16:00:04+09:00,2026-08-08T16:00:04+09:00,jalan,AUTO-RUNNER10X,integrated_jalan_bounded_live,たかみや瑠璃倶楽,国内旅行・海外旅行や宿・ホテルの宿泊予約はじゃらんnet　～日本最大級の宿・ホテル予約サイト～,true,yad316848,yad316848,2027-01-03,2027-01-04,1,2,1,0,JPY,ja,2_adults_1_room_1_night,sold_out,sold_out,,,missing_or_unclear,insufficient,insufficient,selected_date_calendar_sold_out,,,,missing_or_unclear,jalan_sold_out_excluded,false,false,true,sold_out_without_price,page_chrome_coupon_or_discount_evidence;tax_included_total_not_confirmed,,,/Users/gini/Documents/ZMI/zao-market-intelligence/.data/debug/auto-runner-market-refresh-rotating/20260808_160004/jalan/classification_decisions/yad316848_2027-01-03.json,zao_local_history_v1
2026-08-08|jalan|たかみや瑠璃倶楽|yad316848|2027-01-09|2027-01-10|2_adults_1_room_1_night,ecb9ad21e1b866fc00568080a2e3993e8b375f0d02100d56e25d85335ec41da7,2027_01,2026-08-08,2026-08-08T18:00:06+09:00,2026-08-08T18:00:06+09:00,jalan,AUTO-RUNNER10X,integrated_jalan_bounded_live,たかみや瑠璃倶楽,国内旅行・海外旅行や宿・ホテルの宿泊予約はじゃらんnet　～日本最大級の宿・ホテル予約サイト～,true,yad316848,yad316848,2027-01-09,2027-01-10,1,2,1,0,JPY,ja,2_adults_1_room_1_night,sold_out,sold_out,,,missing_or_unclear,insufficient,insufficient,selected_date_calendar_sold_out,,,,missing_or_unclear,jalan_sold_out_excluded,false,false,true,sold_out_without_price,page_chrome_coupon_or_discount_evidence;tax_included_total_not_confirmed,,,/Users/gini/Documents/ZMI/zao-market-intelligence/.data/debug/auto-runner-market-refresh-rotating/20260808_180006/jalan/classification_decisions/yad316848_2027-01-09.json,zao_local_history_v1
2026-08-08|jalan|ペンション木いちご|yad325769|2027-01-02|2027-01-03|2_adults_1_room_1_night,362c849131f663ad1cc7c8a3cb64a5715fdb09f6d1371516b0893b50e8eb2bff,2027_01,2026-08-08,2026-08-08T18:00:06+09:00,2026-08-08T18:00:06+09:00,jalan,AUTO-RUNNER10X,integrated_jalan_bounded_live,ペンション木いちご,国内旅行・海外旅行や宿・ホテルの宿泊予約はじゃらんnet　～日本最大級の宿・ホテル予約サイト～,true,yad325769,yad325769,2027-01-02,2027-01-03,1,2,1,0,JPY,ja,2_adults_1_room_1_night,available,not_sold_out_confirmed,,,missing_or_unclear,C,C,"Price visible, meal_basis=confirmed_room_only, but room_basis=excluded_large_room (large_or_triple_or_quad_room_token_detected); excluded from two-person-standard DP per confirmed policy.",25000,,,tax_included_total,jalan_room_type_excluded,false,false,true,excluded_room_type_large,meal_basis_confirmed_room_only;meal_basis=confirmed_room_only;excluded_room_type_large;room_basis=excluded_large_room,,,/Users/gini/Documents/ZMI/zao-market-intelligence/.data/debug/auto-runner-market-refresh-rotating/20260808_180006/jalan/classification_decisions/yad325769_2027-01-02.json,zao_local_history_v1
2026-08-08|jalan|ペンション木いちご|yad325769|2027-01-03|2027-01-04|2_adults_1_room_1_night,a424829fddd8d262167ef6fb1655b45d0927f9b0aaf551a620635b9d402610c5,2027_01,2026-08-08,2026-08-08T18:00:06+09:00,2026-08-08T18:00:06+09:00,jalan,AUTO-RUNNER10X,integrated_jalan_bounded_live,ペンション木いちご,国内旅行・海外旅行や宿・ホテルの宿泊予約はじゃらんnet　～日本最大級の宿・ホテル予約サイト～,true,yad325769,yad325769,2027-01-03,2027-01-04,1,2,1,0,JPY,ja,2_adults_1_room_1_night,available,not_sold_out_confirmed,,,missing_or_unclear,C,C,"Price visible, meal_basis=confirmed_room_only, but room_basis=excluded_large_room (large_or_triple_or_quad_room_token_detected); excluded from two-person-standard DP per confirmed policy.",19000,,,tax_included_total,jalan_room_type_excluded,false,false,true,excluded_room_type_large,meal_basis_confirmed_room_only;meal_basis=confirmed_room_only;excluded_room_type_large;room_basis=excluded_large_room,,,/Users/gini/Documents/ZMI/zao-market-intelligence/.data/debug/auto-runner-market-refresh-rotating/20260808_180006/jalan/classification_decisions/yad325769_2027-01-03.json,zao_local_history_v1
2026-08-08|jalan|たかみや瑠璃倶楽|yad316848|2027-01-10|2027-01-11|2_adults_1_room_1_night,5b1bad6c480ff3a16163987358f6fcd1e0359598e7bca248a94c0ea78006a335,2027_01,2026-08-08,2026-08-08T22:00:05+09:00,2026-08-08T22:00:05+09:00,jalan,AUTO-RUNNER10X,integrated_jalan_bounded_live,たかみや瑠璃倶楽,国内旅行・海外旅行や宿・ホテルの宿泊予約はじゃらんnet　～日本最大級の宿・ホテル予約サイト～,true,yad316848,yad316848,2027-01-10,2027-01-11,1,2,1,0,JPY,ja,2_adults_1_room_1_night,sold_out,sold_out,,,missing_or_unclear,insufficient,insufficient,selected_date_calendar_sold_out,,,,missing_or_unclear,jalan_sold_out_excluded,false,false,true,sold_out_without_price,page_chrome_coupon_or_discount_evidence;tax_included_total_not_confirmed,,,/Users/gini/Documents/ZMI/zao-market-intelligence/.data/debug/auto-runner-market-refresh-rotating/20260808_220005/jalan/classification_decisions/yad316848_2027-01-10.json,zao_local_history_v1
2026-08-09|jalan|ペンション木いちご|yad325769|2027-01-09|2027-01-10|2_adults_1_room_1_night,5ebae49a376f9299f44870553aa11db1a9b182726cb91cf07bd118cde04816f2,2027_01,2026-08-09,2026-08-09T00:00:02+09:00,2026-08-09T00:00:02+09:00,jalan,AUTO-RUNNER10X,integrated_jalan_bounded_live,ペンション木いちご,国内旅行・海外旅行や宿・ホテルの宿泊予約はじゃらんnet　～日本最大級の宿・ホテル予約サイト～,true,yad325769,yad325769,2027-01-09,2027-01-10,1,2,1,0,JPY,ja,2_adults_1_room_1_night,available,not_sold_out_confirmed,,,missing_or_unclear,C,C,"Price visible, meal_basis=confirmed_room_only, but room_basis=excluded_large_room (large_or_triple_or_quad_room_token_detected); excluded from two-person-standard DP per confirmed policy.",20000,,,tax_included_total,jalan_room_type_excluded,false,false,true,excluded_room_type_large,meal_basis_confirmed_room_only;meal_basis=confirmed_room_only;excluded_room_type_large;room_basis=excluded_large_room,,,/Users/gini/Documents/ZMI/zao-market-intelligence/.data/debug/auto-runner-market-refresh-rotating/20260809_000002/jalan/classification_decisions/yad325769_2027-01-09.json,zao_local_history_v1
2026-08-09|jalan|蔵王四季のホテル|yad322447|2027-01-01|2027-01-02|2_adults_1_room_1_night,ae0eea76201e4db0e25caf4bc197d95b2dca7d3c922da402db047d6e133ddecc,2027_01,2026-08-09,2026-08-09T00:00:02+09:00,2026-08-09T00:00:02+09:00,jalan,AUTO-RUNNER10X,integrated_jalan_bounded_live,蔵王四季のホテル,国内旅行・海外旅行や宿・ホテルの宿泊予約はじゃらんnet　～日本最大級の宿・ホテル予約サイト～,true,yad322447,yad322447,2027-01-01,2027-01-02,1,2,1,0,JPY,ja,2_adults_1_room_1_night,sold_out,sold_out,,,missing_or_unclear,insufficient,insufficient,selected_date_calendar_sold_out,,,,missing_or_unclear,jalan_sold_out_excluded,false,false,true,sold_out_without_price,tax_included_total_not_confirmed,,,/Users/gini/Documents/ZMI/zao-market-intelligence/.data/debug/auto-runner-market-refresh-rotating/20260809_000002/jalan/classification_decisions/yad322447_2027-01-01.json,zao_local_history_v1
2026-08-09|jalan|深山荘 高見屋|yad321744|2027-01-01|2027-01-02|2_adults_1_room_1_night,fbf4dde408ddfa2a624a8f18b2c06d3e888005766d7e96947ad33d65070ea355,2027_01,2026-08-09,2026-08-09T02:00:06+09:00,2026-08-09T02:00:06+09:00,jalan,AUTO-RUNNER10X,integrated_jalan_bounded_live,深山荘 高見屋,国内旅行・海外旅行や宿・ホテルの宿泊予約はじゃらんnet　～日本最大級の宿・ホテル予約サイト～,true,yad321744,yad321744,2027-01-01,2027-01-02,1,2,1,0,JPY,ja,2_adults_1_room_1_night,sold_out,sold_out,,,missing_or_unclear,insufficient,insufficient,selected_date_calendar_sold_out,,,,missing_or_unclear,jalan_sold_out_excluded,false,false,true,sold_out_without_price,page_chrome_coupon_or_discount_evidence;tax_included_total_not_confirmed,,,/Users/gini/Documents/ZMI/zao-market-intelligence/.data/debug/auto-runner-market-refresh-rotating/20260809_020006/jalan/classification_decisions/yad321744_2027-01-01.json,zao_local_history_v1
2026-08-09|jalan|蔵王四季のホテル|yad322447|2027-01-02|2027-01-03|2_adults_1_room_1_night,b0b0d706673070845da37904dd4bd9cb3ac7a49fd224ff0f2f99976ffcbeff55,2027_01,2026-08-09,2026-08-09T02:00:06+09:00,2026-08-09T02:00:06+09:00,jalan,AUTO-RUNNER10X,integrated_jalan_bounded_live,蔵王四季のホテル,国内旅行・海外旅行や宿・ホテルの宿泊予約はじゃらんnet　～日本最大級の宿・ホテル予約サイト～,true,yad322447,yad322447,2027-01-02,2027-01-03,1,2,1,0,JPY,ja,2_adults_1_room_1_night,available,not_sold_out_confirmed,,,missing_or_unclear,C,C,Price visible but meal_basis=unknown_meal_basis (jalan_ambiguous_meal_and_room_only_tokens); excluded from room-only DP per confirmed policy.,160600,,,tax_included_total,jalan_unknown_meal_basis_excluded,false,false,true,unknown_meal_basis_excluded,unknown_meal_basis_excluded;meal_basis=unknown_meal_basis,,,/Users/gini/Documents/ZMI/zao-market-intelligence/.data/debug/auto-runner-market-refresh-rotating/20260809_020006/jalan/classification_decisions/yad322447_2027-01-02.json,zao_local_history_v1
2026-08-09|jalan|ペンション木いちご|yad325769|2027-01-10|2027-01-11|2_adults_1_room_1_night,22dbdf89cb02713a49b17bcc39a7353b0976fdac59bf5d762ec763e2734032d5,2027_01,2026-08-09,2026-08-09T02:00:06+09:00,2026-08-09T02:00:06+09:00,jalan,AUTO-RUNNER10X,integrated_jalan_bounded_live,ペンション木いちご,国内旅行・海外旅行や宿・ホテルの宿泊予約はじゃらんnet　～日本最大級の宿・ホテル予約サイト～,true,yad325769,yad325769,2027-01-10,2027-01-11,1,2,1,0,JPY,ja,2_adults_1_room_1_night,available,not_sold_out_confirmed,,,missing_or_unclear,C,C,"Price visible, meal_basis=confirmed_room_only, but room_basis=excluded_large_room (large_or_triple_or_quad_room_token_detected); excluded from two-person-standard DP per confirmed policy.",20000,,,tax_included_total,jalan_room_type_excluded,false,false,true,excluded_room_type_large,meal_basis_confirmed_room_only;meal_basis=confirmed_room_only;excluded_room_type_large;room_basis=excluded_large_room,,,/Users/gini/Documents/ZMI/zao-market-intelligence/.data/debug/auto-runner-market-refresh-rotating/20260809_020006/jalan/classification_decisions/yad325769_2027-01-10.json,zao_local_history_v1
2026-08-09|jalan|蔵王四季のホテル|yad322447|2027-01-03|2027-01-04|2_adults_1_room_1_night,edf77edb381e3899004397f8f94d57b474cb0d01b819988bb58324812e5aa45f,2027_01,2026-08-09,2026-08-09T04:00:06+09:00,2026-08-09T04:00:06+09:00,jalan,AUTO-RUNNER10X,integrated_jalan_bounded_live,蔵王四季のホテル,国内旅行・海外旅行や宿・ホテルの宿泊予約はじゃらんnet　～日本最大級の宿・ホテル予約サイト～,true,yad322447,yad322447,2027-01-03,2027-01-04,1,2,1,0,JPY,ja,2_adults_1_room_1_night,available,not_sold_out_confirmed,,,missing_or_unclear,C,C,Price visible but meal_basis=unknown_meal_basis (jalan_ambiguous_meal_and_room_only_tokens); excluded from room-only DP per confirmed policy.,123200,,,tax_included_total,jalan_unknown_meal_basis_excluded,false,false,true,unknown_meal_basis_excluded,unknown_meal_basis_excluded;meal_basis=unknown_meal_basis,,,/Users/gini/Documents/ZMI/zao-market-intelligence/.data/debug/auto-runner-market-refresh-rotating/20260809_040006/jalan/classification_decisions/yad322447_2027-01-03.json,zao_local_history_v1
2026-08-09|jalan|蔵王四季のホテル|yad322447|2027-01-09|2027-01-10|2_adults_1_room_1_night,83346a0a204efa5c9672ca78e2a3c46b2e99b45bf9e1429c05d7ab0f939162b3,2027_01,2026-08-09,2026-08-09T04:00:06+09:00,2026-08-09T04:00:06+09:00,jalan,AUTO-RUNNER10X,integrated_jalan_bounded_live,蔵王四季のホテル,国内旅行・海外旅行や宿・ホテルの宿泊予約はじゃらんnet　～日本最大級の宿・ホテル予約サイト～,true,yad322447,yad322447,2027-01-09,2027-01-10,1,2,1,0,JPY,ja,2_adults_1_room_1_night,available,not_sold_out_confirmed,,,missing_or_unclear,C,C,Price visible but meal_basis=unknown_meal_basis (jalan_ambiguous_meal_and_room_only_tokens); excluded from room-only DP per confirmed policy.,138600,,,tax_included_total,jalan_unknown_meal_basis_excluded,false,false,true,unknown_meal_basis_excluded,unknown_meal_basis_excluded;meal_basis=unknown_meal_basis,,,/Users/gini/Documents/ZMI/zao-market-intelligence/.data/debug/auto-runner-market-refresh-rotating/20260809_040006/jalan/classification_decisions/yad322447_2027-01-09.json,zao_local_history_v1
2026-08-09|jalan|ペンション木いちご|yad325769|2027-01-01|2027-01-02|2_adults_1_room_1_night,80fd6b5bd507d895b07966da84693307872a0b45b54a6eabc621bb6b809ef7ff,2027_01,2026-08-09,2026-08-09T04:00:06+09:00,2026-08-09T04:00:06+09:00,jalan,AUTO-RUNNER10X,integrated_jalan_bounded_live,ペンション木いちご,国内旅行・海外旅行や宿・ホテルの宿泊予約はじゃらんnet　～日本最大級の宿・ホテル予約サイト～,true,yad325769,yad325769,2027-01-01,2027-01-02,1,2,1,0,JPY,ja,2_adults_1_room_1_night,available,not_sold_out_confirmed,,,missing_or_unclear,C,C,"Price visible, meal_basis=confirmed_room_only, but room_basis=excluded_large_room (large_or_triple_or_quad_room_token_detected); excluded from two-person-standard DP per confirmed policy.",25000,,,tax_included_total,jalan_room_type_excluded,false,false,true,excluded_room_type_large,meal_basis_confirmed_room_only;meal_basis=confirmed_room_only;excluded_room_type_large;room_basis=excluded_large_room,,,/Users/gini/Documents/ZMI/zao-market-intelligence/.data/debug/auto-runner-market-refresh-rotating/20260809_040006/jalan/classification_decisions/yad325769_2027-01-01.json,zao_local_history_v1
2026-08-09|jalan|ペンション木いちご|yad325769|2027-01-11|2027-01-12|2_adults_1_room_1_night,90e46ba555accb6e19bcce8638ce8e5ac997505f8065ab2a541d5a4a45ca195d,2027_01,2026-08-09,2026-08-09T04:00:06+09:00,2026-08-09T04:00:06+09:00,jalan,AUTO-RUNNER10X,integrated_jalan_bounded_live,ペンション木いちご,国内旅行・海外旅行や宿・ホテルの宿泊予約はじゃらんnet　～日本最大級の宿・ホテル予約サイト～,true,yad325769,yad325769,2027-01-11,2027-01-12,1,2,1,0,JPY,ja,2_adults_1_room_1_night,available,not_sold_out_confirmed,,,missing_or_unclear,C,C,"Price visible, meal_basis=confirmed_room_only, but room_basis=excluded_large_room (large_or_triple_or_quad_room_token_detected); excluded from two-person-standard DP per confirmed policy.",19000,,,tax_included_total,jalan_room_type_excluded,false,false,true,excluded_room_type_large,meal_basis_confirmed_room_only;meal_basis=confirmed_room_only;excluded_room_type_large;room_basis=excluded_large_room,,,/Users/gini/Documents/ZMI/zao-market-intelligence/.data/debug/auto-runner-market-refresh-rotating/20260809_040006/jalan/classification_decisions/yad325769_2027-01-11.json,zao_local_history_v1
2026-08-09|jalan|深山荘 高見屋|yad321744|2027-01-02|2027-01-03|2_adults_1_room_1_night,9f5325795f711967d134ee113b1f60d0e6ba20e24644ecdc125d9723d63a669b,2027_01,2026-08-09,2026-08-09T06:00:05+09:00,2026-08-09T06:00:05+09:00,jalan,AUTO-RUNNER10X,integrated_jalan_bounded_live,深山荘 高見屋,国内旅行・海外旅行や宿・ホテルの宿泊予約はじゃらんnet　～日本最大級の宿・ホテル予約サイト～,true,yad321744,yad321744,2027-01-02,2027-01-03,1,2,1,0,JPY,ja,2_adults_1_room_1_night,sold_out,sold_out,,,missing_or_unclear,insufficient,insufficient,selected_date_calendar_sold_out,,,,missing_or_unclear,jalan_sold_out_excluded,false,false,true,sold_out_without_price,page_chrome_coupon_or_discount_evidence;tax_included_total_not_confirmed,,,/Users/gini/Documents/ZMI/zao-market-intelligence/.data/debug/auto-runner-market-refresh-rotating/20260809_060005/jalan/classification_decisions/yad321744_2027-01-02.json,zao_local_history_v1
2026-08-09|jalan|蔵王四季のホテル|yad322447|2027-01-10|2027-01-11|2_adults_1_room_1_night,03d2dba68fed1d3e5c950db816ddf7b699546b74241910eaff21f0c422186057,2027_01,2026-08-09,2026-08-09T06:00:05+09:00,2026-08-09T06:00:05+09:00,jalan,AUTO-RUNNER10X,integrated_jalan_bounded_live,蔵王四季のホテル,国内旅行・海外旅行や宿・ホテルの宿泊予約はじゃらんnet　～日本最大級の宿・ホテル予約サイト～,true,yad322447,yad322447,2027-01-10,2027-01-11,1,2,1,0,JPY,ja,2_adults_1_room_1_night,available,not_sold_out_confirmed,,,missing_or_unclear,C,C,Price visible but meal_basis=unknown_meal_basis (jalan_ambiguous_meal_and_room_only_tokens); excluded from room-only DP per confirmed policy.,132000,,,tax_included_total,jalan_unknown_meal_basis_excluded,false,false,true,unknown_meal_basis_excluded,unknown_meal_basis_excluded;meal_basis=unknown_meal_basis,,,/Users/gini/Documents/ZMI/zao-market-intelligence/.data/debug/auto-runner-market-refresh-rotating/20260809_060005/jalan/classification_decisions/yad322447_2027-01-10.json,zao_local_history_v1
2026-08-09|jalan|蔵王四季のホテル|yad322447|2027-01-11|2027-01-12|2_adults_1_room_1_night,72e7c33d1d7830eede50e382ad527987c968b6cb9f9dcf0e8779f5303593ce57,2027_01,2026-08-09,2026-08-09T06:00:05+09:00,2026-08-09T06:00:05+09:00,jalan,AUTO-RUNNER10X,integrated_jalan_bounded_live,蔵王四季のホテル,国内旅行・海外旅行や宿・ホテルの宿泊予約はじゃらんnet　～日本最大級の宿・ホテル予約サイト～,true,yad322447,yad322447,2027-01-11,2027-01-12,1,2,1,0,JPY,ja,2_adults_1_room_1_night,available,not_sold_out_confirmed,,,missing_or_unclear,C,C,Price visible but meal_basis=unknown_meal_basis (jalan_ambiguous_meal_and_room_only_tokens); excluded from room-only DP per confirmed policy.,99000,,,tax_included_total,jalan_unknown_meal_basis_excluded,false,false,true,unknown_meal_basis_excluded,unknown_meal_basis_excluded;meal_basis=unknown_meal_basis,,,/Users/gini/Documents/ZMI/zao-market-intelligence/.data/debug/auto-runner-market-refresh-rotating/20260809_060005/jalan/classification_decisions/yad322447_2027-01-11.json,zao_local_history_v1
2026-08-09|jalan|ペンション木いちご|yad325769|2027-01-16|2027-01-17|2_adults_1_room_1_night,7f8c5895e9ec0da30b36636eebb84a92fd9af0ace06d00aec8cb5f29c5c39b7d,2027_01,2026-08-09,2026-08-09T06:00:05+09:00,2026-08-09T06:00:05+09:00,jalan,AUTO-RUNNER10X,integrated_jalan_bounded_live,ペンション木いちご,国内旅行・海外旅行や宿・ホテルの宿泊予約はじゃらんnet　～日本最大級の宿・ホテル予約サイト～,true,yad325769,yad325769,2027-01-16,2027-01-17,1,2,1,0,JPY,ja,2_adults_1_room_1_night,available,not_sold_out_confirmed,,,missing_or_unclear,C,C,"Price visible, meal_basis=confirmed_room_only, but room_basis=excluded_large_room (large_or_triple_or_quad_room_token_detected); excluded from two-person-standard DP per confirmed policy.",20000,,,tax_included_total,jalan_room_type_excluded,false,false,true,excluded_room_type_large,meal_basis_confirmed_room_only;meal_basis=confirmed_room_only;excluded_room_type_large;room_basis=excluded_large_room,,,/Users/gini/Documents/ZMI/zao-market-intelligence/.data/debug/auto-runner-market-refresh-rotating/20260809_060005/jalan/classification_decisions/yad325769_2027-01-16.json,zao_local_history_v1
2026-08-09|jalan|ペンション木いちご|yad325769|2027-01-23|2027-01-24|2_adults_1_room_1_night,3038d4eeeeeb388fa218b89fd56f34fce43815b85754f6916c59a00cb6c5535d,2027_01,2026-08-09,2026-08-09T06:00:05+09:00,2026-08-09T06:00:05+09:00,jalan,AUTO-RUNNER10X,integrated_jalan_bounded_live,ペンション木いちご,国内旅行・海外旅行や宿・ホテルの宿泊予約はじゃらんnet　～日本最大級の宿・ホテル予約サイト～,true,yad325769,yad325769,2027-01-23,2027-01-24,1,2,1,0,JPY,ja,2_adults_1_room_1_night,available,not_sold_out_confirmed,,,missing_or_unclear,C,C,"Price visible, meal_basis=confirmed_room_only, but room_basis=excluded_large_room (large_or_triple_or_quad_room_token_detected); excluded from two-person-standard DP per confirmed policy.",20000,,,tax_included_total,jalan_room_type_excluded,false,false,true,excluded_room_type_large,page_chrome_coupon_or_discount_evidence;meal_basis_confirmed_room_only;meal_basis=confirmed_room_only;excluded_room_type_large;room_basis=excluded_large_room,,,/Users/gini/Documents/ZMI/zao-market-intelligence/.data/debug/auto-runner-market-refresh-rotating/20260809_060005/jalan/classification_decisions/yad325769_2027-01-23.json,zao_local_history_v1
2026-08-09|jalan|深山荘 高見屋|yad321744|2027-01-03|2027-01-04|2_adults_1_room_1_night,ce1260d2bb3d55dd13cfd6d8144408fdea66313c1763a524059704d6f7acb841,2027_01,2026-08-09,2026-08-09T12:00:03+09:00,2026-08-09T12:00:03+09:00,jalan,AUTO-RUNNER10X,integrated_jalan_bounded_live,深山荘 高見屋,国内旅行・海外旅行や宿・ホテルの宿泊予約はじゃらんnet　～日本最大級の宿・ホテル予約サイト～,true,yad321744,yad321744,2027-01-03,2027-01-04,1,2,1,0,JPY,ja,2_adults_1_room_1_night,sold_out,sold_out,,,missing_or_unclear,insufficient,insufficient,selected_date_calendar_sold_out,,,,missing_or_unclear,jalan_sold_out_excluded,false,false,true,sold_out_without_price,page_chrome_coupon_or_discount_evidence;tax_included_total_not_confirmed,,,/Users/gini/Documents/ZMI/zao-market-intelligence/.data/debug/auto-runner-market-refresh-rotating/20260809_120003/jalan/classification_decisions/yad321744_2027-01-03.json,zao_local_history_v1
2026-08-09|jalan|深山荘 高見屋|yad321744|2027-01-09|2027-01-10|2_adults_1_room_1_night,1e29cbba97af492fddf941c50572dc84c2f6d8e831a149513a103e9fda2ba249,2027_01,2026-08-09,2026-08-09T12:00:03+09:00,2026-08-09T12:00:03+09:00,jalan,AUTO-RUNNER10X,integrated_jalan_bounded_live,深山荘 高見屋,国内旅行・海外旅行や宿・ホテルの宿泊予約はじゃらんnet　～日本最大級の宿・ホテル予約サイト～,true,yad321744,yad321744,2027-01-09,2027-01-10,1,2,1,0,JPY,ja,2_adults_1_room_1_night,sold_out,sold_out,,,missing_or_unclear,insufficient,insufficient,selected_date_calendar_sold_out,,,,missing_or_unclear,jalan_sold_out_excluded,false,false,true,sold_out_without_price,page_chrome_coupon_or_discount_evidence;tax_included_total_not_confirmed,,,/Users/gini/Documents/ZMI/zao-market-intelligence/.data/debug/auto-runner-market-refresh-rotating/20260809_120003/jalan/classification_decisions/yad321744_2027-01-09.json,zao_local_history_v1
2026-08-09|jalan|ペンション木いちご|yad325769|2027-01-30|2027-01-31|2_adults_1_room_1_night,c9fe69de45bba48216fa0dea23d403a711fcfa0b8b401a1fbb227ab058361c2d,2027_01,2026-08-09,2026-08-09T12:00:03+09:00,2026-08-09T12:00:03+09:00,jalan,AUTO-RUNNER10X,integrated_jalan_bounded_live,ペンション木いちご,国内旅行・海外旅行や宿・ホテルの宿泊予約はじゃらんnet　～日本最大級の宿・ホテル予約サイト～,true,yad325769,yad325769,2027-01-30,2027-01-31,1,2,1,0,JPY,ja,2_adults_1_room_1_night,available,not_sold_out_confirmed,,,missing_or_unclear,C,C,"Price visible, meal_basis=confirmed_room_only, but room_basis=excluded_large_room (large_or_triple_or_quad_room_token_detected); excluded from two-person-standard DP per confirmed policy.",25000,,,tax_included_total,jalan_room_type_excluded,false,false,true,excluded_room_type_large,meal_basis_confirmed_room_only;meal_basis=confirmed_room_only;excluded_room_type_large;room_basis=excluded_large_room,,,/Users/gini/Documents/ZMI/zao-market-intelligence/.data/debug/auto-runner-market-refresh-rotating/20260809_120003/jalan/classification_decisions/yad325769_2027-01-30.json,zao_local_history_v1
2026-08-09|jalan|ペンション木いちご|yad325769|2027-01-02|2027-01-03|2_adults_1_room_1_night,6905a67885b7a16caa7d5e235f96141bf104a87da11404446e5f8d1b1137f845,2027_01,2026-08-09,2026-08-09T20:00:06+09:00,2026-08-09T20:00:06+09:00,jalan,AUTO-RUNNER10X,integrated_jalan_bounded_live,ペンション木いちご,国内旅行・海外旅行や宿・ホテルの宿泊予約はじゃらんnet　～日本最大級の宿・ホテル予約サイト～,true,yad325769,yad325769,2027-01-02,2027-01-03,1,2,1,0,JPY,ja,2_adults_1_room_1_night,available,not_sold_out_confirmed,,,missing_or_unclear,C,C,"Price visible, meal_basis=confirmed_room_only, but room_basis=excluded_large_room (large_or_triple_or_quad_room_token_detected); excluded from two-person-standard DP per confirmed policy.",25000,,,tax_included_total,jalan_room_type_excluded,false,false,true,excluded_room_type_large,meal_basis_confirmed_room_only;meal_basis=confirmed_room_only;excluded_room_type_large;room_basis=excluded_large_room,,,/Users/gini/Documents/ZMI/zao-market-intelligence/.data/debug/auto-runner-market-refresh-rotating/20260809_200006/jalan/classification_decisions/yad325769_2027-01-02.json,zao_local_history_v1
2026-08-10|jalan|名湯リゾート ルーセントタカミヤ|yad331969|2027-01-01|2027-01-02|2_adults_1_room_1_night,e10d9e9dd52fbe72926e36a95048e804c1bc726d96f80f2d331f2b5079f5e16b,2027_01,2026-08-10,2026-08-10T00:00:06+09:00,2026-08-10T00:00:06+09:00,jalan,AUTO-RUNNER10X,integrated_jalan_bounded_live,名湯リゾート ルーセントタカミヤ,国内旅行・海外旅行や宿・ホテルの宿泊予約はじゃらんnet　～日本最大級の宿・ホテル予約サイト～,true,yad331969,yad331969,2027-01-01,2027-01-02,1,2,1,0,JPY,ja,2_adults_1_room_1_night,sold_out,sold_out,,,missing_or_unclear,insufficient,insufficient,selected_date_calendar_sold_out,,,,missing_or_unclear,jalan_sold_out_excluded,false,false,true,sold_out_without_price,page_chrome_coupon_or_discount_evidence;tax_included_total_not_confirmed,,,/Users/gini/Documents/ZMI/zao-market-intelligence/.data/debug/auto-runner-market-refresh-rotating/20260810_000006/jalan/classification_decisions/yad331969_2027-01-01.json,zao_local_history_v1
2026-08-10|jalan|蔵王四季のホテル|yad322447|2027-01-01|2027-01-02|2_adults_1_room_1_night,edc25ff09cf558f8af02e0ace5cfd207c14f2052ca337454e352dcb20ee299c1,2027_01,2026-08-10,2026-08-10T04:00:03+09:00,2026-08-10T04:00:03+09:00,jalan,AUTO-RUNNER10X,integrated_jalan_bounded_live,蔵王四季のホテル,国内旅行・海外旅行や宿・ホテルの宿泊予約はじゃらんnet　～日本最大級の宿・ホテル予約サイト～,true,yad322447,yad322447,2027-01-01,2027-01-02,1,2,1,0,JPY,ja,2_adults_1_room_1_night,sold_out,sold_out,,,missing_or_unclear,insufficient,insufficient,selected_date_calendar_sold_out,,,,missing_or_unclear,jalan_sold_out_excluded,false,false,true,sold_out_without_price,tax_included_total_not_confirmed,,,/Users/gini/Documents/ZMI/zao-market-intelligence/.data/debug/auto-runner-market-refresh-rotating/20260810_040003/jalan/classification_decisions/yad322447_2027-01-01.json,zao_local_history_v1
2026-08-10|jalan|蔵王四季のホテル|yad322447|2027-01-02|2027-01-03|2_adults_1_room_1_night,97783a858b88624b459202a6bb930d4e2165f0be1305d867ce4a84a86052a008,2027_01,2026-08-10,2026-08-10T04:00:03+09:00,2026-08-10T04:00:03+09:00,jalan,AUTO-RUNNER10X,integrated_jalan_bounded_live,蔵王四季のホテル,国内旅行・海外旅行や宿・ホテルの宿泊予約はじゃらんnet　～日本最大級の宿・ホテル予約サイト～,true,yad322447,yad322447,2027-01-02,2027-01-03,1,2,1,0,JPY,ja,2_adults_1_room_1_night,available,not_sold_out_confirmed,,,missing_or_unclear,C,C,Price visible but meal_basis=unknown_meal_basis (jalan_ambiguous_meal_and_room_only_tokens); excluded from room-only DP per confirmed policy.,160600,,,tax_included_total,jalan_unknown_meal_basis_excluded,false,false,true,unknown_meal_basis_excluded,unknown_meal_basis_excluded;meal_basis=unknown_meal_basis,,,/Users/gini/Documents/ZMI/zao-market-intelligence/.data/debug/auto-runner-market-refresh-rotating/20260810_040003/jalan/classification_decisions/yad322447_2027-01-02.json,zao_local_history_v1
2026-08-10|jalan|蔵王四季のホテル|yad322447|2027-01-03|2027-01-04|2_adults_1_room_1_night,5374ac373aab3c5ecd4c816eb71ca4ac3bc6172da8cbac055cd279d95f212e76,2027_01,2026-08-10,2026-08-10T06:00:06+09:00,2026-08-10T06:00:06+09:00,jalan,AUTO-RUNNER10X,integrated_jalan_bounded_live,蔵王四季のホテル,国内旅行・海外旅行や宿・ホテルの宿泊予約はじゃらんnet　～日本最大級の宿・ホテル予約サイト～,true,yad322447,yad322447,2027-01-03,2027-01-04,1,2,1,0,JPY,ja,2_adults_1_room_1_night,available,not_sold_out_confirmed,,,missing_or_unclear,C,C,Price visible but meal_basis=unknown_meal_basis (jalan_ambiguous_meal_and_room_only_tokens); excluded from room-only DP per confirmed policy.,123200,,,tax_included_total,jalan_unknown_meal_basis_excluded,false,false,true,unknown_meal_basis_excluded,unknown_meal_basis_excluded;meal_basis=unknown_meal_basis,,,/Users/gini/Documents/ZMI/zao-market-intelligence/.data/debug/auto-runner-market-refresh-rotating/20260810_060006/jalan/classification_decisions/yad322447_2027-01-03.json,zao_local_history_v1
2026-08-10|jalan|蔵王四季のホテル|yad322447|2027-01-09|2027-01-10|2_adults_1_room_1_night,3503b1e0d223cb80376e784808429be6900db580202ca351ec864650c1a90aff,2027_01,2026-08-10,2026-08-10T06:00:06+09:00,2026-08-10T06:00:06+09:00,jalan,AUTO-RUNNER10X,integrated_jalan_bounded_live,蔵王四季のホテル,国内旅行・海外旅行や宿・ホテルの宿泊予約はじゃらんnet　～日本最大級の宿・ホテル予約サイト～,true,yad322447,yad322447,2027-01-09,2027-01-10,1,2,1,0,JPY,ja,2_adults_1_room_1_night,available,not_sold_out_confirmed,,,missing_or_unclear,C,C,Price visible but meal_basis=unknown_meal_basis (jalan_ambiguous_meal_and_room_only_tokens); excluded from room-only DP per confirmed policy.,138600,,,tax_included_total,jalan_unknown_meal_basis_excluded,false,false,true,unknown_meal_basis_excluded,unknown_meal_basis_excluded;meal_basis=unknown_meal_basis,,,/Users/gini/Documents/ZMI/zao-market-intelligence/.data/debug/auto-runner-market-refresh-rotating/20260810_060006/jalan/classification_decisions/yad322447_2027-01-09.json,zao_local_history_v1
2026-08-10|jalan|ペンション木いちご|yad325769|2027-01-01|2027-01-02|2_adults_1_room_1_night,41fc104829c6eff06e6375ef7ec7ae006a91277b9d1523fbf109acef7773a7d6,2027_01,2026-08-10,2026-08-10T06:00:06+09:00,2026-08-10T06:00:06+09:00,jalan,AUTO-RUNNER10X,integrated_jalan_bounded_live,ペンション木いちご,国内旅行・海外旅行や宿・ホテルの宿泊予約はじゃらんnet　～日本最大級の宿・ホテル予約サイト～,true,yad325769,yad325769,2027-01-01,2027-01-02,1,2,1,0,JPY,ja,2_adults_1_room_1_night,available,not_sold_out_confirmed,,,missing_or_unclear,C,C,"Price visible, meal_basis=confirmed_room_only, but room_basis=excluded_large_room (large_or_triple_or_quad_room_token_detected); excluded from two-person-standard DP per confirmed policy.",25000,,,tax_included_total,jalan_room_type_excluded,false,false,true,excluded_room_type_large,meal_basis_confirmed_room_only;meal_basis=confirmed_room_only;excluded_room_type_large;room_basis=excluded_large_room,,,/Users/gini/Documents/ZMI/zao-market-intelligence/.data/debug/auto-runner-market-refresh-rotating/20260810_060006/jalan/classification_decisions/yad325769_2027-01-01.json,zao_local_history_v1
2026-08-10|jalan|蔵王四季のホテル|yad322447|2027-01-10|2027-01-11|2_adults_1_room_1_night,405fcd1f7665b7b1cc2f4731bd87873cc1a7be820e0e25f35116de352ec1062d,2027_01,2026-08-10,2026-08-10T14:00:06+09:00,2026-08-10T14:00:06+09:00,jalan,AUTO-RUNNER10X,integrated_jalan_bounded_live,蔵王四季のホテル,国内旅行・海外旅行や宿・ホテルの宿泊予約はじゃらんnet　～日本最大級の宿・ホテル予約サイト～,true,yad322447,yad322447,2027-01-10,2027-01-11,1,2,1,0,JPY,ja,2_adults_1_room_1_night,available,not_sold_out_confirmed,,,missing_or_unclear,C,C,Price visible but meal_basis=unknown_meal_basis (jalan_ambiguous_meal_and_room_only_tokens); excluded from room-only DP per confirmed policy.,132000,,,tax_included_total,jalan_unknown_meal_basis_excluded,false,false,true,unknown_meal_basis_excluded,unknown_meal_basis_excluded;meal_basis=unknown_meal_basis,,,/Users/gini/Documents/ZMI/zao-market-intelligence/.data/debug/auto-runner-market-refresh-rotating/20260810_140006/jalan/classification_decisions/yad322447_2027-01-10.json,zao_local_history_v1
2026-08-10|jalan|ペンション木いちご|yad325769|2027-01-03|2027-01-04|2_adults_1_room_1_night,24a8712aa762cc51faf82c3e8f46220d629936e9efa1323f598f1c4d4195ef53,2027_01,2026-08-10,2026-08-10T16:00:05+09:00,2026-08-10T16:00:05+09:00,jalan,AUTO-RUNNER10X,integrated_jalan_bounded_live,ペンション木いちご,国内旅行・海外旅行や宿・ホテルの宿泊予約はじゃらんnet　～日本最大級の宿・ホテル予約サイト～,true,yad325769,yad325769,2027-01-03,2027-01-04,1,2,1,0,JPY,ja,2_adults_1_room_1_night,available,not_sold_out_confirmed,,,missing_or_unclear,C,C,"Price visible, meal_basis=confirmed_room_only, but room_basis=excluded_large_room (large_or_triple_or_quad_room_token_detected); excluded from two-person-standard DP per confirmed policy.",19000,,,tax_included_total,jalan_room_type_excluded,false,false,true,excluded_room_type_large,meal_basis_confirmed_room_only;meal_basis=confirmed_room_only;excluded_room_type_large;room_basis=excluded_large_room,,,/Users/gini/Documents/ZMI/zao-market-intelligence/.data/debug/auto-runner-market-refresh-rotating/20260810_160005/jalan/classification_decisions/yad325769_2027-01-03.json,zao_local_history_v1
2026-08-10|jalan|名湯リゾート ルーセントタカミヤ|yad331969|2027-01-02|2027-01-03|2_adults_1_room_1_night,6086c880977a85758e5715b75aa55ce5824f48e4948b91743d73bfda1df106c6,2027_01,2026-08-10,2026-08-10T16:00:05+09:00,2026-08-10T16:00:05+09:00,jalan,AUTO-RUNNER10X,integrated_jalan_bounded_live,名湯リゾート ルーセントタカミヤ,国内旅行・海外旅行や宿・ホテルの宿泊予約はじゃらんnet　～日本最大級の宿・ホテル予約サイト～,true,yad331969,yad331969,2027-01-02,2027-01-03,1,2,1,0,JPY,ja,2_adults_1_room_1_night,sold_out,sold_out,,,missing_or_unclear,insufficient,insufficient,selected_date_calendar_sold_out,,,,missing_or_unclear,jalan_sold_out_excluded,false,false,true,sold_out_without_price,page_chrome_coupon_or_discount_evidence;tax_included_total_not_confirmed,,,/Users/gini/Documents/ZMI/zao-market-intelligence/.data/debug/auto-runner-market-refresh-rotating/20260810_160005/jalan/classification_decisions/yad331969_2027-01-02.json,zao_local_history_v1
2026-08-10|jalan|蔵王四季のホテル|yad322447|2027-01-11|2027-01-12|2_adults_1_room_1_night,bc33fcbc4418771b42904c22c3a2fce3b089bc3758bf2f1b320690d6e4b6ad62,2027_01,2026-08-10,2026-08-10T18:00:05+09:00,2026-08-10T18:00:05+09:00,jalan,AUTO-RUNNER10X,integrated_jalan_bounded_live,蔵王四季のホテル,国内旅行・海外旅行や宿・ホテルの宿泊予約はじゃらんnet　～日本最大級の宿・ホテル予約サイト～,true,yad322447,yad322447,2027-01-11,2027-01-12,1,2,1,0,JPY,ja,2_adults_1_room_1_night,available,not_sold_out_confirmed,,,missing_or_unclear,C,C,Price visible but meal_basis=unknown_meal_basis (jalan_ambiguous_meal_and_room_only_tokens); excluded from room-only DP per confirmed policy.,99000,,,tax_included_total,jalan_unknown_meal_basis_excluded,false,false,true,unknown_meal_basis_excluded,unknown_meal_basis_excluded;meal_basis=unknown_meal_basis,,,/Users/gini/Documents/ZMI/zao-market-intelligence/.data/debug/auto-runner-market-refresh-rotating/20260810_180005/jalan/classification_decisions/yad322447_2027-01-11.json,zao_local_history_v1
2026-08-10|jalan|ペンション木いちご|yad325769|2027-01-09|2027-01-10|2_adults_1_room_1_night,41a4fffee296beb8e7dc8fbfb63213ed5936a9b9d8a57a681c947f3ad3d7c8aa,2027_01,2026-08-10,2026-08-10T18:00:05+09:00,2026-08-10T18:00:05+09:00,jalan,AUTO-RUNNER10X,integrated_jalan_bounded_live,ペンション木いちご,国内旅行・海外旅行や宿・ホテルの宿泊予約はじゃらんnet　～日本最大級の宿・ホテル予約サイト～,true,yad325769,yad325769,2027-01-09,2027-01-10,1,2,1,0,JPY,ja,2_adults_1_room_1_night,available,not_sold_out_confirmed,,,missing_or_unclear,C,C,"Price visible, meal_basis=confirmed_room_only, but room_basis=excluded_large_room (large_or_triple_or_quad_room_token_detected); excluded from two-person-standard DP per confirmed policy.",21000,,,tax_included_total,jalan_room_type_excluded,false,false,true,excluded_room_type_large,meal_basis_confirmed_room_only;meal_basis=confirmed_room_only;excluded_room_type_large;room_basis=excluded_large_room,,,/Users/gini/Documents/ZMI/zao-market-intelligence/.data/debug/auto-runner-market-refresh-rotating/20260810_180005/jalan/classification_decisions/yad325769_2027-01-09.json,zao_local_history_v1
2026-08-10|jalan|ペンション木いちご|yad325769|2027-01-10|2027-01-11|2_adults_1_room_1_night,c5c8137e4088f068d26142abc37fa6abcb209af93fdab97d586d0a00328643a7,2027_01,2026-08-10,2026-08-10T18:00:05+09:00,2026-08-10T18:00:05+09:00,jalan,AUTO-RUNNER10X,integrated_jalan_bounded_live,ペンション木いちご,国内旅行・海外旅行や宿・ホテルの宿泊予約はじゃらんnet　～日本最大級の宿・ホテル予約サイト～,true,yad325769,yad325769,2027-01-10,2027-01-11,1,2,1,0,JPY,ja,2_adults_1_room_1_night,available,not_sold_out_confirmed,,,missing_or_unclear,C,C,"Price visible, meal_basis=confirmed_room_only, but room_basis=excluded_large_room (large_or_triple_or_quad_room_token_detected); excluded from two-person-standard DP per confirmed policy.",21000,,,tax_included_total,jalan_room_type_excluded,false,false,true,excluded_room_type_large,meal_basis_confirmed_room_only;meal_basis=confirmed_room_only;excluded_room_type_large;room_basis=excluded_large_room,,,/Users/gini/Documents/ZMI/zao-market-intelligence/.data/debug/auto-runner-market-refresh-rotating/20260810_180005/jalan/classification_decisions/yad325769_2027-01-10.json,zao_local_history_v1
2026-08-10|jalan|名湯リゾート ルーセントタカミヤ|yad331969|2027-01-03|2027-01-04|2_adults_1_room_1_night,ef652eef24e60f5864f7e368f9aed34d3475be3a991c2e2f2c4b622a43eccb2c,2027_01,2026-08-10,2026-08-10T20:00:01+09:00,2026-08-10T20:00:01+09:00,jalan,AUTO-RUNNER10X,integrated_jalan_bounded_live,名湯リゾート ルーセントタカミヤ,国内旅行・海外旅行や宿・ホテルの宿泊予約はじゃらんnet　～日本最大級の宿・ホテル予約サイト～,true,yad331969,yad331969,2027-01-03,2027-01-04,1,2,1,0,JPY,ja,2_adults_1_room_1_night,sold_out,sold_out,,,missing_or_unclear,insufficient,insufficient,selected_date_calendar_sold_out,,,,missing_or_unclear,jalan_sold_out_excluded,false,false,true,sold_out_without_price,page_chrome_coupon_or_discount_evidence;tax_included_total_not_confirmed,,,/Users/gini/Documents/ZMI/zao-market-intelligence/.data/debug/auto-runner-market-refresh-rotating/20260810_200001/jalan/classification_decisions/yad331969_2027-01-03.json,zao_local_history_v1
2026-08-10|jalan|ペンション木いちご|yad325769|2027-01-02|2027-01-03|2_adults_1_room_1_night,f0d84914cbe18d5886851d7424619f7427a96278126615a5573c0c18df6ba31b,2027_01,2026-08-10,2026-08-10T20:00:01+09:00,2026-08-10T20:00:01+09:00,jalan,AUTO-RUNNER10X,integrated_jalan_bounded_live,ペンション木いちご,国内旅行・海外旅行や宿・ホテルの宿泊予約はじゃらんnet　～日本最大級の宿・ホテル予約サイト～,true,yad325769,yad325769,2027-01-02,2027-01-03,1,2,1,0,JPY,ja,2_adults_1_room_1_night,available,not_sold_out_confirmed,,,missing_or_unclear,C,C,"Price visible, meal_basis=confirmed_room_only, but room_basis=excluded_large_room (large_or_triple_or_quad_room_token_detected); excluded from two-person-standard DP per confirmed policy.",25000,,,tax_included_total,jalan_room_type_excluded,false,false,true,excluded_room_type_large,meal_basis_confirmed_room_only;meal_basis=confirmed_room_only;excluded_room_type_large;room_basis=excluded_large_room,,,/Users/gini/Documents/ZMI/zao-market-intelligence/.data/debug/auto-runner-market-refresh-rotating/20260810_200001/jalan/classification_decisions/yad325769_2027-01-02.json,zao_local_history_v1
2026-08-10|jalan|名湯リゾート ルーセントタカミヤ|yad331969|2027-01-09|2027-01-10|2_adults_1_room_1_night,05cf3d387da38637ccdcb2a31e097ec689f18b92c73079768daa4f6b2070792b,2027_01,2026-08-10,2026-08-10T20:00:01+09:00,2026-08-10T20:00:01+09:00,jalan,AUTO-RUNNER10X,integrated_jalan_bounded_live,名湯リゾート ルーセントタカミヤ,国内旅行・海外旅行や宿・ホテルの宿泊予約はじゃらんnet　～日本最大級の宿・ホテル予約サイト～,true,yad331969,yad331969,2027-01-09,2027-01-10,1,2,1,0,JPY,ja,2_adults_1_room_1_night,sold_out,sold_out,,,missing_or_unclear,insufficient,insufficient,selected_date_calendar_sold_out,,,,missing_or_unclear,jalan_sold_out_excluded,false,false,true,sold_out_without_price,page_chrome_coupon_or_discount_evidence;tax_included_total_not_confirmed,,,/Users/gini/Documents/ZMI/zao-market-intelligence/.data/debug/auto-runner-market-refresh-rotating/20260810_200001/jalan/classification_decisions/yad331969_2027-01-09.json,zao_local_history_v1
2026-08-10|jalan|蔵王四季のホテル|yad322447|2027-01-16|2027-01-17|2_adults_1_room_1_night,c90838deff0eba1ffcee820472f7df98f48f625d04af57e1c5aeb7ce03610fd6,2027_01,2026-08-10,2026-08-10T22:00:06+09:00,2026-08-10T22:00:06+09:00,jalan,AUTO-RUNNER10X,integrated_jalan_bounded_live,蔵王四季のホテル,国内旅行・海外旅行や宿・ホテルの宿泊予約はじゃらんnet　～日本最大級の宿・ホテル予約サイト～,true,yad322447,yad322447,2027-01-16,2027-01-17,1,2,1,0,JPY,ja,2_adults_1_room_1_night,available,not_sold_out_confirmed,,,missing_or_unclear,C,C,Price visible but meal_basis=unknown_meal_basis (jalan_ambiguous_meal_and_room_only_tokens); excluded from room-only DP per confirmed policy.,127600,,,tax_included_total,jalan_unknown_meal_basis_excluded,false,false,true,unknown_meal_basis_excluded,unknown_meal_basis_excluded;meal_basis=unknown_meal_basis,,,/Users/gini/Documents/ZMI/zao-market-intelligence/.data/debug/auto-runner-market-refresh-rotating/20260810_220006/jalan/classification_decisions/yad322447_2027-01-16.json,zao_local_history_v1
2026-08-10|jalan|名湯リゾート ルーセントタカミヤ|yad331969|2027-01-10|2027-01-11|2_adults_1_room_1_night,e9ac88af4c766a8914bfc14f1ec590b0ab5595d6c71aeb275a013d227849d24c,2027_01,2026-08-10,2026-08-10T22:00:06+09:00,2026-08-10T22:00:06+09:00,jalan,AUTO-RUNNER10X,integrated_jalan_bounded_live,名湯リゾート ルーセントタカミヤ,国内旅行・海外旅行や宿・ホテルの宿泊予約はじゃらんnet　～日本最大級の宿・ホテル予約サイト～,true,yad331969,yad331969,2027-01-10,2027-01-11,1,2,1,0,JPY,ja,2_adults_1_room_1_night,sold_out,sold_out,,,missing_or_unclear,insufficient,insufficient,selected_date_calendar_sold_out,,,,missing_or_unclear,jalan_sold_out_excluded,false,false,true,sold_out_without_price,page_chrome_coupon_or_discount_evidence;tax_included_total_not_confirmed,,,/Users/gini/Documents/ZMI/zao-market-intelligence/.data/debug/auto-runner-market-refresh-rotating/20260810_220006/jalan/classification_decisions/yad331969_2027-01-10.json,zao_local_history_v1
2026-08-11|jalan|ペンション木いちご|yad325769|2027-01-11|2027-01-12|2_adults_1_room_1_night,868c461e3e7f0638cbc8f341d8eb6b8b15da3bd37c894db01f08463045d9e61b,2027_01,2026-08-11,2026-08-11T02:00:05+09:00,2026-08-11T02:00:05+09:00,jalan,AUTO-RUNNER10X,integrated_jalan_bounded_live,ペンション木いちご,国内旅行・海外旅行や宿・ホテルの宿泊予約はじゃらんnet　～日本最大級の宿・ホテル予約サイト～,true,yad325769,yad325769,2027-01-11,2027-01-12,1,2,1,0,JPY,ja,2_adults_1_room_1_night,available,not_sold_out_confirmed,,,missing_or_unclear,C,C,"Price visible, meal_basis=confirmed_room_only, but room_basis=excluded_large_room (large_or_triple_or_quad_room_token_detected); excluded from two-person-standard DP per confirmed policy.",19000,,,tax_included_total,jalan_room_type_excluded,false,false,true,excluded_room_type_large,meal_basis_confirmed_room_only;meal_basis=confirmed_room_only;excluded_room_type_large;room_basis=excluded_large_room,,,/Users/gini/Documents/ZMI/zao-market-intelligence/.data/debug/auto-runner-market-refresh-rotating/20260811_020005/jalan/classification_decisions/yad325769_2027-01-11.json,zao_local_history_v1
2026-08-11|jalan|蔵王四季のホテル|yad322447|2027-01-01|2027-01-02|2_adults_1_room_1_night,c85657ca1b9ab9727bf714a54683c232d04ecf96b5a8ecfb26e5ed46b209628b,2027_01,2026-08-11,2026-08-11T18:00:06+09:00,2026-08-11T18:00:06+09:00,jalan,AUTO-RUNNER10X,integrated_jalan_bounded_live,蔵王四季のホテル,国内旅行・海外旅行や宿・ホテルの宿泊予約はじゃらんnet　～日本最大級の宿・ホテル予約サイト～,true,yad322447,yad322447,2027-01-01,2027-01-02,1,2,1,0,JPY,ja,2_adults_1_room_1_night,sold_out,sold_out,,,missing_or_unclear,insufficient,insufficient,selected_date_calendar_sold_out,,,,missing_or_unclear,jalan_sold_out_excluded,false,false,true,sold_out_without_price,tax_included_total_not_confirmed,,,/Users/gini/Documents/ZMI/zao-market-intelligence/.data/debug/auto-runner-market-refresh-rotating/20260811_180005/jalan/classification_decisions/yad322447_2027-01-01.json,zao_local_history_v1
2026-08-11|jalan|蔵王四季のホテル|yad322447|2027-01-02|2027-01-03|2_adults_1_room_1_night,48f9d6b6ac94e21bd0a9a6460a76a3331d8a71ac52008a3fa6ca4fd0c5aad39b,2027_01,2026-08-11,2026-08-11T18:00:06+09:00,2026-08-11T18:00:06+09:00,jalan,AUTO-RUNNER10X,integrated_jalan_bounded_live,蔵王四季のホテル,国内旅行・海外旅行や宿・ホテルの宿泊予約はじゃらんnet　～日本最大級の宿・ホテル予約サイト～,true,yad322447,yad322447,2027-01-02,2027-01-03,1,2,1,0,JPY,ja,2_adults_1_room_1_night,available,not_sold_out_confirmed,,,missing_or_unclear,C,C,Price visible but meal_basis=unknown_meal_basis (jalan_ambiguous_meal_and_room_only_tokens); excluded from room-only DP per confirmed policy.,160600,,,tax_included_total,jalan_unknown_meal_basis_excluded,false,false,true,unknown_meal_basis_excluded,unknown_meal_basis_excluded;meal_basis=unknown_meal_basis,,,/Users/gini/Documents/ZMI/zao-market-intelligence/.data/debug/auto-runner-market-refresh-rotating/20260811_180005/jalan/classification_decisions/yad322447_2027-01-02.json,zao_local_history_v1
2026-08-12|jalan|蔵王四季のホテル|yad322447|2027-01-03|2027-01-04|2_adults_1_room_1_night,8a91f727bc1ec5b22305d4c706fa2dffafd2cc70349f2fd731053386b2feebab,2027_01,2026-08-12,2026-08-12T04:00:05+09:00,2026-08-12T04:00:05+09:00,jalan,AUTO-RUNNER10X,integrated_jalan_bounded_live,蔵王四季のホテル,国内旅行・海外旅行や宿・ホテルの宿泊予約はじゃらんnet　～日本最大級の宿・ホテル予約サイト～,true,yad322447,yad322447,2027-01-03,2027-01-04,1,2,1,0,JPY,ja,2_adults_1_room_1_night,available,not_sold_out_confirmed,,,missing_or_unclear,C,C,Price visible but meal_basis=unknown_meal_basis (jalan_ambiguous_meal_and_room_only_tokens); excluded from room-only DP per confirmed policy.,123200,,,tax_included_total,jalan_unknown_meal_basis_excluded,false,false,true,unknown_meal_basis_excluded,unknown_meal_basis_excluded;meal_basis=unknown_meal_basis,,,/Users/gini/Documents/ZMI/zao-market-intelligence/.data/debug/auto-runner-market-refresh-rotating/20260812_040005/jalan/classification_decisions/yad322447_2027-01-03.json,zao_local_history_v1
2026-08-12|jalan|ペンション木いちご|yad325769|2027-01-01|2027-01-02|2_adults_1_room_1_night,a70ecfd86f4c4381d48ef36d2bd91f6b38e843791b2af7cad4190635e488806a,2027_01,2026-08-12,2026-08-12T04:00:05+09:00,2026-08-12T04:00:05+09:00,jalan,AUTO-RUNNER10X,integrated_jalan_bounded_live,ペンション木いちご,国内旅行・海外旅行や宿・ホテルの宿泊予約はじゃらんnet　～日本最大級の宿・ホテル予約サイト～,true,yad325769,yad325769,2027-01-01,2027-01-02,1,2,1,0,JPY,ja,2_adults_1_room_1_night,available,not_sold_out_confirmed,,,missing_or_unclear,C,C,"Price visible, meal_basis=confirmed_room_only, but room_basis=excluded_large_room (large_or_triple_or_quad_room_token_detected); excluded from two-person-standard DP per confirmed policy.",25000,,,tax_included_total,jalan_room_type_excluded,false,false,true,excluded_room_type_large,meal_basis_confirmed_room_only;meal_basis=confirmed_room_only;excluded_room_type_large;room_basis=excluded_large_room,,,/Users/gini/Documents/ZMI/zao-market-intelligence/.data/debug/auto-runner-market-refresh-rotating/20260812_040005/jalan/classification_decisions/yad325769_2027-01-01.json,zao_local_history_v1
2026-08-12|jalan|たかみや瑠璃倶楽|yad316848|2027-01-01|2027-01-02|2_adults_1_room_1_night,fd4a1741d1a02a0b4f13bd4909946eb6845e5119e67f038ff236ea8fe8c0b447,2027_01,2026-08-12,2026-08-12T08:00:06+09:00,2026-08-12T08:00:06+09:00,jalan,AUTO-RUNNER10X,integrated_jalan_bounded_live,たかみや瑠璃倶楽,国内旅行・海外旅行や宿・ホテルの宿泊予約はじゃらんnet　～日本最大級の宿・ホテル予約サイト～,true,yad316848,yad316848,2027-01-01,2027-01-02,1,2,1,0,JPY,ja,2_adults_1_room_1_night,sold_out,sold_out,,,missing_or_unclear,insufficient,insufficient,selected_date_calendar_sold_out,,,,missing_or_unclear,jalan_sold_out_excluded,false,false,true,sold_out_without_price,page_chrome_coupon_or_discount_evidence;tax_included_total_not_confirmed,,,/Users/gini/Documents/ZMI/zao-market-intelligence/.data/debug/auto-runner-market-refresh-rotating/20260812_080006/jalan/classification_decisions/yad316848_2027-01-01.json,zao_local_history_v1
2026-08-12|jalan|深山荘 高見屋|yad321744|2027-01-02|2027-01-03|2_adults_1_room_1_night,2539596ccaefae39f71a1d55ad5fa16cd25c59f1695c174e0eaad0835cfe1241,2027_01,2026-08-12,2026-08-12T08:00:06+09:00,2026-08-12T08:00:06+09:00,jalan,AUTO-RUNNER10X,integrated_jalan_bounded_live,深山荘 高見屋,国内旅行・海外旅行や宿・ホテルの宿泊予約はじゃらんnet　～日本最大級の宿・ホテル予約サイト～,true,yad321744,yad321744,2027-01-02,2027-01-03,1,2,1,0,JPY,ja,2_adults_1_room_1_night,sold_out,sold_out,,,missing_or_unclear,insufficient,insufficient,selected_date_calendar_sold_out,,,,missing_or_unclear,jalan_sold_out_excluded,false,false,true,sold_out_without_price,page_chrome_coupon_or_discount_evidence;tax_included_total_not_confirmed,,,/Users/gini/Documents/ZMI/zao-market-intelligence/.data/debug/auto-runner-market-refresh-rotating/20260812_080006/jalan/classification_decisions/yad321744_2027-01-02.json,zao_local_history_v1
2026-08-12|jalan|深山荘 高見屋|yad321744|2027-01-03|2027-01-04|2_adults_1_room_1_night,fd2238ada725483b0a78c0a00d8d67ceccb1e248ce1af7904bc5e6573c57bbd2,2027_01,2026-08-12,2026-08-12T08:00:06+09:00,2026-08-12T08:00:06+09:00,jalan,AUTO-RUNNER10X,integrated_jalan_bounded_live,深山荘 高見屋,国内旅行・海外旅行や宿・ホテルの宿泊予約はじゃらんnet　～日本最大級の宿・ホテル予約サイト～,true,yad321744,yad321744,2027-01-03,2027-01-04,1,2,1,0,JPY,ja,2_adults_1_room_1_night,sold_out,sold_out,,,missing_or_unclear,insufficient,insufficient,selected_date_calendar_sold_out,,,,missing_or_unclear,jalan_sold_out_excluded,false,false,true,sold_out_without_price,page_chrome_coupon_or_discount_evidence;tax_included_total_not_confirmed,,,/Users/gini/Documents/ZMI/zao-market-intelligence/.data/debug/auto-runner-market-refresh-rotating/20260812_080006/jalan/classification_decisions/yad321744_2027-01-03.json,zao_local_history_v1
2026-08-12|jalan|蔵王四季のホテル|yad322447|2027-01-09|2027-01-10|2_adults_1_room_1_night,cafa4acd7f774d696af7235cc1bd09619ed8fc23245349a358c2e6c046fb7842,2027_01,2026-08-12,2026-08-12T08:00:06+09:00,2026-08-12T08:00:06+09:00,jalan,AUTO-RUNNER10X,integrated_jalan_bounded_live,蔵王四季のホテル,国内旅行・海外旅行や宿・ホテルの宿泊予約はじゃらんnet　～日本最大級の宿・ホテル予約サイト～,true,yad322447,yad322447,2027-01-09,2027-01-10,1,2,1,0,JPY,ja,2_adults_1_room_1_night,available,not_sold_out_confirmed,,,missing_or_unclear,C,C,Price visible but meal_basis=unknown_meal_basis (jalan_ambiguous_meal_and_room_only_tokens); excluded from room-only DP per confirmed policy.,138600,,,tax_included_total,jalan_unknown_meal_basis_excluded,false,false,true,unknown_meal_basis_excluded,unknown_meal_basis_excluded;meal_basis=unknown_meal_basis,,,/Users/gini/Documents/ZMI/zao-market-intelligence/.data/debug/auto-runner-market-refresh-rotating/20260812_080006/jalan/classification_decisions/yad322447_2027-01-09.json,zao_local_history_v1
2026-08-12|jalan|蔵王四季のホテル|yad322447|2027-01-10|2027-01-11|2_adults_1_room_1_night,4d80143d0d603628e3f45d2b9405f349df0f705b9bdfb78fad8905ad23bd9dd4,2027_01,2026-08-12,2026-08-12T08:00:06+09:00,2026-08-12T08:00:06+09:00,jalan,AUTO-RUNNER10X,integrated_jalan_bounded_live,蔵王四季のホテル,国内旅行・海外旅行や宿・ホテルの宿泊予約はじゃらんnet　～日本最大級の宿・ホテル予約サイト～,true,yad322447,yad322447,2027-01-10,2027-01-11,1,2,1,0,JPY,ja,2_adults_1_room_1_night,available,not_sold_out_confirmed,,,missing_or_unclear,C,C,Price visible but meal_basis=unknown_meal_basis (jalan_ambiguous_meal_and_room_only_tokens); excluded from room-only DP per confirmed policy.,132000,,,tax_included_total,jalan_unknown_meal_basis_excluded,false,false,true,unknown_meal_basis_excluded,unknown_meal_basis_excluded;meal_basis=unknown_meal_basis,,,/Users/gini/Documents/ZMI/zao-market-intelligence/.data/debug/auto-runner-market-refresh-rotating/20260812_080006/jalan/classification_decisions/yad322447_2027-01-10.json,zao_local_history_v1
2026-08-12|jalan|深山荘 高見屋|yad321744|2027-01-01|2027-01-02|2_adults_1_room_1_night,6977a5aa30d68b8c1259392390a7cf3ba9fb47f991b751a938f3ce7e6ac0c7dd,2027_01,2026-08-12,2026-08-12T16:00:07+09:00,2026-08-12T16:00:07+09:00,jalan,AUTO-RUNNER10X,integrated_jalan_bounded_live,深山荘 高見屋,国内旅行・海外旅行や宿・ホテルの宿泊予約はじゃらんnet　～日本最大級の宿・ホテル予約サイト～,true,yad321744,yad321744,2027-01-01,2027-01-02,1,2,1,0,JPY,ja,2_adults_1_room_1_night,sold_out,sold_out,,,missing_or_unclear,insufficient,insufficient,selected_date_calendar_sold_out,,,,missing_or_unclear,jalan_sold_out_excluded,false,false,true,sold_out_without_price,page_chrome_coupon_or_discount_evidence;tax_included_total_not_confirmed,,,/Users/gini/Documents/ZMI/zao-market-intelligence/.data/debug/auto-runner-market-refresh-rotating/20260812_160007/jalan/classification_decisions/yad321744_2027-01-01.json,zao_local_history_v1
2026-08-12|jalan|名湯リゾート ルーセントタカミヤ|yad331969|2027-01-01|2027-01-02|2_adults_1_room_1_night,0d3383e920db99a018152e9ebf2725e54de6f7afaf11caf48e2d6545ecb8aefe,2027_01,2026-08-12,2026-08-12T20:00:04+09:00,2026-08-12T20:00:04+09:00,jalan,AUTO-RUNNER10X,integrated_jalan_bounded_live,名湯リゾート ルーセントタカミヤ,国内旅行・海外旅行や宿・ホテルの宿泊予約はじゃらんnet　～日本最大級の宿・ホテル予約サイト～,true,yad331969,yad331969,2027-01-01,2027-01-02,1,2,1,0,JPY,ja,2_adults_1_room_1_night,sold_out,sold_out,,,missing_or_unclear,insufficient,insufficient,selected_date_calendar_sold_out,,,,missing_or_unclear,jalan_sold_out_excluded,false,false,true,sold_out_without_price,page_chrome_coupon_or_discount_evidence;tax_included_total_not_confirmed,,,/Users/gini/Documents/ZMI/zao-market-intelligence/.data/debug/auto-runner-market-refresh-rotating/20260812_200004/jalan/classification_decisions/yad331969_2027-01-01.json,zao_local_history_v1
2026-08-12|jalan|深山荘 高見屋|yad321744|2027-01-09|2027-01-10|2_adults_1_room_1_night,b839b0eafb8726e667188907e00462d038a31d94c593638115e7b23ce06a6422,2027_01,2026-08-12,2026-08-12T22:00:05+09:00,2026-08-12T22:00:05+09:00,jalan,AUTO-RUNNER10X,integrated_jalan_bounded_live,深山荘 高見屋,国内旅行・海外旅行や宿・ホテルの宿泊予約はじゃらんnet　～日本最大級の宿・ホテル予約サイト～,true,yad321744,yad321744,2027-01-09,2027-01-10,1,2,1,0,JPY,ja,2_adults_1_room_1_night,sold_out,sold_out,,,missing_or_unclear,insufficient,insufficient,selected_date_calendar_sold_out,,,,missing_or_unclear,jalan_sold_out_excluded,false,false,true,sold_out_without_price,page_chrome_coupon_or_discount_evidence;tax_included_total_not_confirmed,,,/Users/gini/Documents/ZMI/zao-market-intelligence/.data/debug/auto-runner-market-refresh-rotating/20260812_220005/jalan/classification_decisions/yad321744_2027-01-09.json,zao_local_history_v1
2026-08-13|jalan|蔵王四季のホテル|yad322447|2027-01-01|2027-01-02|2_adults_1_room_1_night,d363cbf9363db3df445960cc54881eb6625ce6d2b7a0302c45b66cabb68c88c8,2027_01,2026-08-13,2026-08-13T00:00:02+09:00,2026-08-13T00:00:02+09:00,jalan,AUTO-RUNNER10X,integrated_jalan_bounded_live,蔵王四季のホテル,国内旅行・海外旅行や宿・ホテルの宿泊予約はじゃらんnet　～日本最大級の宿・ホテル予約サイト～,true,yad322447,yad322447,2027-01-01,2027-01-02,1,2,1,0,JPY,ja,2_adults_1_room_1_night,sold_out,sold_out,,,missing_or_unclear,insufficient,insufficient,selected_date_calendar_sold_out,,,,missing_or_unclear,jalan_sold_out_excluded,false,false,true,sold_out_without_price,tax_included_total_not_confirmed,,,/Users/gini/Documents/ZMI/zao-market-intelligence/.data/debug/auto-runner-market-refresh-rotating/20260813_000002/jalan/classification_decisions/yad322447_2027-01-01.json,zao_local_history_v1
2026-08-13|jalan|蔵王四季のホテル|yad322447|2027-01-02|2027-01-03|2_adults_1_room_1_night,7fbdb8aa9c7e2c47e991a102995b7d4e4668cf142967c64929290c39a514ce40,2027_01,2026-08-13,2026-08-13T00:00:02+09:00,2026-08-13T00:00:02+09:00,jalan,AUTO-RUNNER10X,integrated_jalan_bounded_live,蔵王四季のホテル,国内旅行・海外旅行や宿・ホテルの宿泊予約はじゃらんnet　～日本最大級の宿・ホテル予約サイト～,true,yad322447,yad322447,2027-01-02,2027-01-03,1,2,1,0,JPY,ja,2_adults_1_room_1_night,available,not_sold_out_confirmed,,,missing_or_unclear,C,C,Price visible but meal_basis=unknown_meal_basis (jalan_ambiguous_meal_and_room_only_tokens); excluded from room-only DP per confirmed policy.,160600,,,tax_included_total,jalan_unknown_meal_basis_excluded,false,false,true,unknown_meal_basis_excluded,unknown_meal_basis_excluded;meal_basis=unknown_meal_basis,,,/Users/gini/Documents/ZMI/zao-market-intelligence/.data/debug/auto-runner-market-refresh-rotating/20260813_000002/jalan/classification_decisions/yad322447_2027-01-02.json,zao_local_history_v1
2026-08-13|jalan|ペンション木いちご|yad325769|2027-01-01|2027-01-02|2_adults_1_room_1_night,3c433a9b7a05e83687624a097eebd09b5087041479adaf1bf17cdba2d419a4da,2027_01,2026-08-13,2026-08-13T04:00:07+09:00,2026-08-13T04:00:07+09:00,jalan,AUTO-RUNNER10X,integrated_jalan_bounded_live,ペンション木いちご,国内旅行・海外旅行や宿・ホテルの宿泊予約はじゃらんnet　～日本最大級の宿・ホテル予約サイト～,true,yad325769,yad325769,2027-01-01,2027-01-02,1,2,1,0,JPY,ja,2_adults_1_room_1_night,available,not_sold_out_confirmed,,,missing_or_unclear,C,C,"Price visible, meal_basis=confirmed_room_only, but room_basis=excluded_large_room (large_or_triple_or_quad_room_token_detected); excluded from two-person-standard DP per confirmed policy.",25000,,,tax_included_total,jalan_room_type_excluded,false,false,true,excluded_room_type_large,meal_basis_confirmed_room_only;meal_basis=confirmed_room_only;excluded_room_type_large;room_basis=excluded_large_room,,,/Users/gini/Documents/ZMI/zao-market-intelligence/.data/debug/auto-runner-market-refresh-rotating/20260813_040007/jalan/classification_decisions/yad325769_2027-01-01.json,zao_local_history_v1
2026-08-13|jalan|蔵王四季のホテル|yad322447|2027-01-03|2027-01-04|2_adults_1_room_1_night,f6be722f4714219df02a90785dfec9a40c6a88c9b6324f51d4ac85928df51e34,2027_01,2026-08-13,2026-08-13T04:00:07+09:00,2026-08-13T04:00:07+09:00,jalan,AUTO-RUNNER10X,integrated_jalan_bounded_live,蔵王四季のホテル,国内旅行・海外旅行や宿・ホテルの宿泊予約はじゃらんnet　～日本最大級の宿・ホテル予約サイト～,true,yad322447,yad322447,2027-01-03,2027-01-04,1,2,1,0,JPY,ja,2_adults_1_room_1_night,available,not_sold_out_confirmed,,,missing_or_unclear,C,C,Price visible but meal_basis=unknown_meal_basis (jalan_ambiguous_meal_and_room_only_tokens); excluded from room-only DP per confirmed policy.,123200,,,tax_included_total,jalan_unknown_meal_basis_excluded,false,false,true,unknown_meal_basis_excluded,unknown_meal_basis_excluded;meal_basis=unknown_meal_basis,,,/Users/gini/Documents/ZMI/zao-market-intelligence/.data/debug/auto-runner-market-refresh-rotating/20260813_040007/jalan/classification_decisions/yad322447_2027-01-03.json,zao_local_history_v1
2026-08-13|jalan|ペンション木いちご|yad325769|2027-01-02|2027-01-03|2_adults_1_room_1_night,1d044153912b6abff0cfcd31c6b521d46648ed46e609bb383128aeee1a8dc038,2027_01,2026-08-13,2026-08-13T04:00:07+09:00,2026-08-13T04:00:07+09:00,jalan,AUTO-RUNNER10X,integrated_jalan_bounded_live,ペンション木いちご,国内旅行・海外旅行や宿・ホテルの宿泊予約はじゃらんnet　～日本最大級の宿・ホテル予約サイト～,true,yad325769,yad325769,2027-01-02,2027-01-03,1,2,1,0,JPY,ja,2_adults_1_room_1_night,available,not_sold_out_confirmed,,,missing_or_unclear,C,C,"Price visible, meal_basis=confirmed_room_only, but room_basis=excluded_large_room (large_or_triple_or_quad_room_token_detected); excluded from two-person-standard DP per confirmed policy.",25000,,,tax_included_total,jalan_room_type_excluded,false,false,true,excluded_room_type_large,meal_basis_confirmed_room_only;meal_basis=confirmed_room_only;excluded_room_type_large;room_basis=excluded_large_room,,,/Users/gini/Documents/ZMI/zao-market-intelligence/.data/debug/auto-runner-market-refresh-rotating/20260813_040007/jalan/classification_decisions/yad325769_2027-01-02.json,zao_local_history_v1
2026-08-13|jalan|ペンション木いちご|yad325769|2027-01-03|2027-01-04|2_adults_1_room_1_night,cb162e20b2a6a39b46bc839132a82b406c76e7a6358ca5b938dd81069f2cebac,2027_01,2026-08-13,2026-08-13T06:00:06+09:00,2026-08-13T06:00:06+09:00,jalan,AUTO-RUNNER10X,integrated_jalan_bounded_live,ペンション木いちご,国内旅行・海外旅行や宿・ホテルの宿泊予約はじゃらんnet　～日本最大級の宿・ホテル予約サイト～,true,yad325769,yad325769,2027-01-03,2027-01-04,1,2,1,0,JPY,ja,2_adults_1_room_1_night,available,not_sold_out_confirmed,,,missing_or_unclear,C,C,"Price visible, meal_basis=confirmed_room_only, but room_basis=excluded_large_room (large_or_triple_or_quad_room_token_detected); excluded from two-person-standard DP per confirmed policy.",19000,,,tax_included_total,jalan_room_type_excluded,false,false,true,excluded_room_type_large,meal_basis_confirmed_room_only;meal_basis=confirmed_room_only;excluded_room_type_large;room_basis=excluded_large_room,,,/Users/gini/Documents/ZMI/zao-market-intelligence/.data/debug/auto-runner-market-refresh-rotating/20260813_060006/jalan/classification_decisions/yad325769_2027-01-03.json,zao_local_history_v1
2026-08-13|jalan|蔵王四季のホテル|yad322447|2027-01-11|2027-01-12|2_adults_1_room_1_night,8fc3e8f5c5b4c94ed017fab65f5d068f63d5ceec1b88b539352f1acd95c5c059,2027_01,2026-08-13,2026-08-13T06:00:06+09:00,2026-08-13T06:00:06+09:00,jalan,AUTO-RUNNER10X,integrated_jalan_bounded_live,蔵王四季のホテル,国内旅行・海外旅行や宿・ホテルの宿泊予約はじゃらんnet　～日本最大級の宿・ホテル予約サイト～,true,yad322447,yad322447,2027-01-11,2027-01-12,1,2,1,0,JPY,ja,2_adults_1_room_1_night,available,not_sold_out_confirmed,,,missing_or_unclear,C,C,Price visible but meal_basis=unknown_meal_basis (jalan_ambiguous_meal_and_room_only_tokens); excluded from room-only DP per confirmed policy.,99000,,,tax_included_total,jalan_unknown_meal_basis_excluded,false,false,true,unknown_meal_basis_excluded,unknown_meal_basis_excluded;meal_basis=unknown_meal_basis,,,/Users/gini/Documents/ZMI/zao-market-intelligence/.data/debug/auto-runner-market-refresh-rotating/20260813_060006/jalan/classification_decisions/yad322447_2027-01-11.json,zao_local_history_v1
2026-08-13|jalan|ペンション木いちご|yad325769|2027-01-09|2027-01-10|2_adults_1_room_1_night,5e9c93d126dc1f13ff6beaa22fd6f0e54408ad19e260d1cbe7a4640e30b78d69,2027_01,2026-08-13,2026-08-13T06:00:06+09:00,2026-08-13T06:00:06+09:00,jalan,AUTO-RUNNER10X,integrated_jalan_bounded_live,ペンション木いちご,国内旅行・海外旅行や宿・ホテルの宿泊予約はじゃらんnet　～日本最大級の宿・ホテル予約サイト～,true,yad325769,yad325769,2027-01-09,2027-01-10,1,2,1,0,JPY,ja,2_adults_1_room_1_night,available,not_sold_out_confirmed,,,missing_or_unclear,C,C,"Price visible, meal_basis=confirmed_room_only, but room_basis=excluded_large_room (large_or_triple_or_quad_room_token_detected); excluded from two-person-standard DP per confirmed policy.",21000,,,tax_included_total,jalan_room_type_excluded,false,false,true,excluded_room_type_large,meal_basis_confirmed_room_only;meal_basis=confirmed_room_only;excluded_room_type_large;room_basis=excluded_large_room,,,/Users/gini/Documents/ZMI/zao-market-intelligence/.data/debug/auto-runner-market-refresh-rotating/20260813_060006/jalan/classification_decisions/yad325769_2027-01-09.json,zao_local_history_v1
2026-08-13|jalan|蔵王四季のホテル|yad322447|2027-01-09|2027-01-10|2_adults_1_room_1_night,fccb79531fab2e10e787c5c2cb970466a312451588a5e24c38a6967ad5a5ab1b,2027_01,2026-08-13,2026-08-13T08:00:06+09:00,2026-08-13T08:00:06+09:00,jalan,AUTO-RUNNER10X,integrated_jalan_bounded_live,蔵王四季のホテル,国内旅行・海外旅行や宿・ホテルの宿泊予約はじゃらんnet　～日本最大級の宿・ホテル予約サイト～,true,yad322447,yad322447,2027-01-09,2027-01-10,1,2,1,0,JPY,ja,2_adults_1_room_1_night,available,not_sold_out_confirmed,,,missing_or_unclear,C,C,Price visible but meal_basis=unknown_meal_basis (jalan_ambiguous_meal_and_room_only_tokens); excluded from room-only DP per confirmed policy.,138600,,,tax_included_total,jalan_unknown_meal_basis_excluded,false,false,true,unknown_meal_basis_excluded,unknown_meal_basis_excluded;meal_basis=unknown_meal_basis,,,/Users/gini/Documents/ZMI/zao-market-intelligence/.data/debug/auto-runner-market-refresh-rotating/20260813_080006/jalan/classification_decisions/yad322447_2027-01-09.json,zao_local_history_v1
2026-08-13|jalan|ペンション木いちご|yad325769|2027-01-10|2027-01-11|2_adults_1_room_1_night,5c804ce3234660375ba181d0fd89daa465290e631edb5bec7c78be36dd5197f7,2027_01,2026-08-13,2026-08-13T08:00:06+09:00,2026-08-13T08:00:06+09:00,jalan,AUTO-RUNNER10X,integrated_jalan_bounded_live,ペンション木いちご,国内旅行・海外旅行や宿・ホテルの宿泊予約はじゃらんnet　～日本最大級の宿・ホテル予約サイト～,true,yad325769,yad325769,2027-01-10,2027-01-11,1,2,1,0,JPY,ja,2_adults_1_room_1_night,available,not_sold_out_confirmed,,,missing_or_unclear,C,C,"Price visible, meal_basis=confirmed_room_only, but room_basis=excluded_large_room (large_or_triple_or_quad_room_token_detected); excluded from two-person-standard DP per confirmed policy.",21000,,,tax_included_total,jalan_room_type_excluded,false,false,true,excluded_room_type_large,meal_basis_confirmed_room_only;meal_basis=confirmed_room_only;excluded_room_type_large;room_basis=excluded_large_room,,,/Users/gini/Documents/ZMI/zao-market-intelligence/.data/debug/auto-runner-market-refresh-rotating/20260813_080006/jalan/classification_decisions/yad325769_2027-01-10.json,zao_local_history_v1
2026-08-13|jalan|名湯リゾート ルーセントタカミヤ|yad331969|2027-01-01|2027-01-02|2_adults_1_room_1_night,4e00babb4009d642dce9cb5e6058de3426b2493442952dcdde7991b4a9ca2499,2027_01,2026-08-13,2026-08-13T22:00:06+09:00,2026-08-13T22:00:06+09:00,jalan,AUTO-RUNNER10X,integrated_jalan_bounded_live,名湯リゾート ルーセントタカミヤ,国内旅行・海外旅行や宿・ホテルの宿泊予約はじゃらんnet　～日本最大級の宿・ホテル予約サイト～,true,yad331969,yad331969,2027-01-01,2027-01-02,1,2,1,0,JPY,ja,2_adults_1_room_1_night,sold_out,sold_out,,,missing_or_unclear,insufficient,insufficient,selected_date_calendar_sold_out,,,,missing_or_unclear,jalan_sold_out_excluded,false,false,true,sold_out_without_price,page_chrome_coupon_or_discount_evidence;tax_included_total_not_confirmed,,,/Users/gini/Documents/ZMI/zao-market-intelligence/.data/debug/auto-runner-market-refresh-rotating/20260813_220006/jalan/classification_decisions/yad331969_2027-01-01.json,zao_local_history_v1
2026-08-14|jalan|名湯リゾート ルーセントタカミヤ|yad331969|2027-01-02|2027-01-03|2_adults_1_room_1_night,2ce12dd1e6028c04db62080812ded6cdb4333ddebb54daf939654b1185cc26f0,2027_01,2026-08-14,2026-08-14T00:00:02+09:00,2026-08-14T00:00:02+09:00,jalan,AUTO-RUNNER10X,integrated_jalan_bounded_live,名湯リゾート ルーセントタカミヤ,国内旅行・海外旅行や宿・ホテルの宿泊予約はじゃらんnet　～日本最大級の宿・ホテル予約サイト～,true,yad331969,yad331969,2027-01-02,2027-01-03,1,2,1,0,JPY,ja,2_adults_1_room_1_night,sold_out,sold_out,,,missing_or_unclear,insufficient,insufficient,selected_date_calendar_sold_out,,,,missing_or_unclear,jalan_sold_out_excluded,false,false,true,sold_out_without_price,page_chrome_coupon_or_discount_evidence;tax_included_total_not_confirmed,,,/Users/gini/Documents/ZMI/zao-market-intelligence/.data/debug/auto-runner-market-refresh-rotating/20260814_000002/jalan/classification_decisions/yad331969_2027-01-02.json,zao_local_history_v1
2026-08-14|jalan|蔵王四季のホテル|yad322447|2027-01-01|2027-01-02|2_adults_1_room_1_night,809c0d8fe3fcfdd5f2b6bfa9ca7e5297f78b49c7d282f6736334b28fd433fb05,2027_01,2026-08-14,2026-08-14T04:00:07+09:00,2026-08-14T04:00:07+09:00,jalan,AUTO-RUNNER10X,integrated_jalan_bounded_live,蔵王四季のホテル,国内旅行・海外旅行や宿・ホテルの宿泊予約はじゃらんnet　～日本最大級の宿・ホテル予約サイト～,true,yad322447,yad322447,2027-01-01,2027-01-02,1,2,1,0,JPY,ja,2_adults_1_room_1_night,sold_out,sold_out,,,missing_or_unclear,insufficient,insufficient,selected_date_calendar_sold_out,,,,missing_or_unclear,jalan_sold_out_excluded,false,false,true,sold_out_without_price,tax_included_total_not_confirmed,,,/Users/gini/Documents/ZMI/zao-market-intelligence/.data/debug/auto-runner-market-refresh-rotating/20260814_040007/jalan/classification_decisions/yad322447_2027-01-01.json,zao_local_history_v1
2026-08-14|jalan|蔵王四季のホテル|yad322447|2027-01-02|2027-01-03|2_adults_1_room_1_night,64fb0f72beb979e4f51072011437137e3d93dc2f230bd7131b6ed0ad27c6e2ee,2027_01,2026-08-14,2026-08-14T04:00:07+09:00,2026-08-14T04:00:07+09:00,jalan,AUTO-RUNNER10X,integrated_jalan_bounded_live,蔵王四季のホテル,国内旅行・海外旅行や宿・ホテルの宿泊予約はじゃらんnet　～日本最大級の宿・ホテル予約サイト～,true,yad322447,yad322447,2027-01-02,2027-01-03,1,2,1,0,JPY,ja,2_adults_1_room_1_night,available,not_sold_out_confirmed,,,missing_or_unclear,C,C,Price visible but meal_basis=unknown_meal_basis (jalan_ambiguous_meal_and_room_only_tokens); excluded from room-only DP per confirmed policy.,160600,,,tax_included_total,jalan_unknown_meal_basis_excluded,false,false,true,unknown_meal_basis_excluded,unknown_meal_basis_excluded;meal_basis=unknown_meal_basis,,,/Users/gini/Documents/ZMI/zao-market-intelligence/.data/debug/auto-runner-market-refresh-rotating/20260814_040007/jalan/classification_decisions/yad322447_2027-01-02.json,zao_local_history_v1
2026-08-14|jalan|ペンション木いちご|yad325769|2027-01-01|2027-01-02|2_adults_1_room_1_night,93fb24d41108fcec56df62f2dd55e80e04b989edf5c700a279f4ec545baf1c50,2027_01,2026-08-14,2026-08-14T06:00:06+09:00,2026-08-14T06:00:06+09:00,jalan,AUTO-RUNNER10X,integrated_jalan_bounded_live,ペンション木いちご,国内旅行・海外旅行や宿・ホテルの宿泊予約はじゃらんnet　～日本最大級の宿・ホテル予約サイト～,true,yad325769,yad325769,2027-01-01,2027-01-02,1,2,1,0,JPY,ja,2_adults_1_room_1_night,available,not_sold_out_confirmed,,,missing_or_unclear,C,C,"Price visible, meal_basis=confirmed_room_only, but room_basis=excluded_large_room (large_or_triple_or_quad_room_token_detected); excluded from two-person-standard DP per confirmed policy.",25000,,,tax_included_total,jalan_room_type_excluded,false,false,true,excluded_room_type_large,meal_basis_confirmed_room_only;meal_basis=confirmed_room_only;excluded_room_type_large;room_basis=excluded_large_room,,,/Users/gini/Documents/ZMI/zao-market-intelligence/.data/debug/auto-runner-market-refresh-rotating/20260814_060006/jalan/classification_decisions/yad325769_2027-01-01.json,zao_local_history_v1
2026-08-14|jalan|ペンション木いちご|yad325769|2027-01-02|2027-01-03|2_adults_1_room_1_night,ca4a4e611bb9eec78272dcbd10b0c00482da8f4b0970c1d27328c1c29c15a666,2027_01,2026-08-14,2026-08-14T08:00:06+09:00,2026-08-14T08:00:06+09:00,jalan,AUTO-RUNNER10X,integrated_jalan_bounded_live,ペンション木いちご,国内旅行・海外旅行や宿・ホテルの宿泊予約はじゃらんnet　～日本最大級の宿・ホテル予約サイト～,true,yad325769,yad325769,2027-01-02,2027-01-03,1,2,1,0,JPY,ja,2_adults_1_room_1_night,available,not_sold_out_confirmed,,,missing_or_unclear,C,C,"Price visible, meal_basis=confirmed_room_only, but room_basis=excluded_large_room (large_or_triple_or_quad_room_token_detected); excluded from two-person-standard DP per confirmed policy.",25000,,,tax_included_total,jalan_room_type_excluded,false,false,true,excluded_room_type_large,meal_basis_confirmed_room_only;meal_basis=confirmed_room_only;excluded_room_type_large;room_basis=excluded_large_room,,,/Users/gini/Documents/ZMI/zao-market-intelligence/.data/debug/auto-runner-market-refresh-rotating/20260814_080006/jalan/classification_decisions/yad325769_2027-01-02.json,zao_local_history_v1
2026-08-14|jalan|蔵王四季のホテル|yad322447|2027-01-03|2027-01-04|2_adults_1_room_1_night,4802acc5f46223efb18d416f333d42d9901d13449711ed2b196877f7a6cff30a,2027_01,2026-08-14,2026-08-14T08:00:06+09:00,2026-08-14T08:00:06+09:00,jalan,AUTO-RUNNER10X,integrated_jalan_bounded_live,蔵王四季のホテル,国内旅行・海外旅行や宿・ホテルの宿泊予約はじゃらんnet　～日本最大級の宿・ホテル予約サイト～,true,yad322447,yad322447,2027-01-03,2027-01-04,1,2,1,0,JPY,ja,2_adults_1_room_1_night,available,not_sold_out_confirmed,,,missing_or_unclear,C,C,Price visible but meal_basis=unknown_meal_basis (jalan_ambiguous_meal_and_room_only_tokens); excluded from room-only DP per confirmed policy.,123200,,,tax_included_total,jalan_unknown_meal_basis_excluded,false,false,true,unknown_meal_basis_excluded,unknown_meal_basis_excluded;meal_basis=unknown_meal_basis,,,/Users/gini/Documents/ZMI/zao-market-intelligence/.data/debug/auto-runner-market-refresh-rotating/20260814_080006/jalan/classification_decisions/yad322447_2027-01-03.json,zao_local_history_v1
2026-08-14|jalan|ペンション木いちご|yad325769|2027-01-03|2027-01-04|2_adults_1_room_1_night,57861c3d426fc6ff4e004e4eac903cf07330e601d85242306c77cc3529772cd7,2027_01,2026-08-14,2026-08-14T10:00:06+09:00,2026-08-14T10:00:06+09:00,jalan,AUTO-RUNNER10X,integrated_jalan_bounded_live,ペンション木いちご,国内旅行・海外旅行や宿・ホテルの宿泊予約はじゃらんnet　～日本最大級の宿・ホテル予約サイト～,true,yad325769,yad325769,2027-01-03,2027-01-04,1,2,1,0,JPY,ja,2_adults_1_room_1_night,available,not_sold_out_confirmed,,,missing_or_unclear,C,C,"Price visible, meal_basis=confirmed_room_only, but room_basis=excluded_large_room (large_or_triple_or_quad_room_token_detected); excluded from two-person-standard DP per confirmed policy.",19000,,,tax_included_total,jalan_room_type_excluded,false,false,true,excluded_room_type_large,meal_basis_confirmed_room_only;meal_basis=confirmed_room_only;excluded_room_type_large;room_basis=excluded_large_room,,,/Users/gini/Documents/ZMI/zao-market-intelligence/.data/debug/auto-runner-market-refresh-rotating/20260814_100006/jalan/classification_decisions/yad325769_2027-01-03.json,zao_local_history_v1
2026-08-14|jalan|蔵王四季のホテル|yad322447|2027-01-09|2027-01-10|2_adults_1_room_1_night,8c7f073b1520c4813196daf3ee03f13a7d9024e6401d2f85203178edf495edc8,2027_01,2026-08-14,2026-08-14T10:00:06+09:00,2026-08-14T10:00:06+09:00,jalan,AUTO-RUNNER10X,integrated_jalan_bounded_live,蔵王四季のホテル,国内旅行・海外旅行や宿・ホテルの宿泊予約はじゃらんnet　～日本最大級の宿・ホテル予約サイト～,true,yad322447,yad322447,2027-01-09,2027-01-10,1,2,1,0,JPY,ja,2_adults_1_room_1_night,available,not_sold_out_confirmed,,,missing_or_unclear,C,C,Price visible but meal_basis=unknown_meal_basis (jalan_ambiguous_meal_and_room_only_tokens); excluded from room-only DP per confirmed policy.,138600,,,tax_included_total,jalan_unknown_meal_basis_excluded,false,false,true,unknown_meal_basis_excluded,unknown_meal_basis_excluded;meal_basis=unknown_meal_basis,,,/Users/gini/Documents/ZMI/zao-market-intelligence/.data/debug/auto-runner-market-refresh-rotating/20260814_100006/jalan/classification_decisions/yad322447_2027-01-09.json,zao_local_history_v1
2026-08-14|jalan|三浦屋|yad302145|2027-01-01|2027-01-02|2_adults_1_room_1_night,60c0dcaca35c47010cecbebc4437c9a0e9e177f3e4b7c02e558653a29688d362,2027_01,2026-08-14,2026-08-14T12:00:06+09:00,2026-08-14T12:00:06+09:00,jalan,AUTO-RUNNER10X,integrated_jalan_bounded_live,三浦屋,国内旅行・海外旅行や宿・ホテルの宿泊予約はじゃらんnet　～日本最大級の宿・ホテル予約サイト～,true,yad302145,yad302145,2027-01-01,2027-01-02,1,2,1,0,JPY,ja,2_adults_1_room_1_night,available,not_sold_out_confirmed,,,missing_or_unclear,C,C,Price visible but a hard disqualifier prevents directional use: selected_plan_coupon_or_discount_not_comparable.,61985,,,tax_included_total,jalan_price_disqualified,false,false,true,selected_plan_coupon_or_discount_not_comparable,selected_plan_coupon_or_discount_evidence;meal_basis_confirmed_room_only;meal_basis=confirmed_room_only;room_basis_confirmed_two_person_standard;room_basis=confirmed_two_person_standard_room,,,/Users/gini/Documents/ZMI/zao-market-intelligence/.data/debug/auto-runner-market-refresh-rotating/20260814_120006/jalan/classification_decisions/yad302145_2027-01-01.json,zao_local_history_v1
2026-08-14|jalan|三浦屋|yad302145|2027-01-02|2027-01-03|2_adults_1_room_1_night,1f36744a22c517f7a7b6a769c5d21fc9da6cf3ac4a9a6842891938ef2ac7ac3d,2027_01,2026-08-14,2026-08-14T12:00:06+09:00,2026-08-14T12:00:06+09:00,jalan,AUTO-RUNNER10X,integrated_jalan_bounded_live,三浦屋,国内旅行・海外旅行や宿・ホテルの宿泊予約はじゃらんnet　～日本最大級の宿・ホテル予約サイト～,true,yad302145,yad302145,2027-01-02,2027-01-03,1,2,1,0,JPY,ja,2_adults_1_room_1_night,available,not_sold_out_confirmed,,,missing_or_unclear,C,C,Price visible but a hard disqualifier prevents directional use: selected_plan_coupon_or_discount_not_comparable.,61985,,,tax_included_total,jalan_price_disqualified,false,false,true,selected_plan_coupon_or_discount_not_comparable,selected_plan_coupon_or_discount_evidence;meal_basis_confirmed_room_only;meal_basis=confirmed_room_only;room_basis_confirmed_two_person_standard;room_basis=confirmed_two_person_standard_room,,,/Users/gini/Documents/ZMI/zao-market-intelligence/.data/debug/auto-runner-market-refresh-rotating/20260814_120006/jalan/classification_decisions/yad302145_2027-01-02.json,zao_local_history_v1
2026-08-14|jalan|蔵王四季のホテル|yad322447|2027-01-10|2027-01-11|2_adults_1_room_1_night,7a396cf346380671ad68f03da57c90486e55265a4a3d75c93dc25836585b0daf,2027_01,2026-08-14,2026-08-14T12:00:06+09:00,2026-08-14T12:00:06+09:00,jalan,AUTO-RUNNER10X,integrated_jalan_bounded_live,蔵王四季のホテル,国内旅行・海外旅行や宿・ホテルの宿泊予約はじゃらんnet　～日本最大級の宿・ホテル予約サイト～,true,yad322447,yad322447,2027-01-10,2027-01-11,1,2,1,0,JPY,ja,2_adults_1_room_1_night,available,not_sold_out_confirmed,,,missing_or_unclear,C,C,Price visible but meal_basis=unknown_meal_basis (jalan_ambiguous_meal_and_room_only_tokens); excluded from room-only DP per confirmed policy.,132000,,,tax_included_total,jalan_unknown_meal_basis_excluded,false,false,true,unknown_meal_basis_excluded,unknown_meal_basis_excluded;meal_basis=unknown_meal_basis,,,/Users/gini/Documents/ZMI/zao-market-intelligence/.data/debug/auto-runner-market-refresh-rotating/20260814_120006/jalan/classification_decisions/yad322447_2027-01-10.json,zao_local_history_v1
2026-08-14|jalan|ペンション木いちご|yad325769|2027-01-09|2027-01-10|2_adults_1_room_1_night,a7dbfd901371625227fe58d9cebbd4f5962e01372811a1f9acc7777672883d8f,2027_01,2026-08-14,2026-08-14T12:00:06+09:00,2026-08-14T12:00:06+09:00,jalan,AUTO-RUNNER10X,integrated_jalan_bounded_live,ペンション木いちご,国内旅行・海外旅行や宿・ホテルの宿泊予約はじゃらんnet　～日本最大級の宿・ホテル予約サイト～,true,yad325769,yad325769,2027-01-09,2027-01-10,1,2,1,0,JPY,ja,2_adults_1_room_1_night,available,not_sold_out_confirmed,,,missing_or_unclear,C,C,"Price visible, meal_basis=confirmed_room_only, but room_basis=excluded_large_room (large_or_triple_or_quad_room_token_detected); excluded from two-person-standard DP per confirmed policy.",21000,,,tax_included_total,jalan_room_type_excluded,false,false,true,excluded_room_type_large,meal_basis_confirmed_room_only;meal_basis=confirmed_room_only;excluded_room_type_large;room_basis=excluded_large_room,,,/Users/gini/Documents/ZMI/zao-market-intelligence/.data/debug/auto-runner-market-refresh-rotating/20260814_120006/jalan/classification_decisions/yad325769_2027-01-09.json,zao_local_history_v1
2026-08-14|jalan|深山荘 高見屋|yad321744|2027-01-01|2027-01-02|2_adults_1_room_1_night,24085105e73f4abd8bf3e986080f1a2256719fa38dfebc6c3611878bdb3f4a17,2027_01,2026-08-14,2026-08-14T16:00:06+09:00,2026-08-14T16:00:06+09:00,jalan,AUTO-RUNNER10X,integrated_jalan_bounded_live,深山荘 高見屋,国内旅行・海外旅行や宿・ホテルの宿泊予約はじゃらんnet　～日本最大級の宿・ホテル予約サイト～,true,yad321744,yad321744,2027-01-01,2027-01-02,1,2,1,0,JPY,ja,2_adults_1_room_1_night,sold_out,sold_out,,,missing_or_unclear,insufficient,insufficient,selected_date_calendar_sold_out,,,,missing_or_unclear,jalan_sold_out_excluded,false,false,true,sold_out_without_price,page_chrome_coupon_or_discount_evidence;tax_included_total_not_confirmed,,,/Users/gini/Documents/ZMI/zao-market-intelligence/.data/debug/auto-runner-market-refresh-rotating/20260814_160006/jalan/classification_decisions/yad321744_2027-01-01.json,zao_local_history_v1
2026-08-14|jalan|三浦屋|yad302145|2027-01-03|2027-01-04|2_adults_1_room_1_night,193847b71c27b3ca6d0d19d737135365a945027cbb7306ccb29b91799d32b95a,2027_01,2026-08-14,2026-08-14T16:00:06+09:00,2026-08-14T16:00:06+09:00,jalan,AUTO-RUNNER10X,integrated_jalan_bounded_live,三浦屋,国内旅行・海外旅行や宿・ホテルの宿泊予約はじゃらんnet　～日本最大級の宿・ホテル予約サイト～,true,yad302145,yad302145,2027-01-03,2027-01-04,1,2,1,0,JPY,ja,2_adults_1_room_1_night,available,not_sold_out_confirmed,,,missing_or_unclear,C,C,Price visible but a hard disqualifier prevents directional use: selected_plan_coupon_or_discount_not_comparable.,56925,,,tax_included_total,jalan_price_disqualified,false,false,true,selected_plan_coupon_or_discount_not_comparable,selected_plan_coupon_or_discount_evidence;meal_basis_confirmed_room_only;meal_basis=confirmed_room_only;room_basis_confirmed_two_person_standard;room_basis=confirmed_two_person_standard_room,,,/Users/gini/Documents/ZMI/zao-market-intelligence/.data/debug/auto-runner-market-refresh-rotating/20260814_160006/jalan/classification_decisions/yad302145_2027-01-03.json,zao_local_history_v1
2026-08-14|jalan|蔵王四季のホテル|yad322447|2027-01-11|2027-01-12|2_adults_1_room_1_night,222504c0b9cb1930d5ce60893dd6b5b0632d91927633d1063162002097377e9a,2027_01,2026-08-14,2026-08-14T16:00:06+09:00,2026-08-14T16:00:06+09:00,jalan,AUTO-RUNNER10X,integrated_jalan_bounded_live,蔵王四季のホテル,国内旅行・海外旅行や宿・ホテルの宿泊予約はじゃらんnet　～日本最大級の宿・ホテル予約サイト～,true,yad322447,yad322447,2027-01-11,2027-01-12,1,2,1,0,JPY,ja,2_adults_1_room_1_night,available,not_sold_out_confirmed,,,missing_or_unclear,C,C,Price visible but meal_basis=unknown_meal_basis (jalan_ambiguous_meal_and_room_only_tokens); excluded from room-only DP per confirmed policy.,99000,,,tax_included_total,jalan_unknown_meal_basis_excluded,false,false,true,unknown_meal_basis_excluded,unknown_meal_basis_excluded;meal_basis=unknown_meal_basis,,,/Users/gini/Documents/ZMI/zao-market-intelligence/.data/debug/auto-runner-market-refresh-rotating/20260814_160006/jalan/classification_decisions/yad322447_2027-01-11.json,zao_local_history_v1
2026-08-14|jalan|蔵王国際ホテル|yad309590|2027-01-01|2027-01-02|2_adults_1_room_1_night,bb585b08b2a219f41281421eb4017cc5985c89937002ad8646693982ebe2a0af,2027_01,2026-08-14,2026-08-14T18:00:04+09:00,2026-08-14T18:00:04+09:00,jalan,AUTO-RUNNER10X,integrated_jalan_bounded_live,蔵王国際ホテル,国内旅行・海外旅行や宿・ホテルの宿泊予約はじゃらんnet　～日本最大級の宿・ホテル予約サイト～,true,yad309590,yad309590,2027-01-01,2027-01-02,1,2,1,0,JPY,ja,2_adults_1_room_1_night,sold_out,sold_out,,,missing_or_unclear,insufficient,insufficient,selected_date_calendar_sold_out,,,,missing_or_unclear,jalan_sold_out_excluded,false,false,true,sold_out_without_price,tax_included_total_not_confirmed,,,/Users/gini/Documents/ZMI/zao-market-intelligence/.data/debug/auto-runner-market-refresh-rotating/20260814_180004/jalan/classification_decisions/yad309590_2027-01-01.json,zao_local_history_v1
2026-08-14|jalan|三浦屋|yad302145|2027-01-09|2027-01-10|2_adults_1_room_1_night,f7fd91125e23dce0c463cd64978098d0301275bd35c4ccb146521582d24ee82c,2027_01,2026-08-14,2026-08-14T18:00:04+09:00,2026-08-14T18:00:04+09:00,jalan,AUTO-RUNNER10X,integrated_jalan_bounded_live,三浦屋,国内旅行・海外旅行や宿・ホテルの宿泊予約はじゃらんnet　～日本最大級の宿・ホテル予約サイト～,true,yad302145,yad302145,2027-01-09,2027-01-10,1,2,1,0,JPY,ja,2_adults_1_room_1_night,available,not_sold_out_confirmed,,,missing_or_unclear,C,C,Price visible but a hard disqualifier prevents directional use: selected_plan_coupon_or_discount_not_comparable.,50600,,,tax_included_total,jalan_price_disqualified,false,false,true,selected_plan_coupon_or_discount_not_comparable,selected_plan_coupon_or_discount_evidence;meal_basis_confirmed_room_only;meal_basis=confirmed_room_only;room_basis_confirmed_two_person_standard;room_basis=confirmed_two_person_standard_room,,,/Users/gini/Documents/ZMI/zao-market-intelligence/.data/debug/auto-runner-market-refresh-rotating/20260814_180004/jalan/classification_decisions/yad302145_2027-01-09.json,zao_local_history_v1
2026-08-14|jalan|たかみや瑠璃倶楽|yad316848|2027-01-01|2027-01-02|2_adults_1_room_1_night,d250586476bc83ad8716fb43c2f61edf4bff30a4620fb89ca8dd9dd9dd5f9c47,2027_01,2026-08-14,2026-08-14T20:00:05+09:00,2026-08-14T20:00:05+09:00,jalan,AUTO-RUNNER10X,integrated_jalan_bounded_live,たかみや瑠璃倶楽,国内旅行・海外旅行や宿・ホテルの宿泊予約はじゃらんnet　～日本最大級の宿・ホテル予約サイト～,true,yad316848,yad316848,2027-01-01,2027-01-02,1,2,1,0,JPY,ja,2_adults_1_room_1_night,sold_out,sold_out,,,missing_or_unclear,insufficient,insufficient,selected_date_calendar_sold_out,,,,missing_or_unclear,jalan_sold_out_excluded,false,false,true,sold_out_without_price,page_chrome_coupon_or_discount_evidence;tax_included_total_not_confirmed,,,/Users/gini/Documents/ZMI/zao-market-intelligence/.data/debug/auto-runner-market-refresh-rotating/20260814_200005/jalan/classification_decisions/yad316848_2027-01-01.json,zao_local_history_v1
2026-08-14|jalan|蔵王国際ホテル|yad309590|2027-01-02|2027-01-03|2_adults_1_room_1_night,4f4919d74174aa4166d7e3190ee74d044bdba5a883362566fdc70a463904ec91,2027_01,2026-08-14,2026-08-14T20:00:05+09:00,2026-08-14T20:00:05+09:00,jalan,AUTO-RUNNER10X,integrated_jalan_bounded_live,蔵王国際ホテル,国内旅行・海外旅行や宿・ホテルの宿泊予約はじゃらんnet　～日本最大級の宿・ホテル予約サイト～,true,yad309590,yad309590,2027-01-02,2027-01-03,1,2,1,0,JPY,ja,2_adults_1_room_1_night,sold_out,sold_out,,,missing_or_unclear,insufficient,insufficient,selected_date_calendar_sold_out,,,,missing_or_unclear,jalan_sold_out_excluded,false,false,true,sold_out_without_price,tax_included_total_not_confirmed,,,/Users/gini/Documents/ZMI/zao-market-intelligence/.data/debug/auto-runner-market-refresh-rotating/20260814_200005/jalan/classification_decisions/yad309590_2027-01-02.json,zao_local_history_v1
2026-08-14|jalan|蔵王国際ホテル|yad309590|2027-01-03|2027-01-04|2_adults_1_room_1_night,bd79552521c2c04703771f46e85177c2d46b529f0ba9a55734fb265b3adc20bc,2027_01,2026-08-14,2026-08-14T20:00:05+09:00,2026-08-14T20:00:05+09:00,jalan,AUTO-RUNNER10X,integrated_jalan_bounded_live,蔵王国際ホテル,国内旅行・海外旅行や宿・ホテルの宿泊予約はじゃらんnet　～日本最大級の宿・ホテル予約サイト～,true,yad309590,yad309590,2027-01-03,2027-01-04,1,2,1,0,JPY,ja,2_adults_1_room_1_night,sold_out,sold_out,,,missing_or_unclear,insufficient,insufficient,selected_date_calendar_sold_out,,,,missing_or_unclear,jalan_sold_out_excluded,false,false,true,sold_out_without_price,tax_included_total_not_confirmed,,,/Users/gini/Documents/ZMI/zao-market-intelligence/.data/debug/auto-runner-market-refresh-rotating/20260814_200005/jalan/classification_decisions/yad309590_2027-01-03.json,zao_local_history_v1
2026-08-14|jalan|たかみや瑠璃倶楽|yad316848|2027-01-02|2027-01-03|2_adults_1_room_1_night,865a429c024dc0896b284c5b3825f978fafb2dccbcf5aa8ca7d9cfa75a097d49,2027_01,2026-08-14,2026-08-14T22:00:06+09:00,2026-08-14T22:00:06+09:00,jalan,AUTO-RUNNER10X,integrated_jalan_bounded_live,たかみや瑠璃倶楽,国内旅行・海外旅行や宿・ホテルの宿泊予約はじゃらんnet　～日本最大級の宿・ホテル予約サイト～,false,yad316848,yad316848,2027-01-02,2027-01-03,1,2,1,0,JPY,ja,2_adults_1_room_1_night,available,not_sold_out_confirmed,,,missing_or_unclear,C,C,Price visible but meal_basis=unknown_meal_basis (jalan_ambiguous_meal_and_room_only_tokens); excluded from room-only DP per confirmed policy.,50600,,,tax_included_total,jalan_unknown_meal_basis_excluded,false,false,true,unknown_meal_basis_excluded,page_chrome_coupon_or_discount_evidence;property_identity_not_confirmed;unknown_meal_basis_excluded;meal_basis=unknown_meal_basis,,,/Users/gini/Documents/ZMI/zao-market-intelligence/.data/debug/auto-runner-market-refresh-rotating/20260814_220006/jalan/classification_decisions/yad316848_2027-01-02.json,zao_local_history_v1
2026-08-14|jalan|たかみや瑠璃倶楽|yad316848|2027-01-03|2027-01-04|2_adults_1_room_1_night,a92b260d2170e716a503771d8dcacd9bfda5b67e81725a913298e7d40054d63c,2027_01,2026-08-14,2026-08-14T22:00:06+09:00,2026-08-14T22:00:06+09:00,jalan,AUTO-RUNNER10X,integrated_jalan_bounded_live,たかみや瑠璃倶楽,国内旅行・海外旅行や宿・ホテルの宿泊予約はじゃらんnet　～日本最大級の宿・ホテル予約サイト～,true,yad316848,yad316848,2027-01-03,2027-01-04,1,2,1,0,JPY,ja,2_adults_1_room_1_night,sold_out,sold_out,,,missing_or_unclear,insufficient,insufficient,selected_date_calendar_sold_out,,,,missing_or_unclear,jalan_sold_out_excluded,false,false,true,sold_out_without_price,page_chrome_coupon_or_discount_evidence;tax_included_total_not_confirmed,,,/Users/gini/Documents/ZMI/zao-market-intelligence/.data/debug/auto-runner-market-refresh-rotating/20260814_220006/jalan/classification_decisions/yad316848_2027-01-03.json,zao_local_history_v1
2026-08-14|jalan|三浦屋|yad302145|2027-01-10|2027-01-11|2_adults_1_room_1_night,44a0a3dcb91237568b761082a3db31a31fb8d6d8563ab8d5ac0a3d247f70a436,2027_01,2026-08-14,2026-08-14T22:00:06+09:00,2026-08-14T22:00:06+09:00,jalan,AUTO-RUNNER10X,integrated_jalan_bounded_live,三浦屋,国内旅行・海外旅行や宿・ホテルの宿泊予約はじゃらんnet　～日本最大級の宿・ホテル予約サイト～,true,yad302145,yad302145,2027-01-10,2027-01-11,1,2,1,0,JPY,ja,2_adults_1_room_1_night,available,not_sold_out_confirmed,,,missing_or_unclear,C,C,Price visible but a hard disqualifier prevents directional use: selected_plan_coupon_or_discount_not_comparable.,49335,,,tax_included_total,jalan_price_disqualified,false,false,true,selected_plan_coupon_or_discount_not_comparable,selected_plan_coupon_or_discount_evidence;meal_basis_confirmed_room_only;meal_basis=confirmed_room_only;room_basis_confirmed_two_person_standard;room_basis=confirmed_two_person_standard_room,,,/Users/gini/Documents/ZMI/zao-market-intelligence/.data/debug/auto-runner-market-refresh-rotating/20260814_220006/jalan/classification_decisions/yad302145_2027-01-10.json,zao_local_history_v1
2026-08-14|jalan|三浦屋|yad302145|2027-01-11|2027-01-12|2_adults_1_room_1_night,056305c0cd2836fb965dba857eaeaa46668dc16dc86d25d7336e407811a4324c,2027_01,2026-08-14,2026-08-14T22:00:06+09:00,2026-08-14T22:00:06+09:00,jalan,AUTO-RUNNER10X,integrated_jalan_bounded_live,三浦屋,国内旅行・海外旅行や宿・ホテルの宿泊予約はじゃらんnet　～日本最大級の宿・ホテル予約サイト～,true,yad302145,yad302145,2027-01-11,2027-01-12,1,2,1,0,JPY,ja,2_adults_1_room_1_night,available,not_sold_out_confirmed,,,missing_or_unclear,C,C,Price visible but a hard disqualifier prevents directional use: selected_plan_coupon_or_discount_not_comparable.,41745,,,tax_included_total,jalan_price_disqualified,false,false,true,selected_plan_coupon_or_discount_not_comparable,selected_plan_coupon_or_discount_evidence;meal_basis_confirmed_room_only;meal_basis=confirmed_room_only;room_basis_confirmed_two_person_standard;room_basis=confirmed_two_person_standard_room,,,/Users/gini/Documents/ZMI/zao-market-intelligence/.data/debug/auto-runner-market-refresh-rotating/20260814_220006/jalan/classification_decisions/yad302145_2027-01-11.json,zao_local_history_v1
2026-08-15|jalan|蔵王国際ホテル|yad309590|2027-01-09|2027-01-10|2_adults_1_room_1_night,bac2d90bbee2ec1e21cccc1b364c7fa69ebff0f40c4aa72e3e6637c7287c0340,2027_01,2026-08-15,2026-08-15T00:00:02+09:00,2026-08-15T00:00:02+09:00,jalan,AUTO-RUNNER10X,integrated_jalan_bounded_live,蔵王国際ホテル,国内旅行・海外旅行や宿・ホテルの宿泊予約はじゃらんnet　～日本最大級の宿・ホテル予約サイト～,true,yad309590,yad309590,2027-01-09,2027-01-10,1,2,1,0,JPY,ja,2_adults_1_room_1_night,available,not_sold_out_confirmed,,,missing_or_unclear,C,C,Price visible but meal_basis=unknown_meal_basis (jalan_meal_basis_unknown); excluded from room-only DP per confirmed policy.,70400,,,tax_included_total,jalan_unknown_meal_basis_excluded,false,false,true,unknown_meal_basis_excluded,unknown_meal_basis_excluded;meal_basis=unknown_meal_basis,,,/Users/gini/Documents/ZMI/zao-market-intelligence/.data/debug/auto-runner-market-refresh-rotating/20260815_000002/jalan/classification_decisions/yad309590_2027-01-09.json,zao_local_history_v1
2026-08-15|jalan|三浦屋|yad302145|2027-01-16|2027-01-17|2_adults_1_room_1_night,6a14a957cefbff260cf2c067cda5ee178ed1c0d7bc325385ab21be91065da791,2027_01,2026-08-15,2026-08-15T00:00:02+09:00,2026-08-15T00:00:02+09:00,jalan,AUTO-RUNNER10X,integrated_jalan_bounded_live,三浦屋,国内旅行・海外旅行や宿・ホテルの宿泊予約はじゃらんnet　～日本最大級の宿・ホテル予約サイト～,true,yad302145,yad302145,2027-01-16,2027-01-17,1,2,1,0,JPY,ja,2_adults_1_room_1_night,sold_out,sold_out,,,missing_or_unclear,insufficient,insufficient,selected_date_calendar_sold_out,,,,missing_or_unclear,jalan_sold_out_excluded,false,false,true,sold_out_without_price,page_chrome_coupon_or_discount_evidence;tax_included_total_not_confirmed,,,/Users/gini/Documents/ZMI/zao-market-intelligence/.data/debug/auto-runner-market-refresh-rotating/20260815_000002/jalan/classification_decisions/yad302145_2027-01-16.json,zao_local_history_v1
2026-08-15|jalan|深山荘 高見屋|yad321744|2027-01-02|2027-01-03|2_adults_1_room_1_night,16dec5025e5c97e71fd8370322e7e1c591c7958668c67fa58be3410881377080,2027_01,2026-08-15,2026-08-15T02:00:05+09:00,2026-08-15T02:00:05+09:00,jalan,AUTO-RUNNER10X,integrated_jalan_bounded_live,深山荘 高見屋,国内旅行・海外旅行や宿・ホテルの宿泊予約はじゃらんnet　～日本最大級の宿・ホテル予約サイト～,true,yad321744,yad321744,2027-01-02,2027-01-03,1,2,1,0,JPY,ja,2_adults_1_room_1_night,sold_out,sold_out,,,missing_or_unclear,insufficient,insufficient,selected_date_calendar_sold_out,,,,missing_or_unclear,jalan_sold_out_excluded,false,false,true,sold_out_without_price,page_chrome_coupon_or_discount_evidence;tax_included_total_not_confirmed,,,/Users/gini/Documents/ZMI/zao-market-intelligence/.data/debug/auto-runner-market-refresh-rotating/20260815_020005/jalan/classification_decisions/yad321744_2027-01-02.json,zao_local_history_v1
2026-08-15|jalan|蔵王国際ホテル|yad309590|2027-01-10|2027-01-11|2_adults_1_room_1_night,0aea7eb08a4b39aa1ba539adfe5cbf61c6b7898e1851a651abab80e4e68a12c5,2027_01,2026-08-15,2026-08-15T02:00:05+09:00,2026-08-15T02:00:05+09:00,jalan,AUTO-RUNNER10X,integrated_jalan_bounded_live,蔵王国際ホテル,国内旅行・海外旅行や宿・ホテルの宿泊予約はじゃらんnet　～日本最大級の宿・ホテル予約サイト～,true,yad309590,yad309590,2027-01-10,2027-01-11,1,2,1,0,JPY,ja,2_adults_1_room_1_night,sold_out,sold_out,,,missing_or_unclear,insufficient,insufficient,selected_date_calendar_sold_out,,,,missing_or_unclear,jalan_sold_out_excluded,false,false,true,sold_out_without_price,tax_included_total_not_confirmed,,,/Users/gini/Documents/ZMI/zao-market-intelligence/.data/debug/auto-runner-market-refresh-rotating/20260815_020005/jalan/classification_decisions/yad309590_2027-01-10.json,zao_local_history_v1
2026-08-15|jalan|三浦屋|yad302145|2027-01-23|2027-01-24|2_adults_1_room_1_night,67060f3248e976315d6457f622991444c436346c053d0fdbdde71aa451713566,2027_01,2026-08-15,2026-08-15T02:00:05+09:00,2026-08-15T02:00:05+09:00,jalan,AUTO-RUNNER10X,integrated_jalan_bounded_live,三浦屋,国内旅行・海外旅行や宿・ホテルの宿泊予約はじゃらんnet　～日本最大級の宿・ホテル予約サイト～,true,yad302145,yad302145,2027-01-23,2027-01-24,1,2,1,0,JPY,ja,2_adults_1_room_1_night,sold_out,sold_out,,,missing_or_unclear,insufficient,insufficient,selected_date_calendar_sold_out,,,,missing_or_unclear,jalan_sold_out_excluded,false,false,true,sold_out_without_price,page_chrome_coupon_or_discount_evidence;tax_included_total_not_confirmed,,,/Users/gini/Documents/ZMI/zao-market-intelligence/.data/debug/auto-runner-market-refresh-rotating/20260815_020005/jalan/classification_decisions/yad302145_2027-01-23.json,zao_local_history_v1
2026-08-15|jalan|三浦屋|yad302145|2027-01-30|2027-01-31|2_adults_1_room_1_night,10dbb11d984c12d4734f4f4805c1ba1a177a551a54fba2483fd4b90bba2462c0,2027_01,2026-08-15,2026-08-15T02:00:05+09:00,2026-08-15T02:00:05+09:00,jalan,AUTO-RUNNER10X,integrated_jalan_bounded_live,三浦屋,国内旅行・海外旅行や宿・ホテルの宿泊予約はじゃらんnet　～日本最大級の宿・ホテル予約サイト～,true,yad302145,yad302145,2027-01-30,2027-01-31,1,2,1,0,JPY,ja,2_adults_1_room_1_night,available,not_sold_out_confirmed,,,missing_or_unclear,C,C,Price visible but a hard disqualifier prevents directional use: selected_plan_coupon_or_discount_not_comparable.,46805,,,tax_included_total,jalan_price_disqualified,false,false,true,selected_plan_coupon_or_discount_not_comparable,selected_plan_coupon_or_discount_evidence;meal_basis_confirmed_room_only;meal_basis=confirmed_room_only;room_basis_confirmed_two_person_standard;room_basis=confirmed_two_person_standard_room,,,/Users/gini/Documents/ZMI/zao-market-intelligence/.data/debug/auto-runner-market-refresh-rotating/20260815_020005/jalan/classification_decisions/yad302145_2027-01-30.json,zao_local_history_v1
2026-08-15|jalan|たかみや瑠璃倶楽|yad316848|2027-01-09|2027-01-10|2_adults_1_room_1_night,3ea8e58e3f2f6f747df99b1d41f8ba7bc58847f01c00986640b72e428e07432c,2027_01,2026-08-15,2026-08-15T04:00:05+09:00,2026-08-15T04:00:05+09:00,jalan,AUTO-RUNNER10X,integrated_jalan_bounded_live,たかみや瑠璃倶楽,国内旅行・海外旅行や宿・ホテルの宿泊予約はじゃらんnet　～日本最大級の宿・ホテル予約サイト～,true,yad316848,yad316848,2027-01-09,2027-01-10,1,2,1,0,JPY,ja,2_adults_1_room_1_night,sold_out,sold_out,,,missing_or_unclear,insufficient,insufficient,selected_date_calendar_sold_out,,,,missing_or_unclear,jalan_sold_out_excluded,false,false,true,sold_out_without_price,page_chrome_coupon_or_discount_evidence;tax_included_total_not_confirmed,,,/Users/gini/Documents/ZMI/zao-market-intelligence/.data/debug/auto-runner-market-refresh-rotating/20260815_040004/jalan/classification_decisions/yad316848_2027-01-09.json,zao_local_history_v1
2026-08-15|jalan|たかみや瑠璃倶楽|yad316848|2027-01-10|2027-01-11|2_adults_1_room_1_night,ed1894d8aee31d74129acae06553a92409618f2f281045cf63011b3958a81fad,2027_01,2026-08-15,2026-08-15T04:00:05+09:00,2026-08-15T04:00:05+09:00,jalan,AUTO-RUNNER10X,integrated_jalan_bounded_live,たかみや瑠璃倶楽,国内旅行・海外旅行や宿・ホテルの宿泊予約はじゃらんnet　～日本最大級の宿・ホテル予約サイト～,true,yad316848,yad316848,2027-01-10,2027-01-11,1,2,1,0,JPY,ja,2_adults_1_room_1_night,sold_out,sold_out,,,missing_or_unclear,insufficient,insufficient,selected_date_calendar_sold_out,,,,missing_or_unclear,jalan_sold_out_excluded,false,false,true,sold_out_without_price,page_chrome_coupon_or_discount_evidence;tax_included_total_not_confirmed,,,/Users/gini/Documents/ZMI/zao-market-intelligence/.data/debug/auto-runner-market-refresh-rotating/20260815_040004/jalan/classification_decisions/yad316848_2027-01-10.json,zao_local_history_v1
2026-08-15|jalan|蔵王国際ホテル|yad309590|2027-01-11|2027-01-12|2_adults_1_room_1_night,ac7a6e42a443a8d8be4c3e06bc537a1651612d3b4c77873b27bbed5eed70fd75,2027_01,2026-08-15,2026-08-15T04:00:05+09:00,2026-08-15T04:00:05+09:00,jalan,AUTO-RUNNER10X,integrated_jalan_bounded_live,蔵王国際ホテル,国内旅行・海外旅行や宿・ホテルの宿泊予約はじゃらんnet　～日本最大級の宿・ホテル予約サイト～,true,yad309590,yad309590,2027-01-11,2027-01-12,1,2,1,0,JPY,ja,2_adults_1_room_1_night,available,not_sold_out_confirmed,,,missing_or_unclear,C,C,Price visible but meal_basis=unknown_meal_basis (jalan_meal_basis_unknown); excluded from room-only DP per confirmed policy.,44000,,,tax_included_total,jalan_unknown_meal_basis_excluded,false,false,true,unknown_meal_basis_excluded,unknown_meal_basis_excluded;meal_basis=unknown_meal_basis,,,/Users/gini/Documents/ZMI/zao-market-intelligence/.data/debug/auto-runner-market-refresh-rotating/20260815_040004/jalan/classification_decisions/yad309590_2027-01-11.json,zao_local_history_v1
2026-08-15|jalan|深山荘 高見屋|yad321744|2027-01-03|2027-01-04|2_adults_1_room_1_night,bad6356b29378b53b4335ee865b91ea585ed87cdb957c26945fff11a8400503c,2027_01,2026-08-15,2026-08-15T06:00:02+09:00,2026-08-15T06:00:02+09:00,jalan,AUTO-RUNNER10X,integrated_jalan_bounded_live,深山荘 高見屋,国内旅行・海外旅行や宿・ホテルの宿泊予約はじゃらんnet　～日本最大級の宿・ホテル予約サイト～,true,yad321744,yad321744,2027-01-03,2027-01-04,1,2,1,0,JPY,ja,2_adults_1_room_1_night,sold_out,sold_out,,,missing_or_unclear,insufficient,insufficient,selected_date_calendar_sold_out,,,,missing_or_unclear,jalan_sold_out_excluded,false,false,true,sold_out_without_price,page_chrome_coupon_or_discount_evidence;tax_included_total_not_confirmed,,,/Users/gini/Documents/ZMI/zao-market-intelligence/.data/debug/auto-runner-market-refresh-rotating/20260815_060002/jalan/classification_decisions/yad321744_2027-01-03.json,zao_local_history_v1
2026-08-15|jalan|たかみや瑠璃倶楽|yad316848|2027-01-11|2027-01-12|2_adults_1_room_1_night,33c22b5887d32bc5c761bd51a453fceea6f681c67ae95cf802cf39545071e179,2027_01,2026-08-15,2026-08-15T06:00:02+09:00,2026-08-15T06:00:02+09:00,jalan,AUTO-RUNNER10X,integrated_jalan_bounded_live,たかみや瑠璃倶楽,国内旅行・海外旅行や宿・ホテルの宿泊予約はじゃらんnet　～日本最大級の宿・ホテル予約サイト～,true,yad316848,yad316848,2027-01-11,2027-01-12,1,2,1,0,JPY,ja,2_adults_1_room_1_night,sold_out,sold_out,,,missing_or_unclear,insufficient,insufficient,selected_date_calendar_sold_out,,,,missing_or_unclear,jalan_sold_out_excluded,false,false,true,sold_out_without_price,page_chrome_coupon_or_discount_evidence;tax_included_total_not_confirmed,,,/Users/gini/Documents/ZMI/zao-market-intelligence/.data/debug/auto-runner-market-refresh-rotating/20260815_060002/jalan/classification_decisions/yad316848_2027-01-11.json,zao_local_history_v1
2026-08-15|jalan|蔵王国際ホテル|yad309590|2027-01-16|2027-01-17|2_adults_1_room_1_night,9cad0352def32df40d68e505c36d92a5395fa63ac73390c2a4c6c177db51a41c,2027_01,2026-08-15,2026-08-15T06:00:02+09:00,2026-08-15T06:00:02+09:00,jalan,AUTO-RUNNER10X,integrated_jalan_bounded_live,蔵王国際ホテル,国内旅行・海外旅行や宿・ホテルの宿泊予約はじゃらんnet　～日本最大級の宿・ホテル予約サイト～,true,yad309590,yad309590,2027-01-16,2027-01-17,1,2,1,0,JPY,ja,2_adults_1_room_1_night,available,not_sold_out_confirmed,,,missing_or_unclear,C,C,Price visible but meal_basis=meal_included (jalan_meal_included_token_detected); excluded from room-only DP per confirmed policy.,103840,,,tax_included_total,jalan_meal_included_excluded,false,false,true,meal_included_plan_excluded,meal_included_plan_excluded;meal_basis=meal_included,,,/Users/gini/Documents/ZMI/zao-market-intelligence/.data/debug/auto-runner-market-refresh-rotating/20260815_060002/jalan/classification_decisions/yad309590_2027-01-16.json,zao_local_history_v1
2026-08-15|jalan|たかみや瑠璃倶楽|yad316848|2027-01-23|2027-01-24|2_adults_1_room_1_night,61cca3084deb6eb78314e628141284b5f7afbae7140cd7f094a51145f8e93ae6,2027_01,2026-08-15,2026-08-15T06:00:02+09:00,2026-08-15T06:00:02+09:00,jalan,AUTO-RUNNER10X,integrated_jalan_bounded_live,たかみや瑠璃倶楽,国内旅行・海外旅行や宿・ホテルの宿泊予約はじゃらんnet　～日本最大級の宿・ホテル予約サイト～,true,yad316848,yad316848,2027-01-23,2027-01-24,1,2,1,0,JPY,ja,2_adults_1_room_1_night,sold_out,sold_out,,,missing_or_unclear,insufficient,insufficient,selected_date_calendar_sold_out,,,,missing_or_unclear,jalan_sold_out_excluded,false,false,true,sold_out_without_price,page_chrome_coupon_or_discount_evidence;tax_included_total_not_confirmed,,,/Users/gini/Documents/ZMI/zao-market-intelligence/.data/debug/auto-runner-market-refresh-rotating/20260815_060002/jalan/classification_decisions/yad316848_2027-01-23.json,zao_local_history_v1
2026-08-15|jalan|深山荘 高見屋|yad321744|2027-01-09|2027-01-10|2_adults_1_room_1_night,f2a9d7768a299a55f08454f0a48bb4dc67df078fac74fbe37d77fbe64adf84a6,2027_01,2026-08-15,2026-08-15T08:00:07+09:00,2026-08-15T08:00:07+09:00,jalan,AUTO-RUNNER10X,integrated_jalan_bounded_live,深山荘 高見屋,国内旅行・海外旅行や宿・ホテルの宿泊予約はじゃらんnet　～日本最大級の宿・ホテル予約サイト～,true,yad321744,yad321744,2027-01-09,2027-01-10,1,2,1,0,JPY,ja,2_adults_1_room_1_night,sold_out,sold_out,,,missing_or_unclear,insufficient,insufficient,selected_date_calendar_sold_out,,,,missing_or_unclear,jalan_sold_out_excluded,false,false,true,sold_out_without_price,page_chrome_coupon_or_discount_evidence;tax_included_total_not_confirmed,,,/Users/gini/Documents/ZMI/zao-market-intelligence/.data/debug/auto-runner-market-refresh-rotating/20260815_080007/jalan/classification_decisions/yad321744_2027-01-09.json,zao_local_history_v1
2026-08-15|jalan|深山荘 高見屋|yad321744|2027-01-10|2027-01-11|2_adults_1_room_1_night,d06611013e9c47a1727846c8a67aad9bd90f911b9caf744eb6c564323a5b6c1e,2027_01,2026-08-15,2026-08-15T08:00:07+09:00,2026-08-15T08:00:07+09:00,jalan,AUTO-RUNNER10X,integrated_jalan_bounded_live,深山荘 高見屋,国内旅行・海外旅行や宿・ホテルの宿泊予約はじゃらんnet　～日本最大級の宿・ホテル予約サイト～,true,yad321744,yad321744,2027-01-10,2027-01-11,1,2,1,0,JPY,ja,2_adults_1_room_1_night,sold_out,sold_out,,,missing_or_unclear,insufficient,insufficient,selected_date_calendar_sold_out,,,,missing_or_unclear,jalan_sold_out_excluded,false,false,true,sold_out_without_price,page_chrome_coupon_or_discount_evidence;tax_included_total_not_confirmed,,,/Users/gini/Documents/ZMI/zao-market-intelligence/.data/debug/auto-runner-market-refresh-rotating/20260815_080007/jalan/classification_decisions/yad321744_2027-01-10.json,zao_local_history_v1
2026-08-15|jalan|たかみや瑠璃倶楽|yad316848|2027-01-16|2027-01-17|2_adults_1_room_1_night,ad19d1bf332ee75ee54669aa642b423f832e2fac8d63e8318cfed098949a5552,2027_01,2026-08-15,2026-08-15T08:00:07+09:00,2026-08-15T08:00:07+09:00,jalan,AUTO-RUNNER10X,integrated_jalan_bounded_live,たかみや瑠璃倶楽,国内旅行・海外旅行や宿・ホテルの宿泊予約はじゃらんnet　～日本最大級の宿・ホテル予約サイト～,true,yad316848,yad316848,2027-01-16,2027-01-17,1,2,1,0,JPY,ja,2_adults_1_room_1_night,sold_out,sold_out,,,missing_or_unclear,insufficient,insufficient,selected_date_calendar_sold_out,,,,missing_or_unclear,jalan_sold_out_excluded,false,false,true,sold_out_without_price,page_chrome_coupon_or_discount_evidence;tax_included_total_not_confirmed,,,/Users/gini/Documents/ZMI/zao-market-intelligence/.data/debug/auto-runner-market-refresh-rotating/20260815_080007/jalan/classification_decisions/yad316848_2027-01-16.json,zao_local_history_v1
2026-08-15|jalan|たかみや瑠璃倶楽|yad316848|2027-01-30|2027-01-31|2_adults_1_room_1_night,d57a57ca9028361e92f5fcb865d736f97889fe86bc47733733cdeeb92f885654,2027_01,2026-08-15,2026-08-15T08:00:07+09:00,2026-08-15T08:00:07+09:00,jalan,AUTO-RUNNER10X,integrated_jalan_bounded_live,たかみや瑠璃倶楽,国内旅行・海外旅行や宿・ホテルの宿泊予約はじゃらんnet　～日本最大級の宿・ホテル予約サイト～,true,yad316848,yad316848,2027-01-30,2027-01-31,1,2,1,0,JPY,ja,2_adults_1_room_1_night,sold_out,sold_out,,,missing_or_unclear,insufficient,insufficient,selected_date_calendar_sold_out,,,,missing_or_unclear,jalan_sold_out_excluded,false,false,true,sold_out_without_price,page_chrome_coupon_or_discount_evidence;tax_included_total_not_confirmed,,,/Users/gini/Documents/ZMI/zao-market-intelligence/.data/debug/auto-runner-market-refresh-rotating/20260815_080007/jalan/classification_decisions/yad316848_2027-01-30.json,zao_local_history_v1
2026-08-15|jalan|深山荘 高見屋|yad321744|2027-01-11|2027-01-12|2_adults_1_room_1_night,4bf9ac75fd0785d870ebba0fe420b8d5665bfdace0a592e7dd1283be432671a9,2027_01,2026-08-15,2026-08-15T10:00:06+09:00,2026-08-15T10:00:06+09:00,jalan,AUTO-RUNNER10X,integrated_jalan_bounded_live,深山荘 高見屋,国内旅行・海外旅行や宿・ホテルの宿泊予約はじゃらんnet　～日本最大級の宿・ホテル予約サイト～,true,yad321744,yad321744,2027-01-11,2027-01-12,1,2,1,0,JPY,ja,2_adults_1_room_1_night,sold_out,sold_out,,,missing_or_unclear,insufficient,insufficient,selected_date_calendar_sold_out,,,,missing_or_unclear,jalan_sold_out_excluded,false,false,true,sold_out_without_price,page_chrome_coupon_or_discount_evidence;tax_included_total_not_confirmed,,,/Users/gini/Documents/ZMI/zao-market-intelligence/.data/debug/auto-runner-market-refresh-rotating/20260815_100006/jalan/classification_decisions/yad321744_2027-01-11.json,zao_local_history_v1
2026-08-15|jalan|深山荘 高見屋|yad321744|2027-01-16|2027-01-17|2_adults_1_room_1_night,99c71c2bfea4cdc94f7218fcca3e34afe8059aa7907b5f730668c9913c607e5e,2027_01,2026-08-15,2026-08-15T10:00:06+09:00,2026-08-15T10:00:06+09:00,jalan,AUTO-RUNNER10X,integrated_jalan_bounded_live,深山荘 高見屋,国内旅行・海外旅行や宿・ホテルの宿泊予約はじゃらんnet　～日本最大級の宿・ホテル予約サイト～,true,yad321744,yad321744,2027-01-16,2027-01-17,1,2,1,0,JPY,ja,2_adults_1_room_1_night,sold_out,sold_out,,,missing_or_unclear,insufficient,insufficient,selected_date_calendar_sold_out,,,,missing_or_unclear,jalan_sold_out_excluded,false,false,true,sold_out_without_price,page_chrome_coupon_or_discount_evidence;tax_included_total_not_confirmed,,,/Users/gini/Documents/ZMI/zao-market-intelligence/.data/debug/auto-runner-market-refresh-rotating/20260815_100006/jalan/classification_decisions/yad321744_2027-01-16.json,zao_local_history_v1
2026-08-15|jalan|深山荘 高見屋|yad321744|2027-01-23|2027-01-24|2_adults_1_room_1_night,92ddbd626beb02c9e6e342815bf656657f12869d54ea9c1135729cf1968f7f5b,2027_01,2026-08-15,2026-08-15T12:00:07+09:00,2026-08-15T12:00:07+09:00,jalan,AUTO-RUNNER10X,integrated_jalan_bounded_live,深山荘 高見屋,国内旅行・海外旅行や宿・ホテルの宿泊予約はじゃらんnet　～日本最大級の宿・ホテル予約サイト～,true,yad321744,yad321744,2027-01-23,2027-01-24,1,2,1,0,JPY,ja,2_adults_1_room_1_night,sold_out,sold_out,,,missing_or_unclear,insufficient,insufficient,selected_date_calendar_sold_out,,,,missing_or_unclear,jalan_sold_out_excluded,false,false,true,sold_out_without_price,page_chrome_coupon_or_discount_evidence;tax_included_total_not_confirmed,,,/Users/gini/Documents/ZMI/zao-market-intelligence/.data/debug/auto-runner-market-refresh-rotating/20260815_120007/jalan/classification_decisions/yad321744_2027-01-23.json,zao_local_history_v1
2026-08-15|jalan|こけしの宿 招仙閣|yad348951|2027-01-01|2027-01-02|2_adults_1_room_1_night,ad89075bac42a7d2e6b52a119cb2c959e94e1aa5b13dfdb2997ffab6f5cade6b,2027_01,2026-08-15,2026-08-15T14:00:05+09:00,2026-08-15T14:00:05+09:00,jalan,AUTO-RUNNER10X,integrated_jalan_bounded_live,こけしの宿 招仙閣,国内旅行・海外旅行や宿・ホテルの宿泊予約はじゃらんnet　～日本最大級の宿・ホテル予約サイト～,true,yad348951,yad348951,2027-01-01,2027-01-02,1,2,1,0,JPY,ja,2_adults_1_room_1_night,sold_out,sold_out,,,missing_or_unclear,insufficient,insufficient,selected_date_calendar_sold_out,,,,missing_or_unclear,jalan_sold_out_excluded,false,false,true,sold_out_without_price,tax_included_total_not_confirmed,,,/Users/gini/Documents/ZMI/zao-market-intelligence/.data/debug/auto-runner-market-refresh-rotating/20260815_140004/jalan/classification_decisions/yad348951_2027-01-01.json,zao_local_history_v1
2026-08-15|jalan|こけしの宿 招仙閣|yad348951|2027-01-02|2027-01-03|2_adults_1_room_1_night,6112550203d4197aff3945d11a96e2a1c4f9ca238d25c40f42e777e2c7cee6f3,2027_01,2026-08-15,2026-08-15T14:00:05+09:00,2026-08-15T14:00:05+09:00,jalan,AUTO-RUNNER10X,integrated_jalan_bounded_live,こけしの宿 招仙閣,国内旅行・海外旅行や宿・ホテルの宿泊予約はじゃらんnet　～日本最大級の宿・ホテル予約サイト～,true,yad348951,yad348951,2027-01-02,2027-01-03,1,2,1,0,JPY,ja,2_adults_1_room_1_night,sold_out,sold_out,,,missing_or_unclear,insufficient,insufficient,selected_date_calendar_sold_out,,,,missing_or_unclear,jalan_sold_out_excluded,false,false,true,sold_out_without_price,tax_included_total_not_confirmed,,,/Users/gini/Documents/ZMI/zao-market-intelligence/.data/debug/auto-runner-market-refresh-rotating/20260815_140004/jalan/classification_decisions/yad348951_2027-01-02.json,zao_local_history_v1
2026-08-15|jalan|深山荘 高見屋|yad321744|2027-01-30|2027-01-31|2_adults_1_room_1_night,eca986be4eb9d1d24b13b10e7abc49a44d8c6e366c71a490ed32c0d8470d7ca1,2027_01,2026-08-15,2026-08-15T14:00:05+09:00,2026-08-15T14:00:05+09:00,jalan,AUTO-RUNNER10X,integrated_jalan_bounded_live,深山荘 高見屋,国内旅行・海外旅行や宿・ホテルの宿泊予約はじゃらんnet　～日本最大級の宿・ホテル予約サイト～,true,yad321744,yad321744,2027-01-30,2027-01-31,1,2,1,0,JPY,ja,2_adults_1_room_1_night,sold_out,sold_out,,,missing_or_unclear,insufficient,insufficient,selected_date_calendar_sold_out,,,,missing_or_unclear,jalan_sold_out_excluded,false,false,true,sold_out_without_price,page_chrome_coupon_or_discount_evidence;tax_included_total_not_confirmed,,,/Users/gini/Documents/ZMI/zao-market-intelligence/.data/debug/auto-runner-market-refresh-rotating/20260815_140004/jalan/classification_decisions/yad321744_2027-01-30.json,zao_local_history_v1
