row_id,row_hash,shard_month,collected_date_jst,collected_at_jst,normalized_at_jst,source,source_phase,collector_stage,canonical_property_name,source_property_name,property_identity_match,source_property_id,source_slug_or_code,checkin,checkout,stay_nights,group_adults,no_rooms,group_children,currency,language,stay_scope,availability_status,sold_out_status,normalized_total_price,normalized_total_price_source,normalized_total_price_basis,normalized_total_price_confidence,basis_confidence,basis_note,source_primary_price,source_secondary_price_or_adder,source_computed_total,source_tax_or_fee_classification,source_classification,is_price_usable_for_dp_direct,is_price_usable_for_dp_directional,is_price_excluded_from_dp,dp_exclusion_reason,warning_flags,source_report_path,source_csv_path,debug_artifact_path,schema_version
2026-06-24|jalan|ペンション木いちご|yad325769|2027-02-06|2027-02-07|2_adults_1_room_1_night,a2e8f1f0eeb4dd1b835834585c75352a5c84c557658624707478b7c2b6f62412,2027_02,2026-06-24,2026-06-24T10:00:06+09:00,2026-06-24T10:00:06+09:00,jalan,AUTO-RUNNER10X,integrated_jalan_bounded_live,ペンション木いちご,国内旅行・海外旅行や宿・ホテルの宿泊予約はじゃらんnet　～日本最大級の宿・ホテル予約サイト～,true,yad325769,yad325769,2027-02-06,2027-02-07,1,2,1,0,JPY,ja,2_adults_1_room_1_night,sold_out,sold_out,,,missing_or_unclear,insufficient,insufficient,selected_date_calendar_sold_out,,,,missing_or_unclear,jalan_sold_out_excluded,false,false,true,sold_out_without_price,page_chrome_coupon_or_discount_evidence;tax_included_total_not_confirmed,,,/Users/gini/Documents/ZMI/zao-market-intelligence/.data/debug/auto-runner-market-refresh-rotating/20260624_100005/jalan/classification_decisions/yad325769_2027-02-06.json,zao_local_history_v1
2026-06-24|jalan|ペンション木いちご|yad325769|2027-02-11|2027-02-12|2_adults_1_room_1_night,add81c147a4ecb3f741636fc2a3f7ad10f0348d1c6b4737be88680c0009db635,2027_02,2026-06-24,2026-06-24T20:00:06+09:00,2026-06-24T20:00:06+09:00,jalan,AUTO-RUNNER10X,integrated_jalan_bounded_live,ペンション木いちご,国内旅行・海外旅行や宿・ホテルの宿泊予約はじゃらんnet　～日本最大級の宿・ホテル予約サイト～,true,yad325769,yad325769,2027-02-11,2027-02-12,1,2,1,0,JPY,ja,2_adults_1_room_1_night,sold_out,sold_out,,,missing_or_unclear,insufficient,insufficient,selected_date_calendar_sold_out,,,,missing_or_unclear,jalan_sold_out_excluded,false,false,true,sold_out_without_price,page_chrome_coupon_or_discount_evidence;tax_included_total_not_confirmed,,,/Users/gini/Documents/ZMI/zao-market-intelligence/.data/debug/auto-runner-market-refresh-rotating/20260624_200006/jalan/classification_decisions/yad325769_2027-02-11.json,zao_local_history_v1
2026-06-25|jalan|ペンション木いちご|yad325769|2027-02-06|2027-02-07|2_adults_1_room_1_night,2362cd3bcf33b6436fbf1778f562be1d45a14a93f9bd8a4e4d93576a2774047c,2027_02,2026-06-25,2026-06-25T20:00:05+09:00,2026-06-25T20:00:05+09:00,jalan,AUTO-RUNNER10X,integrated_jalan_bounded_live,ペンション木いちご,国内旅行・海外旅行や宿・ホテルの宿泊予約はじゃらんnet　～日本最大級の宿・ホテル予約サイト～,true,yad325769,yad325769,2027-02-06,2027-02-07,1,2,1,0,JPY,ja,2_adults_1_room_1_night,sold_out,sold_out,,,missing_or_unclear,insufficient,insufficient,selected_date_calendar_sold_out,,,,missing_or_unclear,jalan_sold_out_excluded,false,false,true,sold_out_without_price,page_chrome_coupon_or_discount_evidence;tax_included_total_not_confirmed,,,/Users/gini/Documents/ZMI/zao-market-intelligence/.data/debug/auto-runner-market-refresh-rotating/20260625_200005/jalan/classification_decisions/yad325769_2027-02-06.json,zao_local_history_v1
2026-06-25|jalan|ペンション木いちご|yad325769|2027-02-11|2027-02-12|2_adults_1_room_1_night,fe091c3eb2f463e1acecc62df257e4272ab8fe3df6eaeaca5f4dee63c2b28be9,2027_02,2026-06-25,2026-06-25T20:00:05+09:00,2026-06-25T20:00:05+09:00,jalan,AUTO-RUNNER10X,integrated_jalan_bounded_live,ペンション木いちご,国内旅行・海外旅行や宿・ホテルの宿泊予約はじゃらんnet　～日本最大級の宿・ホテル予約サイト～,true,yad325769,yad325769,2027-02-11,2027-02-12,1,2,1,0,JPY,ja,2_adults_1_room_1_night,sold_out,sold_out,,,missing_or_unclear,insufficient,insufficient,selected_date_calendar_sold_out,,,,missing_or_unclear,jalan_sold_out_excluded,false,false,true,sold_out_without_price,page_chrome_coupon_or_discount_evidence;tax_included_total_not_confirmed,,,/Users/gini/Documents/ZMI/zao-market-intelligence/.data/debug/auto-runner-market-refresh-rotating/20260625_200005/jalan/classification_decisions/yad325769_2027-02-11.json,zao_local_history_v1
2026-06-26|jalan|ペンション木いちご|yad325769|2027-02-13|2027-02-14|2_adults_1_room_1_night,329f1c2aa5530ae485d1ec9c774db4b65901af943c204864dc2971c8c5a8d75f,2027_02,2026-06-26,2026-06-26T16:00:06+09:00,2026-06-26T16:00:06+09:00,jalan,AUTO-RUNNER10X,integrated_jalan_bounded_live,ペンション木いちご,国内旅行・海外旅行や宿・ホテルの宿泊予約はじゃらんnet　～日本最大級の宿・ホテル予約サイト～,true,yad325769,yad325769,2027-02-13,2027-02-14,1,2,1,0,JPY,ja,2_adults_1_room_1_night,sold_out,sold_out,,,missing_or_unclear,insufficient,insufficient,selected_date_calendar_sold_out,,,,missing_or_unclear,jalan_sold_out_excluded,false,false,true,sold_out_without_price,page_chrome_coupon_or_discount_evidence;tax_included_total_not_confirmed,,,/Users/gini/Documents/ZMI/zao-market-intelligence/.data/debug/auto-runner-market-refresh-rotating/20260626_160006/jalan/classification_decisions/yad325769_2027-02-13.json,zao_local_history_v1
2026-06-26|jalan|ペンション木いちご|yad325769|2027-02-06|2027-02-07|2_adults_1_room_1_night,070f989420ef805d78dac8f9c21b13b32b91b838e8bcd9ab90bc4fc5047c5ae5,2027_02,2026-06-26,2026-06-26T22:00:05+09:00,2026-06-26T22:00:05+09:00,jalan,AUTO-RUNNER10X,integrated_jalan_bounded_live,ペンション木いちご,国内旅行・海外旅行や宿・ホテルの宿泊予約はじゃらんnet　～日本最大級の宿・ホテル予約サイト～,true,yad325769,yad325769,2027-02-06,2027-02-07,1,2,1,0,JPY,ja,2_adults_1_room_1_night,sold_out,sold_out,,,missing_or_unclear,insufficient,insufficient,selected_date_calendar_sold_out,,,,missing_or_unclear,jalan_sold_out_excluded,false,false,true,sold_out_without_price,page_chrome_coupon_or_discount_evidence;tax_included_total_not_confirmed,,,/Users/gini/Documents/ZMI/zao-market-intelligence/.data/debug/auto-runner-market-refresh-rotating/20260626_220005/jalan/classification_decisions/yad325769_2027-02-06.json,zao_local_history_v1
2026-06-27|jalan|ペンション木いちご|yad325769|2027-02-11|2027-02-12|2_adults_1_room_1_night,21dbb017e2f8f2aabab6f044ef14425421984a56117ac76d9190519622126320,2027_02,2026-06-27,2026-06-27T00:00:01+09:00,2026-06-27T00:00:01+09:00,jalan,AUTO-RUNNER10X,integrated_jalan_bounded_live,ペンション木いちご,国内旅行・海外旅行や宿・ホテルの宿泊予約はじゃらんnet　～日本最大級の宿・ホテル予約サイト～,true,yad325769,yad325769,2027-02-11,2027-02-12,1,2,1,0,JPY,ja,2_adults_1_room_1_night,sold_out,sold_out,,,missing_or_unclear,insufficient,insufficient,selected_date_calendar_sold_out,,,,missing_or_unclear,jalan_sold_out_excluded,false,false,true,sold_out_without_price,page_chrome_coupon_or_discount_evidence;tax_included_total_not_confirmed,,,/Users/gini/Documents/ZMI/zao-market-intelligence/.data/debug/auto-runner-market-refresh-rotating/20260627_000001/jalan/classification_decisions/yad325769_2027-02-11.json,zao_local_history_v1
2026-06-28|jalan|ペンション木いちご|yad325769|2027-02-06|2027-02-07|2_adults_1_room_1_night,ba0523eb6698841d3ae769f701b7b24d77f59b0fac53b11b7b439584ec98419c,2027_02,2026-06-28,2026-06-28T00:00:07+09:00,2026-06-28T00:00:07+09:00,jalan,AUTO-RUNNER10X,integrated_jalan_bounded_live,ペンション木いちご,国内旅行・海外旅行や宿・ホテルの宿泊予約はじゃらんnet　～日本最大級の宿・ホテル予約サイト～,true,yad325769,yad325769,2027-02-06,2027-02-07,1,2,1,0,JPY,ja,2_adults_1_room_1_night,sold_out,sold_out,,,missing_or_unclear,insufficient,insufficient,selected_date_calendar_sold_out,,,,missing_or_unclear,jalan_sold_out_excluded,false,false,true,sold_out_without_price,page_chrome_coupon_or_discount_evidence;tax_included_total_not_confirmed,,,/Users/gini/Documents/ZMI/zao-market-intelligence/.data/debug/auto-runner-market-refresh-rotating/20260628_000006/jalan/classification_decisions/yad325769_2027-02-06.json,zao_local_history_v1
2026-06-28|jalan|ペンション木いちご|yad325769|2027-02-11|2027-02-12|2_adults_1_room_1_night,4475566c27c8bb49fff94f34ccce6d94737cbfc757699cd32a5f90bbedc79c58,2027_02,2026-06-28,2026-06-28T02:00:05+09:00,2026-06-28T02:00:05+09:00,jalan,AUTO-RUNNER10X,integrated_jalan_bounded_live,ペンション木いちご,国内旅行・海外旅行や宿・ホテルの宿泊予約はじゃらんnet　～日本最大級の宿・ホテル予約サイト～,true,yad325769,yad325769,2027-02-11,2027-02-12,1,2,1,0,JPY,ja,2_adults_1_room_1_night,sold_out,sold_out,,,missing_or_unclear,insufficient,insufficient,selected_date_calendar_sold_out,,,,missing_or_unclear,jalan_sold_out_excluded,false,false,true,sold_out_without_price,page_chrome_coupon_or_discount_evidence;tax_included_total_not_confirmed,,,/Users/gini/Documents/ZMI/zao-market-intelligence/.data/debug/auto-runner-market-refresh-rotating/20260628_020005/jalan/classification_decisions/yad325769_2027-02-11.json,zao_local_history_v1
2026-06-29|jalan|ペンション木いちご|yad325769|2027-02-06|2027-02-07|2_adults_1_room_1_night,4794861014b6253afae0a45296a56e4e6c375625cf29df96d239a9836d302f65,2027_02,2026-06-29,2026-06-29T00:00:06+09:00,2026-06-29T00:00:06+09:00,jalan,AUTO-RUNNER10X,integrated_jalan_bounded_live,ペンション木いちご,ペンション木いちご,true,yad325769,yad325769,2027-02-06,2027-02-07,1,2,1,0,JPY,ja,2_adults_1_room_1_night,failed,not_sold_out_confirmed,,,missing_or_unclear,insufficient,insufficient,Jalan status could not be determined conservatively.,,,,missing_or_unclear,jalan_failed_excluded,false,false,true,Jalan status could not be determined conservatively.,tax_included_total_not_confirmed;meal_condition_missing,,,/Users/gini/Documents/ZMI/zao-market-intelligence/.data/debug/auto-runner-market-refresh-rotating/20260629_000006/jalan/classification_decisions/yad325769_2027-02-06.json,zao_local_history_v1
2026-06-29|jalan|ペンション木いちご|yad325769|2027-02-11|2027-02-12|2_adults_1_room_1_night,170cc405454d7d73ff523cadc47e100dc199d73bcca88582a7a47c235da57567,2027_02,2026-06-29,2026-06-29T02:00:06+09:00,2026-06-29T02:00:06+09:00,jalan,AUTO-RUNNER10X,integrated_jalan_bounded_live,ペンション木いちご,ペンション木いちご,true,yad325769,yad325769,2027-02-11,2027-02-12,1,2,1,0,JPY,ja,2_adults_1_room_1_night,failed,not_sold_out_confirmed,,,missing_or_unclear,insufficient,insufficient,Jalan status could not be determined conservatively.,,,,missing_or_unclear,jalan_failed_excluded,false,false,true,Jalan status could not be determined conservatively.,tax_included_total_not_confirmed;meal_condition_missing,,,/Users/gini/Documents/ZMI/zao-market-intelligence/.data/debug/auto-runner-market-refresh-rotating/20260629_020006/jalan/classification_decisions/yad325769_2027-02-11.json,zao_local_history_v1
2026-06-30|jalan|ペンション木いちご|yad325769|2027-02-06|2027-02-07|2_adults_1_room_1_night,4ab95c6b453e9f8af6bd05db9e758070135e1591fafba75a652932a703513064,2027_02,2026-06-30,2026-06-30T02:00:06+09:00,2026-06-30T02:00:06+09:00,jalan,AUTO-RUNNER10X,integrated_jalan_bounded_live,ペンション木いちご,国内旅行・海外旅行や宿・ホテルの宿泊予約はじゃらんnet　～日本最大級の宿・ホテル予約サイト～,true,yad325769,yad325769,2027-02-06,2027-02-07,1,2,1,0,JPY,ja,2_adults_1_room_1_night,sold_out,sold_out,,,missing_or_unclear,insufficient,insufficient,selected_date_calendar_sold_out,,,,missing_or_unclear,jalan_sold_out_excluded,false,false,true,sold_out_without_price,tax_included_total_not_confirmed,,,/Users/gini/Documents/ZMI/zao-market-intelligence/.data/debug/auto-runner-market-refresh-rotating/20260630_020006/jalan/classification_decisions/yad325769_2027-02-06.json,zao_local_history_v1
2026-06-30|jalan|ペンション木いちご|yad325769|2027-02-11|2027-02-12|2_adults_1_room_1_night,832d0089d19f4f27c64ff7a96df447b0357d0fb4ee023ba9d9a8eea24bfdea48,2027_02,2026-06-30,2026-06-30T02:00:06+09:00,2026-06-30T02:00:06+09:00,jalan,AUTO-RUNNER10X,integrated_jalan_bounded_live,ペンション木いちご,国内旅行・海外旅行や宿・ホテルの宿泊予約はじゃらんnet　～日本最大級の宿・ホテル予約サイト～,true,yad325769,yad325769,2027-02-11,2027-02-12,1,2,1,0,JPY,ja,2_adults_1_room_1_night,sold_out,sold_out,,,missing_or_unclear,insufficient,insufficient,selected_date_calendar_sold_out,,,,missing_or_unclear,jalan_sold_out_excluded,false,false,true,sold_out_without_price,tax_included_total_not_confirmed,,,/Users/gini/Documents/ZMI/zao-market-intelligence/.data/debug/auto-runner-market-refresh-rotating/20260630_020006/jalan/classification_decisions/yad325769_2027-02-11.json,zao_local_history_v1
2026-07-01|jalan|ペンション木いちご|yad325769|2027-02-06|2027-02-07|2_adults_1_room_1_night,3b0be1758d732e0d0b59e4deecb27ca3a4af3ca0b08f93211f1af3cfa6399fdc,2027_02,2026-07-01,2026-07-01T02:00:02+09:00,2026-07-01T02:00:02+09:00,jalan,AUTO-RUNNER10X,integrated_jalan_bounded_live,ペンション木いちご,国内旅行・海外旅行や宿・ホテルの宿泊予約はじゃらんnet　～日本最大級の宿・ホテル予約サイト～,true,yad325769,yad325769,2027-02-06,2027-02-07,1,2,1,0,JPY,ja,2_adults_1_room_1_night,sold_out,sold_out,,,missing_or_unclear,insufficient,insufficient,selected_date_calendar_sold_out,,,,missing_or_unclear,jalan_sold_out_excluded,false,false,true,sold_out_without_price,tax_included_total_not_confirmed,,,/Users/gini/Documents/ZMI/zao-market-intelligence/.data/debug/auto-runner-market-refresh-rotating/20260701_020002/jalan/classification_decisions/yad325769_2027-02-06.json,zao_local_history_v1
2026-07-01|jalan|ペンション木いちご|yad325769|2027-02-11|2027-02-12|2_adults_1_room_1_night,df8e7735854303b28b4b54a47f496330949a604c2b6ff7191279cdf97b05378f,2027_02,2026-07-01,2026-07-01T02:00:02+09:00,2026-07-01T02:00:02+09:00,jalan,AUTO-RUNNER10X,integrated_jalan_bounded_live,ペンション木いちご,国内旅行・海外旅行や宿・ホテルの宿泊予約はじゃらんnet　～日本最大級の宿・ホテル予約サイト～,true,yad325769,yad325769,2027-02-11,2027-02-12,1,2,1,0,JPY,ja,2_adults_1_room_1_night,sold_out,sold_out,,,missing_or_unclear,insufficient,insufficient,selected_date_calendar_sold_out,,,,missing_or_unclear,jalan_sold_out_excluded,false,false,true,sold_out_without_price,tax_included_total_not_confirmed,,,/Users/gini/Documents/ZMI/zao-market-intelligence/.data/debug/auto-runner-market-refresh-rotating/20260701_020002/jalan/classification_decisions/yad325769_2027-02-11.json,zao_local_history_v1
2026-07-01|jalan|ペンション木いちご|yad325769|2027-02-13|2027-02-14|2_adults_1_room_1_night,12ec12bfd148b437a93aa89a1f0ce308c5a57ab853b478957c605e8080a2093d,2027_02,2026-07-01,2026-07-01T04:00:06+09:00,2026-07-01T04:00:06+09:00,jalan,AUTO-RUNNER10X,integrated_jalan_bounded_live,ペンション木いちご,国内旅行・海外旅行や宿・ホテルの宿泊予約はじゃらんnet　～日本最大級の宿・ホテル予約サイト～,true,yad325769,yad325769,2027-02-13,2027-02-14,1,2,1,0,JPY,ja,2_adults_1_room_1_night,sold_out,sold_out,,,missing_or_unclear,insufficient,insufficient,selected_date_calendar_sold_out,,,,missing_or_unclear,jalan_sold_out_excluded,false,false,true,sold_out_without_price,tax_included_total_not_confirmed,,,/Users/gini/Documents/ZMI/zao-market-intelligence/.data/debug/auto-runner-market-refresh-rotating/20260701_040006/jalan/classification_decisions/yad325769_2027-02-13.json,zao_local_history_v1
2026-07-02|jalan|ペンション木いちご|yad325769|2027-02-06|2027-02-07|2_adults_1_room_1_night,2dc664e21eb15ae923df7b4424bba6a1828578c09c1fb0e85a1219b9653fb616,2027_02,2026-07-02,2026-07-02T10:00:05+09:00,2026-07-02T10:00:05+09:00,jalan,AUTO-RUNNER10X,integrated_jalan_bounded_live,ペンション木いちご,国内旅行・海外旅行や宿・ホテルの宿泊予約はじゃらんnet　～日本最大級の宿・ホテル予約サイト～,true,yad325769,yad325769,2027-02-06,2027-02-07,1,2,1,0,JPY,ja,2_adults_1_room_1_night,sold_out,sold_out,,,missing_or_unclear,insufficient,insufficient,price_basis_or_date_scope_unclear,,,,missing_or_unclear,jalan_sold_out_excluded,false,false,true,sold_out_without_price,page_chrome_coupon_or_discount_evidence;tax_included_total_not_confirmed,,,/Users/gini/Documents/ZMI/zao-market-intelligence/.data/debug/auto-runner-market-refresh-rotating/20260702_100005/jalan/classification_decisions/yad325769_2027-02-06.json,zao_local_history_v1
2026-07-02|jalan|ペンション木いちご|yad325769|2027-02-11|2027-02-12|2_adults_1_room_1_night,3084925ab4594d16eee931b7fc04b07856078b5dfb549f943c5df38d309e62c1,2027_02,2026-07-02,2026-07-02T12:00:06+09:00,2026-07-02T12:00:06+09:00,jalan,AUTO-RUNNER10X,integrated_jalan_bounded_live,ペンション木いちご,国内旅行・海外旅行や宿・ホテルの宿泊予約はじゃらんnet　～日本最大級の宿・ホテル予約サイト～,true,yad325769,yad325769,2027-02-11,2027-02-12,1,2,1,0,JPY,ja,2_adults_1_room_1_night,sold_out,sold_out,,,missing_or_unclear,insufficient,insufficient,selected_date_calendar_sold_out,,,,missing_or_unclear,jalan_sold_out_excluded,false,false,true,sold_out_without_price,page_chrome_coupon_or_discount_evidence;tax_included_total_not_confirmed,,,/Users/gini/Documents/ZMI/zao-market-intelligence/.data/debug/auto-runner-market-refresh-rotating/20260702_120006/jalan/classification_decisions/yad325769_2027-02-11.json,zao_local_history_v1
2026-07-03|jalan|ペンション木いちご|yad325769|2027-02-13|2027-02-14|2_adults_1_room_1_night,cc5a3bd44455525b690c58e3fa316a50c915dd657d4321b64bee2708ae3450f6,2027_02,2026-07-03,2026-07-03T06:00:06+09:00,2026-07-03T06:00:06+09:00,jalan,AUTO-RUNNER10X,integrated_jalan_bounded_live,ペンション木いちご,国内旅行・海外旅行や宿・ホテルの宿泊予約はじゃらんnet　～日本最大級の宿・ホテル予約サイト～,true,yad325769,yad325769,2027-02-13,2027-02-14,1,2,1,0,JPY,ja,2_adults_1_room_1_night,sold_out,sold_out,,,missing_or_unclear,insufficient,insufficient,selected_date_calendar_sold_out,,,,missing_or_unclear,jalan_sold_out_excluded,false,false,true,sold_out_without_price,page_chrome_coupon_or_discount_evidence;tax_included_total_not_confirmed,,,/Users/gini/Documents/ZMI/zao-market-intelligence/.data/debug/auto-runner-market-refresh-rotating/20260703_060006/jalan/classification_decisions/yad325769_2027-02-13.json,zao_local_history_v1
2026-07-03|jalan|ペンション木いちご|yad325769|2027-02-06|2027-02-07|2_adults_1_room_1_night,5a25e3e1eced22c868166bf73e0cf1f0ee4263c7f7107576b94db51ba864ac65,2027_02,2026-07-03,2026-07-03T20:00:06+09:00,2026-07-03T20:00:06+09:00,jalan,AUTO-RUNNER10X,integrated_jalan_bounded_live,ペンション木いちご,国内旅行・海外旅行や宿・ホテルの宿泊予約はじゃらんnet　～日本最大級の宿・ホテル予約サイト～,true,yad325769,yad325769,2027-02-06,2027-02-07,1,2,1,0,JPY,ja,2_adults_1_room_1_night,sold_out,sold_out,,,missing_or_unclear,insufficient,insufficient,selected_date_calendar_sold_out,,,,missing_or_unclear,jalan_sold_out_excluded,false,false,true,sold_out_without_price,page_chrome_coupon_or_discount_evidence;tax_included_total_not_confirmed,,,/Users/gini/Documents/ZMI/zao-market-intelligence/.data/debug/auto-runner-market-refresh-rotating/20260703_200006/jalan/classification_decisions/yad325769_2027-02-06.json,zao_local_history_v1
2026-07-04|jalan|ペンション木いちご|yad325769|2027-02-11|2027-02-12|2_adults_1_room_1_night,7dcd843d54065656bc380b90a7bf1cc3b00b00b0ae566dc9bfccbc533e88ac59,2027_02,2026-07-04,2026-07-04T02:00:05+09:00,2026-07-04T02:00:05+09:00,jalan,AUTO-RUNNER10X,integrated_jalan_bounded_live,ペンション木いちご,国内旅行・海外旅行や宿・ホテルの宿泊予約はじゃらんnet　～日本最大級の宿・ホテル予約サイト～,true,yad325769,yad325769,2027-02-11,2027-02-12,1,2,1,0,JPY,ja,2_adults_1_room_1_night,sold_out,sold_out,,,missing_or_unclear,insufficient,insufficient,selected_date_calendar_sold_out,,,,missing_or_unclear,jalan_sold_out_excluded,false,false,true,sold_out_without_price,page_chrome_coupon_or_discount_evidence;tax_included_total_not_confirmed,,,/Users/gini/Documents/ZMI/zao-market-intelligence/.data/debug/auto-runner-market-refresh-rotating/20260704_020005/jalan/classification_decisions/yad325769_2027-02-11.json,zao_local_history_v1
2026-07-05|jalan|ペンション木いちご|yad325769|2027-02-06|2027-02-07|2_adults_1_room_1_night,85a3302151b4440e7ca184549588184336334fde54bff888df3ed0d8e2b65969,2027_02,2026-07-05,2026-07-05T00:00:01+09:00,2026-07-05T00:00:01+09:00,jalan,AUTO-RUNNER10X,integrated_jalan_bounded_live,ペンション木いちご,国内旅行・海外旅行や宿・ホテルの宿泊予約はじゃらんnet　～日本最大級の宿・ホテル予約サイト～,true,yad325769,yad325769,2027-02-06,2027-02-07,1,2,1,0,JPY,ja,2_adults_1_room_1_night,sold_out,sold_out,,,missing_or_unclear,insufficient,insufficient,selected_date_calendar_sold_out,,,,missing_or_unclear,jalan_sold_out_excluded,false,false,true,sold_out_without_price,page_chrome_coupon_or_discount_evidence;tax_included_total_not_confirmed,,,/Users/gini/Documents/ZMI/zao-market-intelligence/.data/debug/auto-runner-market-refresh-rotating/20260705_000001/jalan/classification_decisions/yad325769_2027-02-06.json,zao_local_history_v1
2026-07-05|jalan|ペンション木いちご|yad325769|2027-02-11|2027-02-12|2_adults_1_room_1_night,8824f314ed4ed420e6c4e904c8558bf336bc7e277c0d917d7ace530f8eb30401,2027_02,2026-07-05,2026-07-05T06:00:05+09:00,2026-07-05T06:00:05+09:00,jalan,AUTO-RUNNER10X,integrated_jalan_bounded_live,ペンション木いちご,国内旅行・海外旅行や宿・ホテルの宿泊予約はじゃらんnet　～日本最大級の宿・ホテル予約サイト～,true,yad325769,yad325769,2027-02-11,2027-02-12,1,2,1,0,JPY,ja,2_adults_1_room_1_night,sold_out,sold_out,,,missing_or_unclear,insufficient,insufficient,selected_date_calendar_sold_out,,,,missing_or_unclear,jalan_sold_out_excluded,false,false,true,sold_out_without_price,page_chrome_coupon_or_discount_evidence;tax_included_total_not_confirmed,,,/Users/gini/Documents/ZMI/zao-market-intelligence/.data/debug/auto-runner-market-refresh-rotating/20260705_060005/jalan/classification_decisions/yad325769_2027-02-11.json,zao_local_history_v1
2026-07-05|jalan|ペンション木いちご|yad325769|2027-02-13|2027-02-14|2_adults_1_room_1_night,01c5b8c38f376ad7d63b6616ab290e6b93989a3c56578451b4406b49473470f1,2027_02,2026-07-05,2026-07-05T12:00:05+09:00,2026-07-05T12:00:05+09:00,jalan,AUTO-RUNNER10X,integrated_jalan_bounded_live,ペンション木いちご,国内旅行・海外旅行や宿・ホテルの宿泊予約はじゃらんnet　～日本最大級の宿・ホテル予約サイト～,true,yad325769,yad325769,2027-02-13,2027-02-14,1,2,1,0,JPY,ja,2_adults_1_room_1_night,sold_out,sold_out,,,missing_or_unclear,insufficient,insufficient,selected_date_calendar_sold_out,,,,missing_or_unclear,jalan_sold_out_excluded,false,false,true,sold_out_without_price,page_chrome_coupon_or_discount_evidence;tax_included_total_not_confirmed,,,/Users/gini/Documents/ZMI/zao-market-intelligence/.data/debug/auto-runner-market-refresh-rotating/20260705_120005/jalan/classification_decisions/yad325769_2027-02-13.json,zao_local_history_v1
2026-07-06|jalan|ペンション木いちご|yad325769|2027-02-06|2027-02-07|2_adults_1_room_1_night,52b48df5898331012ac32434960b5492d6b4fe967a77ddaf905144e82092b144,2027_02,2026-07-06,2026-07-06T12:00:06+09:00,2026-07-06T12:00:06+09:00,jalan,AUTO-RUNNER10X,integrated_jalan_bounded_live,ペンション木いちご,国内旅行・海外旅行や宿・ホテルの宿泊予約はじゃらんnet　～日本最大級の宿・ホテル予約サイト～,true,yad325769,yad325769,2027-02-06,2027-02-07,1,2,1,0,JPY,ja,2_adults_1_room_1_night,sold_out,sold_out,,,missing_or_unclear,insufficient,insufficient,selected_date_calendar_sold_out,,,,missing_or_unclear,jalan_sold_out_excluded,false,false,true,sold_out_without_price,page_chrome_coupon_or_discount_evidence;tax_included_total_not_confirmed,,,/Users/gini/Documents/ZMI/zao-market-intelligence/.data/debug/auto-runner-market-refresh-rotating/20260706_120006/jalan/classification_decisions/yad325769_2027-02-06.json,zao_local_history_v1
2026-07-06|jalan|ペンション木いちご|yad325769|2027-02-11|2027-02-12|2_adults_1_room_1_night,494953efddcf5b7c23c0b010191d37164882f9ad34925b44f8bad9cb00aa0cb9,2027_02,2026-07-06,2026-07-06T14:00:06+09:00,2026-07-06T14:00:06+09:00,jalan,AUTO-RUNNER10X,integrated_jalan_bounded_live,ペンション木いちご,国内旅行・海外旅行や宿・ホテルの宿泊予約はじゃらんnet　～日本最大級の宿・ホテル予約サイト～,true,yad325769,yad325769,2027-02-11,2027-02-12,1,2,1,0,JPY,ja,2_adults_1_room_1_night,sold_out,sold_out,,,missing_or_unclear,insufficient,insufficient,selected_date_calendar_sold_out,,,,missing_or_unclear,jalan_sold_out_excluded,false,false,true,sold_out_without_price,page_chrome_coupon_or_discount_evidence;tax_included_total_not_confirmed,,,/Users/gini/Documents/ZMI/zao-market-intelligence/.data/debug/auto-runner-market-refresh-rotating/20260706_140006/jalan/classification_decisions/yad325769_2027-02-11.json,zao_local_history_v1
2026-07-06|jalan|ペンション木いちご|yad325769|2027-02-13|2027-02-14|2_adults_1_room_1_night,2845fce9b794e6f4403c8bfc66216b6e3a2c402e14d71ad0bcf8b03b3d08bc7b,2027_02,2026-07-06,2026-07-06T18:00:07+09:00,2026-07-06T18:00:07+09:00,jalan,AUTO-RUNNER10X,integrated_jalan_bounded_live,ペンション木いちご,国内旅行・海外旅行や宿・ホテルの宿泊予約はじゃらんnet　～日本最大級の宿・ホテル予約サイト～,true,yad325769,yad325769,2027-02-13,2027-02-14,1,2,1,0,JPY,ja,2_adults_1_room_1_night,sold_out,sold_out,,,missing_or_unclear,insufficient,insufficient,selected_date_calendar_sold_out,,,,missing_or_unclear,jalan_sold_out_excluded,false,false,true,sold_out_without_price,page_chrome_coupon_or_discount_evidence;tax_included_total_not_confirmed,,,/Users/gini/Documents/ZMI/zao-market-intelligence/.data/debug/auto-runner-market-refresh-rotating/20260706_180007/jalan/classification_decisions/yad325769_2027-02-13.json,zao_local_history_v1
2026-07-07|jalan|ペンション木いちご|yad325769|2027-02-06|2027-02-07|2_adults_1_room_1_night,e19c6d2da27245827cd08e426e86e2e136f582d6fd82fdcb94cc815a515dd363,2027_02,2026-07-07,2026-07-07T18:00:06+09:00,2026-07-07T18:00:06+09:00,jalan,AUTO-RUNNER10X,integrated_jalan_bounded_live,ペンション木いちご,国内旅行・海外旅行や宿・ホテルの宿泊予約はじゃらんnet　～日本最大級の宿・ホテル予約サイト～,true,yad325769,yad325769,2027-02-06,2027-02-07,1,2,1,0,JPY,ja,2_adults_1_room_1_night,sold_out,sold_out,,,missing_or_unclear,insufficient,insufficient,selected_date_calendar_sold_out,,,,missing_or_unclear,jalan_sold_out_excluded,false,false,true,sold_out_without_price,page_chrome_coupon_or_discount_evidence;tax_included_total_not_confirmed,,,/Users/gini/Documents/ZMI/zao-market-intelligence/.data/debug/auto-runner-market-refresh-rotating/20260707_180006/jalan/classification_decisions/yad325769_2027-02-06.json,zao_local_history_v1
2026-07-08|jalan|ペンション木いちご|yad325769|2027-02-11|2027-02-12|2_adults_1_room_1_night,42289afc1048e299ae31284e94f2ede6ae0474f3d22f2e89333abef39a94430e,2027_02,2026-07-08,2026-07-08T04:00:06+09:00,2026-07-08T04:00:06+09:00,jalan,AUTO-RUNNER10X,integrated_jalan_bounded_live,ペンション木いちご,国内旅行・海外旅行や宿・ホテルの宿泊予約はじゃらんnet　～日本最大級の宿・ホテル予約サイト～,true,yad325769,yad325769,2027-02-11,2027-02-12,1,2,1,0,JPY,ja,2_adults_1_room_1_night,sold_out,sold_out,,,missing_or_unclear,insufficient,insufficient,selected_date_calendar_sold_out,,,,missing_or_unclear,jalan_sold_out_excluded,false,false,true,sold_out_without_price,page_chrome_coupon_or_discount_evidence;tax_included_total_not_confirmed,,,/Users/gini/Documents/ZMI/zao-market-intelligence/.data/debug/auto-runner-market-refresh-rotating/20260708_040006/jalan/classification_decisions/yad325769_2027-02-11.json,zao_local_history_v1
2026-07-08|jalan|ペンション木いちご|yad325769|2027-02-06|2027-02-07|2_adults_1_room_1_night,c6963286252b9d4455163b54f4e316f86e3c4ef4e11d23b45eae07adf497c86f,2027_02,2026-07-08,2026-07-08T18:00:06+09:00,2026-07-08T18:00:06+09:00,jalan,AUTO-RUNNER10X,integrated_jalan_bounded_live,ペンション木いちご,国内旅行・海外旅行や宿・ホテルの宿泊予約はじゃらんnet　～日本最大級の宿・ホテル予約サイト～,true,yad325769,yad325769,2027-02-06,2027-02-07,1,2,1,0,JPY,ja,2_adults_1_room_1_night,sold_out,sold_out,,,missing_or_unclear,insufficient,insufficient,selected_date_calendar_sold_out,,,,missing_or_unclear,jalan_sold_out_excluded,false,false,true,sold_out_without_price,page_chrome_coupon_or_discount_evidence;tax_included_total_not_confirmed,,,/Users/gini/Documents/ZMI/zao-market-intelligence/.data/debug/auto-runner-market-refresh-rotating/20260708_180006/jalan/classification_decisions/yad325769_2027-02-06.json,zao_local_history_v1
2026-07-08|jalan|ペンション木いちご|yad325769|2027-02-13|2027-02-14|2_adults_1_room_1_night,a2c507afa9ccd9fdc853e172b5ed509ac0f75c650483d338cac019d486308200,2027_02,2026-07-08,2026-07-08T22:00:06+09:00,2026-07-08T22:00:06+09:00,jalan,AUTO-RUNNER10X,integrated_jalan_bounded_live,ペンション木いちご,国内旅行・海外旅行や宿・ホテルの宿泊予約はじゃらんnet　～日本最大級の宿・ホテル予約サイト～,true,yad325769,yad325769,2027-02-13,2027-02-14,1,2,1,0,JPY,ja,2_adults_1_room_1_night,sold_out,sold_out,,,missing_or_unclear,insufficient,insufficient,selected_date_calendar_sold_out,,,,missing_or_unclear,jalan_sold_out_excluded,false,false,true,sold_out_without_price,page_chrome_coupon_or_discount_evidence;tax_included_total_not_confirmed,,,/Users/gini/Documents/ZMI/zao-market-intelligence/.data/debug/auto-runner-market-refresh-rotating/20260708_220006/jalan/classification_decisions/yad325769_2027-02-13.json,zao_local_history_v1
2026-07-09|jalan|ペンション木いちご|yad325769|2027-02-06|2027-02-07|2_adults_1_room_1_night,cc0d1040221292f315d516fc3018d3bddd583cec76be72fb2774482ae914bc49,2027_02,2026-07-09,2026-07-09T22:00:06+09:00,2026-07-09T22:00:06+09:00,jalan,AUTO-RUNNER10X,integrated_jalan_bounded_live,ペンション木いちご,国内旅行・海外旅行や宿・ホテルの宿泊予約はじゃらんnet　～日本最大級の宿・ホテル予約サイト～,true,yad325769,yad325769,2027-02-06,2027-02-07,1,2,1,0,JPY,ja,2_adults_1_room_1_night,sold_out,sold_out,,,missing_or_unclear,insufficient,insufficient,selected_date_calendar_sold_out,,,,missing_or_unclear,jalan_sold_out_excluded,false,false,true,sold_out_without_price,page_chrome_coupon_or_discount_evidence;tax_included_total_not_confirmed,,,/Users/gini/Documents/ZMI/zao-market-intelligence/.data/debug/auto-runner-market-refresh-rotating/20260709_220006/jalan/classification_decisions/yad325769_2027-02-06.json,zao_local_history_v1
2026-07-10|jalan|ペンション木いちご|yad325769|2027-02-06|2027-02-07|2_adults_1_room_1_night,cde6efe635570da6baa581e6599c7e065f4c249947500193bd847434ef334db3,2027_02,2026-07-10,2026-07-10T22:00:06+09:00,2026-07-10T22:00:06+09:00,jalan,AUTO-RUNNER10X,integrated_jalan_bounded_live,ペンション木いちご,国内旅行・海外旅行や宿・ホテルの宿泊予約はじゃらんnet　～日本最大級の宿・ホテル予約サイト～,true,yad325769,yad325769,2027-02-06,2027-02-07,1,2,1,0,JPY,ja,2_adults_1_room_1_night,sold_out,sold_out,,,missing_or_unclear,insufficient,insufficient,selected_date_calendar_sold_out,,,,missing_or_unclear,jalan_sold_out_excluded,false,false,true,sold_out_without_price,page_chrome_coupon_or_discount_evidence;tax_included_total_not_confirmed,,,/Users/gini/Documents/ZMI/zao-market-intelligence/.data/debug/auto-runner-market-refresh-rotating/20260710_220006/jalan/classification_decisions/yad325769_2027-02-06.json,zao_local_history_v1
2026-07-11|jalan|ペンション木いちご|yad325769|2027-02-11|2027-02-12|2_adults_1_room_1_night,93690e7ee92d2b8d2548904fc77643033cbcc8d55fe8ccefb50e9b11cc9723c3,2027_02,2026-07-11,2026-07-11T00:00:01+09:00,2026-07-11T00:00:01+09:00,jalan,AUTO-RUNNER10X,integrated_jalan_bounded_live,ペンション木いちご,国内旅行・海外旅行や宿・ホテルの宿泊予約はじゃらんnet　～日本最大級の宿・ホテル予約サイト～,true,yad325769,yad325769,2027-02-11,2027-02-12,1,2,1,0,JPY,ja,2_adults_1_room_1_night,sold_out,sold_out,,,missing_or_unclear,insufficient,insufficient,selected_date_calendar_sold_out,,,,missing_or_unclear,jalan_sold_out_excluded,false,false,true,sold_out_without_price,page_chrome_coupon_or_discount_evidence;tax_included_total_not_confirmed,,,/Users/gini/Documents/ZMI/zao-market-intelligence/.data/debug/auto-runner-market-refresh-rotating/20260711_000001/jalan/classification_decisions/yad325769_2027-02-11.json,zao_local_history_v1
2026-07-12|jalan|ペンション木いちご|yad325769|2027-02-06|2027-02-07|2_adults_1_room_1_night,f2403c2e2feab47871089f44268724135a8348eba02c0d5ad4a2ac95c0efea6a,2027_02,2026-07-12,2026-07-12T00:00:06+09:00,2026-07-12T00:00:06+09:00,jalan,AUTO-RUNNER10X,integrated_jalan_bounded_live,ペンション木いちご,国内旅行・海外旅行や宿・ホテルの宿泊予約はじゃらんnet　～日本最大級の宿・ホテル予約サイト～,true,yad325769,yad325769,2027-02-06,2027-02-07,1,2,1,0,JPY,ja,2_adults_1_room_1_night,sold_out,sold_out,,,missing_or_unclear,insufficient,insufficient,selected_date_calendar_sold_out,,,,missing_or_unclear,jalan_sold_out_excluded,false,false,true,sold_out_without_price,page_chrome_coupon_or_discount_evidence;tax_included_total_not_confirmed,,,/Users/gini/Documents/ZMI/zao-market-intelligence/.data/debug/auto-runner-market-refresh-rotating/20260712_000006/jalan/classification_decisions/yad325769_2027-02-06.json,zao_local_history_v1
2026-07-12|jalan|ペンション木いちご|yad325769|2027-02-11|2027-02-12|2_adults_1_room_1_night,f910e04085f25f4c9a0e646d0d2b5e54de02cdcb63ad3fca938a199e74ea6f28,2027_02,2026-07-12,2026-07-12T12:00:00+09:00,2026-07-12T12:00:00+09:00,jalan,AUTO-RUNNER10X,integrated_jalan_bounded_live,ペンション木いちご,国内旅行・海外旅行や宿・ホテルの宿泊予約はじゃらんnet　～日本最大級の宿・ホテル予約サイト～,true,yad325769,yad325769,2027-02-11,2027-02-12,1,2,1,0,JPY,ja,2_adults_1_room_1_night,sold_out,sold_out,,,missing_or_unclear,insufficient,insufficient,selected_date_calendar_sold_out,,,,missing_or_unclear,jalan_sold_out_excluded,false,false,true,sold_out_without_price,page_chrome_coupon_or_discount_evidence;tax_included_total_not_confirmed,,,/Users/gini/Documents/ZMI/zao-market-intelligence/.data/debug/auto-runner-market-refresh-rotating/20260712_120000/jalan/classification_decisions/yad325769_2027-02-11.json,zao_local_history_v1
2026-07-12|jalan|ペンション木いちご|yad325769|2027-02-13|2027-02-14|2_adults_1_room_1_night,09bb05bddb7601dd691544b4dca6c601fe2a0685f9287758e65a11b42bef8968,2027_02,2026-07-12,2026-07-12T14:00:01+09:00,2026-07-12T14:00:01+09:00,jalan,AUTO-RUNNER10X,integrated_jalan_bounded_live,ペンション木いちご,国内旅行・海外旅行や宿・ホテルの宿泊予約はじゃらんnet　～日本最大級の宿・ホテル予約サイト～,true,yad325769,yad325769,2027-02-13,2027-02-14,1,2,1,0,JPY,ja,2_adults_1_room_1_night,sold_out,sold_out,,,missing_or_unclear,insufficient,insufficient,selected_date_calendar_sold_out,,,,missing_or_unclear,jalan_sold_out_excluded,false,false,true,sold_out_without_price,page_chrome_coupon_or_discount_evidence;tax_included_total_not_confirmed,,,/Users/gini/Documents/ZMI/zao-market-intelligence/.data/debug/auto-runner-market-refresh-rotating/20260712_140000/jalan/classification_decisions/yad325769_2027-02-13.json,zao_local_history_v1
2026-07-12|jalan|ペンション木いちご|yad325769|2027-02-20|2027-02-21|2_adults_1_room_1_night,32b9c8876ef545c4a2f84fc375e1592529b3150179f68038b76284116332ee63,2027_02,2026-07-12,2026-07-12T16:00:06+09:00,2026-07-12T16:00:06+09:00,jalan,AUTO-RUNNER10X,integrated_jalan_bounded_live,ペンション木いちご,国内旅行・海外旅行や宿・ホテルの宿泊予約はじゃらんnet　～日本最大級の宿・ホテル予約サイト～,true,yad325769,yad325769,2027-02-20,2027-02-21,1,2,1,0,JPY,ja,2_adults_1_room_1_night,sold_out,sold_out,,,missing_or_unclear,insufficient,insufficient,selected_date_calendar_sold_out,,,,missing_or_unclear,jalan_sold_out_excluded,false,false,true,sold_out_without_price,page_chrome_coupon_or_discount_evidence;tax_included_total_not_confirmed,,,/Users/gini/Documents/ZMI/zao-market-intelligence/.data/debug/auto-runner-market-refresh-rotating/20260712_160006/jalan/classification_decisions/yad325769_2027-02-20.json,zao_local_history_v1
2026-07-13|jalan|ペンション木いちご|yad325769|2027-02-06|2027-02-07|2_adults_1_room_1_night,5f88a7aee3467de50cbe8d0c318193164228d7b5d2d4cba86ac556a700b0307e,2027_02,2026-07-13,2026-07-13T00:00:02+09:00,2026-07-13T00:00:02+09:00,jalan,AUTO-RUNNER10X,integrated_jalan_bounded_live,ペンション木いちご,国内旅行・海外旅行や宿・ホテルの宿泊予約はじゃらんnet　～日本最大級の宿・ホテル予約サイト～,true,yad325769,yad325769,2027-02-06,2027-02-07,1,2,1,0,JPY,ja,2_adults_1_room_1_night,sold_out,sold_out,,,missing_or_unclear,insufficient,insufficient,selected_date_calendar_sold_out,,,,missing_or_unclear,jalan_sold_out_excluded,false,false,true,sold_out_without_price,page_chrome_coupon_or_discount_evidence;tax_included_total_not_confirmed,,,/Users/gini/Documents/ZMI/zao-market-intelligence/.data/debug/auto-runner-market-refresh-rotating/20260713_000001/jalan/classification_decisions/yad325769_2027-02-06.json,zao_local_history_v1
2026-07-13|jalan|ペンション木いちご|yad325769|2027-02-23|2027-02-24|2_adults_1_room_1_night,f74e4c60b3b6bc78e7252f90e93a2f9eed48fefc1f769b10a3cbe5b78c4a8459,2027_02,2026-07-13,2026-07-13T02:00:06+09:00,2026-07-13T02:00:06+09:00,jalan,AUTO-RUNNER10X,integrated_jalan_bounded_live,ペンション木いちご,国内旅行・海外旅行や宿・ホテルの宿泊予約はじゃらんnet　～日本最大級の宿・ホテル予約サイト～,true,yad325769,yad325769,2027-02-23,2027-02-24,1,2,1,0,JPY,ja,2_adults_1_room_1_night,sold_out,sold_out,,,missing_or_unclear,insufficient,insufficient,selected_date_calendar_sold_out,,,,missing_or_unclear,jalan_sold_out_excluded,false,false,true,sold_out_without_price,page_chrome_coupon_or_discount_evidence;tax_included_total_not_confirmed,,,/Users/gini/Documents/ZMI/zao-market-intelligence/.data/debug/auto-runner-market-refresh-rotating/20260713_020006/jalan/classification_decisions/yad325769_2027-02-23.json,zao_local_history_v1
2026-07-13|jalan|ペンション木いちご|yad325769|2027-02-11|2027-02-12|2_adults_1_room_1_night,97150c2bad0f468ddde7915b875908eb341f96735519080778e25c6d604760da,2027_02,2026-07-13,2026-07-13T14:00:07+09:00,2026-07-13T14:00:07+09:00,jalan,AUTO-RUNNER10X,integrated_jalan_bounded_live,ペンション木いちご,国内旅行・海外旅行や宿・ホテルの宿泊予約はじゃらんnet　～日本最大級の宿・ホテル予約サイト～,true,yad325769,yad325769,2027-02-11,2027-02-12,1,2,1,0,JPY,ja,2_adults_1_room_1_night,sold_out,sold_out,,,missing_or_unclear,insufficient,insufficient,selected_date_calendar_sold_out,,,,missing_or_unclear,jalan_sold_out_excluded,false,false,true,sold_out_without_price,page_chrome_coupon_or_discount_evidence;tax_included_total_not_confirmed,,,/Users/gini/Documents/ZMI/zao-market-intelligence/.data/debug/auto-runner-market-refresh-rotating/20260713_140006/jalan/classification_decisions/yad325769_2027-02-11.json,zao_local_history_v1
2026-07-13|jalan|ペンション木いちご|yad325769|2027-02-13|2027-02-14|2_adults_1_room_1_night,f4762146b14c6a9a724249925ffebc21c1439dd6441e436f20ff210ee1b6bb20,2027_02,2026-07-13,2026-07-13T14:00:07+09:00,2026-07-13T14:00:07+09:00,jalan,AUTO-RUNNER10X,integrated_jalan_bounded_live,ペンション木いちご,国内旅行・海外旅行や宿・ホテルの宿泊予約はじゃらんnet　～日本最大級の宿・ホテル予約サイト～,true,yad325769,yad325769,2027-02-13,2027-02-14,1,2,1,0,JPY,ja,2_adults_1_room_1_night,sold_out,sold_out,,,missing_or_unclear,insufficient,insufficient,selected_date_calendar_sold_out,,,,missing_or_unclear,jalan_sold_out_excluded,false,false,true,sold_out_without_price,page_chrome_coupon_or_discount_evidence;tax_included_total_not_confirmed,,,/Users/gini/Documents/ZMI/zao-market-intelligence/.data/debug/auto-runner-market-refresh-rotating/20260713_140006/jalan/classification_decisions/yad325769_2027-02-13.json,zao_local_history_v1
2026-07-15|jalan|蔵王四季のホテル|yad322447|2027-02-06|2027-02-07|2_adults_1_room_1_night,e3249886189970d923b63b8e6b8a25a2263b7191c2ae5ed951434c80e5f06def,2027_02,2026-07-15,2026-07-15T06:00:06+09:00,2026-07-15T06:00:06+09:00,jalan,AUTO-RUNNER10X,integrated_jalan_bounded_live,蔵王四季のホテル,国内旅行・海外旅行や宿・ホテルの宿泊予約はじゃらんnet　～日本最大級の宿・ホテル予約サイト～,true,yad322447,yad322447,2027-02-06,2027-02-07,1,2,1,0,JPY,ja,2_adults_1_room_1_night,available,not_sold_out_confirmed,,,missing_or_unclear,C,C,Price visible but meal_basis=unknown_meal_basis (jalan_ambiguous_meal_and_room_only_tokens); excluded from room-only DP per confirmed policy.,151800,,,tax_included_total,jalan_unknown_meal_basis_excluded,false,false,true,unknown_meal_basis_excluded,page_chrome_coupon_or_discount_evidence;unknown_meal_basis_excluded;meal_basis=unknown_meal_basis,,,/Users/gini/Documents/ZMI/zao-market-intelligence/.data/debug/auto-runner-market-refresh-rotating/20260715_060006/jalan/classification_decisions/yad322447_2027-02-06.json,zao_local_history_v1
2026-07-15|jalan|蔵王四季のホテル|yad322447|2027-02-11|2027-02-12|2_adults_1_room_1_night,c71fdca3a92080fe1fb155d67693fd3f5992c3f20274784f4f22fca1a55de5fb,2027_02,2026-07-15,2026-07-15T08:00:07+09:00,2026-07-15T08:00:07+09:00,jalan,AUTO-RUNNER10X,integrated_jalan_bounded_live,蔵王四季のホテル,国内旅行・海外旅行や宿・ホテルの宿泊予約はじゃらんnet　～日本最大級の宿・ホテル予約サイト～,true,yad322447,yad322447,2027-02-11,2027-02-12,1,2,1,0,JPY,ja,2_adults_1_room_1_night,available,not_sold_out_confirmed,,,missing_or_unclear,C,C,Price visible but meal_basis=unknown_meal_basis (jalan_ambiguous_meal_and_room_only_tokens); excluded from room-only DP per confirmed policy.,138600,,,tax_included_total,jalan_unknown_meal_basis_excluded,false,false,true,unknown_meal_basis_excluded,page_chrome_coupon_or_discount_evidence;unknown_meal_basis_excluded;meal_basis=unknown_meal_basis,,,/Users/gini/Documents/ZMI/zao-market-intelligence/.data/debug/auto-runner-market-refresh-rotating/20260715_080007/jalan/classification_decisions/yad322447_2027-02-11.json,zao_local_history_v1
2026-07-22|jalan|蔵王国際ホテル|yad309590|2027-02-06|2027-02-07|2_adults_1_room_1_night,e7d3e9e9e805a045f8f10edcff6033175876918bd05750aecdaf39b0c5b081aa,2027_02,2026-07-22,2026-07-22T20:00:06+09:00,2026-07-22T20:00:06+09:00,jalan,AUTO-RUNNER10X,integrated_jalan_bounded_live,蔵王国際ホテル,国内旅行・海外旅行や宿・ホテルの宿泊予約はじゃらんnet　～日本最大級の宿・ホテル予約サイト～,true,yad309590,yad309590,2027-02-06,2027-02-07,1,2,1,0,JPY,ja,2_adults_1_room_1_night,available,not_sold_out_confirmed,,,missing_or_unclear,C,C,Price visible but meal_basis=meal_included (jalan_meal_included_token_detected); excluded from room-only DP per confirmed policy.,112640,,,tax_included_total,jalan_meal_included_excluded,false,false,true,meal_included_plan_excluded,page_chrome_coupon_or_discount_evidence;meal_included_plan_excluded;meal_basis=meal_included,,,/Users/gini/Documents/ZMI/zao-market-intelligence/.data/debug/auto-runner-market-refresh-rotating/20260722_200006/jalan/classification_decisions/yad309590_2027-02-06.json,zao_local_history_v1
2026-07-23|jalan|蔵王国際ホテル|yad309590|2027-02-11|2027-02-12|2_adults_1_room_1_night,3c3d0b112e6f82c75c7fa566d2e80ff62d04e3351bea0ffd9011c9cf272c91a4,2027_02,2026-07-23,2026-07-23T10:00:03+09:00,2026-07-23T10:00:03+09:00,jalan,AUTO-RUNNER10X,integrated_jalan_bounded_live,蔵王国際ホテル,国内旅行・海外旅行や宿・ホテルの宿泊予約はじゃらんnet　～日本最大級の宿・ホテル予約サイト～,true,yad309590,yad309590,2027-02-11,2027-02-12,1,2,1,0,JPY,ja,2_adults_1_room_1_night,sold_out,sold_out,,,missing_or_unclear,insufficient,insufficient,selected_date_calendar_sold_out,,,,missing_or_unclear,jalan_sold_out_excluded,false,false,true,sold_out_without_price,page_chrome_coupon_or_discount_evidence;tax_included_total_not_confirmed,,,/Users/gini/Documents/ZMI/zao-market-intelligence/.data/debug/auto-runner-market-refresh-rotating/20260723_100003/jalan/classification_decisions/yad309590_2027-02-11.json,zao_local_history_v1
2026-07-23|jalan|蔵王国際ホテル|yad309590|2027-02-13|2027-02-14|2_adults_1_room_1_night,bc24843004a822d2332c8990038a8fcd45eda0d891db7579d36189be68490acf,2027_02,2026-07-23,2026-07-23T10:00:03+09:00,2026-07-23T10:00:03+09:00,jalan,AUTO-RUNNER10X,integrated_jalan_bounded_live,蔵王国際ホテル,国内旅行・海外旅行や宿・ホテルの宿泊予約はじゃらんnet　～日本最大級の宿・ホテル予約サイト～,true,yad309590,yad309590,2027-02-13,2027-02-14,1,2,1,0,JPY,ja,2_adults_1_room_1_night,available,not_sold_out_confirmed,,,missing_or_unclear,C,C,Price visible but meal_basis=meal_included (jalan_meal_included_token_detected); excluded from room-only DP per confirmed policy.,119680,,,tax_included_total,jalan_meal_included_excluded,false,false,true,meal_included_plan_excluded,page_chrome_coupon_or_discount_evidence;meal_included_plan_excluded;meal_basis=meal_included,,,/Users/gini/Documents/ZMI/zao-market-intelligence/.data/debug/auto-runner-market-refresh-rotating/20260723_100003/jalan/classification_decisions/yad309590_2027-02-13.json,zao_local_history_v1
2026-07-24|jalan|蔵王国際ホテル|yad309590|2027-02-06|2027-02-07|2_adults_1_room_1_night,7b56505c89c209d0308d3b0e01937fc975c223beed8cd8fae51b057e94045365,2027_02,2026-07-24,2026-07-24T10:00:06+09:00,2026-07-24T10:00:06+09:00,jalan,AUTO-RUNNER10X,integrated_jalan_bounded_live,蔵王国際ホテル,国内旅行・海外旅行や宿・ホテルの宿泊予約はじゃらんnet　～日本最大級の宿・ホテル予約サイト～,true,yad309590,yad309590,2027-02-06,2027-02-07,1,2,1,0,JPY,ja,2_adults_1_room_1_night,available,not_sold_out_confirmed,,,missing_or_unclear,C,C,Price visible but meal_basis=meal_included (jalan_meal_included_token_detected); excluded from room-only DP per confirmed policy.,112640,,,tax_included_total,jalan_meal_included_excluded,false,false,true,meal_included_plan_excluded,page_chrome_coupon_or_discount_evidence;meal_included_plan_excluded;meal_basis=meal_included,,,/Users/gini/Documents/ZMI/zao-market-intelligence/.data/debug/auto-runner-market-refresh-rotating/20260724_100006/jalan/classification_decisions/yad309590_2027-02-06.json,zao_local_history_v1
2026-07-24|jalan|蔵王国際ホテル|yad309590|2027-02-11|2027-02-12|2_adults_1_room_1_night,6be175a6e80fb2217d06f31f24cab8699ad3fbe3ace67fa219b71fffc0f3109f,2027_02,2026-07-24,2026-07-24T18:00:06+09:00,2026-07-24T18:00:06+09:00,jalan,AUTO-RUNNER10X,integrated_jalan_bounded_live,蔵王国際ホテル,国内旅行・海外旅行や宿・ホテルの宿泊予約はじゃらんnet　～日本最大級の宿・ホテル予約サイト～,true,yad309590,yad309590,2027-02-11,2027-02-12,1,2,1,0,JPY,ja,2_adults_1_room_1_night,sold_out,sold_out,,,missing_or_unclear,insufficient,insufficient,selected_date_calendar_sold_out,,,,missing_or_unclear,jalan_sold_out_excluded,false,false,true,sold_out_without_price,page_chrome_coupon_or_discount_evidence;tax_included_total_not_confirmed,,,/Users/gini/Documents/ZMI/zao-market-intelligence/.data/debug/auto-runner-market-refresh-rotating/20260724_180006/jalan/classification_decisions/yad309590_2027-02-11.json,zao_local_history_v1
2026-07-24|jalan|蔵王国際ホテル|yad309590|2027-02-13|2027-02-14|2_adults_1_room_1_night,6b1fcdd2701f4bdf0d6af6659070b355d998230b0163986da3fc7a72b1ab90ce,2027_02,2026-07-24,2026-07-24T22:00:06+09:00,2026-07-24T22:00:06+09:00,jalan,AUTO-RUNNER10X,integrated_jalan_bounded_live,蔵王国際ホテル,国内旅行・海外旅行や宿・ホテルの宿泊予約はじゃらんnet　～日本最大級の宿・ホテル予約サイト～,true,yad309590,yad309590,2027-02-13,2027-02-14,1,2,1,0,JPY,ja,2_adults_1_room_1_night,available,not_sold_out_confirmed,,,missing_or_unclear,C,C,Price visible but meal_basis=meal_included (jalan_meal_included_token_detected); excluded from room-only DP per confirmed policy.,119680,,,tax_included_total,jalan_meal_included_excluded,false,false,true,meal_included_plan_excluded,page_chrome_coupon_or_discount_evidence;meal_included_plan_excluded;meal_basis=meal_included,,,/Users/gini/Documents/ZMI/zao-market-intelligence/.data/debug/auto-runner-market-refresh-rotating/20260724_220006/jalan/classification_decisions/yad309590_2027-02-13.json,zao_local_history_v1
2026-07-26|jalan|蔵王温泉 高砂屋旅館|yad391608|2027-02-06|2027-02-07|2_adults_1_room_1_night,6fef0954012824c7074c7fd1eeeca06e8c3bd49bdcc5f480001e8274c4285822,2027_02,2026-07-26,2026-07-26T04:00:06+09:00,2026-07-26T04:00:06+09:00,jalan,AUTO-RUNNER10X,integrated_jalan_bounded_live,蔵王温泉 高砂屋旅館,国内旅行・海外旅行や宿・ホテルの宿泊予約はじゃらんnet　～日本最大級の宿・ホテル予約サイト～,true,yad391608,yad391608,2027-02-06,2027-02-07,1,2,1,0,JPY,ja,2_adults_1_room_1_night,sold_out,sold_out,,,missing_or_unclear,insufficient,insufficient,selected_date_calendar_sold_out,,,,missing_or_unclear,jalan_sold_out_excluded,false,false,true,sold_out_without_price,page_chrome_coupon_or_discount_evidence;tax_included_total_not_confirmed,,,/Users/gini/Documents/ZMI/zao-market-intelligence/.data/debug/auto-runner-market-refresh-rotating/20260726_040006/jalan/classification_decisions/yad391608_2027-02-06.json,zao_local_history_v1
2026-07-26|jalan|蔵王温泉 高砂屋旅館|yad391608|2027-02-11|2027-02-12|2_adults_1_room_1_night,c8c33d22cdf0fba879c5dbc7b368c038a6944a87f9e76fa27edb5906c647c3cf,2027_02,2026-07-26,2026-07-26T04:00:06+09:00,2026-07-26T04:00:06+09:00,jalan,AUTO-RUNNER10X,integrated_jalan_bounded_live,蔵王温泉 高砂屋旅館,国内旅行・海外旅行や宿・ホテルの宿泊予約はじゃらんnet　～日本最大級の宿・ホテル予約サイト～,true,yad391608,yad391608,2027-02-11,2027-02-12,1,2,1,0,JPY,ja,2_adults_1_room_1_night,available,not_sold_out_confirmed,,,missing_or_unclear,C,C,Price visible but meal_basis=meal_included (jalan_meal_included_token_detected); excluded from room-only DP per confirmed policy.,44000,,,tax_included_total,jalan_meal_included_excluded,false,false,true,meal_included_plan_excluded,page_chrome_coupon_or_discount_evidence;meal_included_plan_excluded;meal_basis=meal_included,,,/Users/gini/Documents/ZMI/zao-market-intelligence/.data/debug/auto-runner-market-refresh-rotating/20260726_040006/jalan/classification_decisions/yad391608_2027-02-11.json,zao_local_history_v1
2026-07-27|jalan|たかみや瑠璃倶楽|yad316848|2027-02-06|2027-02-07|2_adults_1_room_1_night,874ee5aaad6b3ea832fa5ab924c95cb30f59d1982b971504ef2f614d64ab1bbb,2027_02,2026-07-27,2026-07-27T10:00:02+09:00,2026-07-27T10:00:02+09:00,jalan,AUTO-RUNNER10X,integrated_jalan_bounded_live,たかみや瑠璃倶楽,国内旅行・海外旅行や宿・ホテルの宿泊予約はじゃらんnet　～日本最大級の宿・ホテル予約サイト～,true,yad316848,yad316848,2027-02-06,2027-02-07,1,2,1,0,JPY,ja,2_adults_1_room_1_night,sold_out,sold_out,,,missing_or_unclear,insufficient,insufficient,selected_date_calendar_sold_out,,,,missing_or_unclear,jalan_sold_out_excluded,false,false,true,sold_out_without_price,page_chrome_coupon_or_discount_evidence;tax_included_total_not_confirmed,,,/Users/gini/Documents/ZMI/zao-market-intelligence/.data/debug/auto-runner-market-refresh-rotating/20260727_100002/jalan/classification_decisions/yad316848_2027-02-06.json,zao_local_history_v1
2026-07-27|jalan|たかみや瑠璃倶楽|yad316848|2027-02-11|2027-02-12|2_adults_1_room_1_night,784ded46bc4e819505ee96d611118a34d8811e80aafc2d86aa02a6a3ffc85e84,2027_02,2026-07-27,2026-07-27T10:00:02+09:00,2026-07-27T10:00:02+09:00,jalan,AUTO-RUNNER10X,integrated_jalan_bounded_live,たかみや瑠璃倶楽,国内旅行・海外旅行や宿・ホテルの宿泊予約はじゃらんnet　～日本最大級の宿・ホテル予約サイト～,true,yad316848,yad316848,2027-02-11,2027-02-12,1,2,1,0,JPY,ja,2_adults_1_room_1_night,sold_out,sold_out,,,missing_or_unclear,insufficient,insufficient,selected_date_calendar_sold_out,,,,missing_or_unclear,jalan_sold_out_excluded,false,false,true,sold_out_without_price,page_chrome_coupon_or_discount_evidence;tax_included_total_not_confirmed,,,/Users/gini/Documents/ZMI/zao-market-intelligence/.data/debug/auto-runner-market-refresh-rotating/20260727_100002/jalan/classification_decisions/yad316848_2027-02-11.json,zao_local_history_v1
2026-07-27|jalan|深山荘 高見屋|yad321744|2027-02-06|2027-02-07|2_adults_1_room_1_night,60c91ac634ededf75f3df8cf181d185f0821508cfc7bb94e3d3d4814b96711fb,2027_02,2026-07-27,2026-07-27T14:00:05+09:00,2026-07-27T14:00:05+09:00,jalan,AUTO-RUNNER10X,integrated_jalan_bounded_live,深山荘 高見屋,国内旅行・海外旅行や宿・ホテルの宿泊予約はじゃらんnet　～日本最大級の宿・ホテル予約サイト～,true,yad321744,yad321744,2027-02-06,2027-02-07,1,2,1,0,JPY,ja,2_adults_1_room_1_night,sold_out,sold_out,,,missing_or_unclear,insufficient,insufficient,selected_date_calendar_sold_out,,,,missing_or_unclear,jalan_sold_out_excluded,false,false,true,sold_out_without_price,page_chrome_coupon_or_discount_evidence;tax_included_total_not_confirmed,,,/Users/gini/Documents/ZMI/zao-market-intelligence/.data/debug/auto-runner-market-refresh-rotating/20260727_140005/jalan/classification_decisions/yad321744_2027-02-06.json,zao_local_history_v1
2026-07-27|jalan|深山荘 高見屋|yad321744|2027-02-11|2027-02-12|2_adults_1_room_1_night,ce1b421f5960dc4e14a0aca622b5154391c368c7cf62c0609c55ddd84d60dc6b,2027_02,2026-07-27,2026-07-27T16:00:06+09:00,2026-07-27T16:00:06+09:00,jalan,AUTO-RUNNER10X,integrated_jalan_bounded_live,深山荘 高見屋,国内旅行・海外旅行や宿・ホテルの宿泊予約はじゃらんnet　～日本最大級の宿・ホテル予約サイト～,true,yad321744,yad321744,2027-02-11,2027-02-12,1,2,1,0,JPY,ja,2_adults_1_room_1_night,sold_out,sold_out,,,missing_or_unclear,insufficient,insufficient,selected_date_calendar_sold_out,,,,missing_or_unclear,jalan_sold_out_excluded,false,false,true,sold_out_without_price,page_chrome_coupon_or_discount_evidence;tax_included_total_not_confirmed,,,/Users/gini/Documents/ZMI/zao-market-intelligence/.data/debug/auto-runner-market-refresh-rotating/20260727_160006/jalan/classification_decisions/yad321744_2027-02-11.json,zao_local_history_v1
2026-07-28|jalan|蔵王四季のホテル|yad322447|2027-02-06|2027-02-07|2_adults_1_room_1_night,8e9db60fa12c7ea1acb4e2703930de1cca5d07464940692acee372a5fc82aaa2,2027_02,2026-07-28,2026-07-28T06:00:05+09:00,2026-07-28T06:00:05+09:00,jalan,AUTO-RUNNER10X,integrated_jalan_bounded_live,蔵王四季のホテル,国内旅行・海外旅行や宿・ホテルの宿泊予約はじゃらんnet　～日本最大級の宿・ホテル予約サイト～,true,yad322447,yad322447,2027-02-06,2027-02-07,1,2,1,0,JPY,ja,2_adults_1_room_1_night,available,not_sold_out_confirmed,,,missing_or_unclear,C,C,Price visible but meal_basis=unknown_meal_basis (jalan_ambiguous_meal_and_room_only_tokens); excluded from room-only DP per confirmed policy.,151800,,,tax_included_total,jalan_unknown_meal_basis_excluded,false,false,true,unknown_meal_basis_excluded,page_chrome_coupon_or_discount_evidence;unknown_meal_basis_excluded;meal_basis=unknown_meal_basis,,,/Users/gini/Documents/ZMI/zao-market-intelligence/.data/debug/auto-runner-market-refresh-rotating/20260728_060005/jalan/classification_decisions/yad322447_2027-02-06.json,zao_local_history_v1
2026-07-29|jalan|蔵王国際ホテル|yad309590|2027-02-06|2027-02-07|2_adults_1_room_1_night,968e039473eb4090cc6bded617b35a41b33e5cdaf3eb52d5eeeaac8f77c80a0f,2027_02,2026-07-29,2026-07-29T22:00:07+09:00,2026-07-29T22:00:07+09:00,jalan,AUTO-RUNNER10X,integrated_jalan_bounded_live,蔵王国際ホテル,国内旅行・海外旅行や宿・ホテルの宿泊予約はじゃらんnet　～日本最大級の宿・ホテル予約サイト～,true,yad309590,yad309590,2027-02-06,2027-02-07,1,2,1,0,JPY,ja,2_adults_1_room_1_night,available,not_sold_out_confirmed,,,missing_or_unclear,C,C,Price visible but meal_basis=meal_included (jalan_meal_included_token_detected); excluded from room-only DP per confirmed policy.,124960,,,tax_included_total,jalan_meal_included_excluded,false,false,true,meal_included_plan_excluded,page_chrome_coupon_or_discount_evidence;meal_included_plan_excluded;meal_basis=meal_included,,,/Users/gini/Documents/ZMI/zao-market-intelligence/.data/debug/auto-runner-market-refresh-rotating/20260729_220007/jalan/classification_decisions/yad309590_2027-02-06.json,zao_local_history_v1
2026-07-30|jalan|蔵王国際ホテル|yad309590|2027-02-11|2027-02-12|2_adults_1_room_1_night,13329edf395a1cccb97f3a91b2d0e91ab1b13768ddbedd6d2f21ddbd0d458756,2027_02,2026-07-30,2026-07-30T00:00:02+09:00,2026-07-30T00:00:02+09:00,jalan,AUTO-RUNNER10X,integrated_jalan_bounded_live,蔵王国際ホテル,国内旅行・海外旅行や宿・ホテルの宿泊予約はじゃらんnet　～日本最大級の宿・ホテル予約サイト～,true,yad309590,yad309590,2027-02-11,2027-02-12,1,2,1,0,JPY,ja,2_adults_1_room_1_night,available,not_sold_out_confirmed,,,missing_or_unclear,C,C,Price visible but meal_basis=meal_included (jalan_meal_included_token_detected); excluded from room-only DP per confirmed policy.,109120,,,tax_included_total,jalan_meal_included_excluded,false,false,true,meal_included_plan_excluded,meal_included_plan_excluded;meal_basis=meal_included,,,/Users/gini/Documents/ZMI/zao-market-intelligence/.data/debug/auto-runner-market-refresh-rotating/20260730_000002/jalan/classification_decisions/yad309590_2027-02-11.json,zao_local_history_v1
2026-07-30|jalan|蔵王国際ホテル|yad309590|2027-02-13|2027-02-14|2_adults_1_room_1_night,7c6b98dd8f05ec23dea86fddbaaa9a1fb44294363a7907f7759791b40aca8bb2,2027_02,2026-07-30,2026-07-30T02:00:06+09:00,2026-07-30T02:00:06+09:00,jalan,AUTO-RUNNER10X,integrated_jalan_bounded_live,蔵王国際ホテル,国内旅行・海外旅行や宿・ホテルの宿泊予約はじゃらんnet　～日本最大級の宿・ホテル予約サイト～,true,yad309590,yad309590,2027-02-13,2027-02-14,1,2,1,0,JPY,ja,2_adults_1_room_1_night,available,not_sold_out_confirmed,,,missing_or_unclear,C,C,Price visible but meal_basis=meal_included (jalan_meal_included_token_detected); excluded from room-only DP per confirmed policy.,124960,,,tax_included_total,jalan_meal_included_excluded,false,false,true,meal_included_plan_excluded,meal_included_plan_excluded;meal_basis=meal_included,,,/Users/gini/Documents/ZMI/zao-market-intelligence/.data/debug/auto-runner-market-refresh-rotating/20260730_020006/jalan/classification_decisions/yad309590_2027-02-13.json,zao_local_history_v1
2026-07-30|jalan|深山荘 高見屋|yad321744|2027-02-06|2027-02-07|2_adults_1_room_1_night,257b222ddf1aa160c3def5d4a62a77f0ca1b86c46869cb11115f019e2d0a88f9,2027_02,2026-07-30,2026-07-30T14:00:04+09:00,2026-07-30T14:00:04+09:00,jalan,AUTO-RUNNER10X,integrated_jalan_bounded_live,深山荘 高見屋,国内旅行・海外旅行や宿・ホテルの宿泊予約はじゃらんnet　～日本最大級の宿・ホテル予約サイト～,true,yad321744,yad321744,2027-02-06,2027-02-07,1,2,1,0,JPY,ja,2_adults_1_room_1_night,sold_out,sold_out,,,missing_or_unclear,insufficient,insufficient,selected_date_calendar_sold_out,,,,missing_or_unclear,jalan_sold_out_excluded,false,false,true,sold_out_without_price,page_chrome_coupon_or_discount_evidence;tax_included_total_not_confirmed,,,/Users/gini/Documents/ZMI/zao-market-intelligence/.data/debug/auto-runner-market-refresh-rotating/20260730_140004/jalan/classification_decisions/yad321744_2027-02-06.json,zao_local_history_v1
2026-07-30|jalan|深山荘 高見屋|yad321744|2027-02-11|2027-02-12|2_adults_1_room_1_night,77f5506ebe1e0b694f717b8a3b61bcc27c3d61d09402a10e5aa2e6d1f265b45d,2027_02,2026-07-30,2026-07-30T18:00:06+09:00,2026-07-30T18:00:06+09:00,jalan,AUTO-RUNNER10X,integrated_jalan_bounded_live,深山荘 高見屋,国内旅行・海外旅行や宿・ホテルの宿泊予約はじゃらんnet　～日本最大級の宿・ホテル予約サイト～,true,yad321744,yad321744,2027-02-11,2027-02-12,1,2,1,0,JPY,ja,2_adults_1_room_1_night,sold_out,sold_out,,,missing_or_unclear,insufficient,insufficient,selected_date_calendar_sold_out,,,,missing_or_unclear,jalan_sold_out_excluded,false,false,true,sold_out_without_price,page_chrome_coupon_or_discount_evidence;tax_included_total_not_confirmed,,,/Users/gini/Documents/ZMI/zao-market-intelligence/.data/debug/auto-runner-market-refresh-rotating/20260730_180006/jalan/classification_decisions/yad321744_2027-02-11.json,zao_local_history_v1
2026-08-08|jalan|深山荘 高見屋|yad321744|2027-02-06|2027-02-07|2_adults_1_room_1_night,26f3b340cf759712eb6b473a85f3c022fb425094587df479e932c28fc358fc6d,2027_02,2026-08-08,2026-08-08T02:00:05+09:00,2026-08-08T02:00:05+09:00,jalan,AUTO-RUNNER10X,integrated_jalan_bounded_live,深山荘 高見屋,国内旅行・海外旅行や宿・ホテルの宿泊予約はじゃらんnet　～日本最大級の宿・ホテル予約サイト～,true,yad321744,yad321744,2027-02-06,2027-02-07,1,2,1,0,JPY,ja,2_adults_1_room_1_night,sold_out,sold_out,,,missing_or_unclear,insufficient,insufficient,selected_date_calendar_sold_out,,,,missing_or_unclear,jalan_sold_out_excluded,false,false,true,sold_out_without_price,page_chrome_coupon_or_discount_evidence;tax_included_total_not_confirmed,,,/Users/gini/Documents/ZMI/zao-market-intelligence/.data/debug/auto-runner-market-refresh-rotating/20260808_020005/jalan/classification_decisions/yad321744_2027-02-06.json,zao_local_history_v1
2026-08-17|jalan|深山荘 高見屋|yad321744|2027-02-06|2027-02-07|2_adults_1_room_1_night,e712ba8a0070cb502b99d1294463b7f110eafa428552fd3428d61043bd39c623,2027_02,2026-08-17,2026-08-17T20:00:06+09:00,2026-08-17T20:00:06+09:00,jalan,AUTO-RUNNER10X,integrated_jalan_bounded_live,深山荘 高見屋,国内旅行・海外旅行や宿・ホテルの宿泊予約はじゃらんnet　～日本最大級の宿・ホテル予約サイト～,true,yad321744,yad321744,2027-02-06,2027-02-07,1,2,1,0,JPY,ja,2_adults_1_room_1_night,sold_out,sold_out,,,missing_or_unclear,insufficient,insufficient,selected_date_calendar_sold_out,,,,missing_or_unclear,jalan_sold_out_excluded,false,false,true,sold_out_without_price,page_chrome_coupon_or_discount_evidence;tax_included_total_not_confirmed,,,/Users/gini/Documents/ZMI/zao-market-intelligence/.data/debug/auto-runner-market-refresh-rotating/20260817_200006/jalan/classification_decisions/yad321744_2027-02-06.json,zao_local_history_v1
2026-08-17|jalan|深山荘 高見屋|yad321744|2027-02-11|2027-02-12|2_adults_1_room_1_night,0908b88f878eab59c272a465e68436a17961caa627f20d8ac8fd3507f58367ff,2027_02,2026-08-17,2026-08-17T20:00:06+09:00,2026-08-17T20:00:06+09:00,jalan,AUTO-RUNNER10X,integrated_jalan_bounded_live,深山荘 高見屋,国内旅行・海外旅行や宿・ホテルの宿泊予約はじゃらんnet　～日本最大級の宿・ホテル予約サイト～,true,yad321744,yad321744,2027-02-11,2027-02-12,1,2,1,0,JPY,ja,2_adults_1_room_1_night,sold_out,sold_out,,,missing_or_unclear,insufficient,insufficient,selected_date_calendar_sold_out,,,,missing_or_unclear,jalan_sold_out_excluded,false,false,true,sold_out_without_price,page_chrome_coupon_or_discount_evidence;tax_included_total_not_confirmed,,,/Users/gini/Documents/ZMI/zao-market-intelligence/.data/debug/auto-runner-market-refresh-rotating/20260817_200006/jalan/classification_decisions/yad321744_2027-02-11.json,zao_local_history_v1
2026-08-17|jalan|深山荘 高見屋|yad321744|2027-02-13|2027-02-14|2_adults_1_room_1_night,4bf44e24544fec095c85a00900708f912476334e713f14ffcbfe01b8b998cc0d,2027_02,2026-08-17,2026-08-17T22:00:06+09:00,2026-08-17T22:00:06+09:00,jalan,AUTO-RUNNER10X,integrated_jalan_bounded_live,深山荘 高見屋,国内旅行・海外旅行や宿・ホテルの宿泊予約はじゃらんnet　～日本最大級の宿・ホテル予約サイト～,true,yad321744,yad321744,2027-02-13,2027-02-14,1,2,1,0,JPY,ja,2_adults_1_room_1_night,sold_out,sold_out,,,missing_or_unclear,insufficient,insufficient,selected_date_calendar_sold_out,,,,missing_or_unclear,jalan_sold_out_excluded,false,false,true,sold_out_without_price,page_chrome_coupon_or_discount_evidence;tax_included_total_not_confirmed,,,/Users/gini/Documents/ZMI/zao-market-intelligence/.data/debug/auto-runner-market-refresh-rotating/20260817_220006/jalan/classification_decisions/yad321744_2027-02-13.json,zao_local_history_v1
2026-08-17|jalan|深山荘 高見屋|yad321744|2027-02-20|2027-02-21|2_adults_1_room_1_night,8cc0f10cca796097fb2ddd16f771d1253868e31d8fec048c8aea3b64d8529ba1,2027_02,2026-08-17,2026-08-17T22:00:06+09:00,2026-08-17T22:00:06+09:00,jalan,AUTO-RUNNER10X,integrated_jalan_bounded_live,深山荘 高見屋,国内旅行・海外旅行や宿・ホテルの宿泊予約はじゃらんnet　～日本最大級の宿・ホテル予約サイト～,true,yad321744,yad321744,2027-02-20,2027-02-21,1,2,1,0,JPY,ja,2_adults_1_room_1_night,sold_out,sold_out,,,missing_or_unclear,insufficient,insufficient,selected_date_calendar_sold_out,,,,missing_or_unclear,jalan_sold_out_excluded,false,false,true,sold_out_without_price,page_chrome_coupon_or_discount_evidence;tax_included_total_not_confirmed,,,/Users/gini/Documents/ZMI/zao-market-intelligence/.data/debug/auto-runner-market-refresh-rotating/20260817_220006/jalan/classification_decisions/yad321744_2027-02-20.json,zao_local_history_v1
2026-08-21|jalan|蔵王四季のホテル|yad322447|2027-02-06|2027-02-07|2_adults_1_room_1_night,3a019b68bdf174e93dab702480b7de7ce70562ff8929b61759eb5766adf08dfd,2027_02,2026-08-21,2026-08-21T10:00:00+09:00,2026-08-21T10:00:00+09:00,jalan,AUTO-RUNNER10X,integrated_jalan_bounded_live,蔵王四季のホテル,国内旅行・海外旅行や宿・ホテルの宿泊予約はじゃらんnet　～日本最大級の宿・ホテル予約サイト～,true,yad322447,yad322447,2027-02-06,2027-02-07,1,2,1,0,JPY,ja,2_adults_1_room_1_night,available,not_sold_out_confirmed,,,missing_or_unclear,C,C,Price visible but meal_basis=unknown_meal_basis (jalan_ambiguous_meal_and_room_only_tokens); excluded from room-only DP per confirmed policy.,151800,,,tax_included_total,jalan_unknown_meal_basis_excluded,false,false,true,unknown_meal_basis_excluded,page_chrome_coupon_or_discount_evidence;unknown_meal_basis_excluded;meal_basis=unknown_meal_basis,,,/Users/gini/Documents/ZMI/zao-market-intelligence/.data/debug/auto-runner-market-refresh-rotating/20260821_100000/jalan/classification_decisions/yad322447_2027-02-06.json,zao_local_history_v1
2026-08-21|jalan|ペンション木いちご|yad325769|2027-02-06|2027-02-07|2_adults_1_room_1_night,9217c6eda129dc8de3bbc8f8bab9ee9115a49b012d6fcd3a952a8586cc1915c2,2027_02,2026-08-21,2026-08-21T14:00:01+09:00,2026-08-21T14:00:01+09:00,jalan,AUTO-RUNNER10X,integrated_jalan_bounded_live,ペンション木いちご,国内旅行・海外旅行や宿・ホテルの宿泊予約はじゃらんnet　～日本最大級の宿・ホテル予約サイト～,true,yad325769,yad325769,2027-02-06,2027-02-07,1,2,1,0,JPY,ja,2_adults_1_room_1_night,sold_out,sold_out,,,missing_or_unclear,insufficient,insufficient,selected_date_calendar_sold_out,,,,missing_or_unclear,jalan_sold_out_excluded,false,false,true,sold_out_without_price,page_chrome_coupon_or_discount_evidence;tax_included_total_not_confirmed,,,/Users/gini/Documents/ZMI/zao-market-intelligence/.data/debug/auto-runner-market-refresh-rotating/20260821_140001/jalan/classification_decisions/yad325769_2027-02-06.json,zao_local_history_v1
2026-08-21|jalan|蔵王四季のホテル|yad322447|2027-02-11|2027-02-12|2_adults_1_room_1_night,dd0da7bd13eef352f19f740ef4bc716b31c45e04fc416f078c520a45aa559569,2027_02,2026-08-21,2026-08-21T16:00:00+09:00,2026-08-21T16:00:00+09:00,jalan,AUTO-RUNNER10X,integrated_jalan_bounded_live,蔵王四季のホテル,国内旅行・海外旅行や宿・ホテルの宿泊予約はじゃらんnet　～日本最大級の宿・ホテル予約サイト～,true,yad322447,yad322447,2027-02-11,2027-02-12,1,2,1,0,JPY,ja,2_adults_1_room_1_night,available,not_sold_out_confirmed,,,missing_or_unclear,C,C,Price visible but meal_basis=unknown_meal_basis (jalan_ambiguous_meal_and_room_only_tokens); excluded from room-only DP per confirmed policy.,138600,,,tax_included_total,jalan_unknown_meal_basis_excluded,false,false,true,unknown_meal_basis_excluded,page_chrome_coupon_or_discount_evidence;unknown_meal_basis_excluded;meal_basis=unknown_meal_basis,,,/Users/gini/Documents/ZMI/zao-market-intelligence/.data/debug/auto-runner-market-refresh-rotating/20260821_160000/jalan/classification_decisions/yad322447_2027-02-11.json,zao_local_history_v1
2026-08-21|jalan|ペンション木いちご|yad325769|2027-02-13|2027-02-14|2_adults_1_room_1_night,591b3adb00f3cb5e2b5b7034b3e6fe3b32e5a5066f7637f2a6fc9537a44b9bef,2027_02,2026-08-21,2026-08-21T16:00:00+09:00,2026-08-21T16:00:00+09:00,jalan,AUTO-RUNNER10X,integrated_jalan_bounded_live,ペンション木いちご,国内旅行・海外旅行や宿・ホテルの宿泊予約はじゃらんnet　～日本最大級の宿・ホテル予約サイト～,true,yad325769,yad325769,2027-02-13,2027-02-14,1,2,1,0,JPY,ja,2_adults_1_room_1_night,available,not_sold_out_confirmed,,,missing_or_unclear,C,C,"Price visible, meal_basis=confirmed_room_only, but room_basis=excluded_large_room (large_or_triple_or_quad_room_token_detected); excluded from two-person-standard DP per confirmed policy.",25000,,,tax_included_total,jalan_room_type_excluded,false,false,true,excluded_room_type_large,page_chrome_coupon_or_discount_evidence;meal_basis_confirmed_room_only;meal_basis=confirmed_room_only;excluded_room_type_large;room_basis=excluded_large_room,,,/Users/gini/Documents/ZMI/zao-market-intelligence/.data/debug/auto-runner-market-refresh-rotating/20260821_160000/jalan/classification_decisions/yad325769_2027-02-13.json,zao_local_history_v1
2026-08-21|jalan|ペンション木いちご|yad325769|2027-02-11|2027-02-12|2_adults_1_room_1_night,5a6d0e7664fc9bfd15214e2cb94ef9aceab43407a2f57908b48acb631baf8c28,2027_02,2026-08-21,2026-08-21T20:00:01+09:00,2026-08-21T20:00:01+09:00,jalan,AUTO-RUNNER10X,integrated_jalan_bounded_live,ペンション木いちご,国内旅行・海外旅行や宿・ホテルの宿泊予約はじゃらんnet　～日本最大級の宿・ホテル予約サイト～,true,yad325769,yad325769,2027-02-11,2027-02-12,1,2,1,0,JPY,ja,2_adults_1_room_1_night,available,not_sold_out_confirmed,,,missing_or_unclear,C,C,"Price visible, meal_basis=confirmed_room_only, but room_basis=excluded_large_room (large_or_triple_or_quad_room_token_detected); excluded from two-person-standard DP per confirmed policy.",21000,,,tax_included_total,jalan_room_type_excluded,false,false,true,excluded_room_type_large,page_chrome_coupon_or_discount_evidence;meal_basis_confirmed_room_only;meal_basis=confirmed_room_only;excluded_room_type_large;room_basis=excluded_large_room,,,/Users/gini/Documents/ZMI/zao-market-intelligence/.data/debug/auto-runner-market-refresh-rotating/20260821_200001/jalan/classification_decisions/yad325769_2027-02-11.json,zao_local_history_v1
2026-08-21|jalan|ペンション木いちご|yad325769|2027-02-20|2027-02-21|2_adults_1_room_1_night,1ff460ad47265f1921ccd3715adbf66f6828eebe64deb4ed58de3816aca20ef7,2027_02,2026-08-21,2026-08-21T22:00:01+09:00,2026-08-21T22:00:01+09:00,jalan,AUTO-RUNNER10X,integrated_jalan_bounded_live,ペンション木いちご,国内旅行・海外旅行や宿・ホテルの宿泊予約はじゃらんnet　～日本最大級の宿・ホテル予約サイト～,true,yad325769,yad325769,2027-02-20,2027-02-21,1,2,1,0,JPY,ja,2_adults_1_room_1_night,available,not_sold_out_confirmed,,,missing_or_unclear,C,C,"Price visible, meal_basis=confirmed_room_only, but room_basis=excluded_large_room (large_or_triple_or_quad_room_token_detected); excluded from two-person-standard DP per confirmed policy.",25000,,,tax_included_total,jalan_room_type_excluded,false,false,true,excluded_room_type_large,page_chrome_coupon_or_discount_evidence;meal_basis_confirmed_room_only;meal_basis=confirmed_room_only;excluded_room_type_large;room_basis=excluded_large_room,,,/Users/gini/Documents/ZMI/zao-market-intelligence/.data/debug/auto-runner-market-refresh-rotating/20260821_220001/jalan/classification_decisions/yad325769_2027-02-20.json,zao_local_history_v1
2026-08-22|jalan|ペンション木いちご|yad325769|2027-02-23|2027-02-24|2_adults_1_room_1_night,1a35188a6a4e6ddfa05fa052d2d5c780122fa417d449a9f8f131cfa0f324dd4f,2027_02,2026-08-22,2026-08-22T00:00:00+09:00,2026-08-22T00:00:00+09:00,jalan,AUTO-RUNNER10X,integrated_jalan_bounded_live,ペンション木いちご,国内旅行・海外旅行や宿・ホテルの宿泊予約はじゃらんnet　～日本最大級の宿・ホテル予約サイト～,true,yad325769,yad325769,2027-02-23,2027-02-24,1,2,1,0,JPY,ja,2_adults_1_room_1_night,available,not_sold_out_confirmed,,,missing_or_unclear,C,C,"Price visible, meal_basis=confirmed_room_only, but room_basis=excluded_large_room (large_or_triple_or_quad_room_token_detected); excluded from two-person-standard DP per confirmed policy.",21000,,,tax_included_total,jalan_room_type_excluded,false,false,true,excluded_room_type_large,page_chrome_coupon_or_discount_evidence;meal_basis_confirmed_room_only;meal_basis=confirmed_room_only;excluded_room_type_large;room_basis=excluded_large_room,,,/Users/gini/Documents/ZMI/zao-market-intelligence/.data/debug/auto-runner-market-refresh-rotating/20260822_000000/jalan/classification_decisions/yad325769_2027-02-23.json,zao_local_history_v1
2026-08-22|jalan|ペンション木いちご|yad325769|2027-02-27|2027-02-28|2_adults_1_room_1_night,d86279e0413974d10d507d8f585832d459919e77788d31e114d5c39359458ac9,2027_02,2026-08-22,2026-08-22T02:00:01+09:00,2026-08-22T02:00:01+09:00,jalan,AUTO-RUNNER10X,integrated_jalan_bounded_live,ペンション木いちご,国内旅行・海外旅行や宿・ホテルの宿泊予約はじゃらんnet　～日本最大級の宿・ホテル予約サイト～,true,yad325769,yad325769,2027-02-27,2027-02-28,1,2,1,0,JPY,ja,2_adults_1_room_1_night,available,not_sold_out_confirmed,,,missing_or_unclear,C,C,"Price visible, meal_basis=confirmed_room_only, but room_basis=excluded_large_room (large_or_triple_or_quad_room_token_detected); excluded from two-person-standard DP per confirmed policy.",25000,,,tax_included_total,jalan_room_type_excluded,false,false,true,excluded_room_type_large,page_chrome_coupon_or_discount_evidence;meal_basis_confirmed_room_only;meal_basis=confirmed_room_only;excluded_room_type_large;room_basis=excluded_large_room,,,/Users/gini/Documents/ZMI/zao-market-intelligence/.data/debug/auto-runner-market-refresh-rotating/20260822_020001/jalan/classification_decisions/yad325769_2027-02-27.json,zao_local_history_v1
2026-08-22|jalan|蔵王四季のホテル|yad322447|2027-02-06|2027-02-07|2_adults_1_room_1_night,414f3ffb9f836ffcc308542b57f731bff0e5a55f46114d7dadd262c2976682c8,2027_02,2026-08-22,2026-08-22T10:00:01+09:00,2026-08-22T10:00:01+09:00,jalan,AUTO-RUNNER10X,integrated_jalan_bounded_live,蔵王四季のホテル,国内旅行・海外旅行や宿・ホテルの宿泊予約はじゃらんnet　～日本最大級の宿・ホテル予約サイト～,true,yad322447,yad322447,2027-02-06,2027-02-07,1,2,1,0,JPY,ja,2_adults_1_room_1_night,available,not_sold_out_confirmed,,,missing_or_unclear,C,C,Price visible but meal_basis=unknown_meal_basis (jalan_ambiguous_meal_and_room_only_tokens); excluded from room-only DP per confirmed policy.,151800,,,tax_included_total,jalan_unknown_meal_basis_excluded,false,false,true,unknown_meal_basis_excluded,page_chrome_coupon_or_discount_evidence;unknown_meal_basis_excluded;meal_basis=unknown_meal_basis,,,/Users/gini/Documents/ZMI/zao-market-intelligence/.data/debug/auto-runner-market-refresh-rotating/20260822_100001/jalan/classification_decisions/yad322447_2027-02-06.json,zao_local_history_v1
2026-08-22|jalan|蔵王四季のホテル|yad322447|2027-02-11|2027-02-12|2_adults_1_room_1_night,3c4d1df25eaaa4cec24f2a7c24d2d31d1eac4d4c2e58ca658547fd77e42a069b,2027_02,2026-08-22,2026-08-22T16:00:01+09:00,2026-08-22T16:00:01+09:00,jalan,AUTO-RUNNER10X,integrated_jalan_bounded_live,蔵王四季のホテル,国内旅行・海外旅行や宿・ホテルの宿泊予約はじゃらんnet　～日本最大級の宿・ホテル予約サイト～,true,yad322447,yad322447,2027-02-11,2027-02-12,1,2,1,0,JPY,ja,2_adults_1_room_1_night,available,not_sold_out_confirmed,,,missing_or_unclear,C,C,Price visible but meal_basis=unknown_meal_basis (jalan_ambiguous_meal_and_room_only_tokens); excluded from room-only DP per confirmed policy.,138600,,,tax_included_total,jalan_unknown_meal_basis_excluded,false,false,true,unknown_meal_basis_excluded,page_chrome_coupon_or_discount_evidence;unknown_meal_basis_excluded;meal_basis=unknown_meal_basis,,,/Users/gini/Documents/ZMI/zao-market-intelligence/.data/debug/auto-runner-market-refresh-rotating/20260822_160001/jalan/classification_decisions/yad322447_2027-02-11.json,zao_local_history_v1
2026-08-22|jalan|蔵王四季のホテル|yad322447|2027-02-13|2027-02-14|2_adults_1_room_1_night,9deae0118d76ee8f09de56fe4e6971f2180e8dae46a9db229fc13ce212d75c38,2027_02,2026-08-22,2026-08-22T16:00:01+09:00,2026-08-22T16:00:01+09:00,jalan,AUTO-RUNNER10X,integrated_jalan_bounded_live,蔵王四季のホテル,国内旅行・海外旅行や宿・ホテルの宿泊予約はじゃらんnet　～日本最大級の宿・ホテル予約サイト～,true,yad322447,yad322447,2027-02-13,2027-02-14,1,2,1,0,JPY,ja,2_adults_1_room_1_night,available,not_sold_out_confirmed,,,missing_or_unclear,C,C,Price visible but meal_basis=unknown_meal_basis (jalan_ambiguous_meal_and_room_only_tokens); excluded from room-only DP per confirmed policy.,156200,,,tax_included_total,jalan_unknown_meal_basis_excluded,false,false,true,unknown_meal_basis_excluded,page_chrome_coupon_or_discount_evidence;unknown_meal_basis_excluded;meal_basis=unknown_meal_basis,,,/Users/gini/Documents/ZMI/zao-market-intelligence/.data/debug/auto-runner-market-refresh-rotating/20260822_160001/jalan/classification_decisions/yad322447_2027-02-13.json,zao_local_history_v1
2026-08-22|jalan|蔵王四季のホテル|yad322447|2027-02-20|2027-02-21|2_adults_1_room_1_night,b7f195085e1455c616b706e2c2553c5ab8185821f1e38dd9dc37d2dc4ebcda57,2027_02,2026-08-22,2026-08-22T20:00:01+09:00,2026-08-22T20:00:01+09:00,jalan,AUTO-RUNNER10X,integrated_jalan_bounded_live,蔵王四季のホテル,国内旅行・海外旅行や宿・ホテルの宿泊予約はじゃらんnet　～日本最大級の宿・ホテル予約サイト～,true,yad322447,yad322447,2027-02-20,2027-02-21,1,2,1,0,JPY,ja,2_adults_1_room_1_night,available,not_sold_out_confirmed,,,missing_or_unclear,C,C,Price visible but meal_basis=unknown_meal_basis (jalan_ambiguous_meal_and_room_only_tokens); excluded from room-only DP per confirmed policy.,147400,,,tax_included_total,jalan_unknown_meal_basis_excluded,false,false,true,unknown_meal_basis_excluded,page_chrome_coupon_or_discount_evidence;unknown_meal_basis_excluded;meal_basis=unknown_meal_basis,,,/Users/gini/Documents/ZMI/zao-market-intelligence/.data/debug/auto-runner-market-refresh-rotating/20260822_200001/jalan/classification_decisions/yad322447_2027-02-20.json,zao_local_history_v1
2026-08-22|jalan|蔵王四季のホテル|yad322447|2027-02-23|2027-02-24|2_adults_1_room_1_night,850540044e709d96ef37011a192afd99518590517372d6002344bd8581d6eb25,2027_02,2026-08-22,2026-08-22T22:00:01+09:00,2026-08-22T22:00:01+09:00,jalan,AUTO-RUNNER10X,integrated_jalan_bounded_live,蔵王四季のホテル,国内旅行・海外旅行や宿・ホテルの宿泊予約はじゃらんnet　～日本最大級の宿・ホテル予約サイト～,true,yad322447,yad322447,2027-02-23,2027-02-24,1,2,1,0,JPY,ja,2_adults_1_room_1_night,available,not_sold_out_confirmed,,,missing_or_unclear,C,C,Price visible but meal_basis=unknown_meal_basis (jalan_ambiguous_meal_and_room_only_tokens); excluded from room-only DP per confirmed policy.,118800,,,tax_included_total,jalan_unknown_meal_basis_excluded,false,false,true,unknown_meal_basis_excluded,page_chrome_coupon_or_discount_evidence;unknown_meal_basis_excluded;meal_basis=unknown_meal_basis,,,/Users/gini/Documents/ZMI/zao-market-intelligence/.data/debug/auto-runner-market-refresh-rotating/20260822_220001/jalan/classification_decisions/yad322447_2027-02-23.json,zao_local_history_v1
2026-08-22|jalan|蔵王四季のホテル|yad322447|2027-02-27|2027-02-28|2_adults_1_room_1_night,35a53c961e49c4bec941e8e026172de697525c377acf6eb5393fbf03e64e90f6,2027_02,2026-08-22,2026-08-22T22:00:01+09:00,2026-08-22T22:00:01+09:00,jalan,AUTO-RUNNER10X,integrated_jalan_bounded_live,蔵王四季のホテル,国内旅行・海外旅行や宿・ホテルの宿泊予約はじゃらんnet　～日本最大級の宿・ホテル予約サイト～,true,yad322447,yad322447,2027-02-27,2027-02-28,1,2,1,0,JPY,ja,2_adults_1_room_1_night,available,not_sold_out_confirmed,,,missing_or_unclear,C,C,Price visible but meal_basis=unknown_meal_basis (jalan_ambiguous_meal_and_room_only_tokens); excluded from room-only DP per confirmed policy.,143000,,,tax_included_total,jalan_unknown_meal_basis_excluded,false,false,true,unknown_meal_basis_excluded,page_chrome_coupon_or_discount_evidence;unknown_meal_basis_excluded;meal_basis=unknown_meal_basis,,,/Users/gini/Documents/ZMI/zao-market-intelligence/.data/debug/auto-runner-market-refresh-rotating/20260822_220001/jalan/classification_decisions/yad322447_2027-02-27.json,zao_local_history_v1
2026-08-23|jalan|蔵王四季のホテル|yad322447|2027-02-06|2027-02-07|2_adults_1_room_1_night,d4e84dc80844ccd4e2d32ff93ea49b2a7884f3589e733f3d4f381cc8b2303862,2027_02,2026-08-23,2026-08-23T10:00:01+09:00,2026-08-23T10:00:01+09:00,jalan,AUTO-RUNNER10X,integrated_jalan_bounded_live,蔵王四季のホテル,国内旅行・海外旅行や宿・ホテルの宿泊予約はじゃらんnet　～日本最大級の宿・ホテル予約サイト～,true,yad322447,yad322447,2027-02-06,2027-02-07,1,2,1,0,JPY,ja,2_adults_1_room_1_night,available,not_sold_out_confirmed,,,missing_or_unclear,C,C,Price visible but meal_basis=unknown_meal_basis (jalan_ambiguous_meal_and_room_only_tokens); excluded from room-only DP per confirmed policy.,151800,,,tax_included_total,jalan_unknown_meal_basis_excluded,false,false,true,unknown_meal_basis_excluded,page_chrome_coupon_or_discount_evidence;unknown_meal_basis_excluded;meal_basis=unknown_meal_basis,,,/Users/gini/Documents/ZMI/zao-market-intelligence/.data/debug/auto-runner-market-refresh-rotating/20260823_100001/jalan/classification_decisions/yad322447_2027-02-06.json,zao_local_history_v1
2026-08-23|jalan|たかみや瑠璃倶楽|yad316848|2027-02-06|2027-02-07|2_adults_1_room_1_night,68ca8df9432cc1cf1811bf522a54f8d73987a81e29d87ace6ff0f88642d9dc62,2027_02,2026-08-23,2026-08-23T20:00:00+09:00,2026-08-23T20:00:00+09:00,jalan,AUTO-RUNNER10X,integrated_jalan_bounded_live,たかみや瑠璃倶楽,国内旅行・海外旅行や宿・ホテルの宿泊予約はじゃらんnet　～日本最大級の宿・ホテル予約サイト～,true,yad316848,yad316848,2027-02-06,2027-02-07,1,2,1,0,JPY,ja,2_adults_1_room_1_night,sold_out,sold_out,,,missing_or_unclear,insufficient,insufficient,selected_date_calendar_sold_out,,,,missing_or_unclear,jalan_sold_out_excluded,false,false,true,sold_out_without_price,page_chrome_coupon_or_discount_evidence;tax_included_total_not_confirmed,,,/Users/gini/Documents/ZMI/zao-market-intelligence/.data/debug/auto-runner-market-refresh-rotating/20260823_200000/jalan/classification_decisions/yad316848_2027-02-06.json,zao_local_history_v1
2026-08-24|jalan|三浦屋|yad302145|2027-02-06|2027-02-07|2_adults_1_room_1_night,0e1630b8a17488f87522cda38d86083b4f33423b42bbd7949662d4b23d1a5dde,2027_02,2026-08-24,2026-08-24T02:00:03+09:00,2026-08-24T02:00:03+09:00,jalan,AUTO-RUNNER10X,integrated_jalan_bounded_live,三浦屋,三浦屋,true,yad302145,yad302145,2027-02-06,2027-02-07,1,2,1,0,JPY,ja,2_adults_1_room_1_night,failed,not_sold_out_confirmed,,,missing_or_unclear,insufficient,insufficient,Jalan status could not be determined conservatively.,,,,missing_or_unclear,jalan_failed_excluded,false,false,true,Jalan status could not be determined conservatively.,tax_included_total_not_confirmed;meal_condition_missing,,,/Users/gini/Documents/ZMI/zao-market-intelligence/.data/debug/auto-runner-market-refresh-rotating/20260824_020003/jalan/classification_decisions/yad302145_2027-02-06.json,zao_local_history_v1
2026-08-24|jalan|三浦屋|yad302145|2027-02-11|2027-02-12|2_adults_1_room_1_night,962ce61d23316f0b4990dd059e326cc880de0985592722206c5a1935704c4fa1,2027_02,2026-08-24,2026-08-24T02:00:03+09:00,2026-08-24T02:00:03+09:00,jalan,AUTO-RUNNER10X,integrated_jalan_bounded_live,三浦屋,三浦屋,true,yad302145,yad302145,2027-02-11,2027-02-12,1,2,1,0,JPY,ja,2_adults_1_room_1_night,failed,not_sold_out_confirmed,,,missing_or_unclear,insufficient,insufficient,Jalan status could not be determined conservatively.,,,,missing_or_unclear,jalan_failed_excluded,false,false,true,Jalan status could not be determined conservatively.,tax_included_total_not_confirmed;meal_condition_missing,,,/Users/gini/Documents/ZMI/zao-market-intelligence/.data/debug/auto-runner-market-refresh-rotating/20260824_020003/jalan/classification_decisions/yad302145_2027-02-11.json,zao_local_history_v1
2026-08-24|jalan|たかみや瑠璃倶楽|yad316848|2027-02-11|2027-02-12|2_adults_1_room_1_night,99e485944fcf8d84797b44e70811dc2762a4245ad0d933083e4d235d38a7ae46,2027_02,2026-08-24,2026-08-24T08:00:01+09:00,2026-08-24T08:00:01+09:00,jalan,AUTO-RUNNER10X,integrated_jalan_bounded_live,たかみや瑠璃倶楽,国内旅行・海外旅行や宿・ホテルの宿泊予約はじゃらんnet　～日本最大級の宿・ホテル予約サイト～,true,yad316848,yad316848,2027-02-11,2027-02-12,1,2,1,0,JPY,ja,2_adults_1_room_1_night,available,not_sold_out_confirmed,,,missing_or_unclear,C,C,"Price visible, meal_basis=confirmed_room_only, but room_basis=excluded_single_room (single_room_token_detected); excluded from two-person-standard DP per confirmed policy.",30000,,,tax_included_total,jalan_room_type_excluded,false,false,true,excluded_room_type_single,page_chrome_coupon_or_discount_evidence;meal_basis_confirmed_room_only;meal_basis=confirmed_room_only;excluded_room_type_single;room_basis=excluded_single_room,,,/Users/gini/Documents/ZMI/zao-market-intelligence/.data/debug/auto-runner-market-refresh-rotating/20260824_080001/jalan/classification_decisions/yad316848_2027-02-11.json,zao_local_history_v1
2026-08-24|jalan|たかみや瑠璃倶楽|yad316848|2027-02-13|2027-02-14|2_adults_1_room_1_night,e0bf5d2915f30bd364de26fb5fb988ce6589b3b429959f42ac81c145612211fa,2027_02,2026-08-24,2026-08-24T12:00:04+09:00,2026-08-24T12:00:04+09:00,jalan,AUTO-RUNNER10X,integrated_jalan_bounded_live,たかみや瑠璃倶楽,国内旅行・海外旅行や宿・ホテルの宿泊予約はじゃらんnet　～日本最大級の宿・ホテル予約サイト～,false,yad316848,yad316848,2027-02-13,2027-02-14,1,2,1,0,JPY,ja,2_adults_1_room_1_night,available,not_sold_out_confirmed,,,missing_or_unclear,C,C,Price visible but meal_basis=unknown_meal_basis (jalan_ambiguous_meal_and_room_only_tokens); excluded from room-only DP per confirmed policy.,41800,,,tax_included_total,jalan_unknown_meal_basis_excluded,false,false,true,unknown_meal_basis_excluded,page_chrome_coupon_or_discount_evidence;property_identity_not_confirmed;unknown_meal_basis_excluded;meal_basis=unknown_meal_basis,,,/Users/gini/Documents/ZMI/zao-market-intelligence/.data/debug/auto-runner-market-refresh-rotating/20260824_120004/jalan/classification_decisions/yad316848_2027-02-13.json,zao_local_history_v1
2026-08-24|jalan|ペンション木いちご|yad325769|2027-02-06|2027-02-07|2_adults_1_room_1_night,0dad0222c19b77f9cc212e2d6ca46b5a3032c92f1f975da469076682e37ddf2c,2027_02,2026-08-24,2026-08-24T12:00:04+09:00,2026-08-24T12:00:04+09:00,jalan,AUTO-RUNNER10X,integrated_jalan_bounded_live,ペンション木いちご,国内旅行・海外旅行や宿・ホテルの宿泊予約はじゃらんnet　～日本最大級の宿・ホテル予約サイト～,true,yad325769,yad325769,2027-02-06,2027-02-07,1,2,1,0,JPY,ja,2_adults_1_room_1_night,sold_out,sold_out,,,missing_or_unclear,insufficient,insufficient,price_basis_or_date_scope_unclear,,,,missing_or_unclear,jalan_sold_out_excluded,false,false,true,sold_out_without_price,page_chrome_coupon_or_discount_evidence;tax_included_total_not_confirmed,,,/Users/gini/Documents/ZMI/zao-market-intelligence/.data/debug/auto-runner-market-refresh-rotating/20260824_120004/jalan/classification_decisions/yad325769_2027-02-06.json,zao_local_history_v1
2026-08-24|jalan|たかみや瑠璃倶楽|yad316848|2027-02-20|2027-02-21|2_adults_1_room_1_night,572b285171c716bbcda3f4049308d8cd690d6ebc67ac5e9f001b72a502f2be3e,2027_02,2026-08-24,2026-08-24T14:00:00+09:00,2026-08-24T14:00:00+09:00,jalan,AUTO-RUNNER10X,integrated_jalan_bounded_live,たかみや瑠璃倶楽,国内旅行・海外旅行や宿・ホテルの宿泊予約はじゃらんnet　～日本最大級の宿・ホテル予約サイト～,true,yad316848,yad316848,2027-02-20,2027-02-21,1,2,1,0,JPY,ja,2_adults_1_room_1_night,available,not_sold_out_confirmed,,,missing_or_unclear,C,C,"Price visible, meal_basis=confirmed_room_only, but room_basis=excluded_large_room (large_or_triple_or_quad_room_token_detected); excluded from two-person-standard DP per confirmed policy.",32000,,,tax_included_total,jalan_room_type_excluded,false,false,true,excluded_room_type_large,page_chrome_coupon_or_discount_evidence;meal_basis_confirmed_room_only;meal_basis=confirmed_room_only;excluded_room_type_large;room_basis=excluded_large_room,,,/Users/gini/Documents/ZMI/zao-market-intelligence/.data/debug/auto-runner-market-refresh-rotating/20260824_140000/jalan/classification_decisions/yad316848_2027-02-20.json,zao_local_history_v1
2026-08-24|jalan|ペンション木いちご|yad325769|2027-02-11|2027-02-12|2_adults_1_room_1_night,46b1d3f98eedbdadee1d8bf401e013f643a15130b6fbb87f4d63f4fa74e6da8a,2027_02,2026-08-24,2026-08-24T16:00:01+09:00,2026-08-24T16:00:01+09:00,jalan,AUTO-RUNNER10X,integrated_jalan_bounded_live,ペンション木いちご,国内旅行・海外旅行や宿・ホテルの宿泊予約はじゃらんnet　～日本最大級の宿・ホテル予約サイト～,true,yad325769,yad325769,2027-02-11,2027-02-12,1,2,1,0,JPY,ja,2_adults_1_room_1_night,available,not_sold_out_confirmed,,,missing_or_unclear,C,C,"Price visible, meal_basis=confirmed_room_only, but room_basis=excluded_large_room (large_or_triple_or_quad_room_token_detected); excluded from two-person-standard DP per confirmed policy.",21000,,,tax_included_total,jalan_room_type_excluded,false,false,true,excluded_room_type_large,page_chrome_coupon_or_discount_evidence;meal_basis_confirmed_room_only;meal_basis=confirmed_room_only;excluded_room_type_large;room_basis=excluded_large_room,,,/Users/gini/Documents/ZMI/zao-market-intelligence/.data/debug/auto-runner-market-refresh-rotating/20260824_160001/jalan/classification_decisions/yad325769_2027-02-11.json,zao_local_history_v1
2026-08-24|jalan|ペンション木いちご|yad325769|2027-02-13|2027-02-14|2_adults_1_room_1_night,ba32740d8ec51541c6c22f701fabfc47e08423452dfb83f8dbe0c55f8e6b677a,2027_02,2026-08-24,2026-08-24T20:00:01+09:00,2026-08-24T20:00:01+09:00,jalan,AUTO-RUNNER10X,integrated_jalan_bounded_live,ペンション木いちご,国内旅行・海外旅行や宿・ホテルの宿泊予約はじゃらんnet　～日本最大級の宿・ホテル予約サイト～,true,yad325769,yad325769,2027-02-13,2027-02-14,1,2,1,0,JPY,ja,2_adults_1_room_1_night,available,not_sold_out_confirmed,,,missing_or_unclear,C,C,"Price visible, meal_basis=confirmed_room_only, but room_basis=excluded_large_room (large_or_triple_or_quad_room_token_detected); excluded from two-person-standard DP per confirmed policy.",25000,,,tax_included_total,jalan_room_type_excluded,false,false,true,excluded_room_type_large,page_chrome_coupon_or_discount_evidence;meal_basis_confirmed_room_only;meal_basis=confirmed_room_only;excluded_room_type_large;room_basis=excluded_large_room,,,/Users/gini/Documents/ZMI/zao-market-intelligence/.data/debug/auto-runner-market-refresh-rotating/20260824_200001/jalan/classification_decisions/yad325769_2027-02-13.json,zao_local_history_v1
2026-08-25|jalan|蔵王四季のホテル|yad322447|2027-02-06|2027-02-07|2_adults_1_room_1_night,59075fe9ce122ea916be1a191620fa877f56c44b1eb808e79eb699dbf05b1f92,2027_02,2026-08-25,2026-08-25T00:00:01+09:00,2026-08-25T00:00:01+09:00,jalan,AUTO-RUNNER10X,integrated_jalan_bounded_live,蔵王四季のホテル,国内旅行・海外旅行や宿・ホテルの宿泊予約はじゃらんnet　～日本最大級の宿・ホテル予約サイト～,true,yad322447,yad322447,2027-02-06,2027-02-07,1,2,1,0,JPY,ja,2_adults_1_room_1_night,available,not_sold_out_confirmed,,,missing_or_unclear,C,C,Price visible but meal_basis=unknown_meal_basis (jalan_ambiguous_meal_and_room_only_tokens); excluded from room-only DP per confirmed policy.,151800,,,tax_included_total,jalan_unknown_meal_basis_excluded,false,false,true,unknown_meal_basis_excluded,page_chrome_coupon_or_discount_evidence;unknown_meal_basis_excluded;meal_basis=unknown_meal_basis,,,/Users/gini/Documents/ZMI/zao-market-intelligence/.data/debug/auto-runner-market-refresh-rotating/20260825_000001/jalan/classification_decisions/yad322447_2027-02-06.json,zao_local_history_v1
2026-08-25|jalan|蔵王四季のホテル|yad322447|2027-02-11|2027-02-12|2_adults_1_room_1_night,43bea67627e787da153e2fc2187414abd4ff0d05fb4790829e005b808b40e529,2027_02,2026-08-25,2026-08-25T02:00:01+09:00,2026-08-25T02:00:01+09:00,jalan,AUTO-RUNNER10X,integrated_jalan_bounded_live,蔵王四季のホテル,国内旅行・海外旅行や宿・ホテルの宿泊予約はじゃらんnet　～日本最大級の宿・ホテル予約サイト～,true,yad322447,yad322447,2027-02-11,2027-02-12,1,2,1,0,JPY,ja,2_adults_1_room_1_night,available,not_sold_out_confirmed,,,missing_or_unclear,C,C,Price visible but meal_basis=unknown_meal_basis (jalan_ambiguous_meal_and_room_only_tokens); excluded from room-only DP per confirmed policy.,138600,,,tax_included_total,jalan_unknown_meal_basis_excluded,false,false,true,unknown_meal_basis_excluded,page_chrome_coupon_or_discount_evidence;unknown_meal_basis_excluded;meal_basis=unknown_meal_basis,,,/Users/gini/Documents/ZMI/zao-market-intelligence/.data/debug/auto-runner-market-refresh-rotating/20260825_020001/jalan/classification_decisions/yad322447_2027-02-11.json,zao_local_history_v1
2026-08-25|jalan|蔵王四季のホテル|yad322447|2027-02-13|2027-02-14|2_adults_1_room_1_night,3b9c0c68c578712d86a00a116ced2dcd0775492bb6a6c2307874ab45c7daf912,2027_02,2026-08-25,2026-08-25T02:00:01+09:00,2026-08-25T02:00:01+09:00,jalan,AUTO-RUNNER10X,integrated_jalan_bounded_live,蔵王四季のホテル,国内旅行・海外旅行や宿・ホテルの宿泊予約はじゃらんnet　～日本最大級の宿・ホテル予約サイト～,true,yad322447,yad322447,2027-02-13,2027-02-14,1,2,1,0,JPY,ja,2_adults_1_room_1_night,available,not_sold_out_confirmed,,,missing_or_unclear,C,C,Price visible but meal_basis=unknown_meal_basis (jalan_ambiguous_meal_and_room_only_tokens); excluded from room-only DP per confirmed policy.,156200,,,tax_included_total,jalan_unknown_meal_basis_excluded,false,false,true,unknown_meal_basis_excluded,page_chrome_coupon_or_discount_evidence;unknown_meal_basis_excluded;meal_basis=unknown_meal_basis,,,/Users/gini/Documents/ZMI/zao-market-intelligence/.data/debug/auto-runner-market-refresh-rotating/20260825_020001/jalan/classification_decisions/yad322447_2027-02-13.json,zao_local_history_v1
2026-08-25|jalan|ペンション木いちご|yad325769|2027-02-20|2027-02-21|2_adults_1_room_1_night,0d157a6bd2e5bb1ec1629cb2b5528a3b55e65bb174766ad9f673a8eb1d3bca89,2027_02,2026-08-25,2026-08-25T02:00:01+09:00,2026-08-25T02:00:01+09:00,jalan,AUTO-RUNNER10X,integrated_jalan_bounded_live,ペンション木いちご,国内旅行・海外旅行や宿・ホテルの宿泊予約はじゃらんnet　～日本最大級の宿・ホテル予約サイト～,true,yad325769,yad325769,2027-02-20,2027-02-21,1,2,1,0,JPY,ja,2_adults_1_room_1_night,available,not_sold_out_confirmed,,,missing_or_unclear,C,C,"Price visible, meal_basis=confirmed_room_only, but room_basis=excluded_large_room (large_or_triple_or_quad_room_token_detected); excluded from two-person-standard DP per confirmed policy.",25000,,,tax_included_total,jalan_room_type_excluded,false,false,true,excluded_room_type_large,page_chrome_coupon_or_discount_evidence;meal_basis_confirmed_room_only;meal_basis=confirmed_room_only;excluded_room_type_large;room_basis=excluded_large_room,,,/Users/gini/Documents/ZMI/zao-market-intelligence/.data/debug/auto-runner-market-refresh-rotating/20260825_020001/jalan/classification_decisions/yad325769_2027-02-20.json,zao_local_history_v1
2026-08-25|jalan|ペンション木いちご|yad325769|2027-02-23|2027-02-24|2_adults_1_room_1_night,bc70d9cf89a82ae34ccb2bd01914f6cea5e144f44081f6087c5f85f5944153ae,2027_02,2026-08-25,2026-08-25T04:00:01+09:00,2026-08-25T04:00:01+09:00,jalan,AUTO-RUNNER10X,integrated_jalan_bounded_live,ペンション木いちご,国内旅行・海外旅行や宿・ホテルの宿泊予約はじゃらんnet　～日本最大級の宿・ホテル予約サイト～,true,yad325769,yad325769,2027-02-23,2027-02-24,1,2,1,0,JPY,ja,2_adults_1_room_1_night,available,not_sold_out_confirmed,,,missing_or_unclear,C,C,"Price visible, meal_basis=confirmed_room_only, but room_basis=excluded_large_room (large_or_triple_or_quad_room_token_detected); excluded from two-person-standard DP per confirmed policy.",21000,,,tax_included_total,jalan_room_type_excluded,false,false,true,excluded_room_type_large,page_chrome_coupon_or_discount_evidence;meal_basis_confirmed_room_only;meal_basis=confirmed_room_only;excluded_room_type_large;room_basis=excluded_large_room,,,/Users/gini/Documents/ZMI/zao-market-intelligence/.data/debug/auto-runner-market-refresh-rotating/20260825_040000/jalan/classification_decisions/yad325769_2027-02-23.json,zao_local_history_v1
2026-08-25|jalan|ペンション木いちご|yad325769|2027-02-27|2027-02-28|2_adults_1_room_1_night,ebfbc199ac93084c12ac931891afa16444fc3995810ef805055afd87a36de797,2027_02,2026-08-25,2026-08-25T06:00:00+09:00,2026-08-25T06:00:00+09:00,jalan,AUTO-RUNNER10X,integrated_jalan_bounded_live,ペンション木いちご,国内旅行・海外旅行や宿・ホテルの宿泊予約はじゃらんnet　～日本最大級の宿・ホテル予約サイト～,true,yad325769,yad325769,2027-02-27,2027-02-28,1,2,1,0,JPY,ja,2_adults_1_room_1_night,available,not_sold_out_confirmed,,,missing_or_unclear,C,C,"Price visible, meal_basis=confirmed_room_only, but room_basis=excluded_large_room (large_or_triple_or_quad_room_token_detected); excluded from two-person-standard DP per confirmed policy.",25000,,,tax_included_total,jalan_room_type_excluded,false,false,true,excluded_room_type_large,page_chrome_coupon_or_discount_evidence;meal_basis_confirmed_room_only;meal_basis=confirmed_room_only;excluded_room_type_large;room_basis=excluded_large_room,,,/Users/gini/Documents/ZMI/zao-market-intelligence/.data/debug/auto-runner-market-refresh-rotating/20260825_060000/jalan/classification_decisions/yad325769_2027-02-27.json,zao_local_history_v1
2026-08-25|jalan|蔵王四季のホテル|yad322447|2027-02-20|2027-02-21|2_adults_1_room_1_night,e162600e5380660be6b7a944f79217b7b7f49abf4688f745aebd484b3b4fc4e1,2027_02,2026-08-25,2026-08-25T08:00:01+09:00,2026-08-25T08:00:01+09:00,jalan,AUTO-RUNNER10X,integrated_jalan_bounded_live,蔵王四季のホテル,国内旅行・海外旅行や宿・ホテルの宿泊予約はじゃらんnet　～日本最大級の宿・ホテル予約サイト～,true,yad322447,yad322447,2027-02-20,2027-02-21,1,2,1,0,JPY,ja,2_adults_1_room_1_night,available,not_sold_out_confirmed,,,missing_or_unclear,C,C,Price visible but meal_basis=unknown_meal_basis (jalan_ambiguous_meal_and_room_only_tokens); excluded from room-only DP per confirmed policy.,147400,,,tax_included_total,jalan_unknown_meal_basis_excluded,false,false,true,unknown_meal_basis_excluded,page_chrome_coupon_or_discount_evidence;unknown_meal_basis_excluded;meal_basis=unknown_meal_basis,,,/Users/gini/Documents/ZMI/zao-market-intelligence/.data/debug/auto-runner-market-refresh-rotating/20260825_080001/jalan/classification_decisions/yad322447_2027-02-20.json,zao_local_history_v1
2026-08-25|jalan|蔵王四季のホテル|yad322447|2027-02-23|2027-02-24|2_adults_1_room_1_night,fff587e3e078f99ca84dabf799e84ee4eb9c8abeb70ee8645cfc4ccd2b7143c0,2027_02,2026-08-25,2026-08-25T08:00:01+09:00,2026-08-25T08:00:01+09:00,jalan,AUTO-RUNNER10X,integrated_jalan_bounded_live,蔵王四季のホテル,国内旅行・海外旅行や宿・ホテルの宿泊予約はじゃらんnet　～日本最大級の宿・ホテル予約サイト～,true,yad322447,yad322447,2027-02-23,2027-02-24,1,2,1,0,JPY,ja,2_adults_1_room_1_night,available,not_sold_out_confirmed,,,missing_or_unclear,C,C,Price visible but meal_basis=unknown_meal_basis (jalan_ambiguous_meal_and_room_only_tokens); excluded from room-only DP per confirmed policy.,118800,,,tax_included_total,jalan_unknown_meal_basis_excluded,false,false,true,unknown_meal_basis_excluded,page_chrome_coupon_or_discount_evidence;unknown_meal_basis_excluded;meal_basis=unknown_meal_basis,,,/Users/gini/Documents/ZMI/zao-market-intelligence/.data/debug/auto-runner-market-refresh-rotating/20260825_080001/jalan/classification_decisions/yad322447_2027-02-23.json,zao_local_history_v1
2026-08-25|jalan|蔵王四季のホテル|yad322447|2027-02-27|2027-02-28|2_adults_1_room_1_night,a9f426a7ebd1e7141800503773ce0fcfb1f723d734c6fd52fe1f645bbe89d77e,2027_02,2026-08-25,2026-08-25T10:00:01+09:00,2026-08-25T10:00:01+09:00,jalan,AUTO-RUNNER10X,integrated_jalan_bounded_live,蔵王四季のホテル,国内旅行・海外旅行や宿・ホテルの宿泊予約はじゃらんnet　～日本最大級の宿・ホテル予約サイト～,true,yad322447,yad322447,2027-02-27,2027-02-28,1,2,1,0,JPY,ja,2_adults_1_room_1_night,available,not_sold_out_confirmed,,,missing_or_unclear,C,C,Price visible but meal_basis=unknown_meal_basis (jalan_ambiguous_meal_and_room_only_tokens); excluded from room-only DP per confirmed policy.,143000,,,tax_included_total,jalan_unknown_meal_basis_excluded,false,false,true,unknown_meal_basis_excluded,page_chrome_coupon_or_discount_evidence;unknown_meal_basis_excluded;meal_basis=unknown_meal_basis,,,/Users/gini/Documents/ZMI/zao-market-intelligence/.data/debug/auto-runner-market-refresh-rotating/20260825_100001/jalan/classification_decisions/yad322447_2027-02-27.json,zao_local_history_v1
2026-08-25|jalan|ペンション木いちご|yad325769|2027-02-06|2027-02-07|2_adults_1_room_1_night,fb1aee0c0d99a90a36de451cb2543a7f32cd21a6c6c8df056ff354e692a1acf7,2027_02,2026-08-25,2026-08-25T12:00:01+09:00,2026-08-25T12:00:01+09:00,jalan,AUTO-RUNNER10X,integrated_jalan_bounded_live,ペンション木いちご,国内旅行・海外旅行や宿・ホテルの宿泊予約はじゃらんnet　～日本最大級の宿・ホテル予約サイト～,true,yad325769,yad325769,2027-02-06,2027-02-07,1,2,1,0,JPY,ja,2_adults_1_room_1_night,sold_out,sold_out,,,missing_or_unclear,insufficient,insufficient,selected_date_calendar_sold_out,,,,missing_or_unclear,jalan_sold_out_excluded,false,false,true,sold_out_without_price,page_chrome_coupon_or_discount_evidence;tax_included_total_not_confirmed,,,/Users/gini/Documents/ZMI/zao-market-intelligence/.data/debug/auto-runner-market-refresh-rotating/20260825_120001/jalan/classification_decisions/yad325769_2027-02-06.json,zao_local_history_v1
2026-08-25|jalan|ペンション木いちご|yad325769|2027-02-11|2027-02-12|2_adults_1_room_1_night,9444b08218bd4cc7dac4bbd548dddd1a8cba10ee1de6d9a184e505261a0c3b67,2027_02,2026-08-25,2026-08-25T16:00:01+09:00,2026-08-25T16:00:01+09:00,jalan,AUTO-RUNNER10X,integrated_jalan_bounded_live,ペンション木いちご,国内旅行・海外旅行や宿・ホテルの宿泊予約はじゃらんnet　～日本最大級の宿・ホテル予約サイト～,true,yad325769,yad325769,2027-02-11,2027-02-12,1,2,1,0,JPY,ja,2_adults_1_room_1_night,available,not_sold_out_confirmed,,,missing_or_unclear,C,C,"Price visible, meal_basis=confirmed_room_only, but room_basis=excluded_large_room (large_or_triple_or_quad_room_token_detected); excluded from two-person-standard DP per confirmed policy.",21000,,,tax_included_total,jalan_room_type_excluded,false,false,true,excluded_room_type_large,page_chrome_coupon_or_discount_evidence;meal_basis_confirmed_room_only;meal_basis=confirmed_room_only;excluded_room_type_large;room_basis=excluded_large_room,,,/Users/gini/Documents/ZMI/zao-market-intelligence/.data/debug/auto-runner-market-refresh-rotating/20260825_160001/jalan/classification_decisions/yad325769_2027-02-11.json,zao_local_history_v1
2026-08-25|jalan|名湯リゾート ルーセントタカミヤ|yad331969|2027-02-06|2027-02-07|2_adults_1_room_1_night,8a3c17348d0da522cc784fa354cf642a5a56162131ef8084c71665739ec05bea,2027_02,2026-08-25,2026-08-25T22:00:01+09:00,2026-08-25T22:00:01+09:00,jalan,AUTO-RUNNER10X,integrated_jalan_bounded_live,名湯リゾート ルーセントタカミヤ,国内旅行・海外旅行や宿・ホテルの宿泊予約はじゃらんnet　～日本最大級の宿・ホテル予約サイト～,true,yad331969,yad331969,2027-02-06,2027-02-07,1,2,1,0,JPY,ja,2_adults_1_room_1_night,sold_out,sold_out,,,missing_or_unclear,insufficient,insufficient,selected_date_calendar_sold_out,,,,missing_or_unclear,jalan_sold_out_excluded,false,false,true,sold_out_without_price,page_chrome_coupon_or_discount_evidence;tax_included_total_not_confirmed,,,/Users/gini/Documents/ZMI/zao-market-intelligence/.data/debug/auto-runner-market-refresh-rotating/20260825_220001/jalan/classification_decisions/yad331969_2027-02-06.json,zao_local_history_v1
2026-08-26|jalan|名湯リゾート ルーセントタカミヤ|yad331969|2027-02-11|2027-02-12|2_adults_1_room_1_night,c214eb8004fe8392fe36e0eab0cba4c32aaec58b542a6930f62027f03b54f58d,2027_02,2026-08-26,2026-08-26T00:00:01+09:00,2026-08-26T00:00:01+09:00,jalan,AUTO-RUNNER10X,integrated_jalan_bounded_live,名湯リゾート ルーセントタカミヤ,国内旅行・海外旅行や宿・ホテルの宿泊予約はじゃらんnet　～日本最大級の宿・ホテル予約サイト～,true,yad331969,yad331969,2027-02-11,2027-02-12,1,2,1,0,JPY,ja,2_adults_1_room_1_night,sold_out,sold_out,,,missing_or_unclear,insufficient,insufficient,selected_date_calendar_sold_out,,,,missing_or_unclear,jalan_sold_out_excluded,false,false,true,sold_out_without_price,page_chrome_coupon_or_discount_evidence;tax_included_total_not_confirmed,,,/Users/gini/Documents/ZMI/zao-market-intelligence/.data/debug/auto-runner-market-refresh-rotating/20260826_000001/jalan/classification_decisions/yad331969_2027-02-11.json,zao_local_history_v1
2026-08-26|jalan|名湯リゾート ルーセントタカミヤ|yad331969|2027-02-13|2027-02-14|2_adults_1_room_1_night,a817e7e817d24f9fb954c1263cbff89ccf1777ce1c3f3ada4b056c0814e68591,2027_02,2026-08-26,2026-08-26T00:00:01+09:00,2026-08-26T00:00:01+09:00,jalan,AUTO-RUNNER10X,integrated_jalan_bounded_live,名湯リゾート ルーセントタカミヤ,国内旅行・海外旅行や宿・ホテルの宿泊予約はじゃらんnet　～日本最大級の宿・ホテル予約サイト～,true,yad331969,yad331969,2027-02-13,2027-02-14,1,2,1,0,JPY,ja,2_adults_1_room_1_night,sold_out,sold_out,,,missing_or_unclear,insufficient,insufficient,price_basis_or_date_scope_unclear,,,,missing_or_unclear,jalan_sold_out_excluded,false,false,true,sold_out_without_price,page_chrome_coupon_or_discount_evidence;tax_included_total_not_confirmed,,,/Users/gini/Documents/ZMI/zao-market-intelligence/.data/debug/auto-runner-market-refresh-rotating/20260826_000001/jalan/classification_decisions/yad331969_2027-02-13.json,zao_local_history_v1
2026-08-26|jalan|ペンション木いちご|yad325769|2027-02-13|2027-02-14|2_adults_1_room_1_night,f86811e80a8b91a3744a7fa6519a66ec41895ae50182ea77b18f3ba8511cf538,2027_02,2026-08-26,2026-08-26T02:00:00+09:00,2026-08-26T02:00:00+09:00,jalan,AUTO-RUNNER10X,integrated_jalan_bounded_live,ペンション木いちご,国内旅行・海外旅行や宿・ホテルの宿泊予約はじゃらんnet　～日本最大級の宿・ホテル予約サイト～,true,yad325769,yad325769,2027-02-13,2027-02-14,1,2,1,0,JPY,ja,2_adults_1_room_1_night,available,not_sold_out_confirmed,,,missing_or_unclear,C,C,"Price visible, meal_basis=confirmed_room_only, but room_basis=excluded_large_room (large_or_triple_or_quad_room_token_detected); excluded from two-person-standard DP per confirmed policy.",25000,,,tax_included_total,jalan_room_type_excluded,false,false,true,excluded_room_type_large,page_chrome_coupon_or_discount_evidence;meal_basis_confirmed_room_only;meal_basis=confirmed_room_only;excluded_room_type_large;room_basis=excluded_large_room,,,/Users/gini/Documents/ZMI/zao-market-intelligence/.data/debug/auto-runner-market-refresh-rotating/20260826_020000/jalan/classification_decisions/yad325769_2027-02-13.json,zao_local_history_v1
2026-08-26|jalan|名湯リゾート ルーセントタカミヤ|yad331969|2027-02-20|2027-02-21|2_adults_1_room_1_night,2c8240f20e36d6bcfb0c6d37e26f6bd6bee448446b046b91de0c079f4e818f9b,2027_02,2026-08-26,2026-08-26T02:00:00+09:00,2026-08-26T02:00:00+09:00,jalan,AUTO-RUNNER10X,integrated_jalan_bounded_live,名湯リゾート ルーセントタカミヤ,国内旅行・海外旅行や宿・ホテルの宿泊予約はじゃらんnet　～日本最大級の宿・ホテル予約サイト～,true,yad331969,yad331969,2027-02-20,2027-02-21,1,2,1,0,JPY,ja,2_adults_1_room_1_night,sold_out,sold_out,,,missing_or_unclear,insufficient,insufficient,price_basis_or_date_scope_unclear,,,,missing_or_unclear,jalan_sold_out_excluded,false,false,true,sold_out_without_price,page_chrome_coupon_or_discount_evidence;tax_included_total_not_confirmed,,,/Users/gini/Documents/ZMI/zao-market-intelligence/.data/debug/auto-runner-market-refresh-rotating/20260826_020000/jalan/classification_decisions/yad331969_2027-02-20.json,zao_local_history_v1
2026-08-26|jalan|名湯リゾート ルーセントタカミヤ|yad331969|2027-02-23|2027-02-24|2_adults_1_room_1_night,3ba51cca0dfeeb099c14202666567303943c3bc862fc763eea6e341d36552079,2027_02,2026-08-26,2026-08-26T02:00:00+09:00,2026-08-26T02:00:00+09:00,jalan,AUTO-RUNNER10X,integrated_jalan_bounded_live,名湯リゾート ルーセントタカミヤ,国内旅行・海外旅行や宿・ホテルの宿泊予約はじゃらんnet　～日本最大級の宿・ホテル予約サイト～,true,yad331969,yad331969,2027-02-23,2027-02-24,1,2,1,0,JPY,ja,2_adults_1_room_1_night,sold_out,sold_out,,,missing_or_unclear,insufficient,insufficient,selected_date_calendar_sold_out,,,,missing_or_unclear,jalan_sold_out_excluded,false,false,true,sold_out_without_price,page_chrome_coupon_or_discount_evidence;tax_included_total_not_confirmed,,,/Users/gini/Documents/ZMI/zao-market-intelligence/.data/debug/auto-runner-market-refresh-rotating/20260826_020000/jalan/classification_decisions/yad331969_2027-02-23.json,zao_local_history_v1
2026-08-26|jalan|ペンション木いちご|yad325769|2027-02-20|2027-02-21|2_adults_1_room_1_night,9bb0c66757b789e5a948d4c3b3230dd4fec1115c8427d358d24d4c4935b25860,2027_02,2026-08-26,2026-08-26T04:00:01+09:00,2026-08-26T04:00:01+09:00,jalan,AUTO-RUNNER10X,integrated_jalan_bounded_live,ペンション木いちご,国内旅行・海外旅行や宿・ホテルの宿泊予約はじゃらんnet　～日本最大級の宿・ホテル予約サイト～,true,yad325769,yad325769,2027-02-20,2027-02-21,1,2,1,0,JPY,ja,2_adults_1_room_1_night,available,not_sold_out_confirmed,,,missing_or_unclear,C,C,"Price visible, meal_basis=confirmed_room_only, but room_basis=excluded_large_room (large_or_triple_or_quad_room_token_detected); excluded from two-person-standard DP per confirmed policy.",25000,,,tax_included_total,jalan_room_type_excluded,false,false,true,excluded_room_type_large,page_chrome_coupon_or_discount_evidence;meal_basis_confirmed_room_only;meal_basis=confirmed_room_only;excluded_room_type_large;room_basis=excluded_large_room,,,/Users/gini/Documents/ZMI/zao-market-intelligence/.data/debug/auto-runner-market-refresh-rotating/20260826_040001/jalan/classification_decisions/yad325769_2027-02-20.json,zao_local_history_v1
2026-08-26|jalan|ペンション木いちご|yad325769|2027-02-23|2027-02-24|2_adults_1_room_1_night,5a56c7433457b23fbc09c3d216835e9a0fd19c782a9afa30e49cda0ee9c58fde,2027_02,2026-08-26,2026-08-26T06:00:00+09:00,2026-08-26T06:00:00+09:00,jalan,AUTO-RUNNER10X,integrated_jalan_bounded_live,ペンション木いちご,国内旅行・海外旅行や宿・ホテルの宿泊予約はじゃらんnet　～日本最大級の宿・ホテル予約サイト～,true,yad325769,yad325769,2027-02-23,2027-02-24,1,2,1,0,JPY,ja,2_adults_1_room_1_night,available,not_sold_out_confirmed,,,missing_or_unclear,C,C,"Price visible, meal_basis=confirmed_room_only, but room_basis=excluded_large_room (large_or_triple_or_quad_room_token_detected); excluded from two-person-standard DP per confirmed policy.",21000,,,tax_included_total,jalan_room_type_excluded,false,false,true,excluded_room_type_large,page_chrome_coupon_or_discount_evidence;meal_basis_confirmed_room_only;meal_basis=confirmed_room_only;excluded_room_type_large;room_basis=excluded_large_room,,,/Users/gini/Documents/ZMI/zao-market-intelligence/.data/debug/auto-runner-market-refresh-rotating/20260826_060000/jalan/classification_decisions/yad325769_2027-02-23.json,zao_local_history_v1
2026-08-26|jalan|ペンション木いちご|yad325769|2027-02-27|2027-02-28|2_adults_1_room_1_night,b1ab661f5a4c7592b855457aa833def9010a092dbdfc46cbd55a150deac5177c,2027_02,2026-08-26,2026-08-26T08:00:01+09:00,2026-08-26T08:00:01+09:00,jalan,AUTO-RUNNER10X,integrated_jalan_bounded_live,ペンション木いちご,国内旅行・海外旅行や宿・ホテルの宿泊予約はじゃらんnet　～日本最大級の宿・ホテル予約サイト～,true,yad325769,yad325769,2027-02-27,2027-02-28,1,2,1,0,JPY,ja,2_adults_1_room_1_night,available,not_sold_out_confirmed,,,missing_or_unclear,C,C,"Price visible, meal_basis=confirmed_room_only, but room_basis=excluded_large_room (large_or_triple_or_quad_room_token_detected); excluded from two-person-standard DP per confirmed policy.",25000,,,tax_included_total,jalan_room_type_excluded,false,false,true,excluded_room_type_large,page_chrome_coupon_or_discount_evidence;meal_basis_confirmed_room_only;meal_basis=confirmed_room_only;excluded_room_type_large;room_basis=excluded_large_room,,,/Users/gini/Documents/ZMI/zao-market-intelligence/.data/debug/auto-runner-market-refresh-rotating/20260826_080001/jalan/classification_decisions/yad325769_2027-02-27.json,zao_local_history_v1
2026-08-26|jalan|ペンション木いちご|yad325769|2027-02-06|2027-02-07|2_adults_1_room_1_night,5fdac4fee5b7f0916ea3d5863b8adca07283c7ab07ae56e991ca8f38dfec98d0,2027_02,2026-08-26,2026-08-26T12:00:01+09:00,2026-08-26T12:00:01+09:00,jalan,AUTO-RUNNER10X,integrated_jalan_bounded_live,ペンション木いちご,国内旅行・海外旅行や宿・ホテルの宿泊予約はじゃらんnet　～日本最大級の宿・ホテル予約サイト～,true,yad325769,yad325769,2027-02-06,2027-02-07,1,2,1,0,JPY,ja,2_adults_1_room_1_night,sold_out,sold_out,,,missing_or_unclear,insufficient,insufficient,price_basis_or_date_scope_unclear,,,,missing_or_unclear,jalan_sold_out_excluded,false,false,true,sold_out_without_price,page_chrome_coupon_or_discount_evidence;tax_included_total_not_confirmed,,,/Users/gini/Documents/ZMI/zao-market-intelligence/.data/debug/auto-runner-market-refresh-rotating/20260826_120001/jalan/classification_decisions/yad325769_2027-02-06.json,zao_local_history_v1
2026-08-27|jalan|蔵王四季のホテル|yad322447|2027-02-06|2027-02-07|2_adults_1_room_1_night,79be0f8d31d77877395689fd219965ec92bbfcda2bff94d0cd9c7b7d100869f8,2027_02,2026-08-27,2026-08-27T10:00:01+09:00,2026-08-27T10:00:01+09:00,jalan,AUTO-RUNNER10X,integrated_jalan_bounded_live,蔵王四季のホテル,国内旅行・海外旅行や宿・ホテルの宿泊予約はじゃらんnet　～日本最大級の宿・ホテル予約サイト～,true,yad322447,yad322447,2027-02-06,2027-02-07,1,2,1,0,JPY,ja,2_adults_1_room_1_night,available,not_sold_out_confirmed,,,missing_or_unclear,C,C,Price visible but meal_basis=unknown_meal_basis (jalan_ambiguous_meal_and_room_only_tokens); excluded from room-only DP per confirmed policy.,151800,,,tax_included_total,jalan_unknown_meal_basis_excluded,false,false,true,unknown_meal_basis_excluded,page_chrome_coupon_or_discount_evidence;unknown_meal_basis_excluded;meal_basis=unknown_meal_basis,,,/Users/gini/Documents/ZMI/zao-market-intelligence/.data/debug/auto-runner-market-refresh-rotating/20260827_100001/jalan/classification_decisions/yad322447_2027-02-06.json,zao_local_history_v1
2026-08-27|jalan|蔵王四季のホテル|yad322447|2027-02-11|2027-02-12|2_adults_1_room_1_night,1cc7cdf78e8561432a82e5fb9191ba22289da2123e3c8f622dbd0a02f34001fd,2027_02,2026-08-27,2026-08-27T10:00:01+09:00,2026-08-27T10:00:01+09:00,jalan,AUTO-RUNNER10X,integrated_jalan_bounded_live,蔵王四季のホテル,国内旅行・海外旅行や宿・ホテルの宿泊予約はじゃらんnet　～日本最大級の宿・ホテル予約サイト～,true,yad322447,yad322447,2027-02-11,2027-02-12,1,2,1,0,JPY,ja,2_adults_1_room_1_night,available,not_sold_out_confirmed,,,missing_or_unclear,C,C,Price visible but meal_basis=unknown_meal_basis (jalan_ambiguous_meal_and_room_only_tokens); excluded from room-only DP per confirmed policy.,138600,,,tax_included_total,jalan_unknown_meal_basis_excluded,false,false,true,unknown_meal_basis_excluded,page_chrome_coupon_or_discount_evidence;unknown_meal_basis_excluded;meal_basis=unknown_meal_basis,,,/Users/gini/Documents/ZMI/zao-market-intelligence/.data/debug/auto-runner-market-refresh-rotating/20260827_100001/jalan/classification_decisions/yad322447_2027-02-11.json,zao_local_history_v1
2026-08-27|jalan|蔵王四季のホテル|yad322447|2027-02-13|2027-02-14|2_adults_1_room_1_night,56a6409647809da3b8ae43634e353004c96470af9ebcf5e20ad84670ee678fa6,2027_02,2026-08-27,2026-08-27T12:00:05+09:00,2026-08-27T12:00:05+09:00,jalan,AUTO-RUNNER10X,integrated_jalan_bounded_live,蔵王四季のホテル,国内旅行・海外旅行や宿・ホテルの宿泊予約はじゃらんnet　～日本最大級の宿・ホテル予約サイト～,true,yad322447,yad322447,2027-02-13,2027-02-14,1,2,1,0,JPY,ja,2_adults_1_room_1_night,available,not_sold_out_confirmed,,,missing_or_unclear,C,C,Price visible but meal_basis=unknown_meal_basis (jalan_ambiguous_meal_and_room_only_tokens); excluded from room-only DP per confirmed policy.,156200,,,tax_included_total,jalan_unknown_meal_basis_excluded,false,false,true,unknown_meal_basis_excluded,page_chrome_coupon_or_discount_evidence;unknown_meal_basis_excluded;meal_basis=unknown_meal_basis,,,/Users/gini/Documents/ZMI/zao-market-intelligence/.data/debug/auto-runner-market-refresh-rotating/20260827_120004/jalan/classification_decisions/yad322447_2027-02-13.json,zao_local_history_v1
2026-08-27|jalan|ペンション木いちご|yad325769|2027-02-06|2027-02-07|2_adults_1_room_1_night,733bad2a93169a6159563520487297c07d79f665e8f2836a8bf43b9d477fab27,2027_02,2026-08-27,2026-08-27T16:00:01+09:00,2026-08-27T16:00:01+09:00,jalan,AUTO-RUNNER10X,integrated_jalan_bounded_live,ペンション木いちご,国内旅行・海外旅行や宿・ホテルの宿泊予約はじゃらんnet　～日本最大級の宿・ホテル予約サイト～,true,yad325769,yad325769,2027-02-06,2027-02-07,1,2,1,0,JPY,ja,2_adults_1_room_1_night,sold_out,sold_out,,,missing_or_unclear,insufficient,insufficient,selected_date_calendar_sold_out,,,,missing_or_unclear,jalan_sold_out_excluded,false,false,true,sold_out_without_price,page_chrome_coupon_or_discount_evidence;tax_included_total_not_confirmed,,,/Users/gini/Documents/ZMI/zao-market-intelligence/.data/debug/auto-runner-market-refresh-rotating/20260827_160001/jalan/classification_decisions/yad325769_2027-02-06.json,zao_local_history_v1
2026-08-27|jalan|蔵王国際ホテル|yad309590|2027-02-06|2027-02-07|2_adults_1_room_1_night,9af981a1f97a621779f5a2e95ca6f9bd6916f692cf302467bea9e6d0f6fd79f4,2027_02,2026-08-27,2026-08-27T18:00:01+09:00,2026-08-27T18:00:01+09:00,jalan,AUTO-RUNNER10X,integrated_jalan_bounded_live,蔵王国際ホテル,国内旅行・海外旅行や宿・ホテルの宿泊予約はじゃらんnet　～日本最大級の宿・ホテル予約サイト～,true,yad309590,yad309590,2027-02-06,2027-02-07,1,2,1,0,JPY,ja,2_adults_1_room_1_night,available,not_sold_out_confirmed,,,missing_or_unclear,C,C,Price visible but meal_basis=meal_included (jalan_meal_included_token_detected); excluded from room-only DP per confirmed policy.,112640,,,tax_included_total,jalan_meal_included_excluded,false,false,true,meal_included_plan_excluded,page_chrome_coupon_or_discount_evidence;meal_included_plan_excluded;meal_basis=meal_included,,,/Users/gini/Documents/ZMI/zao-market-intelligence/.data/debug/auto-runner-market-refresh-rotating/20260827_180001/jalan/classification_decisions/yad309590_2027-02-06.json,zao_local_history_v1
2026-08-27|jalan|蔵王四季のホテル|yad322447|2027-02-20|2027-02-21|2_adults_1_room_1_night,7be87a6975530438b859b91561b59ac7e5186bc39b1e6dcab6976b6558eb5d22,2027_02,2026-08-27,2026-08-27T20:00:01+09:00,2026-08-27T20:00:01+09:00,jalan,AUTO-RUNNER10X,integrated_jalan_bounded_live,蔵王四季のホテル,国内旅行・海外旅行や宿・ホテルの宿泊予約はじゃらんnet　～日本最大級の宿・ホテル予約サイト～,true,yad322447,yad322447,2027-02-20,2027-02-21,1,2,1,0,JPY,ja,2_adults_1_room_1_night,available,not_sold_out_confirmed,,,missing_or_unclear,C,C,Price visible but meal_basis=unknown_meal_basis (jalan_ambiguous_meal_and_room_only_tokens); excluded from room-only DP per confirmed policy.,147400,,,tax_included_total,jalan_unknown_meal_basis_excluded,false,false,true,unknown_meal_basis_excluded,page_chrome_coupon_or_discount_evidence;unknown_meal_basis_excluded;meal_basis=unknown_meal_basis,,,/Users/gini/Documents/ZMI/zao-market-intelligence/.data/debug/auto-runner-market-refresh-rotating/20260827_200001/jalan/classification_decisions/yad322447_2027-02-20.json,zao_local_history_v1
2026-08-27|jalan|ペンション木いちご|yad325769|2027-02-11|2027-02-12|2_adults_1_room_1_night,72d24cc180dc9daee8954cb279b12ef82d0f1f34ace47c3bd8c0faaf8e491236,2027_02,2026-08-27,2026-08-27T20:00:01+09:00,2026-08-27T20:00:01+09:00,jalan,AUTO-RUNNER10X,integrated_jalan_bounded_live,ペンション木いちご,国内旅行・海外旅行や宿・ホテルの宿泊予約はじゃらんnet　～日本最大級の宿・ホテル予約サイト～,true,yad325769,yad325769,2027-02-11,2027-02-12,1,2,1,0,JPY,ja,2_adults_1_room_1_night,available,not_sold_out_confirmed,,,missing_or_unclear,C,C,"Price visible, meal_basis=confirmed_room_only, but room_basis=excluded_large_room (large_or_triple_or_quad_room_token_detected); excluded from two-person-standard DP per confirmed policy.",21000,,,tax_included_total,jalan_room_type_excluded,false,false,true,excluded_room_type_large,page_chrome_coupon_or_discount_evidence;meal_basis_confirmed_room_only;meal_basis=confirmed_room_only;excluded_room_type_large;room_basis=excluded_large_room,,,/Users/gini/Documents/ZMI/zao-market-intelligence/.data/debug/auto-runner-market-refresh-rotating/20260827_200001/jalan/classification_decisions/yad325769_2027-02-11.json,zao_local_history_v1
2026-08-27|jalan|ペンション木いちご|yad325769|2027-02-13|2027-02-14|2_adults_1_room_1_night,64563c83890aa6fa440f1983690ce11356d5bbcd16b8ec06c5eeb383159b324c,2027_02,2026-08-27,2026-08-27T20:00:01+09:00,2026-08-27T20:00:01+09:00,jalan,AUTO-RUNNER10X,integrated_jalan_bounded_live,ペンション木いちご,国内旅行・海外旅行や宿・ホテルの宿泊予約はじゃらんnet　～日本最大級の宿・ホテル予約サイト～,true,yad325769,yad325769,2027-02-13,2027-02-14,1,2,1,0,JPY,ja,2_adults_1_room_1_night,available,not_sold_out_confirmed,,,missing_or_unclear,C,C,"Price visible, meal_basis=confirmed_room_only, but room_basis=excluded_large_room (large_or_triple_or_quad_room_token_detected); excluded from two-person-standard DP per confirmed policy.",25000,,,tax_included_total,jalan_room_type_excluded,false,false,true,excluded_room_type_large,page_chrome_coupon_or_discount_evidence;meal_basis_confirmed_room_only;meal_basis=confirmed_room_only;excluded_room_type_large;room_basis=excluded_large_room,,,/Users/gini/Documents/ZMI/zao-market-intelligence/.data/debug/auto-runner-market-refresh-rotating/20260827_200001/jalan/classification_decisions/yad325769_2027-02-13.json,zao_local_history_v1
2026-08-27|jalan|蔵王国際ホテル|yad309590|2027-02-11|2027-02-12|2_adults_1_room_1_night,2dcb9cf5b4bd2c9a498d7ff098ddc66db4d6312fec3a740c36939c257ed218c1,2027_02,2026-08-27,2026-08-27T22:00:01+09:00,2026-08-27T22:00:01+09:00,jalan,AUTO-RUNNER10X,integrated_jalan_bounded_live,蔵王国際ホテル,国内旅行・海外旅行や宿・ホテルの宿泊予約はじゃらんnet　～日本最大級の宿・ホテル予約サイト～,true,yad309590,yad309590,2027-02-11,2027-02-12,1,2,1,0,JPY,ja,2_adults_1_room_1_night,sold_out,sold_out,,,missing_or_unclear,insufficient,insufficient,price_basis_or_date_scope_unclear,,,,missing_or_unclear,jalan_sold_out_excluded,false,false,true,sold_out_without_price,page_chrome_coupon_or_discount_evidence;tax_included_total_not_confirmed,,,/Users/gini/Documents/ZMI/zao-market-intelligence/.data/debug/auto-runner-market-refresh-rotating/20260827_220001/jalan/classification_decisions/yad309590_2027-02-11.json,zao_local_history_v1
2026-08-27|jalan|蔵王国際ホテル|yad309590|2027-02-13|2027-02-14|2_adults_1_room_1_night,b51f106890f6d548f13cc0bf2a0d9f5333bced8e889cfb2f0dac9b03e3893b4f,2027_02,2026-08-27,2026-08-27T22:00:01+09:00,2026-08-27T22:00:01+09:00,jalan,AUTO-RUNNER10X,integrated_jalan_bounded_live,蔵王国際ホテル,国内旅行・海外旅行や宿・ホテルの宿泊予約はじゃらんnet　～日本最大級の宿・ホテル予約サイト～,true,yad309590,yad309590,2027-02-13,2027-02-14,1,2,1,0,JPY,ja,2_adults_1_room_1_night,available,not_sold_out_confirmed,,,missing_or_unclear,C,C,Price visible but meal_basis=meal_included (jalan_meal_included_token_detected); excluded from room-only DP per confirmed policy.,124960,,,tax_included_total,jalan_meal_included_excluded,false,false,true,meal_included_plan_excluded,page_chrome_coupon_or_discount_evidence;meal_included_plan_excluded;meal_basis=meal_included,,,/Users/gini/Documents/ZMI/zao-market-intelligence/.data/debug/auto-runner-market-refresh-rotating/20260827_220001/jalan/classification_decisions/yad309590_2027-02-13.json,zao_local_history_v1
2026-08-27|jalan|ペンション木いちご|yad325769|2027-02-20|2027-02-21|2_adults_1_room_1_night,4e4a31cce1933c0b118ebd9f1962d361852d68ec65b5585ef7c6d6a66f9f3394,2027_02,2026-08-27,2026-08-27T22:00:01+09:00,2026-08-27T22:00:01+09:00,jalan,AUTO-RUNNER10X,integrated_jalan_bounded_live,ペンション木いちご,国内旅行・海外旅行や宿・ホテルの宿泊予約はじゃらんnet　～日本最大級の宿・ホテル予約サイト～,true,yad325769,yad325769,2027-02-20,2027-02-21,1,2,1,0,JPY,ja,2_adults_1_room_1_night,available,not_sold_out_confirmed,,,missing_or_unclear,C,C,"Price visible, meal_basis=confirmed_room_only, but room_basis=excluded_large_room (large_or_triple_or_quad_room_token_detected); excluded from two-person-standard DP per confirmed policy.",25000,,,tax_included_total,jalan_room_type_excluded,false,false,true,excluded_room_type_large,page_chrome_coupon_or_discount_evidence;meal_basis_confirmed_room_only;meal_basis=confirmed_room_only;excluded_room_type_large;room_basis=excluded_large_room,,,/Users/gini/Documents/ZMI/zao-market-intelligence/.data/debug/auto-runner-market-refresh-rotating/20260827_220001/jalan/classification_decisions/yad325769_2027-02-20.json,zao_local_history_v1
2026-08-28|jalan|蔵王四季のホテル|yad322447|2027-02-23|2027-02-24|2_adults_1_room_1_night,1c5c528336b85730eec1dba79c68be9bf9a47247978b98dfdbc229c1cea5411b,2027_02,2026-08-28,2026-08-28T00:00:02+09:00,2026-08-28T00:00:02+09:00,jalan,AUTO-RUNNER10X,integrated_jalan_bounded_live,蔵王四季のホテル,国内旅行・海外旅行や宿・ホテルの宿泊予約はじゃらんnet　～日本最大級の宿・ホテル予約サイト～,true,yad322447,yad322447,2027-02-23,2027-02-24,1,2,1,0,JPY,ja,2_adults_1_room_1_night,available,not_sold_out_confirmed,,,missing_or_unclear,C,C,Price visible but meal_basis=unknown_meal_basis (jalan_ambiguous_meal_and_room_only_tokens); excluded from room-only DP per confirmed policy.,118800,,,tax_included_total,jalan_unknown_meal_basis_excluded,false,false,true,unknown_meal_basis_excluded,page_chrome_coupon_or_discount_evidence;unknown_meal_basis_excluded;meal_basis=unknown_meal_basis,,,/Users/gini/Documents/ZMI/zao-market-intelligence/.data/debug/auto-runner-market-refresh-rotating/20260828_000001/jalan/classification_decisions/yad322447_2027-02-23.json,zao_local_history_v1
2026-08-28|jalan|ペンション木いちご|yad325769|2027-02-27|2027-02-28|2_adults_1_room_1_night,ac4489a94ee6a9869baaee13b0d1cfb2748e84dee89325be6afff6bddd08a8eb,2027_02,2026-08-28,2026-08-28T00:00:02+09:00,2026-08-28T00:00:02+09:00,jalan,AUTO-RUNNER10X,integrated_jalan_bounded_live,ペンション木いちご,国内旅行・海外旅行や宿・ホテルの宿泊予約はじゃらんnet　～日本最大級の宿・ホテル予約サイト～,true,yad325769,yad325769,2027-02-27,2027-02-28,1,2,1,0,JPY,ja,2_adults_1_room_1_night,available,not_sold_out_confirmed,,,missing_or_unclear,C,C,"Price visible, meal_basis=confirmed_room_only, but room_basis=excluded_large_room (large_or_triple_or_quad_room_token_detected); excluded from two-person-standard DP per confirmed policy.",25000,,,tax_included_total,jalan_room_type_excluded,false,false,true,excluded_room_type_large,page_chrome_coupon_or_discount_evidence;meal_basis_confirmed_room_only;meal_basis=confirmed_room_only;excluded_room_type_large;room_basis=excluded_large_room,,,/Users/gini/Documents/ZMI/zao-market-intelligence/.data/debug/auto-runner-market-refresh-rotating/20260828_000001/jalan/classification_decisions/yad325769_2027-02-27.json,zao_local_history_v1
2026-08-28|jalan|蔵王国際ホテル|yad309590|2027-02-20|2027-02-21|2_adults_1_room_1_night,6ce0caca9346ec4550df45f69f2a0b1fef350da047b6c482dfdf6d11f8ebe19f,2027_02,2026-08-28,2026-08-28T02:00:01+09:00,2026-08-28T02:00:01+09:00,jalan,AUTO-RUNNER10X,integrated_jalan_bounded_live,蔵王国際ホテル,国内旅行・海外旅行や宿・ホテルの宿泊予約はじゃらんnet　～日本最大級の宿・ホテル予約サイト～,true,yad309590,yad309590,2027-02-20,2027-02-21,1,2,1,0,JPY,ja,2_adults_1_room_1_night,available,not_sold_out_confirmed,,,missing_or_unclear,C,C,Price visible but meal_basis=meal_included (jalan_meal_included_token_detected); excluded from room-only DP per confirmed policy.,119680,,,tax_included_total,jalan_meal_included_excluded,false,false,true,meal_included_plan_excluded,page_chrome_coupon_or_discount_evidence;meal_included_plan_excluded;meal_basis=meal_included,,,/Users/gini/Documents/ZMI/zao-market-intelligence/.data/debug/auto-runner-market-refresh-rotating/20260828_020001/jalan/classification_decisions/yad309590_2027-02-20.json,zao_local_history_v1
2026-08-28|jalan|蔵王四季のホテル|yad322447|2027-02-27|2027-02-28|2_adults_1_room_1_night,43803bdf6b038f83d1957f4524e02d111e35673fb065811409a6666e5ba5bdba,2027_02,2026-08-28,2026-08-28T02:00:01+09:00,2026-08-28T02:00:01+09:00,jalan,AUTO-RUNNER10X,integrated_jalan_bounded_live,蔵王四季のホテル,国内旅行・海外旅行や宿・ホテルの宿泊予約はじゃらんnet　～日本最大級の宿・ホテル予約サイト～,true,yad322447,yad322447,2027-02-27,2027-02-28,1,2,1,0,JPY,ja,2_adults_1_room_1_night,available,not_sold_out_confirmed,,,missing_or_unclear,C,C,Price visible but meal_basis=unknown_meal_basis (jalan_ambiguous_meal_and_room_only_tokens); excluded from room-only DP per confirmed policy.,143000,,,tax_included_total,jalan_unknown_meal_basis_excluded,false,false,true,unknown_meal_basis_excluded,page_chrome_coupon_or_discount_evidence;unknown_meal_basis_excluded;meal_basis=unknown_meal_basis,,,/Users/gini/Documents/ZMI/zao-market-intelligence/.data/debug/auto-runner-market-refresh-rotating/20260828_020001/jalan/classification_decisions/yad322447_2027-02-27.json,zao_local_history_v1
2026-08-28|jalan|ペンション木いちご|yad325769|2027-02-23|2027-02-24|2_adults_1_room_1_night,6efc928f838808acdcca8c1100dbbdc3de658a4074d85d73ff4ec79fcf387240,2027_02,2026-08-28,2026-08-28T02:00:01+09:00,2026-08-28T02:00:01+09:00,jalan,AUTO-RUNNER10X,integrated_jalan_bounded_live,ペンション木いちご,国内旅行・海外旅行や宿・ホテルの宿泊予約はじゃらんnet　～日本最大級の宿・ホテル予約サイト～,true,yad325769,yad325769,2027-02-23,2027-02-24,1,2,1,0,JPY,ja,2_adults_1_room_1_night,available,not_sold_out_confirmed,,,missing_or_unclear,C,C,"Price visible, meal_basis=confirmed_room_only, but room_basis=excluded_large_room (large_or_triple_or_quad_room_token_detected); excluded from two-person-standard DP per confirmed policy.",21000,,,tax_included_total,jalan_room_type_excluded,false,false,true,excluded_room_type_large,page_chrome_coupon_or_discount_evidence;meal_basis_confirmed_room_only;meal_basis=confirmed_room_only;excluded_room_type_large;room_basis=excluded_large_room,,,/Users/gini/Documents/ZMI/zao-market-intelligence/.data/debug/auto-runner-market-refresh-rotating/20260828_020001/jalan/classification_decisions/yad325769_2027-02-23.json,zao_local_history_v1
2026-08-28|jalan|蔵王国際ホテル|yad309590|2027-02-23|2027-02-24|2_adults_1_room_1_night,89120e1aaa92a352b7d179aae0092482a2c1f38b398a2a5593b4a0a48560e77a,2027_02,2026-08-28,2026-08-28T06:00:01+09:00,2026-08-28T06:00:01+09:00,jalan,AUTO-RUNNER10X,integrated_jalan_bounded_live,蔵王国際ホテル,国内旅行・海外旅行や宿・ホテルの宿泊予約はじゃらんnet　～日本最大級の宿・ホテル予約サイト～,true,yad309590,yad309590,2027-02-23,2027-02-24,1,2,1,0,JPY,ja,2_adults_1_room_1_night,available,not_sold_out_confirmed,,,missing_or_unclear,C,C,Price visible but meal_basis=meal_included (jalan_meal_included_token_detected); excluded from room-only DP per confirmed policy.,105600,,,tax_included_total,jalan_meal_included_excluded,false,false,true,meal_included_plan_excluded,page_chrome_coupon_or_discount_evidence;meal_included_plan_excluded;meal_basis=meal_included,,,/Users/gini/Documents/ZMI/zao-market-intelligence/.data/debug/auto-runner-market-refresh-rotating/20260828_060001/jalan/classification_decisions/yad309590_2027-02-23.json,zao_local_history_v1
2026-08-28|jalan|蔵王国際ホテル|yad309590|2027-02-27|2027-02-28|2_adults_1_room_1_night,9f26bd70a004475ab646570e959bd230552d46679370427207dccc14957d072d,2027_02,2026-08-28,2026-08-28T08:00:01+09:00,2026-08-28T08:00:01+09:00,jalan,AUTO-RUNNER10X,integrated_jalan_bounded_live,蔵王国際ホテル,国内旅行・海外旅行や宿・ホテルの宿泊予約はじゃらんnet　～日本最大級の宿・ホテル予約サイト～,true,yad309590,yad309590,2027-02-27,2027-02-28,1,2,1,0,JPY,ja,2_adults_1_room_1_night,available,not_sold_out_confirmed,,,missing_or_unclear,C,C,Price visible but meal_basis=meal_included (jalan_meal_included_token_detected); excluded from room-only DP per confirmed policy.,112640,,,tax_included_total,jalan_meal_included_excluded,false,false,true,meal_included_plan_excluded,page_chrome_coupon_or_discount_evidence;meal_included_plan_excluded;meal_basis=meal_included,,,/Users/gini/Documents/ZMI/zao-market-intelligence/.data/debug/auto-runner-market-refresh-rotating/20260828_080001/jalan/classification_decisions/yad309590_2027-02-27.json,zao_local_history_v1
2026-08-29|jalan|蔵王四季のホテル|yad322447|2027-02-06|2027-02-07|2_adults_1_room_1_night,b8bbf8c151b221ec639fcac8ad33e22cb3c575c43c424b9d4ae7c279137113f0,2027_02,2026-08-29,2026-08-29T12:00:01+09:00,2026-08-29T12:00:01+09:00,jalan,AUTO-RUNNER10X,integrated_jalan_bounded_live,蔵王四季のホテル,国内旅行・海外旅行や宿・ホテルの宿泊予約はじゃらんnet　～日本最大級の宿・ホテル予約サイト～,true,yad322447,yad322447,2027-02-06,2027-02-07,1,2,1,0,JPY,ja,2_adults_1_room_1_night,available,not_sold_out_confirmed,,,missing_or_unclear,C,C,Price visible but meal_basis=unknown_meal_basis (jalan_ambiguous_meal_and_room_only_tokens); excluded from room-only DP per confirmed policy.,151800,,,tax_included_total,jalan_unknown_meal_basis_excluded,false,false,true,unknown_meal_basis_excluded,page_chrome_coupon_or_discount_evidence;unknown_meal_basis_excluded;meal_basis=unknown_meal_basis,,,/Users/gini/Documents/ZMI/zao-market-intelligence/.data/debug/auto-runner-market-refresh-rotating/20260829_120001/jalan/classification_decisions/yad322447_2027-02-06.json,zao_local_history_v1
2026-08-29|jalan|蔵王四季のホテル|yad322447|2027-02-11|2027-02-12|2_adults_1_room_1_night,2110f5ce6fff06d399d29a75a03fbc159c6fe5bbe5e3695957c8c7b3e7f328ad,2027_02,2026-08-29,2026-08-29T12:00:01+09:00,2026-08-29T12:00:01+09:00,jalan,AUTO-RUNNER10X,integrated_jalan_bounded_live,蔵王四季のホテル,国内旅行・海外旅行や宿・ホテルの宿泊予約はじゃらんnet　～日本最大級の宿・ホテル予約サイト～,true,yad322447,yad322447,2027-02-11,2027-02-12,1,2,1,0,JPY,ja,2_adults_1_room_1_night,available,not_sold_out_confirmed,,,missing_or_unclear,C,C,Price visible but meal_basis=unknown_meal_basis (jalan_ambiguous_meal_and_room_only_tokens); excluded from room-only DP per confirmed policy.,138600,,,tax_included_total,jalan_unknown_meal_basis_excluded,false,false,true,unknown_meal_basis_excluded,page_chrome_coupon_or_discount_evidence;unknown_meal_basis_excluded;meal_basis=unknown_meal_basis,,,/Users/gini/Documents/ZMI/zao-market-intelligence/.data/debug/auto-runner-market-refresh-rotating/20260829_120001/jalan/classification_decisions/yad322447_2027-02-11.json,zao_local_history_v1
2026-08-29|jalan|蔵王四季のホテル|yad322447|2027-02-13|2027-02-14|2_adults_1_room_1_night,10a6f22a678900b6e2d23d3ffd0aebc881f94b03418b216b18b83bb71a2ff93c,2027_02,2026-08-29,2026-08-29T14:00:01+09:00,2026-08-29T14:00:01+09:00,jalan,AUTO-RUNNER10X,integrated_jalan_bounded_live,蔵王四季のホテル,国内旅行・海外旅行や宿・ホテルの宿泊予約はじゃらんnet　～日本最大級の宿・ホテル予約サイト～,true,yad322447,yad322447,2027-02-13,2027-02-14,1,2,1,0,JPY,ja,2_adults_1_room_1_night,available,not_sold_out_confirmed,,,missing_or_unclear,C,C,Price visible but meal_basis=unknown_meal_basis (jalan_ambiguous_meal_and_room_only_tokens); excluded from room-only DP per confirmed policy.,156200,,,tax_included_total,jalan_unknown_meal_basis_excluded,false,false,true,unknown_meal_basis_excluded,page_chrome_coupon_or_discount_evidence;unknown_meal_basis_excluded;meal_basis=unknown_meal_basis,,,/Users/gini/Documents/ZMI/zao-market-intelligence/.data/debug/auto-runner-market-refresh-rotating/20260829_140001/jalan/classification_decisions/yad322447_2027-02-13.json,zao_local_history_v1
2026-08-29|jalan|たかみや瑠璃倶楽|yad316848|2027-02-06|2027-02-07|2_adults_1_room_1_night,a3e3dcb58c7c2ace7e2f6bb9169e6a234e0b3513bfd4a7575bd101c9b11ede04,2027_02,2026-08-29,2026-08-29T16:00:01+09:00,2026-08-29T16:00:01+09:00,jalan,AUTO-RUNNER10X,integrated_jalan_bounded_live,たかみや瑠璃倶楽,国内旅行・海外旅行や宿・ホテルの宿泊予約はじゃらんnet　～日本最大級の宿・ホテル予約サイト～,true,yad316848,yad316848,2027-02-06,2027-02-07,1,2,1,0,JPY,ja,2_adults_1_room_1_night,sold_out,sold_out,,,missing_or_unclear,insufficient,insufficient,selected_date_calendar_sold_out,,,,missing_or_unclear,jalan_sold_out_excluded,false,false,true,sold_out_without_price,page_chrome_coupon_or_discount_evidence;tax_included_total_not_confirmed,,,/Users/gini/Documents/ZMI/zao-market-intelligence/.data/debug/auto-runner-market-refresh-rotating/20260829_160001/jalan/classification_decisions/yad316848_2027-02-06.json,zao_local_history_v1
2026-08-29|jalan|蔵王四季のホテル|yad322447|2027-02-20|2027-02-21|2_adults_1_room_1_night,946991e4884a146e9d1ffed7c4ce8ea94cda263eb868ee105746cc3e2f4810ed,2027_02,2026-08-29,2026-08-29T16:00:01+09:00,2026-08-29T16:00:01+09:00,jalan,AUTO-RUNNER10X,integrated_jalan_bounded_live,蔵王四季のホテル,国内旅行・海外旅行や宿・ホテルの宿泊予約はじゃらんnet　～日本最大級の宿・ホテル予約サイト～,true,yad322447,yad322447,2027-02-20,2027-02-21,1,2,1,0,JPY,ja,2_adults_1_room_1_night,available,not_sold_out_confirmed,,,missing_or_unclear,C,C,Price visible but meal_basis=unknown_meal_basis (jalan_ambiguous_meal_and_room_only_tokens); excluded from room-only DP per confirmed policy.,147400,,,tax_included_total,jalan_unknown_meal_basis_excluded,false,false,true,unknown_meal_basis_excluded,page_chrome_coupon_or_discount_evidence;unknown_meal_basis_excluded;meal_basis=unknown_meal_basis,,,/Users/gini/Documents/ZMI/zao-market-intelligence/.data/debug/auto-runner-market-refresh-rotating/20260829_160001/jalan/classification_decisions/yad322447_2027-02-20.json,zao_local_history_v1
2026-08-29|jalan|たかみや瑠璃倶楽|yad316848|2027-02-11|2027-02-12|2_adults_1_room_1_night,3c8e3453e56f03b7f0095916208cc8ba58b2d9c893f3d449bd5e142926151246,2027_02,2026-08-29,2026-08-29T18:00:01+09:00,2026-08-29T18:00:01+09:00,jalan,AUTO-RUNNER10X,integrated_jalan_bounded_live,たかみや瑠璃倶楽,国内旅行・海外旅行や宿・ホテルの宿泊予約はじゃらんnet　～日本最大級の宿・ホテル予約サイト～,true,yad316848,yad316848,2027-02-11,2027-02-12,1,2,1,0,JPY,ja,2_adults_1_room_1_night,sold_out,sold_out,,,missing_or_unclear,insufficient,insufficient,selected_date_calendar_sold_out,,,,missing_or_unclear,jalan_sold_out_excluded,false,false,true,sold_out_without_price,page_chrome_coupon_or_discount_evidence;tax_included_total_not_confirmed,,,/Users/gini/Documents/ZMI/zao-market-intelligence/.data/debug/auto-runner-market-refresh-rotating/20260829_180001/jalan/classification_decisions/yad316848_2027-02-11.json,zao_local_history_v1
2026-08-29|jalan|たかみや瑠璃倶楽|yad316848|2027-02-13|2027-02-14|2_adults_1_room_1_night,0876bce6efa868544184c821c5ea749f955cbe2e070596330d4a676e0c054b0f,2027_02,2026-08-29,2026-08-29T18:00:01+09:00,2026-08-29T18:00:01+09:00,jalan,AUTO-RUNNER10X,integrated_jalan_bounded_live,たかみや瑠璃倶楽,国内旅行・海外旅行や宿・ホテルの宿泊予約はじゃらんnet　～日本最大級の宿・ホテル予約サイト～,false,yad316848,yad316848,2027-02-13,2027-02-14,1,2,1,0,JPY,ja,2_adults_1_room_1_night,available,not_sold_out_confirmed,,,missing_or_unclear,C,C,Price visible but meal_basis=unknown_meal_basis (jalan_ambiguous_meal_and_room_only_tokens); excluded from room-only DP per confirmed policy.,41800,,,tax_included_total,jalan_unknown_meal_basis_excluded,false,false,true,unknown_meal_basis_excluded,page_chrome_coupon_or_discount_evidence;property_identity_not_confirmed;unknown_meal_basis_excluded;meal_basis=unknown_meal_basis,,,/Users/gini/Documents/ZMI/zao-market-intelligence/.data/debug/auto-runner-market-refresh-rotating/20260829_180001/jalan/classification_decisions/yad316848_2027-02-13.json,zao_local_history_v1
2026-08-29|jalan|蔵王四季のホテル|yad322447|2027-02-23|2027-02-24|2_adults_1_room_1_night,ff6f967f46dd94aaaa6969a70d1d7d9aafe27ef849dc9b336b101bcc840c8822,2027_02,2026-08-29,2026-08-29T20:00:01+09:00,2026-08-29T20:00:01+09:00,jalan,AUTO-RUNNER10X,integrated_jalan_bounded_live,蔵王四季のホテル,国内旅行・海外旅行や宿・ホテルの宿泊予約はじゃらんnet　～日本最大級の宿・ホテル予約サイト～,true,yad322447,yad322447,2027-02-23,2027-02-24,1,2,1,0,JPY,ja,2_adults_1_room_1_night,available,not_sold_out_confirmed,,,missing_or_unclear,C,C,Price visible but meal_basis=unknown_meal_basis (jalan_ambiguous_meal_and_room_only_tokens); excluded from room-only DP per confirmed policy.,118800,,,tax_included_total,jalan_unknown_meal_basis_excluded,false,false,true,unknown_meal_basis_excluded,page_chrome_coupon_or_discount_evidence;unknown_meal_basis_excluded;meal_basis=unknown_meal_basis,,,/Users/gini/Documents/ZMI/zao-market-intelligence/.data/debug/auto-runner-market-refresh-rotating/20260829_200001/jalan/classification_decisions/yad322447_2027-02-23.json,zao_local_history_v1
2026-08-30|jalan|蔵王四季のホテル|yad322447|2027-02-27|2027-02-28|2_adults_1_room_1_night,497b8fc3e059322c9a4548de83d9bfe4209269fa3a4dffb38acac72fa7af10c3,2027_02,2026-08-30,2026-08-30T04:00:01+09:00,2026-08-30T04:00:01+09:00,jalan,AUTO-RUNNER10X,integrated_jalan_bounded_live,蔵王四季のホテル,国内旅行・海外旅行や宿・ホテルの宿泊予約はじゃらんnet　～日本最大級の宿・ホテル予約サイト～,true,yad322447,yad322447,2027-02-27,2027-02-28,1,2,1,0,JPY,ja,2_adults_1_room_1_night,available,not_sold_out_confirmed,,,missing_or_unclear,C,C,Price visible but meal_basis=unknown_meal_basis (jalan_ambiguous_meal_and_room_only_tokens); excluded from room-only DP per confirmed policy.,143000,,,tax_included_total,jalan_unknown_meal_basis_excluded,false,false,true,unknown_meal_basis_excluded,unknown_meal_basis_excluded;meal_basis=unknown_meal_basis,,,/Users/gini/Documents/ZMI/zao-market-intelligence/.data/debug/auto-runner-market-refresh-rotating/20260830_040001/jalan/classification_decisions/yad322447_2027-02-27.json,zao_local_history_v1
2026-08-30|jalan|深山荘 高見屋|yad321744|2027-02-06|2027-02-07|2_adults_1_room_1_night,d7617ecf44ffa14b3cbcea184a7a8b0eee648905c512c1dba72287fe9a7537a1,2027_02,2026-08-30,2026-08-30T14:00:01+09:00,2026-08-30T14:00:01+09:00,jalan,AUTO-RUNNER10X,integrated_jalan_bounded_live,深山荘 高見屋,国内旅行・海外旅行や宿・ホテルの宿泊予約はじゃらんnet　～日本最大級の宿・ホテル予約サイト～,true,yad321744,yad321744,2027-02-06,2027-02-07,1,2,1,0,JPY,ja,2_adults_1_room_1_night,sold_out,sold_out,,,missing_or_unclear,insufficient,insufficient,selected_date_calendar_sold_out,,,,missing_or_unclear,jalan_sold_out_excluded,false,false,true,sold_out_without_price,page_chrome_coupon_or_discount_evidence;tax_included_total_not_confirmed,,,/Users/gini/Documents/ZMI/zao-market-intelligence/.data/debug/auto-runner-market-refresh-rotating/20260830_140001/jalan/classification_decisions/yad321744_2027-02-06.json,zao_local_history_v1
2026-08-30|jalan|ペンション櫻|yad343698|2027-02-06|2027-02-07|2_adults_1_room_1_night,06ee5f568cc2e3a80042083af9b724ceed6056503e7a43a2bdc1c46fdf0f9d11,2027_02,2026-08-30,2026-08-30T20:00:01+09:00,2026-08-30T20:00:01+09:00,jalan,AUTO-RUNNER10X,integrated_jalan_bounded_live,ペンション櫻,国内旅行・海外旅行や宿・ホテルの宿泊予約はじゃらんnet　～日本最大級の宿・ホテル予約サイト～,true,yad343698,yad343698,2027-02-06,2027-02-07,1,2,1,0,JPY,ja,2_adults_1_room_1_night,sold_out,sold_out,,,missing_or_unclear,insufficient,insufficient,selected_date_calendar_sold_out,,,,missing_or_unclear,jalan_sold_out_excluded,false,false,true,sold_out_without_price,tax_included_total_not_confirmed,,,/Users/gini/Documents/ZMI/zao-market-intelligence/.data/debug/auto-runner-market-refresh-rotating/20260830_200001/jalan/classification_decisions/yad343698_2027-02-06.json,zao_local_history_v1
2026-08-30|jalan|ペンション櫻|yad343698|2027-02-11|2027-02-12|2_adults_1_room_1_night,5f37434a61e37668a500f088cab0717b81bbad40f301eb5393ddb18f871a94f2,2027_02,2026-08-30,2026-08-30T20:00:01+09:00,2026-08-30T20:00:01+09:00,jalan,AUTO-RUNNER10X,integrated_jalan_bounded_live,ペンション櫻,国内旅行・海外旅行や宿・ホテルの宿泊予約はじゃらんnet　～日本最大級の宿・ホテル予約サイト～,true,yad343698,yad343698,2027-02-11,2027-02-12,1,2,1,0,JPY,ja,2_adults_1_room_1_night,sold_out,sold_out,,,missing_or_unclear,insufficient,insufficient,selected_date_calendar_sold_out,,,,missing_or_unclear,jalan_sold_out_excluded,false,false,true,sold_out_without_price,tax_included_total_not_confirmed,,,/Users/gini/Documents/ZMI/zao-market-intelligence/.data/debug/auto-runner-market-refresh-rotating/20260830_200001/jalan/classification_decisions/yad343698_2027-02-11.json,zao_local_history_v1
2026-08-31|jalan|深山荘 高見屋|yad321744|2027-02-11|2027-02-12|2_adults_1_room_1_night,6c58c1de438202b69a0f9e69c76079d8cd8a27635bad69915d57aca28cd15dbc,2027_02,2026-08-31,2026-08-31T00:00:01+09:00,2026-08-31T00:00:01+09:00,jalan,AUTO-RUNNER10X,integrated_jalan_bounded_live,深山荘 高見屋,国内旅行・海外旅行や宿・ホテルの宿泊予約はじゃらんnet　～日本最大級の宿・ホテル予約サイト～,true,yad321744,yad321744,2027-02-11,2027-02-12,1,2,1,0,JPY,ja,2_adults_1_room_1_night,sold_out,sold_out,,,missing_or_unclear,insufficient,insufficient,price_basis_or_date_scope_unclear,,,,missing_or_unclear,jalan_sold_out_excluded,false,false,true,sold_out_without_price,page_chrome_coupon_or_discount_evidence;tax_included_total_not_confirmed,,,/Users/gini/Documents/ZMI/zao-market-intelligence/.data/debug/auto-runner-market-refresh-rotating/20260831_000001/jalan/classification_decisions/yad321744_2027-02-11.json,zao_local_history_v1
2026-08-31|jalan|深山荘 高見屋|yad321744|2027-02-13|2027-02-14|2_adults_1_room_1_night,8058afcfc1fad142dcee04ef455320dbeef6613c080c94e22451156066626373,2027_02,2026-08-31,2026-08-31T02:00:01+09:00,2026-08-31T02:00:01+09:00,jalan,AUTO-RUNNER10X,integrated_jalan_bounded_live,深山荘 高見屋,国内旅行・海外旅行や宿・ホテルの宿泊予約はじゃらんnet　～日本最大級の宿・ホテル予約サイト～,true,yad321744,yad321744,2027-02-13,2027-02-14,1,2,1,0,JPY,ja,2_adults_1_room_1_night,sold_out,sold_out,,,missing_or_unclear,insufficient,insufficient,selected_date_calendar_sold_out,,,,missing_or_unclear,jalan_sold_out_excluded,false,false,true,sold_out_without_price,page_chrome_coupon_or_discount_evidence;tax_included_total_not_confirmed,,,/Users/gini/Documents/ZMI/zao-market-intelligence/.data/debug/auto-runner-market-refresh-rotating/20260831_020001/jalan/classification_decisions/yad321744_2027-02-13.json,zao_local_history_v1
2026-08-31|jalan|深山荘 高見屋|yad321744|2027-02-20|2027-02-21|2_adults_1_room_1_night,7b203136da1de2459fcc2afed9e563234f2de4cc64789f0dfcd80cb006b4c900,2027_02,2026-08-31,2026-08-31T02:00:01+09:00,2026-08-31T02:00:01+09:00,jalan,AUTO-RUNNER10X,integrated_jalan_bounded_live,深山荘 高見屋,国内旅行・海外旅行や宿・ホテルの宿泊予約はじゃらんnet　～日本最大級の宿・ホテル予約サイト～,true,yad321744,yad321744,2027-02-20,2027-02-21,1,2,1,0,JPY,ja,2_adults_1_room_1_night,sold_out,sold_out,,,missing_or_unclear,insufficient,insufficient,selected_date_calendar_sold_out,,,,missing_or_unclear,jalan_sold_out_excluded,false,false,true,sold_out_without_price,page_chrome_coupon_or_discount_evidence;tax_included_total_not_confirmed,,,/Users/gini/Documents/ZMI/zao-market-intelligence/.data/debug/auto-runner-market-refresh-rotating/20260831_020001/jalan/classification_decisions/yad321744_2027-02-20.json,zao_local_history_v1
2026-08-31|jalan|ペンション櫻|yad343698|2027-02-13|2027-02-14|2_adults_1_room_1_night,608871f4454306c9740240cc8e3dc2aa27a5c6409682a5410dd8a428dadae8fd,2027_02,2026-08-31,2026-08-31T04:00:01+09:00,2026-08-31T04:00:01+09:00,jalan,AUTO-RUNNER10X,integrated_jalan_bounded_live,ペンション櫻,国内旅行・海外旅行や宿・ホテルの宿泊予約はじゃらんnet　～日本最大級の宿・ホテル予約サイト～,true,yad343698,yad343698,2027-02-13,2027-02-14,1,2,1,0,JPY,ja,2_adults_1_room_1_night,sold_out,sold_out,,,missing_or_unclear,insufficient,insufficient,selected_date_calendar_sold_out,,,,missing_or_unclear,jalan_sold_out_excluded,false,false,true,sold_out_without_price,tax_included_total_not_confirmed,,,/Users/gini/Documents/ZMI/zao-market-intelligence/.data/debug/auto-runner-market-refresh-rotating/20260831_040001/jalan/classification_decisions/yad343698_2027-02-13.json,zao_local_history_v1
2026-08-31|jalan|深山荘 高見屋|yad321744|2027-02-23|2027-02-24|2_adults_1_room_1_night,51834ba87979e6ef9ec3350bff26d8ec82a250c34fc0a1e8c038b3412e37c8d1,2027_02,2026-08-31,2026-08-31T08:00:01+09:00,2026-08-31T08:00:01+09:00,jalan,AUTO-RUNNER10X,integrated_jalan_bounded_live,深山荘 高見屋,国内旅行・海外旅行や宿・ホテルの宿泊予約はじゃらんnet　～日本最大級の宿・ホテル予約サイト～,true,yad321744,yad321744,2027-02-23,2027-02-24,1,2,1,0,JPY,ja,2_adults_1_room_1_night,sold_out,sold_out,,,missing_or_unclear,insufficient,insufficient,selected_date_calendar_sold_out,,,,missing_or_unclear,jalan_sold_out_excluded,false,false,true,sold_out_without_price,page_chrome_coupon_or_discount_evidence;tax_included_total_not_confirmed,,,/Users/gini/Documents/ZMI/zao-market-intelligence/.data/debug/auto-runner-market-refresh-rotating/20260831_080001/jalan/classification_decisions/yad321744_2027-02-23.json,zao_local_history_v1
2026-08-31|jalan|ペンション木いちご|yad325769|2027-02-06|2027-02-07|2_adults_1_room_1_night,3e5eca2fcf49ad7623955e893e013286c882a877afdabd5f00ca48a5adef7244,2027_02,2026-08-31,2026-08-31T22:00:01+09:00,2026-08-31T22:00:01+09:00,jalan,AUTO-RUNNER10X,integrated_jalan_bounded_live,ペンション木いちご,国内旅行・海外旅行や宿・ホテルの宿泊予約はじゃらんnet　～日本最大級の宿・ホテル予約サイト～,true,yad325769,yad325769,2027-02-06,2027-02-07,1,2,1,0,JPY,ja,2_adults_1_room_1_night,sold_out,sold_out,,,missing_or_unclear,insufficient,insufficient,selected_date_calendar_sold_out,,,,missing_or_unclear,jalan_sold_out_excluded,false,false,true,sold_out_without_price,page_chrome_coupon_or_discount_evidence;tax_included_total_not_confirmed,,,/Users/gini/Documents/ZMI/zao-market-intelligence/.data/debug/auto-runner-market-refresh-rotating/20260831_220001/jalan/classification_decisions/yad325769_2027-02-06.json,zao_local_history_v1
2026-08-31|jalan|ペンション木いちご|yad325769|2027-02-11|2027-02-12|2_adults_1_room_1_night,bc3d4d1609203aa06033eef670bc9fba97bd01520323e280e46a3254b94fac39,2027_02,2026-08-31,2026-08-31T22:00:01+09:00,2026-08-31T22:00:01+09:00,jalan,AUTO-RUNNER10X,integrated_jalan_bounded_live,ペンション木いちご,国内旅行・海外旅行や宿・ホテルの宿泊予約はじゃらんnet　～日本最大級の宿・ホテル予約サイト～,true,yad325769,yad325769,2027-02-11,2027-02-12,1,2,1,0,JPY,ja,2_adults_1_room_1_night,available,not_sold_out_confirmed,,,missing_or_unclear,C,C,"Price visible, meal_basis=confirmed_room_only, but room_basis=excluded_large_room (large_or_triple_or_quad_room_token_detected); excluded from two-person-standard DP per confirmed policy.",21000,,,tax_included_total,jalan_room_type_excluded,false,false,true,excluded_room_type_large,page_chrome_coupon_or_discount_evidence;meal_basis_confirmed_room_only;meal_basis=confirmed_room_only;excluded_room_type_large;room_basis=excluded_large_room,,,/Users/gini/Documents/ZMI/zao-market-intelligence/.data/debug/auto-runner-market-refresh-rotating/20260831_220001/jalan/classification_decisions/yad325769_2027-02-11.json,zao_local_history_v1
2026-09-01|jalan|ペンション木いちご|yad325769|2027-02-13|2027-02-14|2_adults_1_room_1_night,1344a55fd0fa3cb93e32b4774867339694fa5027b07ee0d91854a3cd3918eb25,2027_02,2026-09-01,2026-09-01T00:00:01+09:00,2026-09-01T00:00:01+09:00,jalan,AUTO-RUNNER10X,integrated_jalan_bounded_live,ペンション木いちご,国内旅行・海外旅行や宿・ホテルの宿泊予約はじゃらんnet　～日本最大級の宿・ホテル予約サイト～,true,yad325769,yad325769,2027-02-13,2027-02-14,1,2,1,0,JPY,ja,2_adults_1_room_1_night,available,not_sold_out_confirmed,,,missing_or_unclear,C,C,"Price visible, meal_basis=confirmed_room_only, but room_basis=excluded_large_room (large_or_triple_or_quad_room_token_detected); excluded from two-person-standard DP per confirmed policy.",25000,,,tax_included_total,jalan_room_type_excluded,false,false,true,excluded_room_type_large,page_chrome_coupon_or_discount_evidence;meal_basis_confirmed_room_only;meal_basis=confirmed_room_only;excluded_room_type_large;room_basis=excluded_large_room,,,/Users/gini/Documents/ZMI/zao-market-intelligence/.data/debug/auto-runner-market-refresh-rotating/20260901_000001/jalan/classification_decisions/yad325769_2027-02-13.json,zao_local_history_v1
2026-09-01|jalan|ペンション木いちご|yad325769|2027-02-20|2027-02-21|2_adults_1_room_1_night,ebcd2b3342067c94ab125ff0e191388753e40129a8d1d6729d039026c3aefd8c,2027_02,2026-09-01,2026-09-01T00:00:01+09:00,2026-09-01T00:00:01+09:00,jalan,AUTO-RUNNER10X,integrated_jalan_bounded_live,ペンション木いちご,国内旅行・海外旅行や宿・ホテルの宿泊予約はじゃらんnet　～日本最大級の宿・ホテル予約サイト～,true,yad325769,yad325769,2027-02-20,2027-02-21,1,2,1,0,JPY,ja,2_adults_1_room_1_night,available,not_sold_out_confirmed,,,missing_or_unclear,C,C,"Price visible, meal_basis=confirmed_room_only, but room_basis=excluded_large_room (large_or_triple_or_quad_room_token_detected); excluded from two-person-standard DP per confirmed policy.",25000,,,tax_included_total,jalan_room_type_excluded,false,false,true,excluded_room_type_large,page_chrome_coupon_or_discount_evidence;meal_basis_confirmed_room_only;meal_basis=confirmed_room_only;excluded_room_type_large;room_basis=excluded_large_room,,,/Users/gini/Documents/ZMI/zao-market-intelligence/.data/debug/auto-runner-market-refresh-rotating/20260901_000001/jalan/classification_decisions/yad325769_2027-02-20.json,zao_local_history_v1
2026-09-01|jalan|ペンション木いちご|yad325769|2027-02-23|2027-02-24|2_adults_1_room_1_night,e5ff40e8137d5a4548286834407b9f666f8b40855f66ba5656fc205633e81617,2027_02,2026-09-01,2026-09-01T02:00:01+09:00,2026-09-01T02:00:01+09:00,jalan,AUTO-RUNNER10X,integrated_jalan_bounded_live,ペンション木いちご,国内旅行・海外旅行や宿・ホテルの宿泊予約はじゃらんnet　～日本最大級の宿・ホテル予約サイト～,true,yad325769,yad325769,2027-02-23,2027-02-24,1,2,1,0,JPY,ja,2_adults_1_room_1_night,available,not_sold_out_confirmed,,,missing_or_unclear,C,C,"Price visible, meal_basis=confirmed_room_only, but room_basis=excluded_large_room (large_or_triple_or_quad_room_token_detected); excluded from two-person-standard DP per confirmed policy.",21000,,,tax_included_total,jalan_room_type_excluded,false,false,true,excluded_room_type_large,page_chrome_coupon_or_discount_evidence;meal_basis_confirmed_room_only;meal_basis=confirmed_room_only;excluded_room_type_large;room_basis=excluded_large_room,,,/Users/gini/Documents/ZMI/zao-market-intelligence/.data/debug/auto-runner-market-refresh-rotating/20260901_020001/jalan/classification_decisions/yad325769_2027-02-23.json,zao_local_history_v1
2026-09-01|jalan|深山荘 高見屋|yad321744|2027-02-06|2027-02-07|2_adults_1_room_1_night,3af8c3391ee2b93d0e21597f9691eaeb7338c3ec298445b488bf58248b948eca,2027_02,2026-09-01,2026-09-01T04:00:01+09:00,2026-09-01T04:00:01+09:00,jalan,AUTO-RUNNER10X,integrated_jalan_bounded_live,深山荘 高見屋,国内旅行・海外旅行や宿・ホテルの宿泊予約はじゃらんnet　～日本最大級の宿・ホテル予約サイト～,true,yad321744,yad321744,2027-02-06,2027-02-07,1,2,1,0,JPY,ja,2_adults_1_room_1_night,available,not_sold_out_confirmed,,,missing_or_unclear,C,C,Price visible but meal_basis=unknown_meal_basis (jalan_ambiguous_meal_and_room_only_tokens); excluded from room-only DP per confirmed policy.,103400,,,tax_included_total,jalan_unknown_meal_basis_excluded,false,false,true,unknown_meal_basis_excluded,selected_plan_coupon_or_discount_evidence;unknown_meal_basis_excluded;meal_basis=unknown_meal_basis,,,/Users/gini/Documents/ZMI/zao-market-intelligence/.data/debug/auto-runner-market-refresh-rotating/20260901_040001/jalan/classification_decisions/yad321744_2027-02-06.json,zao_local_history_v1
2026-09-01|jalan|ペンション木いちご|yad325769|2027-02-27|2027-02-28|2_adults_1_room_1_night,429f80abd5faeca878bb2b12df2250371b39882a4b7727942b843f63f5b1c957,2027_02,2026-09-01,2026-09-01T04:00:01+09:00,2026-09-01T04:00:01+09:00,jalan,AUTO-RUNNER10X,integrated_jalan_bounded_live,ペンション木いちご,国内旅行・海外旅行や宿・ホテルの宿泊予約はじゃらんnet　～日本最大級の宿・ホテル予約サイト～,true,yad325769,yad325769,2027-02-27,2027-02-28,1,2,1,0,JPY,ja,2_adults_1_room_1_night,available,not_sold_out_confirmed,,,missing_or_unclear,C,C,"Price visible, meal_basis=confirmed_room_only, but room_basis=excluded_large_room (large_or_triple_or_quad_room_token_detected); excluded from two-person-standard DP per confirmed policy.",25000,,,tax_included_total,jalan_room_type_excluded,false,false,true,excluded_room_type_large,page_chrome_coupon_or_discount_evidence;meal_basis_confirmed_room_only;meal_basis=confirmed_room_only;excluded_room_type_large;room_basis=excluded_large_room,,,/Users/gini/Documents/ZMI/zao-market-intelligence/.data/debug/auto-runner-market-refresh-rotating/20260901_040001/jalan/classification_decisions/yad325769_2027-02-27.json,zao_local_history_v1
2026-09-01|jalan|深山荘 高見屋|yad321744|2027-02-11|2027-02-12|2_adults_1_room_1_night,763ac7d0646eb6a73d759989f87c6bf1f56e0761a19b1af42e35d292c523eede,2027_02,2026-09-01,2026-09-01T10:00:01+09:00,2026-09-01T10:00:01+09:00,jalan,AUTO-RUNNER10X,integrated_jalan_bounded_live,深山荘 高見屋,国内旅行・海外旅行や宿・ホテルの宿泊予約はじゃらんnet　～日本最大級の宿・ホテル予約サイト～,true,yad321744,yad321744,2027-02-11,2027-02-12,1,2,1,0,JPY,ja,2_adults_1_room_1_night,failed,not_sold_out_confirmed,,,missing_or_unclear,insufficient,insufficient,Jalan status could not be determined conservatively.,,,,missing_or_unclear,jalan_failed_excluded,false,false,true,Jalan status could not be determined conservatively.,page_chrome_coupon_or_discount_evidence;date_condition_not_confirmed;tax_included_total_not_confirmed,,,/Users/gini/Documents/ZMI/zao-market-intelligence/.data/debug/auto-runner-market-refresh-rotating/20260901_100001/jalan/classification_decisions/yad321744_2027-02-11.json,zao_local_history_v1
2026-09-01|jalan|蔵王四季のホテル|yad322447|2027-02-06|2027-02-07|2_adults_1_room_1_night,f5ab1739bbfb130a7cd70a94c4fd35d346da500579d54740c81894c8d9d1967e,2027_02,2026-09-01,2026-09-01T14:00:01+09:00,2026-09-01T14:00:01+09:00,jalan,AUTO-RUNNER10X,integrated_jalan_bounded_live,蔵王四季のホテル,国内旅行・海外旅行や宿・ホテルの宿泊予約はじゃらんnet　～日本最大級の宿・ホテル予約サイト～,true,yad322447,yad322447,2027-02-06,2027-02-07,1,2,1,0,JPY,ja,2_adults_1_room_1_night,available,not_sold_out_confirmed,,,missing_or_unclear,C,C,Price visible but meal_basis=unknown_meal_basis (jalan_ambiguous_meal_and_room_only_tokens); excluded from room-only DP per confirmed policy.,151800,,,tax_included_total,jalan_unknown_meal_basis_excluded,false,false,true,unknown_meal_basis_excluded,page_chrome_coupon_or_discount_evidence;unknown_meal_basis_excluded;meal_basis=unknown_meal_basis,,,/Users/gini/Documents/ZMI/zao-market-intelligence/.data/debug/auto-runner-market-refresh-rotating/20260901_140001/jalan/classification_decisions/yad322447_2027-02-06.json,zao_local_history_v1
2026-09-01|jalan|深山荘 高見屋|yad321744|2027-02-13|2027-02-14|2_adults_1_room_1_night,da79405fced7f6ebd7d776edff706a87134c6f377a8715a2441d3600386fde00,2027_02,2026-09-01,2026-09-01T16:00:01+09:00,2026-09-01T16:00:01+09:00,jalan,AUTO-RUNNER10X,integrated_jalan_bounded_live,深山荘 高見屋,国内旅行・海外旅行や宿・ホテルの宿泊予約はじゃらんnet　～日本最大級の宿・ホテル予約サイト～,true,yad321744,yad321744,2027-02-13,2027-02-14,1,2,1,0,JPY,ja,2_adults_1_room_1_night,failed,not_sold_out_confirmed,,,missing_or_unclear,insufficient,insufficient,Jalan status could not be determined conservatively.,,,,missing_or_unclear,jalan_failed_excluded,false,false,true,Jalan status could not be determined conservatively.,page_chrome_coupon_or_discount_evidence;date_condition_not_confirmed;tax_included_total_not_confirmed,,,/Users/gini/Documents/ZMI/zao-market-intelligence/.data/debug/auto-runner-market-refresh-rotating/20260901_160001/jalan/classification_decisions/yad321744_2027-02-13.json,zao_local_history_v1
2026-09-01|jalan|蔵王四季のホテル|yad322447|2027-02-11|2027-02-12|2_adults_1_room_1_night,c53bf45cab329db67e3759d4cb9fb674e7ae106516b5be90e8f1bdedc487bcb5,2027_02,2026-09-01,2026-09-01T18:00:01+09:00,2026-09-01T18:00:01+09:00,jalan,AUTO-RUNNER10X,integrated_jalan_bounded_live,蔵王四季のホテル,国内旅行・海外旅行や宿・ホテルの宿泊予約はじゃらんnet　～日本最大級の宿・ホテル予約サイト～,true,yad322447,yad322447,2027-02-11,2027-02-12,1,2,1,0,JPY,ja,2_adults_1_room_1_night,available,not_sold_out_confirmed,,,missing_or_unclear,C,C,Price visible but meal_basis=unknown_meal_basis (jalan_ambiguous_meal_and_room_only_tokens); excluded from room-only DP per confirmed policy.,138600,,,tax_included_total,jalan_unknown_meal_basis_excluded,false,false,true,unknown_meal_basis_excluded,page_chrome_coupon_or_discount_evidence;unknown_meal_basis_excluded;meal_basis=unknown_meal_basis,,,/Users/gini/Documents/ZMI/zao-market-intelligence/.data/debug/auto-runner-market-refresh-rotating/20260901_180001/jalan/classification_decisions/yad322447_2027-02-11.json,zao_local_history_v1
2026-09-01|jalan|蔵王四季のホテル|yad322447|2027-02-13|2027-02-14|2_adults_1_room_1_night,b4b782641265d126144b278a347f64c2bf905e842bb91226d6d624e5c15483e7,2027_02,2026-09-01,2026-09-01T20:00:03+09:00,2026-09-01T20:00:03+09:00,jalan,AUTO-RUNNER10X,integrated_jalan_bounded_live,蔵王四季のホテル,国内旅行・海外旅行や宿・ホテルの宿泊予約はじゃらんnet　～日本最大級の宿・ホテル予約サイト～,true,yad322447,yad322447,2027-02-13,2027-02-14,1,2,1,0,JPY,ja,2_adults_1_room_1_night,available,not_sold_out_confirmed,,,missing_or_unclear,C,C,Price visible but meal_basis=unknown_meal_basis (jalan_ambiguous_meal_and_room_only_tokens); excluded from room-only DP per confirmed policy.,156200,,,tax_included_total,jalan_unknown_meal_basis_excluded,false,false,true,unknown_meal_basis_excluded,page_chrome_coupon_or_discount_evidence;unknown_meal_basis_excluded;meal_basis=unknown_meal_basis,,,/Users/gini/Documents/ZMI/zao-market-intelligence/.data/debug/auto-runner-market-refresh-rotating/20260901_200003/jalan/classification_decisions/yad322447_2027-02-13.json,zao_local_history_v1
2026-09-01|jalan|蔵王四季のホテル|yad322447|2027-02-20|2027-02-21|2_adults_1_room_1_night,7a28f9a2bbaa8e6691e4f20d3970aa4481023bb7ce5915b1ccb30f9f9df0f851,2027_02,2026-09-01,2026-09-01T20:00:03+09:00,2026-09-01T20:00:03+09:00,jalan,AUTO-RUNNER10X,integrated_jalan_bounded_live,蔵王四季のホテル,国内旅行・海外旅行や宿・ホテルの宿泊予約はじゃらんnet　～日本最大級の宿・ホテル予約サイト～,true,yad322447,yad322447,2027-02-20,2027-02-21,1,2,1,0,JPY,ja,2_adults_1_room_1_night,available,not_sold_out_confirmed,,,missing_or_unclear,C,C,Price visible but meal_basis=unknown_meal_basis (jalan_ambiguous_meal_and_room_only_tokens); excluded from room-only DP per confirmed policy.,147400,,,tax_included_total,jalan_unknown_meal_basis_excluded,false,false,true,unknown_meal_basis_excluded,page_chrome_coupon_or_discount_evidence;unknown_meal_basis_excluded;meal_basis=unknown_meal_basis,,,/Users/gini/Documents/ZMI/zao-market-intelligence/.data/debug/auto-runner-market-refresh-rotating/20260901_200003/jalan/classification_decisions/yad322447_2027-02-20.json,zao_local_history_v1
2026-09-01|jalan|蔵王四季のホテル|yad322447|2027-02-23|2027-02-24|2_adults_1_room_1_night,f15b30d8127eab6c0ffb1a9d0332c4a399890934595cb3d1c9c9be45c2338824,2027_02,2026-09-01,2026-09-01T22:00:02+09:00,2026-09-01T22:00:02+09:00,jalan,AUTO-RUNNER10X,integrated_jalan_bounded_live,蔵王四季のホテル,国内旅行・海外旅行や宿・ホテルの宿泊予約はじゃらんnet　～日本最大級の宿・ホテル予約サイト～,true,yad322447,yad322447,2027-02-23,2027-02-24,1,2,1,0,JPY,ja,2_adults_1_room_1_night,available,not_sold_out_confirmed,,,missing_or_unclear,C,C,Price visible but meal_basis=unknown_meal_basis (jalan_ambiguous_meal_and_room_only_tokens); excluded from room-only DP per confirmed policy.,118800,,,tax_included_total,jalan_unknown_meal_basis_excluded,false,false,true,unknown_meal_basis_excluded,page_chrome_coupon_or_discount_evidence;unknown_meal_basis_excluded;meal_basis=unknown_meal_basis,,,/Users/gini/Documents/ZMI/zao-market-intelligence/.data/debug/auto-runner-market-refresh-rotating/20260901_220002/jalan/classification_decisions/yad322447_2027-02-23.json,zao_local_history_v1
2026-09-02|jalan|名湯リゾート ルーセントタカミヤ|yad331969|2027-02-06|2027-02-07|2_adults_1_room_1_night,c9a37f55e17fee1f84f1a441fcd8fd770c7da263c029ef83e825a6614f32291b,2027_02,2026-09-02,2026-09-02T08:00:01+09:00,2026-09-02T08:00:01+09:00,jalan,AUTO-RUNNER10X,integrated_jalan_bounded_live,名湯リゾート ルーセントタカミヤ,国内旅行・海外旅行や宿・ホテルの宿泊予約はじゃらんnet　～日本最大級の宿・ホテル予約サイト～,true,yad331969,yad331969,2027-02-06,2027-02-07,1,2,1,0,JPY,ja,2_adults_1_room_1_night,available,not_sold_out_confirmed,,,missing_or_unclear,C,C,Price visible but meal_basis=meal_included (jalan_meal_included_token_detected); excluded from room-only DP per confirmed policy.,68200,,,tax_included_total,jalan_meal_included_excluded,false,false,true,meal_included_plan_excluded,selected_plan_coupon_or_discount_evidence;meal_included_plan_excluded;meal_basis=meal_included,,,/Users/gini/Documents/ZMI/zao-market-intelligence/.data/debug/auto-runner-market-refresh-rotating/20260902_080001/jalan/classification_decisions/yad331969_2027-02-06.json,zao_local_history_v1
2026-09-02|jalan|名湯リゾート ルーセントタカミヤ|yad331969|2027-02-11|2027-02-12|2_adults_1_room_1_night,9972c845ac9dd90d267fae411c7de4398d75f366f47d787c1e19d6b36886915a,2027_02,2026-09-02,2026-09-02T14:00:01+09:00,2026-09-02T14:00:01+09:00,jalan,AUTO-RUNNER10X,integrated_jalan_bounded_live,名湯リゾート ルーセントタカミヤ,国内旅行・海外旅行や宿・ホテルの宿泊予約はじゃらんnet　～日本最大級の宿・ホテル予約サイト～,true,yad331969,yad331969,2027-02-11,2027-02-12,1,2,1,0,JPY,ja,2_adults_1_room_1_night,sold_out,sold_out,,,missing_or_unclear,insufficient,insufficient,selected_date_calendar_sold_out,,,,missing_or_unclear,jalan_sold_out_excluded,false,false,true,sold_out_without_price,page_chrome_coupon_or_discount_evidence;tax_included_total_not_confirmed,,,/Users/gini/Documents/ZMI/zao-market-intelligence/.data/debug/auto-runner-market-refresh-rotating/20260902_140001/jalan/classification_decisions/yad331969_2027-02-11.json,zao_local_history_v1
2026-09-02|jalan|名湯リゾート ルーセントタカミヤ|yad331969|2027-02-13|2027-02-14|2_adults_1_room_1_night,ee71b2a53d8f0da397502e0e4ec8a40560db622311d50a2701b494dc4ce4106c,2027_02,2026-09-02,2026-09-02T14:00:01+09:00,2026-09-02T14:00:01+09:00,jalan,AUTO-RUNNER10X,integrated_jalan_bounded_live,名湯リゾート ルーセントタカミヤ,国内旅行・海外旅行や宿・ホテルの宿泊予約はじゃらんnet　～日本最大級の宿・ホテル予約サイト～,true,yad331969,yad331969,2027-02-13,2027-02-14,1,2,1,0,JPY,ja,2_adults_1_room_1_night,sold_out,sold_out,,,missing_or_unclear,insufficient,insufficient,selected_date_calendar_sold_out,,,,missing_or_unclear,jalan_sold_out_excluded,false,false,true,sold_out_without_price,page_chrome_coupon_or_discount_evidence;tax_included_total_not_confirmed,,,/Users/gini/Documents/ZMI/zao-market-intelligence/.data/debug/auto-runner-market-refresh-rotating/20260902_140001/jalan/classification_decisions/yad331969_2027-02-13.json,zao_local_history_v1
2026-09-02|jalan|名湯リゾート ルーセントタカミヤ|yad331969|2027-02-20|2027-02-21|2_adults_1_room_1_night,a2b7fd9e9f56bd46566f01535be9ba9be79e4301ba76e37e9f42d2d95d000d3b,2027_02,2026-09-02,2026-09-02T18:00:01+09:00,2026-09-02T18:00:01+09:00,jalan,AUTO-RUNNER10X,integrated_jalan_bounded_live,名湯リゾート ルーセントタカミヤ,国内旅行・海外旅行や宿・ホテルの宿泊予約はじゃらんnet　～日本最大級の宿・ホテル予約サイト～,true,yad331969,yad331969,2027-02-20,2027-02-21,1,2,1,0,JPY,ja,2_adults_1_room_1_night,sold_out,sold_out,,,missing_or_unclear,insufficient,insufficient,selected_date_calendar_sold_out,,,,missing_or_unclear,jalan_sold_out_excluded,false,false,true,sold_out_without_price,page_chrome_coupon_or_discount_evidence;tax_included_total_not_confirmed,,,/Users/gini/Documents/ZMI/zao-market-intelligence/.data/debug/auto-runner-market-refresh-rotating/20260902_180001/jalan/classification_decisions/yad331969_2027-02-20.json,zao_local_history_v1
2026-09-02|jalan|蔵王四季のホテル|yad322447|2027-02-06|2027-02-07|2_adults_1_room_1_night,d4aae717b1e59014b09a56fa9386c849f2148a1711b1bee55c48fe8a16cf50ad,2027_02,2026-09-02,2026-09-02T20:00:01+09:00,2026-09-02T20:00:01+09:00,jalan,AUTO-RUNNER10X,integrated_jalan_bounded_live,蔵王四季のホテル,国内旅行・海外旅行や宿・ホテルの宿泊予約はじゃらんnet　～日本最大級の宿・ホテル予約サイト～,true,yad322447,yad322447,2027-02-06,2027-02-07,1,2,1,0,JPY,ja,2_adults_1_room_1_night,available,not_sold_out_confirmed,,,missing_or_unclear,C,C,Price visible but meal_basis=unknown_meal_basis (jalan_ambiguous_meal_and_room_only_tokens); excluded from room-only DP per confirmed policy.,151800,,,tax_included_total,jalan_unknown_meal_basis_excluded,false,false,true,unknown_meal_basis_excluded,page_chrome_coupon_or_discount_evidence;unknown_meal_basis_excluded;meal_basis=unknown_meal_basis,,,/Users/gini/Documents/ZMI/zao-market-intelligence/.data/debug/auto-runner-market-refresh-rotating/20260902_200001/jalan/classification_decisions/yad322447_2027-02-06.json,zao_local_history_v1
2026-09-02|jalan|名湯リゾート ルーセントタカミヤ|yad331969|2027-02-23|2027-02-24|2_adults_1_room_1_night,c54a5e4b9b553eb76fd9c7067c3f2777efeac79488f43926b92e8d9bfe895cc1,2027_02,2026-09-02,2026-09-02T20:00:01+09:00,2026-09-02T20:00:01+09:00,jalan,AUTO-RUNNER10X,integrated_jalan_bounded_live,名湯リゾート ルーセントタカミヤ,国内旅行・海外旅行や宿・ホテルの宿泊予約はじゃらんnet　～日本最大級の宿・ホテル予約サイト～,true,yad331969,yad331969,2027-02-23,2027-02-24,1,2,1,0,JPY,ja,2_adults_1_room_1_night,failed,not_sold_out_confirmed,,,missing_or_unclear,insufficient,insufficient,Jalan status could not be determined conservatively.,,,,missing_or_unclear,jalan_failed_excluded,false,false,true,Jalan status could not be determined conservatively.,page_chrome_coupon_or_discount_evidence;date_condition_not_confirmed;tax_included_total_not_confirmed,,,/Users/gini/Documents/ZMI/zao-market-intelligence/.data/debug/auto-runner-market-refresh-rotating/20260902_200001/jalan/classification_decisions/yad331969_2027-02-23.json,zao_local_history_v1
2026-09-02|jalan|名湯リゾート ルーセントタカミヤ|yad331969|2027-02-27|2027-02-28|2_adults_1_room_1_night,7ececc6d083af8903470b1fa78a61a10d3dcbaaf4f182bba3447cadcc34d93ff,2027_02,2026-09-02,2026-09-02T20:00:01+09:00,2026-09-02T20:00:01+09:00,jalan,AUTO-RUNNER10X,integrated_jalan_bounded_live,名湯リゾート ルーセントタカミヤ,国内旅行・海外旅行や宿・ホテルの宿泊予約はじゃらんnet　～日本最大級の宿・ホテル予約サイト～,true,yad331969,yad331969,2027-02-27,2027-02-28,1,2,1,0,JPY,ja,2_adults_1_room_1_night,failed,not_sold_out_confirmed,,,missing_or_unclear,insufficient,insufficient,Jalan status could not be determined conservatively.,,,,missing_or_unclear,jalan_failed_excluded,false,false,true,Jalan status could not be determined conservatively.,page_chrome_coupon_or_discount_evidence;date_condition_not_confirmed;tax_included_total_not_confirmed,,,/Users/gini/Documents/ZMI/zao-market-intelligence/.data/debug/auto-runner-market-refresh-rotating/20260902_200001/jalan/classification_decisions/yad331969_2027-02-27.json,zao_local_history_v1
2026-09-02|jalan|蔵王四季のホテル|yad322447|2027-02-11|2027-02-12|2_adults_1_room_1_night,c0e6f7c4918f40a7834c9c89f873185d1dc7f7049b14748f4c5c82ce3519d7ea,2027_02,2026-09-02,2026-09-02T22:00:01+09:00,2026-09-02T22:00:01+09:00,jalan,AUTO-RUNNER10X,integrated_jalan_bounded_live,蔵王四季のホテル,国内旅行・海外旅行や宿・ホテルの宿泊予約はじゃらんnet　～日本最大級の宿・ホテル予約サイト～,true,yad322447,yad322447,2027-02-11,2027-02-12,1,2,1,0,JPY,ja,2_adults_1_room_1_night,available,not_sold_out_confirmed,,,missing_or_unclear,C,C,Price visible but meal_basis=unknown_meal_basis (jalan_ambiguous_meal_and_room_only_tokens); excluded from room-only DP per confirmed policy.,138600,,,tax_included_total,jalan_unknown_meal_basis_excluded,false,false,true,unknown_meal_basis_excluded,page_chrome_coupon_or_discount_evidence;unknown_meal_basis_excluded;meal_basis=unknown_meal_basis,,,/Users/gini/Documents/ZMI/zao-market-intelligence/.data/debug/auto-runner-market-refresh-rotating/20260902_220001/jalan/classification_decisions/yad322447_2027-02-11.json,zao_local_history_v1
2026-09-03|jalan|蔵王四季のホテル|yad322447|2027-02-13|2027-02-14|2_adults_1_room_1_night,fad495f6cdbfc45aab439f61bd86ff6b1823be4dd7b6d184ba0f8a255237a82b,2027_02,2026-09-03,2026-09-03T00:00:02+09:00,2026-09-03T00:00:02+09:00,jalan,AUTO-RUNNER10X,integrated_jalan_bounded_live,蔵王四季のホテル,国内旅行・海外旅行や宿・ホテルの宿泊予約はじゃらんnet　～日本最大級の宿・ホテル予約サイト～,true,yad322447,yad322447,2027-02-13,2027-02-14,1,2,1,0,JPY,ja,2_adults_1_room_1_night,available,not_sold_out_confirmed,,,missing_or_unclear,C,C,Price visible but meal_basis=unknown_meal_basis (jalan_ambiguous_meal_and_room_only_tokens); excluded from room-only DP per confirmed policy.,156200,,,tax_included_total,jalan_unknown_meal_basis_excluded,false,false,true,unknown_meal_basis_excluded,page_chrome_coupon_or_discount_evidence;unknown_meal_basis_excluded;meal_basis=unknown_meal_basis,,,/Users/gini/Documents/ZMI/zao-market-intelligence/.data/debug/auto-runner-market-refresh-rotating/20260903_000002/jalan/classification_decisions/yad322447_2027-02-13.json,zao_local_history_v1
2026-09-03|jalan|ペンション木いちご|yad325769|2027-02-06|2027-02-07|2_adults_1_room_1_night,a7dcb3a48e68b83a2491ae49e907b52c38c6430a8c1951d01265de950088fa4a,2027_02,2026-09-03,2026-09-03T10:00:01+09:00,2026-09-03T10:00:01+09:00,jalan,AUTO-RUNNER10X,integrated_jalan_bounded_live,ペンション木いちご,国内旅行・海外旅行や宿・ホテルの宿泊予約はじゃらんnet　～日本最大級の宿・ホテル予約サイト～,true,yad325769,yad325769,2027-02-06,2027-02-07,1,2,1,0,JPY,ja,2_adults_1_room_1_night,sold_out,sold_out,,,missing_or_unclear,insufficient,insufficient,selected_date_calendar_sold_out,,,,missing_or_unclear,jalan_sold_out_excluded,false,false,true,sold_out_without_price,page_chrome_coupon_or_discount_evidence;tax_included_total_not_confirmed,,,/Users/gini/Documents/ZMI/zao-market-intelligence/.data/debug/auto-runner-market-refresh-rotating/20260903_100001/jalan/classification_decisions/yad325769_2027-02-06.json,zao_local_history_v1
2026-09-03|jalan|ペンション木いちご|yad325769|2027-02-11|2027-02-12|2_adults_1_room_1_night,3a221394da2bfbb65230fe5667fd92a5809c83d74987311e6bdd206869195af5,2027_02,2026-09-03,2026-09-03T12:00:01+09:00,2026-09-03T12:00:01+09:00,jalan,AUTO-RUNNER10X,integrated_jalan_bounded_live,ペンション木いちご,国内旅行・海外旅行や宿・ホテルの宿泊予約はじゃらんnet　～日本最大級の宿・ホテル予約サイト～,true,yad325769,yad325769,2027-02-11,2027-02-12,1,2,1,0,JPY,ja,2_adults_1_room_1_night,available,not_sold_out_confirmed,,,missing_or_unclear,C,C,"Price visible, meal_basis=confirmed_room_only, but room_basis=excluded_large_room (large_or_triple_or_quad_room_token_detected); excluded from two-person-standard DP per confirmed policy.",21000,,,tax_included_total,jalan_room_type_excluded,false,false,true,excluded_room_type_large,page_chrome_coupon_or_discount_evidence;meal_basis_confirmed_room_only;meal_basis=confirmed_room_only;excluded_room_type_large;room_basis=excluded_large_room,,,/Users/gini/Documents/ZMI/zao-market-intelligence/.data/debug/auto-runner-market-refresh-rotating/20260903_120001/jalan/classification_decisions/yad325769_2027-02-11.json,zao_local_history_v1
2026-09-03|jalan|ペンション木いちご|yad325769|2027-02-13|2027-02-14|2_adults_1_room_1_night,02c08b28bcf91bece97985d76f5867dff0fba93a3d8feea2945d9b0ddb29e0c1,2027_02,2026-09-03,2026-09-03T14:00:01+09:00,2026-09-03T14:00:01+09:00,jalan,AUTO-RUNNER10X,integrated_jalan_bounded_live,ペンション木いちご,国内旅行・海外旅行や宿・ホテルの宿泊予約はじゃらんnet　～日本最大級の宿・ホテル予約サイト～,true,yad325769,yad325769,2027-02-13,2027-02-14,1,2,1,0,JPY,ja,2_adults_1_room_1_night,available,not_sold_out_confirmed,,,missing_or_unclear,C,C,"Price visible, meal_basis=confirmed_room_only, but room_basis=excluded_large_room (large_or_triple_or_quad_room_token_detected); excluded from two-person-standard DP per confirmed policy.",25000,,,tax_included_total,jalan_room_type_excluded,false,false,true,excluded_room_type_large,page_chrome_coupon_or_discount_evidence;meal_basis_confirmed_room_only;meal_basis=confirmed_room_only;excluded_room_type_large;room_basis=excluded_large_room,,,/Users/gini/Documents/ZMI/zao-market-intelligence/.data/debug/auto-runner-market-refresh-rotating/20260903_140001/jalan/classification_decisions/yad325769_2027-02-13.json,zao_local_history_v1
2026-09-03|jalan|ペンション木いちご|yad325769|2027-02-20|2027-02-21|2_adults_1_room_1_night,cac4fc32ea3ba3d9aad73aab6abe6e6918975523470c5be83cc968d1955a3585,2027_02,2026-09-03,2026-09-03T16:00:01+09:00,2026-09-03T16:00:01+09:00,jalan,AUTO-RUNNER10X,integrated_jalan_bounded_live,ペンション木いちご,国内旅行・海外旅行や宿・ホテルの宿泊予約はじゃらんnet　～日本最大級の宿・ホテル予約サイト～,true,yad325769,yad325769,2027-02-20,2027-02-21,1,2,1,0,JPY,ja,2_adults_1_room_1_night,available,not_sold_out_confirmed,,,missing_or_unclear,C,C,"Price visible, meal_basis=confirmed_room_only, but room_basis=excluded_large_room (large_or_triple_or_quad_room_token_detected); excluded from two-person-standard DP per confirmed policy.",25000,,,tax_included_total,jalan_room_type_excluded,false,false,true,excluded_room_type_large,page_chrome_coupon_or_discount_evidence;meal_basis_confirmed_room_only;meal_basis=confirmed_room_only;excluded_room_type_large;room_basis=excluded_large_room,,,/Users/gini/Documents/ZMI/zao-market-intelligence/.data/debug/auto-runner-market-refresh-rotating/20260903_160001/jalan/classification_decisions/yad325769_2027-02-20.json,zao_local_history_v1
2026-09-03|jalan|ペンション木いちご|yad325769|2027-02-23|2027-02-24|2_adults_1_room_1_night,1d694cef6140da3c9b5d164c2df7fa5a27ba4d4ef3bfa22677047b6e2b5747cf,2027_02,2026-09-03,2026-09-03T16:00:01+09:00,2026-09-03T16:00:01+09:00,jalan,AUTO-RUNNER10X,integrated_jalan_bounded_live,ペンション木いちご,国内旅行・海外旅行や宿・ホテルの宿泊予約はじゃらんnet　～日本最大級の宿・ホテル予約サイト～,true,yad325769,yad325769,2027-02-23,2027-02-24,1,2,1,0,JPY,ja,2_adults_1_room_1_night,available,not_sold_out_confirmed,,,missing_or_unclear,C,C,"Price visible, meal_basis=confirmed_room_only, but room_basis=excluded_large_room (large_or_triple_or_quad_room_token_detected); excluded from two-person-standard DP per confirmed policy.",21000,,,tax_included_total,jalan_room_type_excluded,false,false,true,excluded_room_type_large,page_chrome_coupon_or_discount_evidence;meal_basis_confirmed_room_only;meal_basis=confirmed_room_only;excluded_room_type_large;room_basis=excluded_large_room,,,/Users/gini/Documents/ZMI/zao-market-intelligence/.data/debug/auto-runner-market-refresh-rotating/20260903_160001/jalan/classification_decisions/yad325769_2027-02-23.json,zao_local_history_v1
2026-09-03|jalan|ペンション木いちご|yad325769|2027-02-27|2027-02-28|2_adults_1_room_1_night,be4de5f32c33f91236444392c35f7d31b4720cb8d0b60333a7db2e09e96edbc1,2027_02,2026-09-03,2026-09-03T18:00:01+09:00,2026-09-03T18:00:01+09:00,jalan,AUTO-RUNNER10X,integrated_jalan_bounded_live,ペンション木いちご,国内旅行・海外旅行や宿・ホテルの宿泊予約はじゃらんnet　～日本最大級の宿・ホテル予約サイト～,true,yad325769,yad325769,2027-02-27,2027-02-28,1,2,1,0,JPY,ja,2_adults_1_room_1_night,available,not_sold_out_confirmed,,,missing_or_unclear,C,C,"Price visible, meal_basis=confirmed_room_only, but room_basis=excluded_large_room (large_or_triple_or_quad_room_token_detected); excluded from two-person-standard DP per confirmed policy.",25000,,,tax_included_total,jalan_room_type_excluded,false,false,true,excluded_room_type_large,page_chrome_coupon_or_discount_evidence;meal_basis_confirmed_room_only;meal_basis=confirmed_room_only;excluded_room_type_large;room_basis=excluded_large_room,,,/Users/gini/Documents/ZMI/zao-market-intelligence/.data/debug/auto-runner-market-refresh-rotating/20260903_180001/jalan/classification_decisions/yad325769_2027-02-27.json,zao_local_history_v1
2026-09-04|jalan|蔵王四季のホテル|yad322447|2027-02-06|2027-02-07|2_adults_1_room_1_night,0284cfb92b82e33b2b6b9679b002361044cd592a0ecaf02ae3ee908a70aa839b,2027_02,2026-09-04,2026-09-04T18:00:01+09:00,2026-09-04T18:00:01+09:00,jalan,AUTO-RUNNER10X,integrated_jalan_bounded_live,蔵王四季のホテル,国内旅行・海外旅行や宿・ホテルの宿泊予約はじゃらんnet　～日本最大級の宿・ホテル予約サイト～,true,yad322447,yad322447,2027-02-06,2027-02-07,1,2,1,0,JPY,ja,2_adults_1_room_1_night,available,not_sold_out_confirmed,,,missing_or_unclear,C,C,Price visible but meal_basis=unknown_meal_basis (jalan_ambiguous_meal_and_room_only_tokens); excluded from room-only DP per confirmed policy.,151800,,,tax_included_total,jalan_unknown_meal_basis_excluded,false,false,true,unknown_meal_basis_excluded,page_chrome_coupon_or_discount_evidence;unknown_meal_basis_excluded;meal_basis=unknown_meal_basis,,,/Users/gini/Documents/ZMI/zao-market-intelligence/.data/debug/auto-runner-market-refresh-rotating/20260904_180001/jalan/classification_decisions/yad322447_2027-02-06.json,zao_local_history_v1
2026-09-04|jalan|蔵王四季のホテル|yad322447|2027-02-11|2027-02-12|2_adults_1_room_1_night,b43fd47949a10cd5ec6504a78f5cb9662ced19b54c20bfb22141e8c7792f774c,2027_02,2026-09-04,2026-09-04T20:00:01+09:00,2026-09-04T20:00:01+09:00,jalan,AUTO-RUNNER10X,integrated_jalan_bounded_live,蔵王四季のホテル,国内旅行・海外旅行や宿・ホテルの宿泊予約はじゃらんnet　～日本最大級の宿・ホテル予約サイト～,true,yad322447,yad322447,2027-02-11,2027-02-12,1,2,1,0,JPY,ja,2_adults_1_room_1_night,available,not_sold_out_confirmed,,,missing_or_unclear,C,C,Price visible but meal_basis=unknown_meal_basis (jalan_ambiguous_meal_and_room_only_tokens); excluded from room-only DP per confirmed policy.,138600,,,tax_included_total,jalan_unknown_meal_basis_excluded,false,false,true,unknown_meal_basis_excluded,page_chrome_coupon_or_discount_evidence;unknown_meal_basis_excluded;meal_basis=unknown_meal_basis,,,/Users/gini/Documents/ZMI/zao-market-intelligence/.data/debug/auto-runner-market-refresh-rotating/20260904_200001/jalan/classification_decisions/yad322447_2027-02-11.json,zao_local_history_v1
2026-09-04|jalan|蔵王四季のホテル|yad322447|2027-02-13|2027-02-14|2_adults_1_room_1_night,52f03d8a342b0d49532ff73f975e50b08520957d5f28230758103e86aee1b1e5,2027_02,2026-09-04,2026-09-04T22:00:01+09:00,2026-09-04T22:00:01+09:00,jalan,AUTO-RUNNER10X,integrated_jalan_bounded_live,蔵王四季のホテル,国内旅行・海外旅行や宿・ホテルの宿泊予約はじゃらんnet　～日本最大級の宿・ホテル予約サイト～,true,yad322447,yad322447,2027-02-13,2027-02-14,1,2,1,0,JPY,ja,2_adults_1_room_1_night,available,not_sold_out_confirmed,,,missing_or_unclear,C,C,Price visible but meal_basis=unknown_meal_basis (jalan_ambiguous_meal_and_room_only_tokens); excluded from room-only DP per confirmed policy.,156200,,,tax_included_total,jalan_unknown_meal_basis_excluded,false,false,true,unknown_meal_basis_excluded,page_chrome_coupon_or_discount_evidence;unknown_meal_basis_excluded;meal_basis=unknown_meal_basis,,,/Users/gini/Documents/ZMI/zao-market-intelligence/.data/debug/auto-runner-market-refresh-rotating/20260904_220001/jalan/classification_decisions/yad322447_2027-02-13.json,zao_local_history_v1
2026-09-04|jalan|蔵王四季のホテル|yad322447|2027-02-20|2027-02-21|2_adults_1_room_1_night,f91e296bb8feb271e6567cd49f1ffef88bed7b5c54e05a5ad04ad0c0f8bf0c59,2027_02,2026-09-04,2026-09-04T22:00:01+09:00,2026-09-04T22:00:01+09:00,jalan,AUTO-RUNNER10X,integrated_jalan_bounded_live,蔵王四季のホテル,国内旅行・海外旅行や宿・ホテルの宿泊予約はじゃらんnet　～日本最大級の宿・ホテル予約サイト～,true,yad322447,yad322447,2027-02-20,2027-02-21,1,2,1,0,JPY,ja,2_adults_1_room_1_night,available,not_sold_out_confirmed,,,missing_or_unclear,C,C,Price visible but meal_basis=unknown_meal_basis (jalan_ambiguous_meal_and_room_only_tokens); excluded from room-only DP per confirmed policy.,147400,,,tax_included_total,jalan_unknown_meal_basis_excluded,false,false,true,unknown_meal_basis_excluded,page_chrome_coupon_or_discount_evidence;unknown_meal_basis_excluded;meal_basis=unknown_meal_basis,,,/Users/gini/Documents/ZMI/zao-market-intelligence/.data/debug/auto-runner-market-refresh-rotating/20260904_220001/jalan/classification_decisions/yad322447_2027-02-20.json,zao_local_history_v1
2026-09-04|jalan|ペンション櫻|yad343698|2027-02-06|2027-02-07|2_adults_1_room_1_night,cfc80b678096afd1a57b1833e7c322fb3fa440099da5f833bd8f2cc892eb8bed,2027_02,2026-09-04,2026-09-04T22:00:01+09:00,2026-09-04T22:00:01+09:00,jalan,AUTO-RUNNER10X,integrated_jalan_bounded_live,ペンション櫻,国内旅行・海外旅行や宿・ホテルの宿泊予約はじゃらんnet　～日本最大級の宿・ホテル予約サイト～,true,yad343698,yad343698,2027-02-06,2027-02-07,1,2,1,0,JPY,ja,2_adults_1_room_1_night,sold_out,sold_out,,,missing_or_unclear,insufficient,insufficient,selected_date_calendar_sold_out,,,,missing_or_unclear,jalan_sold_out_excluded,false,false,true,sold_out_without_price,page_chrome_coupon_or_discount_evidence;tax_included_total_not_confirmed,,,/Users/gini/Documents/ZMI/zao-market-intelligence/.data/debug/auto-runner-market-refresh-rotating/20260904_220001/jalan/classification_decisions/yad343698_2027-02-06.json,zao_local_history_v1
2026-09-05|jalan|蔵王四季のホテル|yad322447|2027-02-23|2027-02-24|2_adults_1_room_1_night,7b4278d5a44d0ec0bf455c379fd50245244d153e3fa1fff2ecb8613fa29823b3,2027_02,2026-09-05,2026-09-05T00:00:01+09:00,2026-09-05T00:00:01+09:00,jalan,AUTO-RUNNER10X,integrated_jalan_bounded_live,蔵王四季のホテル,国内旅行・海外旅行や宿・ホテルの宿泊予約はじゃらんnet　～日本最大級の宿・ホテル予約サイト～,true,yad322447,yad322447,2027-02-23,2027-02-24,1,2,1,0,JPY,ja,2_adults_1_room_1_night,available,not_sold_out_confirmed,,,missing_or_unclear,C,C,Price visible but meal_basis=unknown_meal_basis (jalan_ambiguous_meal_and_room_only_tokens); excluded from room-only DP per confirmed policy.,118800,,,tax_included_total,jalan_unknown_meal_basis_excluded,false,false,true,unknown_meal_basis_excluded,page_chrome_coupon_or_discount_evidence;unknown_meal_basis_excluded;meal_basis=unknown_meal_basis,,,/Users/gini/Documents/ZMI/zao-market-intelligence/.data/debug/auto-runner-market-refresh-rotating/20260905_000001/jalan/classification_decisions/yad322447_2027-02-23.json,zao_local_history_v1
2026-09-05|jalan|ペンション櫻|yad343698|2027-02-11|2027-02-12|2_adults_1_room_1_night,575c2c59362390018101fbe4f65caab9b8ec6bde3bb4a3fe4d982ccce014900f,2027_02,2026-09-05,2026-09-05T02:00:01+09:00,2026-09-05T02:00:01+09:00,jalan,AUTO-RUNNER10X,integrated_jalan_bounded_live,ペンション櫻,国内旅行・海外旅行や宿・ホテルの宿泊予約はじゃらんnet　～日本最大級の宿・ホテル予約サイト～,true,yad343698,yad343698,2027-02-11,2027-02-12,1,2,1,0,JPY,ja,2_adults_1_room_1_night,sold_out,sold_out,,,missing_or_unclear,insufficient,insufficient,selected_date_calendar_sold_out,,,,missing_or_unclear,jalan_sold_out_excluded,false,false,true,sold_out_without_price,page_chrome_coupon_or_discount_evidence;tax_included_total_not_confirmed,,,/Users/gini/Documents/ZMI/zao-market-intelligence/.data/debug/auto-runner-market-refresh-rotating/20260905_020001/jalan/classification_decisions/yad343698_2027-02-11.json,zao_local_history_v1
2026-09-05|jalan|ペンション櫻|yad343698|2027-02-13|2027-02-14|2_adults_1_room_1_night,34d81216efcef2270d2de7a1ebe7c42bb18a1966eb3545635a39043b641224c4,2027_02,2026-09-05,2026-09-05T06:00:01+09:00,2026-09-05T06:00:01+09:00,jalan,AUTO-RUNNER10X,integrated_jalan_bounded_live,ペンション櫻,国内旅行・海外旅行や宿・ホテルの宿泊予約はじゃらんnet　～日本最大級の宿・ホテル予約サイト～,true,yad343698,yad343698,2027-02-13,2027-02-14,1,2,1,0,JPY,ja,2_adults_1_room_1_night,sold_out,sold_out,,,missing_or_unclear,insufficient,insufficient,selected_date_calendar_sold_out,,,,missing_or_unclear,jalan_sold_out_excluded,false,false,true,sold_out_without_price,page_chrome_coupon_or_discount_evidence;tax_included_total_not_confirmed,,,/Users/gini/Documents/ZMI/zao-market-intelligence/.data/debug/auto-runner-market-refresh-rotating/20260905_060001/jalan/classification_decisions/yad343698_2027-02-13.json,zao_local_history_v1
2026-09-05|jalan|ペンション櫻|yad343698|2027-02-20|2027-02-21|2_adults_1_room_1_night,75a8e898d97006c9f7aa49422c3498db009faec11e97d65758347765d80a9dd5,2027_02,2026-09-05,2026-09-05T08:00:01+09:00,2026-09-05T08:00:01+09:00,jalan,AUTO-RUNNER10X,integrated_jalan_bounded_live,ペンション櫻,国内旅行・海外旅行や宿・ホテルの宿泊予約はじゃらんnet　～日本最大級の宿・ホテル予約サイト～,true,yad343698,yad343698,2027-02-20,2027-02-21,1,2,1,0,JPY,ja,2_adults_1_room_1_night,sold_out,sold_out,,,missing_or_unclear,insufficient,insufficient,selected_date_calendar_sold_out,,,,missing_or_unclear,jalan_sold_out_excluded,false,false,true,sold_out_without_price,page_chrome_coupon_or_discount_evidence;tax_included_total_not_confirmed,,,/Users/gini/Documents/ZMI/zao-market-intelligence/.data/debug/auto-runner-market-refresh-rotating/20260905_080001/jalan/classification_decisions/yad343698_2027-02-20.json,zao_local_history_v1
2026-09-05|jalan|ペンション櫻|yad343698|2027-02-23|2027-02-24|2_adults_1_room_1_night,f4d42df39e05e1b96e06fe2c8949a86f583b8b02382180205e04a5c6537ea9e8,2027_02,2026-09-05,2026-09-05T08:00:01+09:00,2026-09-05T08:00:01+09:00,jalan,AUTO-RUNNER10X,integrated_jalan_bounded_live,ペンション櫻,国内旅行・海外旅行や宿・ホテルの宿泊予約はじゃらんnet　～日本最大級の宿・ホテル予約サイト～,true,yad343698,yad343698,2027-02-23,2027-02-24,1,2,1,0,JPY,ja,2_adults_1_room_1_night,sold_out,sold_out,,,missing_or_unclear,insufficient,insufficient,selected_date_calendar_sold_out,,,,missing_or_unclear,jalan_sold_out_excluded,false,false,true,sold_out_without_price,page_chrome_coupon_or_discount_evidence;tax_included_total_not_confirmed,,,/Users/gini/Documents/ZMI/zao-market-intelligence/.data/debug/auto-runner-market-refresh-rotating/20260905_080001/jalan/classification_decisions/yad343698_2027-02-23.json,zao_local_history_v1
2026-09-05|jalan|ペンション櫻|yad343698|2027-02-27|2027-02-28|2_adults_1_room_1_night,f70bbee8ebedbdd090a279240345e9ba14d52d88364221feb7978a53657ee55e,2027_02,2026-09-05,2026-09-05T12:00:01+09:00,2026-09-05T12:00:01+09:00,jalan,AUTO-RUNNER10X,integrated_jalan_bounded_live,ペンション櫻,国内旅行・海外旅行や宿・ホテルの宿泊予約はじゃらんnet　～日本最大級の宿・ホテル予約サイト～,true,yad343698,yad343698,2027-02-27,2027-02-28,1,2,1,0,JPY,ja,2_adults_1_room_1_night,sold_out,sold_out,,,missing_or_unclear,insufficient,insufficient,selected_date_calendar_sold_out,,,,missing_or_unclear,jalan_sold_out_excluded,false,false,true,sold_out_without_price,page_chrome_coupon_or_discount_evidence;tax_included_total_not_confirmed,,,/Users/gini/Documents/ZMI/zao-market-intelligence/.data/debug/auto-runner-market-refresh-rotating/20260905_120001/jalan/classification_decisions/yad343698_2027-02-27.json,zao_local_history_v1
2026-09-05|jalan|ペンション木いちご|yad325769|2027-02-06|2027-02-07|2_adults_1_room_1_night,6dfc453f2d8675fcdaf24d4e2e2fa180f8fe944f8eac32cfebcb87f2bc13e232,2027_02,2026-09-05,2026-09-05T22:00:02+09:00,2026-09-05T22:00:02+09:00,jalan,AUTO-RUNNER10X,integrated_jalan_bounded_live,ペンション木いちご,国内旅行・海外旅行や宿・ホテルの宿泊予約はじゃらんnet　～日本最大級の宿・ホテル予約サイト～,true,yad325769,yad325769,2027-02-06,2027-02-07,1,2,1,0,JPY,ja,2_adults_1_room_1_night,sold_out,sold_out,,,missing_or_unclear,insufficient,insufficient,selected_date_calendar_sold_out,,,,missing_or_unclear,jalan_sold_out_excluded,false,false,true,sold_out_without_price,page_chrome_coupon_or_discount_evidence;tax_included_total_not_confirmed,,,/Users/gini/Documents/ZMI/zao-market-intelligence/.data/debug/auto-runner-market-refresh-rotating/20260905_220002/jalan/classification_decisions/yad325769_2027-02-06.json,zao_local_history_v1
2026-09-05|jalan|ペンション木いちご|yad325769|2027-02-11|2027-02-12|2_adults_1_room_1_night,9286330751e35ccf4e09be3b332a4dc17c0aa0abf008c49cf310d8b69da620d3,2027_02,2026-09-05,2026-09-05T22:00:02+09:00,2026-09-05T22:00:02+09:00,jalan,AUTO-RUNNER10X,integrated_jalan_bounded_live,ペンション木いちご,国内旅行・海外旅行や宿・ホテルの宿泊予約はじゃらんnet　～日本最大級の宿・ホテル予約サイト～,true,yad325769,yad325769,2027-02-11,2027-02-12,1,2,1,0,JPY,ja,2_adults_1_room_1_night,available,not_sold_out_confirmed,,,missing_or_unclear,C,C,"Price visible, meal_basis=confirmed_room_only, but room_basis=excluded_large_room (large_or_triple_or_quad_room_token_detected); excluded from two-person-standard DP per confirmed policy.",21000,,,tax_included_total,jalan_room_type_excluded,false,false,true,excluded_room_type_large,page_chrome_coupon_or_discount_evidence;meal_basis_confirmed_room_only;meal_basis=confirmed_room_only;excluded_room_type_large;room_basis=excluded_large_room,,,/Users/gini/Documents/ZMI/zao-market-intelligence/.data/debug/auto-runner-market-refresh-rotating/20260905_220002/jalan/classification_decisions/yad325769_2027-02-11.json,zao_local_history_v1
2026-09-06|jalan|ペンション木いちご|yad325769|2027-02-13|2027-02-14|2_adults_1_room_1_night,7812ff3ced5b56ad2df0f575d9b23b6949e97d68b7f2d9a87bb69492b83726ee,2027_02,2026-09-06,2026-09-06T00:00:01+09:00,2026-09-06T00:00:01+09:00,jalan,AUTO-RUNNER10X,integrated_jalan_bounded_live,ペンション木いちご,国内旅行・海外旅行や宿・ホテルの宿泊予約はじゃらんnet　～日本最大級の宿・ホテル予約サイト～,true,yad325769,yad325769,2027-02-13,2027-02-14,1,2,1,0,JPY,ja,2_adults_1_room_1_night,available,not_sold_out_confirmed,,,missing_or_unclear,C,C,"Price visible, meal_basis=confirmed_room_only, but room_basis=excluded_large_room (large_or_triple_or_quad_room_token_detected); excluded from two-person-standard DP per confirmed policy.",25000,,,tax_included_total,jalan_room_type_excluded,false,false,true,excluded_room_type_large,page_chrome_coupon_or_discount_evidence;meal_basis_confirmed_room_only;meal_basis=confirmed_room_only;excluded_room_type_large;room_basis=excluded_large_room,,,/Users/gini/Documents/ZMI/zao-market-intelligence/.data/debug/auto-runner-market-refresh-rotating/20260906_000001/jalan/classification_decisions/yad325769_2027-02-13.json,zao_local_history_v1
2026-09-06|jalan|ペンション木いちご|yad325769|2027-02-20|2027-02-21|2_adults_1_room_1_night,00d5cbab1d41bb28c0dafe8bde42c845d5fdcd63f3d7c7668d1ba978ca72c4cb,2027_02,2026-09-06,2026-09-06T00:00:01+09:00,2026-09-06T00:00:01+09:00,jalan,AUTO-RUNNER10X,integrated_jalan_bounded_live,ペンション木いちご,国内旅行・海外旅行や宿・ホテルの宿泊予約はじゃらんnet　～日本最大級の宿・ホテル予約サイト～,true,yad325769,yad325769,2027-02-20,2027-02-21,1,2,1,0,JPY,ja,2_adults_1_room_1_night,available,not_sold_out_confirmed,,,missing_or_unclear,C,C,"Price visible, meal_basis=confirmed_room_only, but room_basis=excluded_large_room (large_or_triple_or_quad_room_token_detected); excluded from two-person-standard DP per confirmed policy.",25000,,,tax_included_total,jalan_room_type_excluded,false,false,true,excluded_room_type_large,page_chrome_coupon_or_discount_evidence;meal_basis_confirmed_room_only;meal_basis=confirmed_room_only;excluded_room_type_large;room_basis=excluded_large_room,,,/Users/gini/Documents/ZMI/zao-market-intelligence/.data/debug/auto-runner-market-refresh-rotating/20260906_000001/jalan/classification_decisions/yad325769_2027-02-20.json,zao_local_history_v1
2026-09-06|jalan|ペンション木いちご|yad325769|2027-02-23|2027-02-24|2_adults_1_room_1_night,3d655f7cb45793ebd73cd03e835a5af7c88e43764894de33113865c5ff95d92d,2027_02,2026-09-06,2026-09-06T02:00:01+09:00,2026-09-06T02:00:01+09:00,jalan,AUTO-RUNNER10X,integrated_jalan_bounded_live,ペンション木いちご,国内旅行・海外旅行や宿・ホテルの宿泊予約はじゃらんnet　～日本最大級の宿・ホテル予約サイト～,true,yad325769,yad325769,2027-02-23,2027-02-24,1,2,1,0,JPY,ja,2_adults_1_room_1_night,available,not_sold_out_confirmed,,,missing_or_unclear,C,C,"Price visible, meal_basis=confirmed_room_only, but room_basis=excluded_large_room (large_or_triple_or_quad_room_token_detected); excluded from two-person-standard DP per confirmed policy.",21000,,,tax_included_total,jalan_room_type_excluded,false,false,true,excluded_room_type_large,page_chrome_coupon_or_discount_evidence;meal_basis_confirmed_room_only;meal_basis=confirmed_room_only;excluded_room_type_large;room_basis=excluded_large_room,,,/Users/gini/Documents/ZMI/zao-market-intelligence/.data/debug/auto-runner-market-refresh-rotating/20260906_020001/jalan/classification_decisions/yad325769_2027-02-23.json,zao_local_history_v1
2026-09-06|jalan|ペンション木いちご|yad325769|2027-02-27|2027-02-28|2_adults_1_room_1_night,f7d5277429de3ab94bfa66d7e67d71b758dfa1668a35ee2337d263cdc5b5843d,2027_02,2026-09-06,2026-09-06T02:00:01+09:00,2026-09-06T02:00:01+09:00,jalan,AUTO-RUNNER10X,integrated_jalan_bounded_live,ペンション木いちご,国内旅行・海外旅行や宿・ホテルの宿泊予約はじゃらんnet　～日本最大級の宿・ホテル予約サイト～,true,yad325769,yad325769,2027-02-27,2027-02-28,1,2,1,0,JPY,ja,2_adults_1_room_1_night,available,not_sold_out_confirmed,,,missing_or_unclear,C,C,"Price visible, meal_basis=confirmed_room_only, but room_basis=excluded_large_room (large_or_triple_or_quad_room_token_detected); excluded from two-person-standard DP per confirmed policy.",25000,,,tax_included_total,jalan_room_type_excluded,false,false,true,excluded_room_type_large,page_chrome_coupon_or_discount_evidence;meal_basis_confirmed_room_only;meal_basis=confirmed_room_only;excluded_room_type_large;room_basis=excluded_large_room,,,/Users/gini/Documents/ZMI/zao-market-intelligence/.data/debug/auto-runner-market-refresh-rotating/20260906_020001/jalan/classification_decisions/yad325769_2027-02-27.json,zao_local_history_v1
2026-09-06|jalan|深山荘 高見屋|yad321744|2027-02-06|2027-02-07|2_adults_1_room_1_night,76f49814a5027fc0b2064ac481fa41d9c3321c2614243b40c856fe1430031b52,2027_02,2026-09-06,2026-09-06T04:00:01+09:00,2026-09-06T04:00:01+09:00,jalan,AUTO-RUNNER10X,integrated_jalan_bounded_live,深山荘 高見屋,国内旅行・海外旅行や宿・ホテルの宿泊予約はじゃらんnet　～日本最大級の宿・ホテル予約サイト～,true,yad321744,yad321744,2027-02-06,2027-02-07,1,2,1,0,JPY,ja,2_adults_1_room_1_night,available,not_sold_out_confirmed,,,missing_or_unclear,C,C,Price visible but meal_basis=unknown_meal_basis (jalan_ambiguous_meal_and_room_only_tokens); excluded from room-only DP per confirmed policy.,103400,,,tax_included_total,jalan_unknown_meal_basis_excluded,false,false,true,unknown_meal_basis_excluded,selected_plan_coupon_or_discount_evidence;unknown_meal_basis_excluded;meal_basis=unknown_meal_basis,,,/Users/gini/Documents/ZMI/zao-market-intelligence/.data/debug/auto-runner-market-refresh-rotating/20260906_040001/jalan/classification_decisions/yad321744_2027-02-06.json,zao_local_history_v1
2026-09-06|jalan|深山荘 高見屋|yad321744|2027-02-11|2027-02-12|2_adults_1_room_1_night,55bf3295e2872a6e25dd79b60b2e72a7df0d6754fe1883fd3d409bc2650da32c,2027_02,2026-09-06,2026-09-06T10:00:01+09:00,2026-09-06T10:00:01+09:00,jalan,AUTO-RUNNER10X,integrated_jalan_bounded_live,深山荘 高見屋,国内旅行・海外旅行や宿・ホテルの宿泊予約はじゃらんnet　～日本最大級の宿・ホテル予約サイト～,true,yad321744,yad321744,2027-02-11,2027-02-12,1,2,1,0,JPY,ja,2_adults_1_room_1_night,failed,not_sold_out_confirmed,,,missing_or_unclear,insufficient,insufficient,Jalan status could not be determined conservatively.,,,,missing_or_unclear,jalan_failed_excluded,false,false,true,Jalan status could not be determined conservatively.,page_chrome_coupon_or_discount_evidence;date_condition_not_confirmed;tax_included_total_not_confirmed,,,/Users/gini/Documents/ZMI/zao-market-intelligence/.data/debug/auto-runner-market-refresh-rotating/20260906_100001/jalan/classification_decisions/yad321744_2027-02-11.json,zao_local_history_v1
2026-09-06|jalan|深山荘 高見屋|yad321744|2027-02-13|2027-02-14|2_adults_1_room_1_night,3c7c410359f87444783562299f790ecdf44015ba1c7a777796380d3349a19042,2027_02,2026-09-06,2026-09-06T10:00:01+09:00,2026-09-06T10:00:01+09:00,jalan,AUTO-RUNNER10X,integrated_jalan_bounded_live,深山荘 高見屋,国内旅行・海外旅行や宿・ホテルの宿泊予約はじゃらんnet　～日本最大級の宿・ホテル予約サイト～,true,yad321744,yad321744,2027-02-13,2027-02-14,1,2,1,0,JPY,ja,2_adults_1_room_1_night,available,not_sold_out_confirmed,,,missing_or_unclear,C,C,"Price visible, meal_basis=confirmed_room_only, but room_basis=excluded_family_or_suite_room (family_or_suite_room_token_detected); excluded from two-person-standard DP per confirmed policy.",116600,,,tax_included_total,jalan_room_type_excluded,false,false,true,excluded_room_type_family_or_suite,selected_plan_coupon_or_discount_evidence;meal_basis_confirmed_room_only;meal_basis=confirmed_room_only;excluded_room_type_family_or_suite;room_basis=excluded_family_or_suite_room,,,/Users/gini/Documents/ZMI/zao-market-intelligence/.data/debug/auto-runner-market-refresh-rotating/20260906_100001/jalan/classification_decisions/yad321744_2027-02-13.json,zao_local_history_v1
2026-09-06|jalan|たかみや瑠璃倶楽|yad316848|2027-02-06|2027-02-07|2_adults_1_room_1_night,7488c63ffd7f403f45ad6c6a44bd501e7310cc4e4603b346bdb4d759de57cfc1,2027_02,2026-09-06,2026-09-06T14:00:01+09:00,2026-09-06T14:00:01+09:00,jalan,AUTO-RUNNER10X,integrated_jalan_bounded_live,たかみや瑠璃倶楽,国内旅行・海外旅行や宿・ホテルの宿泊予約はじゃらんnet　～日本最大級の宿・ホテル予約サイト～,true,yad316848,yad316848,2027-02-06,2027-02-07,1,2,1,0,JPY,ja,2_adults_1_room_1_night,sold_out,sold_out,,,missing_or_unclear,insufficient,insufficient,selected_date_calendar_sold_out,,,,missing_or_unclear,jalan_sold_out_excluded,false,false,true,sold_out_without_price,page_chrome_coupon_or_discount_evidence;tax_included_total_not_confirmed,,,/Users/gini/Documents/ZMI/zao-market-intelligence/.data/debug/auto-runner-market-refresh-rotating/20260906_140001/jalan/classification_decisions/yad316848_2027-02-06.json,zao_local_history_v1
2026-09-06|jalan|たかみや瑠璃倶楽|yad316848|2027-02-11|2027-02-12|2_adults_1_room_1_night,dcd4efa55956e3572ff362d348c5ad335c60bf9778dc073149210d7926179c9e,2027_02,2026-09-06,2026-09-06T16:00:01+09:00,2026-09-06T16:00:01+09:00,jalan,AUTO-RUNNER10X,integrated_jalan_bounded_live,たかみや瑠璃倶楽,国内旅行・海外旅行や宿・ホテルの宿泊予約はじゃらんnet　～日本最大級の宿・ホテル予約サイト～,true,yad316848,yad316848,2027-02-11,2027-02-12,1,2,1,0,JPY,ja,2_adults_1_room_1_night,sold_out,sold_out,,,missing_or_unclear,insufficient,insufficient,selected_date_calendar_sold_out,,,,missing_or_unclear,jalan_sold_out_excluded,false,false,true,sold_out_without_price,page_chrome_coupon_or_discount_evidence;tax_included_total_not_confirmed,,,/Users/gini/Documents/ZMI/zao-market-intelligence/.data/debug/auto-runner-market-refresh-rotating/20260906_160001/jalan/classification_decisions/yad316848_2027-02-11.json,zao_local_history_v1
2026-09-06|jalan|深山荘 高見屋|yad321744|2027-02-20|2027-02-21|2_adults_1_room_1_night,dafc3daaf01ceda3ff2aa4a8bce56e01eed3133c24dc891e4034e36ad6f56cae,2027_02,2026-09-06,2026-09-06T20:00:01+09:00,2026-09-06T20:00:01+09:00,jalan,AUTO-RUNNER10X,integrated_jalan_bounded_live,深山荘 高見屋,国内旅行・海外旅行や宿・ホテルの宿泊予約はじゃらんnet　～日本最大級の宿・ホテル予約サイト～,true,yad321744,yad321744,2027-02-20,2027-02-21,1,2,1,0,JPY,ja,2_adults_1_room_1_night,available,not_sold_out_confirmed,,,missing_or_unclear,C,C,Price visible but meal_basis=unknown_meal_basis (jalan_ambiguous_meal_and_room_only_tokens); excluded from room-only DP per confirmed policy.,116600,,,tax_included_total,jalan_unknown_meal_basis_excluded,false,false,true,unknown_meal_basis_excluded,selected_plan_coupon_or_discount_evidence;unknown_meal_basis_excluded;meal_basis=unknown_meal_basis,,,/Users/gini/Documents/ZMI/zao-market-intelligence/.data/debug/auto-runner-market-refresh-rotating/20260906_200001/jalan/classification_decisions/yad321744_2027-02-20.json,zao_local_history_v1
2026-09-06|jalan|たかみや瑠璃倶楽|yad316848|2027-02-13|2027-02-14|2_adults_1_room_1_night,6867f222b1094e87707b67a4e0ef3dfa28f1aea9bb596791cdc2aa7d372940bd,2027_02,2026-09-06,2026-09-06T22:00:01+09:00,2026-09-06T22:00:01+09:00,jalan,AUTO-RUNNER10X,integrated_jalan_bounded_live,たかみや瑠璃倶楽,国内旅行・海外旅行や宿・ホテルの宿泊予約はじゃらんnet　～日本最大級の宿・ホテル予約サイト～,true,yad316848,yad316848,2027-02-13,2027-02-14,1,2,1,0,JPY,ja,2_adults_1_room_1_night,sold_out,sold_out,,,missing_or_unclear,insufficient,insufficient,selected_date_calendar_sold_out,,,,missing_or_unclear,jalan_sold_out_excluded,false,false,true,sold_out_without_price,page_chrome_coupon_or_discount_evidence;tax_included_total_not_confirmed,,,/Users/gini/Documents/ZMI/zao-market-intelligence/.data/debug/auto-runner-market-refresh-rotating/20260906_220001/jalan/classification_decisions/yad316848_2027-02-13.json,zao_local_history_v1
2026-09-06|jalan|深山荘 高見屋|yad321744|2027-02-23|2027-02-24|2_adults_1_room_1_night,1111c5d371f87f0519702a0b84a0b92fbd2ca4fb18edc136c1db7cf8719385cd,2027_02,2026-09-06,2026-09-06T22:00:01+09:00,2026-09-06T22:00:01+09:00,jalan,AUTO-RUNNER10X,integrated_jalan_bounded_live,深山荘 高見屋,国内旅行・海外旅行や宿・ホテルの宿泊予約はじゃらんnet　～日本最大級の宿・ホテル予約サイト～,true,yad321744,yad321744,2027-02-23,2027-02-24,1,2,1,0,JPY,ja,2_adults_1_room_1_night,failed,not_sold_out_confirmed,,,missing_or_unclear,insufficient,insufficient,Jalan status could not be determined conservatively.,,,,missing_or_unclear,jalan_failed_excluded,false,false,true,Jalan status could not be determined conservatively.,page_chrome_coupon_or_discount_evidence;date_condition_not_confirmed;tax_included_total_not_confirmed,,,/Users/gini/Documents/ZMI/zao-market-intelligence/.data/debug/auto-runner-market-refresh-rotating/20260906_220001/jalan/classification_decisions/yad321744_2027-02-23.json,zao_local_history_v1
2026-09-06|jalan|ペンション木いちご|yad325769|2027-02-06|2027-02-07|2_adults_1_room_1_night,df08f8f79bf75e13d460935eb4a3062a69f23a2a78beae0365329dc1e4e32d80,2027_02,2026-09-06,2026-09-06T22:00:01+09:00,2026-09-06T22:00:01+09:00,jalan,AUTO-RUNNER10X,integrated_jalan_bounded_live,ペンション木いちご,国内旅行・海外旅行や宿・ホテルの宿泊予約はじゃらんnet　～日本最大級の宿・ホテル予約サイト～,true,yad325769,yad325769,2027-02-06,2027-02-07,1,2,1,0,JPY,ja,2_adults_1_room_1_night,sold_out,sold_out,,,missing_or_unclear,insufficient,insufficient,selected_date_calendar_sold_out,,,,missing_or_unclear,jalan_sold_out_excluded,false,false,true,sold_out_without_price,page_chrome_coupon_or_discount_evidence;tax_included_total_not_confirmed,,,/Users/gini/Documents/ZMI/zao-market-intelligence/.data/debug/auto-runner-market-refresh-rotating/20260906_220001/jalan/classification_decisions/yad325769_2027-02-06.json,zao_local_history_v1
2026-09-07|jalan|深山荘 高見屋|yad321744|2027-02-27|2027-02-28|2_adults_1_room_1_night,829743651fe6e993fd728d0dfcef0848cae51879fe00e9be2f55266927b84d92,2027_02,2026-09-07,2026-09-07T00:00:01+09:00,2026-09-07T00:00:01+09:00,jalan,AUTO-RUNNER10X,integrated_jalan_bounded_live,深山荘 高見屋,国内旅行・海外旅行や宿・ホテルの宿泊予約はじゃらんnet　～日本最大級の宿・ホテル予約サイト～,true,yad321744,yad321744,2027-02-27,2027-02-28,1,2,1,0,JPY,ja,2_adults_1_room_1_night,failed,not_sold_out_confirmed,,,missing_or_unclear,insufficient,insufficient,Jalan status could not be determined conservatively.,,,,missing_or_unclear,jalan_failed_excluded,false,false,true,Jalan status could not be determined conservatively.,page_chrome_coupon_or_discount_evidence;date_condition_not_confirmed;tax_included_total_not_confirmed,,,/Users/gini/Documents/ZMI/zao-market-intelligence/.data/debug/auto-runner-market-refresh-rotating/20260907_000001/jalan/classification_decisions/yad321744_2027-02-27.json,zao_local_history_v1
2026-09-07|jalan|ペンション木いちご|yad325769|2027-02-11|2027-02-12|2_adults_1_room_1_night,262d5467f5f06800eb4d4ea1e3ee2a1ad46547bfa36d45cca3823a7f0f31a75b,2027_02,2026-09-07,2026-09-07T00:00:01+09:00,2026-09-07T00:00:01+09:00,jalan,AUTO-RUNNER10X,integrated_jalan_bounded_live,ペンション木いちご,国内旅行・海外旅行や宿・ホテルの宿泊予約はじゃらんnet　～日本最大級の宿・ホテル予約サイト～,true,yad325769,yad325769,2027-02-11,2027-02-12,1,2,1,0,JPY,ja,2_adults_1_room_1_night,available,not_sold_out_confirmed,,,missing_or_unclear,C,C,"Price visible, meal_basis=confirmed_room_only, but room_basis=excluded_large_room (large_or_triple_or_quad_room_token_detected); excluded from two-person-standard DP per confirmed policy.",21000,,,tax_included_total,jalan_room_type_excluded,false,false,true,excluded_room_type_large,page_chrome_coupon_or_discount_evidence;meal_basis_confirmed_room_only;meal_basis=confirmed_room_only;excluded_room_type_large;room_basis=excluded_large_room,,,/Users/gini/Documents/ZMI/zao-market-intelligence/.data/debug/auto-runner-market-refresh-rotating/20260907_000001/jalan/classification_decisions/yad325769_2027-02-11.json,zao_local_history_v1
2026-09-07|jalan|ペンション木いちご|yad325769|2027-02-13|2027-02-14|2_adults_1_room_1_night,edc63c2e12c6ba176af784084dc0d05ded0ab87043d8444098e1c68daaedb6f1,2027_02,2026-09-07,2026-09-07T00:00:01+09:00,2026-09-07T00:00:01+09:00,jalan,AUTO-RUNNER10X,integrated_jalan_bounded_live,ペンション木いちご,国内旅行・海外旅行や宿・ホテルの宿泊予約はじゃらんnet　～日本最大級の宿・ホテル予約サイト～,true,yad325769,yad325769,2027-02-13,2027-02-14,1,2,1,0,JPY,ja,2_adults_1_room_1_night,available,not_sold_out_confirmed,,,missing_or_unclear,C,C,"Price visible, meal_basis=confirmed_room_only, but room_basis=excluded_large_room (large_or_triple_or_quad_room_token_detected); excluded from two-person-standard DP per confirmed policy.",25000,,,tax_included_total,jalan_room_type_excluded,false,false,true,excluded_room_type_large,page_chrome_coupon_or_discount_evidence;meal_basis_confirmed_room_only;meal_basis=confirmed_room_only;excluded_room_type_large;room_basis=excluded_large_room,,,/Users/gini/Documents/ZMI/zao-market-intelligence/.data/debug/auto-runner-market-refresh-rotating/20260907_000001/jalan/classification_decisions/yad325769_2027-02-13.json,zao_local_history_v1
2026-09-07|jalan|ペンション木いちご|yad325769|2027-02-20|2027-02-21|2_adults_1_room_1_night,272f460a44819d40d666c8b82a199354a7ecb66ef8c71d4737a4b24b94fe552a,2027_02,2026-09-07,2026-09-07T02:00:01+09:00,2026-09-07T02:00:01+09:00,jalan,AUTO-RUNNER10X,integrated_jalan_bounded_live,ペンション木いちご,国内旅行・海外旅行や宿・ホテルの宿泊予約はじゃらんnet　～日本最大級の宿・ホテル予約サイト～,true,yad325769,yad325769,2027-02-20,2027-02-21,1,2,1,0,JPY,ja,2_adults_1_room_1_night,available,not_sold_out_confirmed,,,missing_or_unclear,C,C,"Price visible, meal_basis=confirmed_room_only, but room_basis=excluded_large_room (large_or_triple_or_quad_room_token_detected); excluded from two-person-standard DP per confirmed policy.",25000,,,tax_included_total,jalan_room_type_excluded,false,false,true,excluded_room_type_large,page_chrome_coupon_or_discount_evidence;meal_basis_confirmed_room_only;meal_basis=confirmed_room_only;excluded_room_type_large;room_basis=excluded_large_room,,,/Users/gini/Documents/ZMI/zao-market-intelligence/.data/debug/auto-runner-market-refresh-rotating/20260907_020001/jalan/classification_decisions/yad325769_2027-02-20.json,zao_local_history_v1
2026-09-07|jalan|ペンション木いちご|yad325769|2027-02-23|2027-02-24|2_adults_1_room_1_night,8b01f20ffaff862b4050370ce6789da87745a56c0a62a1e499b14dccdb496671,2027_02,2026-09-07,2026-09-07T02:00:01+09:00,2026-09-07T02:00:01+09:00,jalan,AUTO-RUNNER10X,integrated_jalan_bounded_live,ペンション木いちご,国内旅行・海外旅行や宿・ホテルの宿泊予約はじゃらんnet　～日本最大級の宿・ホテル予約サイト～,true,yad325769,yad325769,2027-02-23,2027-02-24,1,2,1,0,JPY,ja,2_adults_1_room_1_night,available,not_sold_out_confirmed,,,missing_or_unclear,C,C,"Price visible, meal_basis=confirmed_room_only, but room_basis=excluded_large_room (large_or_triple_or_quad_room_token_detected); excluded from two-person-standard DP per confirmed policy.",21000,,,tax_included_total,jalan_room_type_excluded,false,false,true,excluded_room_type_large,page_chrome_coupon_or_discount_evidence;meal_basis_confirmed_room_only;meal_basis=confirmed_room_only;excluded_room_type_large;room_basis=excluded_large_room,,,/Users/gini/Documents/ZMI/zao-market-intelligence/.data/debug/auto-runner-market-refresh-rotating/20260907_020001/jalan/classification_decisions/yad325769_2027-02-23.json,zao_local_history_v1
2026-09-07|jalan|ペンション木いちご|yad325769|2027-02-27|2027-02-28|2_adults_1_room_1_night,f9bc88dfdcc109a8770ecd787a2916b369b6040b4457f80a9ec68a494e5e835b,2027_02,2026-09-07,2026-09-07T04:00:01+09:00,2026-09-07T04:00:01+09:00,jalan,AUTO-RUNNER10X,integrated_jalan_bounded_live,ペンション木いちご,国内旅行・海外旅行や宿・ホテルの宿泊予約はじゃらんnet　～日本最大級の宿・ホテル予約サイト～,true,yad325769,yad325769,2027-02-27,2027-02-28,1,2,1,0,JPY,ja,2_adults_1_room_1_night,available,not_sold_out_confirmed,,,missing_or_unclear,C,C,"Price visible, meal_basis=confirmed_room_only, but room_basis=excluded_large_room (large_or_triple_or_quad_room_token_detected); excluded from two-person-standard DP per confirmed policy.",25000,,,tax_included_total,jalan_room_type_excluded,false,false,true,excluded_room_type_large,page_chrome_coupon_or_discount_evidence;meal_basis_confirmed_room_only;meal_basis=confirmed_room_only;excluded_room_type_large;room_basis=excluded_large_room,,,/Users/gini/Documents/ZMI/zao-market-intelligence/.data/debug/auto-runner-market-refresh-rotating/20260907_040001/jalan/classification_decisions/yad325769_2027-02-27.json,zao_local_history_v1
2026-09-07|jalan|深山荘 高見屋|yad321744|2027-02-06|2027-02-07|2_adults_1_room_1_night,cd12735da6e40fd250b1d55586695714efe4c3100b93856e66c5aa8aef798023,2027_02,2026-09-07,2026-09-07T06:00:00+09:00,2026-09-07T06:00:00+09:00,jalan,AUTO-RUNNER10X,integrated_jalan_bounded_live,深山荘 高見屋,国内旅行・海外旅行や宿・ホテルの宿泊予約はじゃらんnet　～日本最大級の宿・ホテル予約サイト～,true,yad321744,yad321744,2027-02-06,2027-02-07,1,2,1,0,JPY,ja,2_adults_1_room_1_night,available,not_sold_out_confirmed,,,missing_or_unclear,C,C,Price visible but meal_basis=unknown_meal_basis (jalan_ambiguous_meal_and_room_only_tokens); excluded from room-only DP per confirmed policy.,103400,,,tax_included_total,jalan_unknown_meal_basis_excluded,false,false,true,unknown_meal_basis_excluded,selected_plan_coupon_or_discount_evidence;unknown_meal_basis_excluded;meal_basis=unknown_meal_basis,,,/Users/gini/Documents/ZMI/zao-market-intelligence/.data/debug/auto-runner-market-refresh-rotating/20260907_060000/jalan/classification_decisions/yad321744_2027-02-06.json,zao_local_history_v1
2026-09-07|jalan|深山荘 高見屋|yad321744|2027-02-11|2027-02-12|2_adults_1_room_1_night,5b6f958e72d9e51c12faec9cabb10c794fc03c2b0867c2de74f9a9680612781b,2027_02,2026-09-07,2026-09-07T10:00:02+09:00,2026-09-07T10:00:02+09:00,jalan,AUTO-RUNNER10X,integrated_jalan_bounded_live,深山荘 高見屋,国内旅行・海外旅行や宿・ホテルの宿泊予約はじゃらんnet　～日本最大級の宿・ホテル予約サイト～,true,yad321744,yad321744,2027-02-11,2027-02-12,1,2,1,0,JPY,ja,2_adults_1_room_1_night,available,not_sold_out_confirmed,,,missing_or_unclear,C,C,"Price visible, meal_basis=confirmed_room_only, but room_basis=excluded_family_or_suite_room (family_or_suite_room_token_detected); excluded from two-person-standard DP per confirmed policy.",110000,,,tax_included_total,jalan_room_type_excluded,false,false,true,excluded_room_type_family_or_suite,selected_plan_coupon_or_discount_evidence;meal_basis_confirmed_room_only;meal_basis=confirmed_room_only;excluded_room_type_family_or_suite;room_basis=excluded_family_or_suite_room,,,/Users/gini/Documents/ZMI/zao-market-intelligence/.data/debug/auto-runner-market-refresh-rotating/20260907_100002/jalan/classification_decisions/yad321744_2027-02-11.json,zao_local_history_v1
2026-09-07|jalan|深山荘 高見屋|yad321744|2027-02-13|2027-02-14|2_adults_1_room_1_night,2976871553a29fe44e3c98a9103f96854d0337a31a6b398f01f3ccff8fe5f3b3,2027_02,2026-09-07,2026-09-07T10:00:02+09:00,2026-09-07T10:00:02+09:00,jalan,AUTO-RUNNER10X,integrated_jalan_bounded_live,深山荘 高見屋,国内旅行・海外旅行や宿・ホテルの宿泊予約はじゃらんnet　～日本最大級の宿・ホテル予約サイト～,true,yad321744,yad321744,2027-02-13,2027-02-14,1,2,1,0,JPY,ja,2_adults_1_room_1_night,available,not_sold_out_confirmed,,,missing_or_unclear,C,C,Price visible but meal_basis=unknown_meal_basis (jalan_ambiguous_meal_and_room_only_tokens); excluded from room-only DP per confirmed policy.,116600,,,tax_included_total,jalan_unknown_meal_basis_excluded,false,false,true,unknown_meal_basis_excluded,selected_plan_coupon_or_discount_evidence;unknown_meal_basis_excluded;meal_basis=unknown_meal_basis,,,/Users/gini/Documents/ZMI/zao-market-intelligence/.data/debug/auto-runner-market-refresh-rotating/20260907_100002/jalan/classification_decisions/yad321744_2027-02-13.json,zao_local_history_v1
2026-09-07|jalan|蔵王国際ホテル|yad309590|2027-02-06|2027-02-07|2_adults_1_room_1_night,85b40bb7e604cb60f19a04560e9c1ba6acceb2394e4af1927989a94c3d65d653,2027_02,2026-09-07,2026-09-07T16:00:01+09:00,2026-09-07T16:00:01+09:00,jalan,AUTO-RUNNER10X,integrated_jalan_bounded_live,蔵王国際ホテル,国内旅行・海外旅行や宿・ホテルの宿泊予約はじゃらんnet　～日本最大級の宿・ホテル予約サイト～,true,yad309590,yad309590,2027-02-06,2027-02-07,1,2,1,0,JPY,ja,2_adults_1_room_1_night,sold_out,sold_out,,,missing_or_unclear,insufficient,insufficient,selected_date_calendar_sold_out,,,,missing_or_unclear,jalan_sold_out_excluded,false,false,true,sold_out_without_price,page_chrome_coupon_or_discount_evidence;tax_included_total_not_confirmed,,,/Users/gini/Documents/ZMI/zao-market-intelligence/.data/debug/auto-runner-market-refresh-rotating/20260907_160001/jalan/classification_decisions/yad309590_2027-02-06.json,zao_local_history_v1
2026-09-07|jalan|蔵王国際ホテル|yad309590|2027-02-11|2027-02-12|2_adults_1_room_1_night,9aeca19cb7b010083c3c884f4131903a592c7fa383d5a2f604b8118bb4a23e61,2027_02,2026-09-07,2026-09-07T22:00:01+09:00,2026-09-07T22:00:01+09:00,jalan,AUTO-RUNNER10X,integrated_jalan_bounded_live,蔵王国際ホテル,国内旅行・海外旅行や宿・ホテルの宿泊予約はじゃらんnet　～日本最大級の宿・ホテル予約サイト～,true,yad309590,yad309590,2027-02-11,2027-02-12,1,2,1,0,JPY,ja,2_adults_1_room_1_night,sold_out,sold_out,,,missing_or_unclear,insufficient,insufficient,selected_date_calendar_sold_out,,,,missing_or_unclear,jalan_sold_out_excluded,false,false,true,sold_out_without_price,page_chrome_coupon_or_discount_evidence;tax_included_total_not_confirmed,,,/Users/gini/Documents/ZMI/zao-market-intelligence/.data/debug/auto-runner-market-refresh-rotating/20260907_220001/jalan/classification_decisions/yad309590_2027-02-11.json,zao_local_history_v1
2026-09-07|jalan|深山荘 高見屋|yad321744|2027-02-20|2027-02-21|2_adults_1_room_1_night,eda19b9e66ca18b0119e7f89c78d09160b87f83f79cc79a2db014de42a908b34,2027_02,2026-09-07,2026-09-07T22:00:01+09:00,2026-09-07T22:00:01+09:00,jalan,AUTO-RUNNER10X,integrated_jalan_bounded_live,深山荘 高見屋,国内旅行・海外旅行や宿・ホテルの宿泊予約はじゃらんnet　～日本最大級の宿・ホテル予約サイト～,true,yad321744,yad321744,2027-02-20,2027-02-21,1,2,1,0,JPY,ja,2_adults_1_room_1_night,available,not_sold_out_confirmed,,,missing_or_unclear,C,C,Price visible but meal_basis=unknown_meal_basis (jalan_ambiguous_meal_and_room_only_tokens); excluded from room-only DP per confirmed policy.,116600,,,tax_included_total,jalan_unknown_meal_basis_excluded,false,false,true,unknown_meal_basis_excluded,selected_plan_coupon_or_discount_evidence;unknown_meal_basis_excluded;meal_basis=unknown_meal_basis,,,/Users/gini/Documents/ZMI/zao-market-intelligence/.data/debug/auto-runner-market-refresh-rotating/20260907_220001/jalan/classification_decisions/yad321744_2027-02-20.json,zao_local_history_v1
2026-09-08|jalan|深山荘 高見屋|yad321744|2027-02-23|2027-02-24|2_adults_1_room_1_night,89901390ba7e35e6615fdd41563a7b008820980368cd0b99f11a40b56d278884,2027_02,2026-09-08,2026-09-08T00:00:01+09:00,2026-09-08T00:00:01+09:00,jalan,AUTO-RUNNER10X,integrated_jalan_bounded_live,深山荘 高見屋,国内旅行・海外旅行や宿・ホテルの宿泊予約はじゃらんnet　～日本最大級の宿・ホテル予約サイト～,true,yad321744,yad321744,2027-02-23,2027-02-24,1,2,1,0,JPY,ja,2_adults_1_room_1_night,available,not_sold_out_confirmed,,,missing_or_unclear,C,C,Price visible but meal_basis=unknown_meal_basis (jalan_ambiguous_meal_and_room_only_tokens); excluded from room-only DP per confirmed policy.,110000,,,tax_included_total,jalan_unknown_meal_basis_excluded,false,false,true,unknown_meal_basis_excluded,selected_plan_coupon_or_discount_evidence;unknown_meal_basis_excluded;meal_basis=unknown_meal_basis,,,/Users/gini/Documents/ZMI/zao-market-intelligence/.data/debug/auto-runner-market-refresh-rotating/20260908_000001/jalan/classification_decisions/yad321744_2027-02-23.json,zao_local_history_v1
2026-09-08|jalan|蔵王四季のホテル|yad322447|2027-02-06|2027-02-07|2_adults_1_room_1_night,b4b28b5a9f7da6764cbbe919329595a6a73ffe8f72e71149e44cdfb63a71952d,2027_02,2026-09-08,2026-09-08T10:00:01+09:00,2026-09-08T10:00:01+09:00,jalan,AUTO-RUNNER10X,integrated_jalan_bounded_live,蔵王四季のホテル,国内旅行・海外旅行や宿・ホテルの宿泊予約はじゃらんnet　～日本最大級の宿・ホテル予約サイト～,true,yad322447,yad322447,2027-02-06,2027-02-07,1,2,1,0,JPY,ja,2_adults_1_room_1_night,available,not_sold_out_confirmed,,,missing_or_unclear,C,C,Price visible but meal_basis=unknown_meal_basis (jalan_ambiguous_meal_and_room_only_tokens); excluded from room-only DP per confirmed policy.,151800,,,tax_included_total,jalan_unknown_meal_basis_excluded,false,false,true,unknown_meal_basis_excluded,page_chrome_coupon_or_discount_evidence;unknown_meal_basis_excluded;meal_basis=unknown_meal_basis,,,/Users/gini/Documents/ZMI/zao-market-intelligence/.data/debug/auto-runner-market-refresh-rotating/20260908_100001/jalan/classification_decisions/yad322447_2027-02-06.json,zao_local_history_v1
2026-09-08|jalan|蔵王四季のホテル|yad322447|2027-02-11|2027-02-12|2_adults_1_room_1_night,a783e404c11c37e75c05ec89e639a83235225b0c120a0ba99b7cd1fe6efd40cc,2027_02,2026-09-08,2026-09-08T12:00:01+09:00,2026-09-08T12:00:01+09:00,jalan,AUTO-RUNNER10X,integrated_jalan_bounded_live,蔵王四季のホテル,国内旅行・海外旅行や宿・ホテルの宿泊予約はじゃらんnet　～日本最大級の宿・ホテル予約サイト～,true,yad322447,yad322447,2027-02-11,2027-02-12,1,2,1,0,JPY,ja,2_adults_1_room_1_night,available,not_sold_out_confirmed,,,missing_or_unclear,C,C,Price visible but meal_basis=unknown_meal_basis (jalan_ambiguous_meal_and_room_only_tokens); excluded from room-only DP per confirmed policy.,138600,,,tax_included_total,jalan_unknown_meal_basis_excluded,false,false,true,unknown_meal_basis_excluded,page_chrome_coupon_or_discount_evidence;unknown_meal_basis_excluded;meal_basis=unknown_meal_basis,,,/Users/gini/Documents/ZMI/zao-market-intelligence/.data/debug/auto-runner-market-refresh-rotating/20260908_120001/jalan/classification_decisions/yad322447_2027-02-11.json,zao_local_history_v1
2026-09-08|jalan|深山荘 高見屋|yad321744|2027-02-06|2027-02-07|2_adults_1_room_1_night,696f79c08dc4103d4e25bdc73edc1f737530729aa46c1a27747ad7f93414b4ff,2027_02,2026-09-08,2026-09-08T12:00:01+09:00,2026-09-08T12:00:01+09:00,jalan,AUTO-RUNNER10X,integrated_jalan_bounded_live,深山荘 高見屋,国内旅行・海外旅行や宿・ホテルの宿泊予約はじゃらんnet　～日本最大級の宿・ホテル予約サイト～,true,yad321744,yad321744,2027-02-06,2027-02-07,1,2,1,0,JPY,ja,2_adults_1_room_1_night,available,not_sold_out_confirmed,,,missing_or_unclear,C,C,Price visible but meal_basis=unknown_meal_basis (jalan_ambiguous_meal_and_room_only_tokens); excluded from room-only DP per confirmed policy.,103400,,,tax_included_total,jalan_unknown_meal_basis_excluded,false,false,true,unknown_meal_basis_excluded,selected_plan_coupon_or_discount_evidence;unknown_meal_basis_excluded;meal_basis=unknown_meal_basis,,,/Users/gini/Documents/ZMI/zao-market-intelligence/.data/debug/auto-runner-market-refresh-rotating/20260908_120001/jalan/classification_decisions/yad321744_2027-02-06.json,zao_local_history_v1
2026-09-08|jalan|深山荘 高見屋|yad321744|2027-02-13|2027-02-14|2_adults_1_room_1_night,7f78a0e44b9ca2c965c175af08809a5543b02c50c596418c5b92a6b71c630ef2,2027_02,2026-09-08,2026-09-08T12:00:01+09:00,2026-09-08T12:00:01+09:00,jalan,AUTO-RUNNER10X,integrated_jalan_bounded_live,深山荘 高見屋,国内旅行・海外旅行や宿・ホテルの宿泊予約はじゃらんnet　～日本最大級の宿・ホテル予約サイト～,true,yad321744,yad321744,2027-02-13,2027-02-14,1,2,1,0,JPY,ja,2_adults_1_room_1_night,available,not_sold_out_confirmed,,,missing_or_unclear,C,C,Price visible but meal_basis=unknown_meal_basis (jalan_ambiguous_meal_and_room_only_tokens); excluded from room-only DP per confirmed policy.,116600,,,tax_included_total,jalan_unknown_meal_basis_excluded,false,false,true,unknown_meal_basis_excluded,selected_plan_coupon_or_discount_evidence;unknown_meal_basis_excluded;meal_basis=unknown_meal_basis,,,/Users/gini/Documents/ZMI/zao-market-intelligence/.data/debug/auto-runner-market-refresh-rotating/20260908_120001/jalan/classification_decisions/yad321744_2027-02-13.json,zao_local_history_v1
2026-09-08|jalan|蔵王四季のホテル|yad322447|2027-02-13|2027-02-14|2_adults_1_room_1_night,3991be9518ffb413fd471e77947d83708f7a3a3dd86869b2535e38e81bcb4ef6,2027_02,2026-09-08,2026-09-08T14:00:03+09:00,2026-09-08T14:00:03+09:00,jalan,AUTO-RUNNER10X,integrated_jalan_bounded_live,蔵王四季のホテル,国内旅行・海外旅行や宿・ホテルの宿泊予約はじゃらんnet　～日本最大級の宿・ホテル予約サイト～,true,yad322447,yad322447,2027-02-13,2027-02-14,1,2,1,0,JPY,ja,2_adults_1_room_1_night,available,not_sold_out_confirmed,,,missing_or_unclear,C,C,Price visible but meal_basis=unknown_meal_basis (jalan_ambiguous_meal_and_room_only_tokens); excluded from room-only DP per confirmed policy.,156200,,,tax_included_total,jalan_unknown_meal_basis_excluded,false,false,true,unknown_meal_basis_excluded,page_chrome_coupon_or_discount_evidence;unknown_meal_basis_excluded;meal_basis=unknown_meal_basis,,,/Users/gini/Documents/ZMI/zao-market-intelligence/.data/debug/auto-runner-market-refresh-rotating/20260908_140003/jalan/classification_decisions/yad322447_2027-02-13.json,zao_local_history_v1
2026-09-08|jalan|蔵王四季のホテル|yad322447|2027-02-20|2027-02-21|2_adults_1_room_1_night,9023962587365d93e3e0578d085933b3d64c60f50ae9784d50823d2a8f0a86a8,2027_02,2026-09-08,2026-09-08T14:00:03+09:00,2026-09-08T14:00:03+09:00,jalan,AUTO-RUNNER10X,integrated_jalan_bounded_live,蔵王四季のホテル,国内旅行・海外旅行や宿・ホテルの宿泊予約はじゃらんnet　～日本最大級の宿・ホテル予約サイト～,true,yad322447,yad322447,2027-02-20,2027-02-21,1,2,1,0,JPY,ja,2_adults_1_room_1_night,available,not_sold_out_confirmed,,,missing_or_unclear,C,C,Price visible but meal_basis=unknown_meal_basis (jalan_ambiguous_meal_and_room_only_tokens); excluded from room-only DP per confirmed policy.,147400,,,tax_included_total,jalan_unknown_meal_basis_excluded,false,false,true,unknown_meal_basis_excluded,page_chrome_coupon_or_discount_evidence;unknown_meal_basis_excluded;meal_basis=unknown_meal_basis,,,/Users/gini/Documents/ZMI/zao-market-intelligence/.data/debug/auto-runner-market-refresh-rotating/20260908_140003/jalan/classification_decisions/yad322447_2027-02-20.json,zao_local_history_v1
2026-09-08|jalan|深山荘 高見屋|yad321744|2027-02-11|2027-02-12|2_adults_1_room_1_night,0a667a0e161cd7d0903b06802db9bacc1ea955f5e4f261d89dac08eba12fa541,2027_02,2026-09-08,2026-09-08T14:00:03+09:00,2026-09-08T14:00:03+09:00,jalan,AUTO-RUNNER10X,integrated_jalan_bounded_live,深山荘 高見屋,国内旅行・海外旅行や宿・ホテルの宿泊予約はじゃらんnet　～日本最大級の宿・ホテル予約サイト～,true,yad321744,yad321744,2027-02-11,2027-02-12,1,2,1,0,JPY,ja,2_adults_1_room_1_night,available,not_sold_out_confirmed,,,missing_or_unclear,C,C,Price visible but meal_basis=unknown_meal_basis (jalan_ambiguous_meal_and_room_only_tokens); excluded from room-only DP per confirmed policy.,110000,,,tax_included_total,jalan_unknown_meal_basis_excluded,false,false,true,unknown_meal_basis_excluded,selected_plan_coupon_or_discount_evidence;unknown_meal_basis_excluded;meal_basis=unknown_meal_basis,,,/Users/gini/Documents/ZMI/zao-market-intelligence/.data/debug/auto-runner-market-refresh-rotating/20260908_140003/jalan/classification_decisions/yad321744_2027-02-11.json,zao_local_history_v1
2026-09-08|jalan|蔵王四季のホテル|yad322447|2027-02-23|2027-02-24|2_adults_1_room_1_night,348cb4b8b24b0fb78e0b25a20d12872b569535a3f3ca7721bbac40b9cb26ab92,2027_02,2026-09-08,2026-09-08T16:00:01+09:00,2026-09-08T16:00:01+09:00,jalan,AUTO-RUNNER10X,integrated_jalan_bounded_live,蔵王四季のホテル,国内旅行・海外旅行や宿・ホテルの宿泊予約はじゃらんnet　～日本最大級の宿・ホテル予約サイト～,true,yad322447,yad322447,2027-02-23,2027-02-24,1,2,1,0,JPY,ja,2_adults_1_room_1_night,available,not_sold_out_confirmed,,,missing_or_unclear,C,C,Price visible but meal_basis=unknown_meal_basis (jalan_ambiguous_meal_and_room_only_tokens); excluded from room-only DP per confirmed policy.,118800,,,tax_included_total,jalan_unknown_meal_basis_excluded,false,false,true,unknown_meal_basis_excluded,page_chrome_coupon_or_discount_evidence;unknown_meal_basis_excluded;meal_basis=unknown_meal_basis,,,/Users/gini/Documents/ZMI/zao-market-intelligence/.data/debug/auto-runner-market-refresh-rotating/20260908_160001/jalan/classification_decisions/yad322447_2027-02-23.json,zao_local_history_v1
2026-09-08|jalan|蔵王四季のホテル|yad322447|2027-02-27|2027-02-28|2_adults_1_room_1_night,055986d8dc5a0083f1085e19a212f497bfb608071ad7f26b773030190124c0bb,2027_02,2026-09-08,2026-09-08T18:00:01+09:00,2026-09-08T18:00:01+09:00,jalan,AUTO-RUNNER10X,integrated_jalan_bounded_live,蔵王四季のホテル,国内旅行・海外旅行や宿・ホテルの宿泊予約はじゃらんnet　～日本最大級の宿・ホテル予約サイト～,true,yad322447,yad322447,2027-02-27,2027-02-28,1,2,1,0,JPY,ja,2_adults_1_room_1_night,available,not_sold_out_confirmed,,,missing_or_unclear,C,C,Price visible but meal_basis=unknown_meal_basis (jalan_ambiguous_meal_and_room_only_tokens); excluded from room-only DP per confirmed policy.,143000,,,tax_included_total,jalan_unknown_meal_basis_excluded,false,false,true,unknown_meal_basis_excluded,page_chrome_coupon_or_discount_evidence;unknown_meal_basis_excluded;meal_basis=unknown_meal_basis,,,/Users/gini/Documents/ZMI/zao-market-intelligence/.data/debug/auto-runner-market-refresh-rotating/20260908_180001/jalan/classification_decisions/yad322447_2027-02-27.json,zao_local_history_v1
2026-09-08|jalan|ペンション木いちご|yad325769|2027-02-06|2027-02-07|2_adults_1_room_1_night,163358ce9c6bed5ac36ac3f2b5fc1d32c12b4372cff81a0a01cee0de87104350,2027_02,2026-09-08,2026-09-08T20:00:01+09:00,2026-09-08T20:00:01+09:00,jalan,AUTO-RUNNER10X,integrated_jalan_bounded_live,ペンション木いちご,国内旅行・海外旅行や宿・ホテルの宿泊予約はじゃらんnet　～日本最大級の宿・ホテル予約サイト～,true,yad325769,yad325769,2027-02-06,2027-02-07,1,2,1,0,JPY,ja,2_adults_1_room_1_night,sold_out,sold_out,,,missing_or_unclear,insufficient,insufficient,selected_date_calendar_sold_out,,,,missing_or_unclear,jalan_sold_out_excluded,false,false,true,sold_out_without_price,page_chrome_coupon_or_discount_evidence;tax_included_total_not_confirmed,,,/Users/gini/Documents/ZMI/zao-market-intelligence/.data/debug/auto-runner-market-refresh-rotating/20260908_200001/jalan/classification_decisions/yad325769_2027-02-06.json,zao_local_history_v1
2026-09-08|jalan|深山荘 高見屋|yad321744|2027-02-27|2027-02-28|2_adults_1_room_1_night,21b77a2fd869f4e852600575deac562aeca8f6946b2af9cef883f9e066157806,2027_02,2026-09-08,2026-09-08T20:00:01+09:00,2026-09-08T20:00:01+09:00,jalan,AUTO-RUNNER10X,integrated_jalan_bounded_live,深山荘 高見屋,国内旅行・海外旅行や宿・ホテルの宿泊予約はじゃらんnet　～日本最大級の宿・ホテル予約サイト～,true,yad321744,yad321744,2027-02-27,2027-02-28,1,2,1,0,JPY,ja,2_adults_1_room_1_night,available,not_sold_out_confirmed,,,missing_or_unclear,C,C,Price visible but meal_basis=unknown_meal_basis (jalan_ambiguous_meal_and_room_only_tokens); excluded from room-only DP per confirmed policy.,116600,,,tax_included_total,jalan_unknown_meal_basis_excluded,false,false,true,unknown_meal_basis_excluded,selected_plan_coupon_or_discount_evidence;unknown_meal_basis_excluded;meal_basis=unknown_meal_basis,,,/Users/gini/Documents/ZMI/zao-market-intelligence/.data/debug/auto-runner-market-refresh-rotating/20260908_200001/jalan/classification_decisions/yad321744_2027-02-27.json,zao_local_history_v1
2026-09-08|jalan|ペンション木いちご|yad325769|2027-02-11|2027-02-12|2_adults_1_room_1_night,108d54a5bc831ff10f86055ca9a1413ef477be360319ee440e0f50969cbfef33,2027_02,2026-09-08,2026-09-08T22:00:01+09:00,2026-09-08T22:00:01+09:00,jalan,AUTO-RUNNER10X,integrated_jalan_bounded_live,ペンション木いちご,国内旅行・海外旅行や宿・ホテルの宿泊予約はじゃらんnet　～日本最大級の宿・ホテル予約サイト～,true,yad325769,yad325769,2027-02-11,2027-02-12,1,2,1,0,JPY,ja,2_adults_1_room_1_night,available,not_sold_out_confirmed,,,missing_or_unclear,C,C,"Price visible, meal_basis=confirmed_room_only, but room_basis=excluded_large_room (large_or_triple_or_quad_room_token_detected); excluded from two-person-standard DP per confirmed policy.",21000,,,tax_included_total,jalan_room_type_excluded,false,false,true,excluded_room_type_large,page_chrome_coupon_or_discount_evidence;meal_basis_confirmed_room_only;meal_basis=confirmed_room_only;excluded_room_type_large;room_basis=excluded_large_room,,,/Users/gini/Documents/ZMI/zao-market-intelligence/.data/debug/auto-runner-market-refresh-rotating/20260908_220001/jalan/classification_decisions/yad325769_2027-02-11.json,zao_local_history_v1
2026-09-08|jalan|ペンション木いちご|yad325769|2027-02-13|2027-02-14|2_adults_1_room_1_night,8cab8e994f25cbebb2b0f9f77e5c6aab425f15964364918d9a71ac4e8fd39025,2027_02,2026-09-08,2026-09-08T22:00:01+09:00,2026-09-08T22:00:01+09:00,jalan,AUTO-RUNNER10X,integrated_jalan_bounded_live,ペンション木いちご,国内旅行・海外旅行や宿・ホテルの宿泊予約はじゃらんnet　～日本最大級の宿・ホテル予約サイト～,true,yad325769,yad325769,2027-02-13,2027-02-14,1,2,1,0,JPY,ja,2_adults_1_room_1_night,available,not_sold_out_confirmed,,,missing_or_unclear,C,C,"Price visible, meal_basis=confirmed_room_only, but room_basis=excluded_large_room (large_or_triple_or_quad_room_token_detected); excluded from two-person-standard DP per confirmed policy.",25000,,,tax_included_total,jalan_room_type_excluded,false,false,true,excluded_room_type_large,page_chrome_coupon_or_discount_evidence;meal_basis_confirmed_room_only;meal_basis=confirmed_room_only;excluded_room_type_large;room_basis=excluded_large_room,,,/Users/gini/Documents/ZMI/zao-market-intelligence/.data/debug/auto-runner-market-refresh-rotating/20260908_220001/jalan/classification_decisions/yad325769_2027-02-13.json,zao_local_history_v1
2026-09-08|jalan|深山荘 高見屋|yad321744|2027-02-20|2027-02-21|2_adults_1_room_1_night,13dc81723b31a23a2221ccecd06c557be1260b48088d9023b2474dda07d9abd8,2027_02,2026-09-08,2026-09-08T22:00:01+09:00,2026-09-08T22:00:01+09:00,jalan,AUTO-RUNNER10X,integrated_jalan_bounded_live,深山荘 高見屋,国内旅行・海外旅行や宿・ホテルの宿泊予約はじゃらんnet　～日本最大級の宿・ホテル予約サイト～,true,yad321744,yad321744,2027-02-20,2027-02-21,1,2,1,0,JPY,ja,2_adults_1_room_1_night,available,not_sold_out_confirmed,,,missing_or_unclear,C,C,Price visible but meal_basis=unknown_meal_basis (jalan_ambiguous_meal_and_room_only_tokens); excluded from room-only DP per confirmed policy.,116600,,,tax_included_total,jalan_unknown_meal_basis_excluded,false,false,true,unknown_meal_basis_excluded,selected_plan_coupon_or_discount_evidence;unknown_meal_basis_excluded;meal_basis=unknown_meal_basis,,,/Users/gini/Documents/ZMI/zao-market-intelligence/.data/debug/auto-runner-market-refresh-rotating/20260908_220001/jalan/classification_decisions/yad321744_2027-02-20.json,zao_local_history_v1
2026-09-09|jalan|ペンション木いちご|yad325769|2027-02-20|2027-02-21|2_adults_1_room_1_night,651f9e2cb0463f06b3b4e8c8f49f5b044dd916ab0970c36ab998dfee15054a93,2027_02,2026-09-09,2026-09-09T00:00:02+09:00,2026-09-09T00:00:02+09:00,jalan,AUTO-RUNNER10X,integrated_jalan_bounded_live,ペンション木いちご,国内旅行・海外旅行や宿・ホテルの宿泊予約はじゃらんnet　～日本最大級の宿・ホテル予約サイト～,true,yad325769,yad325769,2027-02-20,2027-02-21,1,2,1,0,JPY,ja,2_adults_1_room_1_night,available,not_sold_out_confirmed,,,missing_or_unclear,C,C,"Price visible, meal_basis=confirmed_room_only, but room_basis=excluded_large_room (large_or_triple_or_quad_room_token_detected); excluded from two-person-standard DP per confirmed policy.",25000,,,tax_included_total,jalan_room_type_excluded,false,false,true,excluded_room_type_large,page_chrome_coupon_or_discount_evidence;meal_basis_confirmed_room_only;meal_basis=confirmed_room_only;excluded_room_type_large;room_basis=excluded_large_room,,,/Users/gini/Documents/ZMI/zao-market-intelligence/.data/debug/auto-runner-market-refresh-rotating/20260909_000002/jalan/classification_decisions/yad325769_2027-02-20.json,zao_local_history_v1
2026-09-09|jalan|ペンション木いちご|yad325769|2027-02-23|2027-02-24|2_adults_1_room_1_night,88dd8f1996c5028c872ff1f96245b076ef74ba9096e1c9818cb03531ea57be06,2027_02,2026-09-09,2026-09-09T00:00:02+09:00,2026-09-09T00:00:02+09:00,jalan,AUTO-RUNNER10X,integrated_jalan_bounded_live,ペンション木いちご,国内旅行・海外旅行や宿・ホテルの宿泊予約はじゃらんnet　～日本最大級の宿・ホテル予約サイト～,true,yad325769,yad325769,2027-02-23,2027-02-24,1,2,1,0,JPY,ja,2_adults_1_room_1_night,available,not_sold_out_confirmed,,,missing_or_unclear,C,C,"Price visible, meal_basis=confirmed_room_only, but room_basis=excluded_large_room (large_or_triple_or_quad_room_token_detected); excluded from two-person-standard DP per confirmed policy.",21000,,,tax_included_total,jalan_room_type_excluded,false,false,true,excluded_room_type_large,page_chrome_coupon_or_discount_evidence;meal_basis_confirmed_room_only;meal_basis=confirmed_room_only;excluded_room_type_large;room_basis=excluded_large_room,,,/Users/gini/Documents/ZMI/zao-market-intelligence/.data/debug/auto-runner-market-refresh-rotating/20260909_000002/jalan/classification_decisions/yad325769_2027-02-23.json,zao_local_history_v1
2026-09-09|jalan|深山荘 高見屋|yad321744|2027-02-23|2027-02-24|2_adults_1_room_1_night,4a8e4dea08d2e34958a56d422846fa59895ecebf70f3b03e6b2cc016ed563073,2027_02,2026-09-09,2026-09-09T02:00:01+09:00,2026-09-09T02:00:01+09:00,jalan,AUTO-RUNNER10X,integrated_jalan_bounded_live,深山荘 高見屋,国内旅行・海外旅行や宿・ホテルの宿泊予約はじゃらんnet　～日本最大級の宿・ホテル予約サイト～,true,yad321744,yad321744,2027-02-23,2027-02-24,1,2,1,0,JPY,ja,2_adults_1_room_1_night,available,not_sold_out_confirmed,,,missing_or_unclear,C,C,Price visible but meal_basis=unknown_meal_basis (jalan_ambiguous_meal_and_room_only_tokens); excluded from room-only DP per confirmed policy.,110000,,,tax_included_total,jalan_unknown_meal_basis_excluded,false,false,true,unknown_meal_basis_excluded,selected_plan_coupon_or_discount_evidence;unknown_meal_basis_excluded;meal_basis=unknown_meal_basis,,,/Users/gini/Documents/ZMI/zao-market-intelligence/.data/debug/auto-runner-market-refresh-rotating/20260909_020001/jalan/classification_decisions/yad321744_2027-02-23.json,zao_local_history_v1
2026-09-09|jalan|ペンション木いちご|yad325769|2027-02-27|2027-02-28|2_adults_1_room_1_night,c2c309897c11c5f03f1d167c8f420a56f2ba42e4d36f1f2acc8822752e37b532,2027_02,2026-09-09,2026-09-09T02:00:01+09:00,2026-09-09T02:00:01+09:00,jalan,AUTO-RUNNER10X,integrated_jalan_bounded_live,ペンション木いちご,国内旅行・海外旅行や宿・ホテルの宿泊予約はじゃらんnet　～日本最大級の宿・ホテル予約サイト～,true,yad325769,yad325769,2027-02-27,2027-02-28,1,2,1,0,JPY,ja,2_adults_1_room_1_night,available,not_sold_out_confirmed,,,missing_or_unclear,C,C,"Price visible, meal_basis=confirmed_room_only, but room_basis=excluded_large_room (large_or_triple_or_quad_room_token_detected); excluded from two-person-standard DP per confirmed policy.",25000,,,tax_included_total,jalan_room_type_excluded,false,false,true,excluded_room_type_large,page_chrome_coupon_or_discount_evidence;meal_basis_confirmed_room_only;meal_basis=confirmed_room_only;excluded_room_type_large;room_basis=excluded_large_room,,,/Users/gini/Documents/ZMI/zao-market-intelligence/.data/debug/auto-runner-market-refresh-rotating/20260909_020001/jalan/classification_decisions/yad325769_2027-02-27.json,zao_local_history_v1
2026-09-09|jalan|深山荘 高見屋|yad321744|2027-02-06|2027-02-07|2_adults_1_room_1_night,77f16b58ba7200f73cea89ffd5c5fee27efaf8f96126067ebe543a8f2d18a650,2027_02,2026-09-09,2026-09-09T12:00:01+09:00,2026-09-09T12:00:01+09:00,jalan,AUTO-RUNNER10X,integrated_jalan_bounded_live,深山荘 高見屋,国内旅行・海外旅行や宿・ホテルの宿泊予約はじゃらんnet　～日本最大級の宿・ホテル予約サイト～,true,yad321744,yad321744,2027-02-06,2027-02-07,1,2,1,0,JPY,ja,2_adults_1_room_1_night,available,not_sold_out_confirmed,,,missing_or_unclear,C,C,Price visible but meal_basis=unknown_meal_basis (jalan_ambiguous_meal_and_room_only_tokens); excluded from room-only DP per confirmed policy.,103400,,,tax_included_total,jalan_unknown_meal_basis_excluded,false,false,true,unknown_meal_basis_excluded,selected_plan_coupon_or_discount_evidence;unknown_meal_basis_excluded;meal_basis=unknown_meal_basis,,,/Users/gini/Documents/ZMI/zao-market-intelligence/.data/debug/auto-runner-market-refresh-rotating/20260909_120001/jalan/classification_decisions/yad321744_2027-02-06.json,zao_local_history_v1
2026-09-09|jalan|深山荘 高見屋|yad321744|2027-02-13|2027-02-14|2_adults_1_room_1_night,78d53a0e0d07cefb034a90501909b8f35af0539794965eb084b87e8ce023fbd3,2027_02,2026-09-09,2026-09-09T12:00:01+09:00,2026-09-09T12:00:01+09:00,jalan,AUTO-RUNNER10X,integrated_jalan_bounded_live,深山荘 高見屋,国内旅行・海外旅行や宿・ホテルの宿泊予約はじゃらんnet　～日本最大級の宿・ホテル予約サイト～,true,yad321744,yad321744,2027-02-13,2027-02-14,1,2,1,0,JPY,ja,2_adults_1_room_1_night,available,not_sold_out_confirmed,,,missing_or_unclear,C,C,Price visible but meal_basis=unknown_meal_basis (jalan_ambiguous_meal_and_room_only_tokens); excluded from room-only DP per confirmed policy.,116600,,,tax_included_total,jalan_unknown_meal_basis_excluded,false,false,true,unknown_meal_basis_excluded,selected_plan_coupon_or_discount_evidence;unknown_meal_basis_excluded;meal_basis=unknown_meal_basis,,,/Users/gini/Documents/ZMI/zao-market-intelligence/.data/debug/auto-runner-market-refresh-rotating/20260909_120001/jalan/classification_decisions/yad321744_2027-02-13.json,zao_local_history_v1
2026-09-09|jalan|深山荘 高見屋|yad321744|2027-02-11|2027-02-12|2_adults_1_room_1_night,7a6ecd2610da109eeecd1b45c811a4f0cf8f5a2574985c5d292f413403c1d01a,2027_02,2026-09-09,2026-09-09T14:00:01+09:00,2026-09-09T14:00:01+09:00,jalan,AUTO-RUNNER10X,integrated_jalan_bounded_live,深山荘 高見屋,国内旅行・海外旅行や宿・ホテルの宿泊予約はじゃらんnet　～日本最大級の宿・ホテル予約サイト～,true,yad321744,yad321744,2027-02-11,2027-02-12,1,2,1,0,JPY,ja,2_adults_1_room_1_night,available,not_sold_out_confirmed,,,missing_or_unclear,C,C,Price visible but meal_basis=unknown_meal_basis (jalan_ambiguous_meal_and_room_only_tokens); excluded from room-only DP per confirmed policy.,110000,,,tax_included_total,jalan_unknown_meal_basis_excluded,false,false,true,unknown_meal_basis_excluded,selected_plan_coupon_or_discount_evidence;unknown_meal_basis_excluded;meal_basis=unknown_meal_basis,,,/Users/gini/Documents/ZMI/zao-market-intelligence/.data/debug/auto-runner-market-refresh-rotating/20260909_140001/jalan/classification_decisions/yad321744_2027-02-11.json,zao_local_history_v1
2026-09-09|jalan|ペンションぷうたろう|yad394784|2027-02-06|2027-02-07|2_adults_1_room_1_night,d43ce7aa640a5bd006b94c5d5f3fc13bb9adc4b17ca82276e1d9c9ff1f878ac3,2027_02,2026-09-09,2026-09-09T18:00:03+09:00,2026-09-09T18:00:03+09:00,jalan,AUTO-RUNNER10X,integrated_jalan_bounded_live,ペンションぷうたろう,国内旅行・海外旅行や宿・ホテルの宿泊予約はじゃらんnet　～日本最大級の宿・ホテル予約サイト～,true,yad394784,yad394784,2027-02-06,2027-02-07,1,2,1,0,JPY,ja,2_adults_1_room_1_night,sold_out,sold_out,,,missing_or_unclear,insufficient,insufficient,selected_date_calendar_sold_out,,,,missing_or_unclear,jalan_sold_out_excluded,false,false,true,sold_out_without_price,page_chrome_coupon_or_discount_evidence;tax_included_total_not_confirmed,,,/Users/gini/Documents/ZMI/zao-market-intelligence/.data/debug/auto-runner-market-refresh-rotating/20260909_180003/jalan/classification_decisions/yad394784_2027-02-06.json,zao_local_history_v1
2026-09-09|jalan|ペンションぷうたろう|yad394784|2027-02-11|2027-02-12|2_adults_1_room_1_night,9c090ce6639d9a9cf64b2d4be2495085bc47f3539aae5957ed1fa6491813cdac,2027_02,2026-09-09,2026-09-09T20:00:01+09:00,2026-09-09T20:00:01+09:00,jalan,AUTO-RUNNER10X,integrated_jalan_bounded_live,ペンションぷうたろう,国内旅行・海外旅行や宿・ホテルの宿泊予約はじゃらんnet　～日本最大級の宿・ホテル予約サイト～,true,yad394784,yad394784,2027-02-11,2027-02-12,1,2,1,0,JPY,ja,2_adults_1_room_1_night,sold_out,sold_out,,,missing_or_unclear,insufficient,insufficient,selected_date_calendar_sold_out,,,,missing_or_unclear,jalan_sold_out_excluded,false,false,true,sold_out_without_price,page_chrome_coupon_or_discount_evidence;tax_included_total_not_confirmed,,,/Users/gini/Documents/ZMI/zao-market-intelligence/.data/debug/auto-runner-market-refresh-rotating/20260909_200001/jalan/classification_decisions/yad394784_2027-02-11.json,zao_local_history_v1
2026-09-09|jalan|深山荘 高見屋|yad321744|2027-02-27|2027-02-28|2_adults_1_room_1_night,a691d18063a11273a861266163d5263304c147348cd03de23414b91de48939b8,2027_02,2026-09-09,2026-09-09T20:00:01+09:00,2026-09-09T20:00:01+09:00,jalan,AUTO-RUNNER10X,integrated_jalan_bounded_live,深山荘 高見屋,国内旅行・海外旅行や宿・ホテルの宿泊予約はじゃらんnet　～日本最大級の宿・ホテル予約サイト～,true,yad321744,yad321744,2027-02-27,2027-02-28,1,2,1,0,JPY,ja,2_adults_1_room_1_night,failed,not_sold_out_confirmed,,,missing_or_unclear,insufficient,insufficient,Jalan status could not be determined conservatively.,,,,missing_or_unclear,jalan_failed_excluded,false,false,true,Jalan status could not be determined conservatively.,page_chrome_coupon_or_discount_evidence;date_condition_not_confirmed;tax_included_total_not_confirmed,,,/Users/gini/Documents/ZMI/zao-market-intelligence/.data/debug/auto-runner-market-refresh-rotating/20260909_200001/jalan/classification_decisions/yad321744_2027-02-27.json,zao_local_history_v1
2026-09-09|jalan|ペンションぷうたろう|yad394784|2027-02-13|2027-02-14|2_adults_1_room_1_night,541b1799194e1daf03e0dd2d2ace0f106970025668bc8c386a3cce9e91980fa0,2027_02,2026-09-09,2026-09-09T22:00:01+09:00,2026-09-09T22:00:01+09:00,jalan,AUTO-RUNNER10X,integrated_jalan_bounded_live,ペンションぷうたろう,国内旅行・海外旅行や宿・ホテルの宿泊予約はじゃらんnet　～日本最大級の宿・ホテル予約サイト～,true,yad394784,yad394784,2027-02-13,2027-02-14,1,2,1,0,JPY,ja,2_adults_1_room_1_night,sold_out,sold_out,,,missing_or_unclear,insufficient,insufficient,selected_date_calendar_sold_out,,,,missing_or_unclear,jalan_sold_out_excluded,false,false,true,sold_out_without_price,page_chrome_coupon_or_discount_evidence;tax_included_total_not_confirmed,,,/Users/gini/Documents/ZMI/zao-market-intelligence/.data/debug/auto-runner-market-refresh-rotating/20260909_220001/jalan/classification_decisions/yad394784_2027-02-13.json,zao_local_history_v1
2026-09-09|jalan|ペンションぷうたろう|yad394784|2027-02-20|2027-02-21|2_adults_1_room_1_night,036d27da622f011d8a8b38893c41a9e53017283d7afe4500671face0f49ad631,2027_02,2026-09-09,2026-09-09T22:00:01+09:00,2026-09-09T22:00:01+09:00,jalan,AUTO-RUNNER10X,integrated_jalan_bounded_live,ペンションぷうたろう,国内旅行・海外旅行や宿・ホテルの宿泊予約はじゃらんnet　～日本最大級の宿・ホテル予約サイト～,true,yad394784,yad394784,2027-02-20,2027-02-21,1,2,1,0,JPY,ja,2_adults_1_room_1_night,sold_out,sold_out,,,missing_or_unclear,insufficient,insufficient,selected_date_calendar_sold_out,,,,missing_or_unclear,jalan_sold_out_excluded,false,false,true,sold_out_without_price,page_chrome_coupon_or_discount_evidence;tax_included_total_not_confirmed,,,/Users/gini/Documents/ZMI/zao-market-intelligence/.data/debug/auto-runner-market-refresh-rotating/20260909_220001/jalan/classification_decisions/yad394784_2027-02-20.json,zao_local_history_v1
2026-09-10|jalan|ペンションぷうたろう|yad394784|2027-02-23|2027-02-24|2_adults_1_room_1_night,f98cbecfe73878f7d9dc4e154de93cf53ffd58855977b6b7f00f21f6bc706730,2027_02,2026-09-10,2026-09-10T02:00:01+09:00,2026-09-10T02:00:01+09:00,jalan,AUTO-RUNNER10X,integrated_jalan_bounded_live,ペンションぷうたろう,国内旅行・海外旅行や宿・ホテルの宿泊予約はじゃらんnet　～日本最大級の宿・ホテル予約サイト～,true,yad394784,yad394784,2027-02-23,2027-02-24,1,2,1,0,JPY,ja,2_adults_1_room_1_night,sold_out,sold_out,,,missing_or_unclear,insufficient,insufficient,selected_date_calendar_sold_out,,,,missing_or_unclear,jalan_sold_out_excluded,false,false,true,sold_out_without_price,page_chrome_coupon_or_discount_evidence;tax_included_total_not_confirmed,,,/Users/gini/Documents/ZMI/zao-market-intelligence/.data/debug/auto-runner-market-refresh-rotating/20260910_020001/jalan/classification_decisions/yad394784_2027-02-23.json,zao_local_history_v1
2026-09-10|jalan|ペンションぷうたろう|yad394784|2027-02-27|2027-02-28|2_adults_1_room_1_night,249690d27feda1f899f81c89313ac5a22e2185d759328a6f8f407af4d34175e9,2027_02,2026-09-10,2026-09-10T06:00:00+09:00,2026-09-10T06:00:00+09:00,jalan,AUTO-RUNNER10X,integrated_jalan_bounded_live,ペンションぷうたろう,国内旅行・海外旅行や宿・ホテルの宿泊予約はじゃらんnet　～日本最大級の宿・ホテル予約サイト～,true,yad394784,yad394784,2027-02-27,2027-02-28,1,2,1,0,JPY,ja,2_adults_1_room_1_night,sold_out,sold_out,,,missing_or_unclear,insufficient,insufficient,selected_date_calendar_sold_out,,,,missing_or_unclear,jalan_sold_out_excluded,false,false,true,sold_out_without_price,page_chrome_coupon_or_discount_evidence;tax_included_total_not_confirmed,,,/Users/gini/Documents/ZMI/zao-market-intelligence/.data/debug/auto-runner-market-refresh-rotating/20260910_060000/jalan/classification_decisions/yad394784_2027-02-27.json,zao_local_history_v1
2026-09-10|jalan|たかみや瑠璃倶楽|yad316848|2027-02-06|2027-02-07|2_adults_1_room_1_night,17fafe3dd585fbefe2d9f56bd14481ea2b85c85bb3e484b292d704ae78141b90,2027_02,2026-09-10,2026-09-10T14:00:01+09:00,2026-09-10T14:00:01+09:00,jalan,AUTO-RUNNER10X,integrated_jalan_bounded_live,たかみや瑠璃倶楽,国内旅行・海外旅行や宿・ホテルの宿泊予約はじゃらんnet　～日本最大級の宿・ホテル予約サイト～,true,yad316848,yad316848,2027-02-06,2027-02-07,1,2,1,0,JPY,ja,2_adults_1_room_1_night,sold_out,sold_out,,,missing_or_unclear,insufficient,insufficient,selected_date_calendar_sold_out,,,,missing_or_unclear,jalan_sold_out_excluded,false,false,true,sold_out_without_price,page_chrome_coupon_or_discount_evidence;tax_included_total_not_confirmed,,,/Users/gini/Documents/ZMI/zao-market-intelligence/.data/debug/auto-runner-market-refresh-rotating/20260910_140001/jalan/classification_decisions/yad316848_2027-02-06.json,zao_local_history_v1
2026-09-10|jalan|たかみや瑠璃倶楽|yad316848|2027-02-11|2027-02-12|2_adults_1_room_1_night,27bea620084bb7337eec2e7658b1082f72e55f899df9b810fcbe9e1992a78c12,2027_02,2026-09-10,2026-09-10T14:00:01+09:00,2026-09-10T14:00:01+09:00,jalan,AUTO-RUNNER10X,integrated_jalan_bounded_live,たかみや瑠璃倶楽,国内旅行・海外旅行や宿・ホテルの宿泊予約はじゃらんnet　～日本最大級の宿・ホテル予約サイト～,true,yad316848,yad316848,2027-02-11,2027-02-12,1,2,1,0,JPY,ja,2_adults_1_room_1_night,sold_out,sold_out,,,missing_or_unclear,insufficient,insufficient,selected_date_calendar_sold_out,,,,missing_or_unclear,jalan_sold_out_excluded,false,false,true,sold_out_without_price,page_chrome_coupon_or_discount_evidence;tax_included_total_not_confirmed,,,/Users/gini/Documents/ZMI/zao-market-intelligence/.data/debug/auto-runner-market-refresh-rotating/20260910_140001/jalan/classification_decisions/yad316848_2027-02-11.json,zao_local_history_v1
2026-09-10|jalan|たかみや瑠璃倶楽|yad316848|2027-02-13|2027-02-14|2_adults_1_room_1_night,b6059a8fe13fdcab1951a6bfd1609b168d394b8d063774efe413576c5f5402f7,2027_02,2026-09-10,2026-09-10T16:00:01+09:00,2026-09-10T16:00:01+09:00,jalan,AUTO-RUNNER10X,integrated_jalan_bounded_live,たかみや瑠璃倶楽,国内旅行・海外旅行や宿・ホテルの宿泊予約はじゃらんnet　～日本最大級の宿・ホテル予約サイト～,true,yad316848,yad316848,2027-02-13,2027-02-14,1,2,1,0,JPY,ja,2_adults_1_room_1_night,sold_out,sold_out,,,missing_or_unclear,insufficient,insufficient,selected_date_calendar_sold_out,,,,missing_or_unclear,jalan_sold_out_excluded,false,false,true,sold_out_without_price,page_chrome_coupon_or_discount_evidence;tax_included_total_not_confirmed,,,/Users/gini/Documents/ZMI/zao-market-intelligence/.data/debug/auto-runner-market-refresh-rotating/20260910_160001/jalan/classification_decisions/yad316848_2027-02-13.json,zao_local_history_v1
2026-09-10|jalan|たかみや瑠璃倶楽|yad316848|2027-02-20|2027-02-21|2_adults_1_room_1_night,b49a14ad33269d21e708fc34c26e3fb870853943e218e76a011024492ca87205,2027_02,2026-09-10,2026-09-10T18:00:01+09:00,2026-09-10T18:00:01+09:00,jalan,AUTO-RUNNER10X,integrated_jalan_bounded_live,たかみや瑠璃倶楽,国内旅行・海外旅行や宿・ホテルの宿泊予約はじゃらんnet　～日本最大級の宿・ホテル予約サイト～,true,yad316848,yad316848,2027-02-20,2027-02-21,1,2,1,0,JPY,ja,2_adults_1_room_1_night,available,not_sold_out_confirmed,,,missing_or_unclear,C,C,"Price visible, meal_basis=confirmed_room_only, but room_basis=excluded_family_or_suite_room (family_or_suite_room_token_detected); excluded from two-person-standard DP per confirmed policy.",96800,,,tax_included_total,jalan_room_type_excluded,false,false,true,excluded_room_type_family_or_suite,selected_plan_coupon_or_discount_evidence;meal_basis_confirmed_room_only;meal_basis=confirmed_room_only;excluded_room_type_family_or_suite;room_basis=excluded_family_or_suite_room,,,/Users/gini/Documents/ZMI/zao-market-intelligence/.data/debug/auto-runner-market-refresh-rotating/20260910_180001/jalan/classification_decisions/yad316848_2027-02-20.json,zao_local_history_v1
2026-09-10|jalan|たかみや瑠璃倶楽|yad316848|2027-02-23|2027-02-24|2_adults_1_room_1_night,72f57fa7819e7aa6a74cfac703567c9b6be8b0b47def89885b50423606fad951,2027_02,2026-09-10,2026-09-10T18:00:01+09:00,2026-09-10T18:00:01+09:00,jalan,AUTO-RUNNER10X,integrated_jalan_bounded_live,たかみや瑠璃倶楽,国内旅行・海外旅行や宿・ホテルの宿泊予約はじゃらんnet　～日本最大級の宿・ホテル予約サイト～,true,yad316848,yad316848,2027-02-23,2027-02-24,1,2,1,0,JPY,ja,2_adults_1_room_1_night,available,not_sold_out_confirmed,,,missing_or_unclear,C,C,"Price visible, meal_basis=confirmed_room_only, but room_basis=excluded_family_or_suite_room (family_or_suite_room_token_detected); excluded from two-person-standard DP per confirmed policy.",81400,,,tax_included_total,jalan_room_type_excluded,false,false,true,excluded_room_type_family_or_suite,selected_plan_coupon_or_discount_evidence;meal_basis_confirmed_room_only;meal_basis=confirmed_room_only;excluded_room_type_family_or_suite;room_basis=excluded_family_or_suite_room,,,/Users/gini/Documents/ZMI/zao-market-intelligence/.data/debug/auto-runner-market-refresh-rotating/20260910_180001/jalan/classification_decisions/yad316848_2027-02-23.json,zao_local_history_v1
2026-09-10|jalan|たかみや瑠璃倶楽|yad316848|2027-02-27|2027-02-28|2_adults_1_room_1_night,16d9c1311d6e49be73d2675b4bfc199d6796a585bbe0d0a409a9f04aa9425ad3,2027_02,2026-09-10,2026-09-10T20:00:01+09:00,2026-09-10T20:00:01+09:00,jalan,AUTO-RUNNER10X,integrated_jalan_bounded_live,たかみや瑠璃倶楽,国内旅行・海外旅行や宿・ホテルの宿泊予約はじゃらんnet　～日本最大級の宿・ホテル予約サイト～,true,yad316848,yad316848,2027-02-27,2027-02-28,1,2,1,0,JPY,ja,2_adults_1_room_1_night,available,not_sold_out_confirmed,,,missing_or_unclear,C,C,"Price visible, meal_basis=confirmed_room_only, but room_basis=excluded_family_or_suite_room (family_or_suite_room_token_detected); excluded from two-person-standard DP per confirmed policy.",81400,,,tax_included_total,jalan_room_type_excluded,false,false,true,excluded_room_type_family_or_suite,selected_plan_coupon_or_discount_evidence;meal_basis_confirmed_room_only;meal_basis=confirmed_room_only;excluded_room_type_family_or_suite;room_basis=excluded_family_or_suite_room,,,/Users/gini/Documents/ZMI/zao-market-intelligence/.data/debug/auto-runner-market-refresh-rotating/20260910_200001/jalan/classification_decisions/yad316848_2027-02-27.json,zao_local_history_v1
2026-09-10|jalan|深山荘 高見屋|yad321744|2027-02-06|2027-02-07|2_adults_1_room_1_night,01530318dee40bdd8d48e0e68123621b211c06ae44402e96ddaa42902bd564f9,2027_02,2026-09-10,2026-09-10T20:00:01+09:00,2026-09-10T20:00:01+09:00,jalan,AUTO-RUNNER10X,integrated_jalan_bounded_live,深山荘 高見屋,国内旅行・海外旅行や宿・ホテルの宿泊予約はじゃらんnet　～日本最大級の宿・ホテル予約サイト～,true,yad321744,yad321744,2027-02-06,2027-02-07,1,2,1,0,JPY,ja,2_adults_1_room_1_night,available,not_sold_out_confirmed,,,missing_or_unclear,C,C,Price visible but meal_basis=unknown_meal_basis (jalan_ambiguous_meal_and_room_only_tokens); excluded from room-only DP per confirmed policy.,103400,,,tax_included_total,jalan_unknown_meal_basis_excluded,false,false,true,unknown_meal_basis_excluded,selected_plan_coupon_or_discount_evidence;unknown_meal_basis_excluded;meal_basis=unknown_meal_basis,,,/Users/gini/Documents/ZMI/zao-market-intelligence/.data/debug/auto-runner-market-refresh-rotating/20260910_200001/jalan/classification_decisions/yad321744_2027-02-06.json,zao_local_history_v1
2026-09-10|jalan|深山荘 高見屋|yad321744|2027-02-11|2027-02-12|2_adults_1_room_1_night,1723db74ea49bd973513be0c25b916d24d9d27cf4e95872feba27afe109b7fd5,2027_02,2026-09-10,2026-09-10T22:00:01+09:00,2026-09-10T22:00:01+09:00,jalan,AUTO-RUNNER10X,integrated_jalan_bounded_live,深山荘 高見屋,国内旅行・海外旅行や宿・ホテルの宿泊予約はじゃらんnet　～日本最大級の宿・ホテル予約サイト～,true,yad321744,yad321744,2027-02-11,2027-02-12,1,2,1,0,JPY,ja,2_adults_1_room_1_night,available,not_sold_out_confirmed,,,missing_or_unclear,C,C,Price visible but meal_basis=unknown_meal_basis (jalan_ambiguous_meal_and_room_only_tokens); excluded from room-only DP per confirmed policy.,110000,,,tax_included_total,jalan_unknown_meal_basis_excluded,false,false,true,unknown_meal_basis_excluded,selected_plan_coupon_or_discount_evidence;unknown_meal_basis_excluded;meal_basis=unknown_meal_basis,,,/Users/gini/Documents/ZMI/zao-market-intelligence/.data/debug/auto-runner-market-refresh-rotating/20260910_220001/jalan/classification_decisions/yad321744_2027-02-11.json,zao_local_history_v1
2026-09-11|jalan|深山荘 高見屋|yad321744|2027-02-13|2027-02-14|2_adults_1_room_1_night,01139fa01932266a97d781865781dfba153b800af4d80ca61f0b3e58c9aedfc2,2027_02,2026-09-11,2026-09-11T06:00:00+09:00,2026-09-11T06:00:00+09:00,jalan,AUTO-RUNNER10X,integrated_jalan_bounded_live,深山荘 高見屋,国内旅行・海外旅行や宿・ホテルの宿泊予約はじゃらんnet　～日本最大級の宿・ホテル予約サイト～,true,yad321744,yad321744,2027-02-13,2027-02-14,1,2,1,0,JPY,ja,2_adults_1_room_1_night,available,not_sold_out_confirmed,,,missing_or_unclear,C,C,Price visible but meal_basis=unknown_meal_basis (jalan_ambiguous_meal_and_room_only_tokens); excluded from room-only DP per confirmed policy.,116600,,,tax_included_total,jalan_unknown_meal_basis_excluded,false,false,true,unknown_meal_basis_excluded,selected_plan_coupon_or_discount_evidence;unknown_meal_basis_excluded;meal_basis=unknown_meal_basis,,,/Users/gini/Documents/ZMI/zao-market-intelligence/.data/debug/auto-runner-market-refresh-rotating/20260911_060000/jalan/classification_decisions/yad321744_2027-02-13.json,zao_local_history_v1
2026-09-11|jalan|たかみや瑠璃倶楽|yad316848|2027-02-06|2027-02-07|2_adults_1_room_1_night,b36a8a900a281f26ef9a0935a55f7301151fb38c79c05b35fa741a3da8aa4903,2027_02,2026-09-11,2026-09-11T14:00:01+09:00,2026-09-11T14:00:01+09:00,jalan,AUTO-RUNNER10X,integrated_jalan_bounded_live,たかみや瑠璃倶楽,国内旅行・海外旅行や宿・ホテルの宿泊予約はじゃらんnet　～日本最大級の宿・ホテル予約サイト～,true,yad316848,yad316848,2027-02-06,2027-02-07,1,2,1,0,JPY,ja,2_adults_1_room_1_night,available,not_sold_out_confirmed,,,missing_or_unclear,C,C,"Price visible, meal_basis=confirmed_room_only, but room_basis=excluded_single_room (single_room_token_detected); excluded from two-person-standard DP per confirmed policy.",51600,,,tax_included_total,jalan_room_type_excluded,false,false,true,excluded_room_type_single,page_chrome_coupon_or_discount_evidence;meal_basis_confirmed_room_only;meal_basis=confirmed_room_only;excluded_room_type_single;room_basis=excluded_single_room,,,/Users/gini/Documents/ZMI/zao-market-intelligence/.data/debug/auto-runner-market-refresh-rotating/20260911_140001/jalan/classification_decisions/yad316848_2027-02-06.json,zao_local_history_v1
2026-09-11|jalan|たかみや瑠璃倶楽|yad316848|2027-02-11|2027-02-12|2_adults_1_room_1_night,6fc4c208da454106e605b6d2c66c6456f81dd139f04ded834d09a806ddfffdc4,2027_02,2026-09-11,2026-09-11T16:00:00+09:00,2026-09-11T16:00:00+09:00,jalan,AUTO-RUNNER10X,integrated_jalan_bounded_live,たかみや瑠璃倶楽,国内旅行・海外旅行や宿・ホテルの宿泊予約はじゃらんnet　～日本最大級の宿・ホテル予約サイト～,true,yad316848,yad316848,2027-02-11,2027-02-12,1,2,1,0,JPY,ja,2_adults_1_room_1_night,sold_out,sold_out,,,missing_or_unclear,insufficient,insufficient,selected_date_calendar_sold_out,,,,missing_or_unclear,jalan_sold_out_excluded,false,false,true,sold_out_without_price,page_chrome_coupon_or_discount_evidence;tax_included_total_not_confirmed,,,/Users/gini/Documents/ZMI/zao-market-intelligence/.data/debug/auto-runner-market-refresh-rotating/20260911_160000/jalan/classification_decisions/yad316848_2027-02-11.json,zao_local_history_v1
2026-09-11|jalan|たかみや瑠璃倶楽|yad316848|2027-02-13|2027-02-14|2_adults_1_room_1_night,0ed39c38e6b337e06b0b15146e74c7cd6cd0a0ad0e9665ae2dabb3eefb3dcbfc,2027_02,2026-09-11,2026-09-11T18:00:01+09:00,2026-09-11T18:00:01+09:00,jalan,AUTO-RUNNER10X,integrated_jalan_bounded_live,たかみや瑠璃倶楽,国内旅行・海外旅行や宿・ホテルの宿泊予約はじゃらんnet　～日本最大級の宿・ホテル予約サイト～,true,yad316848,yad316848,2027-02-13,2027-02-14,1,2,1,0,JPY,ja,2_adults_1_room_1_night,sold_out,sold_out,,,missing_or_unclear,insufficient,insufficient,selected_date_calendar_sold_out,,,,missing_or_unclear,jalan_sold_out_excluded,false,false,true,sold_out_without_price,page_chrome_coupon_or_discount_evidence;tax_included_total_not_confirmed,,,/Users/gini/Documents/ZMI/zao-market-intelligence/.data/debug/auto-runner-market-refresh-rotating/20260911_180001/jalan/classification_decisions/yad316848_2027-02-13.json,zao_local_history_v1
2026-09-11|jalan|蔵王国際ホテル|yad309590|2027-02-06|2027-02-07|2_adults_1_room_1_night,7f6237802e2cb09570d1514216f094f1061d20597f6d349b88c3e026790f81aa,2027_02,2026-09-11,2026-09-11T20:00:01+09:00,2026-09-11T20:00:01+09:00,jalan,AUTO-RUNNER10X,integrated_jalan_bounded_live,蔵王国際ホテル,国内旅行・海外旅行や宿・ホテルの宿泊予約はじゃらんnet　～日本最大級の宿・ホテル予約サイト～,true,yad309590,yad309590,2027-02-06,2027-02-07,1,2,1,0,JPY,ja,2_adults_1_room_1_night,sold_out,sold_out,,,missing_or_unclear,insufficient,insufficient,selected_date_calendar_sold_out,,,,missing_or_unclear,jalan_sold_out_excluded,false,false,true,sold_out_without_price,page_chrome_coupon_or_discount_evidence;tax_included_total_not_confirmed,,,/Users/gini/Documents/ZMI/zao-market-intelligence/.data/debug/auto-runner-market-refresh-rotating/20260911_200001/jalan/classification_decisions/yad309590_2027-02-06.json,zao_local_history_v1
2026-09-11|jalan|たかみや瑠璃倶楽|yad316848|2027-02-20|2027-02-21|2_adults_1_room_1_night,dec9333b573f2da2bff120b29132a071655ecc013e46f5d8ff6399b264b3640a,2027_02,2026-09-11,2026-09-11T20:00:01+09:00,2026-09-11T20:00:01+09:00,jalan,AUTO-RUNNER10X,integrated_jalan_bounded_live,たかみや瑠璃倶楽,国内旅行・海外旅行や宿・ホテルの宿泊予約はじゃらんnet　～日本最大級の宿・ホテル予約サイト～,true,yad316848,yad316848,2027-02-20,2027-02-21,1,2,1,0,JPY,ja,2_adults_1_room_1_night,available,not_sold_out_confirmed,,,missing_or_unclear,C,C,"Price visible, meal_basis=confirmed_room_only, but room_basis=excluded_family_or_suite_room (family_or_suite_room_token_detected); excluded from two-person-standard DP per confirmed policy.",96800,,,tax_included_total,jalan_room_type_excluded,false,false,true,excluded_room_type_family_or_suite,selected_plan_coupon_or_discount_evidence;meal_basis_confirmed_room_only;meal_basis=confirmed_room_only;excluded_room_type_family_or_suite;room_basis=excluded_family_or_suite_room,,,/Users/gini/Documents/ZMI/zao-market-intelligence/.data/debug/auto-runner-market-refresh-rotating/20260911_200001/jalan/classification_decisions/yad316848_2027-02-20.json,zao_local_history_v1
2026-09-11|jalan|蔵王国際ホテル|yad309590|2027-02-11|2027-02-12|2_adults_1_room_1_night,9aab9270cae5601aa1d5e892ccf1043f78950ab169eecf830e65904c1fa0b0d2,2027_02,2026-09-11,2026-09-11T22:00:01+09:00,2026-09-11T22:00:01+09:00,jalan,AUTO-RUNNER10X,integrated_jalan_bounded_live,蔵王国際ホテル,国内旅行・海外旅行や宿・ホテルの宿泊予約はじゃらんnet　～日本最大級の宿・ホテル予約サイト～,true,yad309590,yad309590,2027-02-11,2027-02-12,1,2,1,0,JPY,ja,2_adults_1_room_1_night,sold_out,sold_out,,,missing_or_unclear,insufficient,insufficient,price_basis_or_date_scope_unclear,,,,missing_or_unclear,jalan_sold_out_excluded,false,false,true,sold_out_without_price,page_chrome_coupon_or_discount_evidence;tax_included_total_not_confirmed,,,/Users/gini/Documents/ZMI/zao-market-intelligence/.data/debug/auto-runner-market-refresh-rotating/20260911_220001/jalan/classification_decisions/yad309590_2027-02-11.json,zao_local_history_v1
2026-09-11|jalan|蔵王国際ホテル|yad309590|2027-02-13|2027-02-14|2_adults_1_room_1_night,a17e5e067af283cb28b4c55aec34a0c64c01f524e5a597a76abb95ae288a5d1a,2027_02,2026-09-11,2026-09-11T22:00:01+09:00,2026-09-11T22:00:01+09:00,jalan,AUTO-RUNNER10X,integrated_jalan_bounded_live,蔵王国際ホテル,国内旅行・海外旅行や宿・ホテルの宿泊予約はじゃらんnet　～日本最大級の宿・ホテル予約サイト～,true,yad309590,yad309590,2027-02-13,2027-02-14,1,2,1,0,JPY,ja,2_adults_1_room_1_night,available,not_sold_out_confirmed,,,missing_or_unclear,C,C,Price visible but meal_basis=meal_included (jalan_meal_included_token_detected); excluded from room-only DP per confirmed policy.,124960,,,tax_included_total,jalan_meal_included_excluded,false,false,true,meal_included_plan_excluded,page_chrome_coupon_or_discount_evidence;meal_included_plan_excluded;meal_basis=meal_included,,,/Users/gini/Documents/ZMI/zao-market-intelligence/.data/debug/auto-runner-market-refresh-rotating/20260911_220001/jalan/classification_decisions/yad309590_2027-02-13.json,zao_local_history_v1
2026-09-11|jalan|たかみや瑠璃倶楽|yad316848|2027-02-23|2027-02-24|2_adults_1_room_1_night,52983d5e11b90f5278693aea73576ca9c79b5a0ac36c67351e23c00438a387fa,2027_02,2026-09-11,2026-09-11T22:00:01+09:00,2026-09-11T22:00:01+09:00,jalan,AUTO-RUNNER10X,integrated_jalan_bounded_live,たかみや瑠璃倶楽,国内旅行・海外旅行や宿・ホテルの宿泊予約はじゃらんnet　～日本最大級の宿・ホテル予約サイト～,true,yad316848,yad316848,2027-02-23,2027-02-24,1,2,1,0,JPY,ja,2_adults_1_room_1_night,available,not_sold_out_confirmed,,,missing_or_unclear,C,C,"Price visible, meal_basis=confirmed_room_only, but room_basis=excluded_family_or_suite_room (family_or_suite_room_token_detected); excluded from two-person-standard DP per confirmed policy.",81400,,,tax_included_total,jalan_room_type_excluded,false,false,true,excluded_room_type_family_or_suite,selected_plan_coupon_or_discount_evidence;meal_basis_confirmed_room_only;meal_basis=confirmed_room_only;excluded_room_type_family_or_suite;room_basis=excluded_family_or_suite_room,,,/Users/gini/Documents/ZMI/zao-market-intelligence/.data/debug/auto-runner-market-refresh-rotating/20260911_220001/jalan/classification_decisions/yad316848_2027-02-23.json,zao_local_history_v1
2026-09-11|jalan|蔵王四季のホテル|yad322447|2027-02-06|2027-02-07|2_adults_1_room_1_night,b895221545f7caaf088903952317f5ca1b0742326573facc79222f3faa342e37,2027_02,2026-09-11,2026-09-11T22:00:01+09:00,2026-09-11T22:00:01+09:00,jalan,AUTO-RUNNER10X,integrated_jalan_bounded_live,蔵王四季のホテル,国内旅行・海外旅行や宿・ホテルの宿泊予約はじゃらんnet　～日本最大級の宿・ホテル予約サイト～,true,yad322447,yad322447,2027-02-06,2027-02-07,1,2,1,0,JPY,ja,2_adults_1_room_1_night,available,not_sold_out_confirmed,,,missing_or_unclear,C,C,Price visible but meal_basis=unknown_meal_basis (jalan_ambiguous_meal_and_room_only_tokens); excluded from room-only DP per confirmed policy.,151800,,,tax_included_total,jalan_unknown_meal_basis_excluded,false,false,true,unknown_meal_basis_excluded,page_chrome_coupon_or_discount_evidence;unknown_meal_basis_excluded;meal_basis=unknown_meal_basis,,,/Users/gini/Documents/ZMI/zao-market-intelligence/.data/debug/auto-runner-market-refresh-rotating/20260911_220001/jalan/classification_decisions/yad322447_2027-02-06.json,zao_local_history_v1
2026-09-12|jalan|蔵王国際ホテル|yad309590|2027-02-20|2027-02-21|2_adults_1_room_1_night,5c9e3c676e8dcbc121af53522206268741e672965fdbbc67556c104ab41fc732,2027_02,2026-09-12,2026-09-12T00:00:04+09:00,2026-09-12T00:00:04+09:00,jalan,AUTO-RUNNER10X,integrated_jalan_bounded_live,蔵王国際ホテル,国内旅行・海外旅行や宿・ホテルの宿泊予約はじゃらんnet　～日本最大級の宿・ホテル予約サイト～,true,yad309590,yad309590,2027-02-20,2027-02-21,1,2,1,0,JPY,ja,2_adults_1_room_1_night,available,not_sold_out_confirmed,,,missing_or_unclear,C,C,Price visible but meal_basis=meal_included (jalan_meal_included_token_detected); excluded from room-only DP per confirmed policy.,119680,,,tax_included_total,jalan_meal_included_excluded,false,false,true,meal_included_plan_excluded,page_chrome_coupon_or_discount_evidence;meal_included_plan_excluded;meal_basis=meal_included,,,/Users/gini/Documents/ZMI/zao-market-intelligence/.data/debug/auto-runner-market-refresh-rotating/20260912_000004/jalan/classification_decisions/yad309590_2027-02-20.json,zao_local_history_v1
2026-09-12|jalan|蔵王四季のホテル|yad322447|2027-02-11|2027-02-12|2_adults_1_room_1_night,43540fd817df4b8cfaa02642d2dd4e1958fe21bae887e82157cb06a20b2bfa83,2027_02,2026-09-12,2026-09-12T00:00:04+09:00,2026-09-12T00:00:04+09:00,jalan,AUTO-RUNNER10X,integrated_jalan_bounded_live,蔵王四季のホテル,国内旅行・海外旅行や宿・ホテルの宿泊予約はじゃらんnet　～日本最大級の宿・ホテル予約サイト～,true,yad322447,yad322447,2027-02-11,2027-02-12,1,2,1,0,JPY,ja,2_adults_1_room_1_night,available,not_sold_out_confirmed,,,missing_or_unclear,C,C,Price visible but meal_basis=unknown_meal_basis (jalan_ambiguous_meal_and_room_only_tokens); excluded from room-only DP per confirmed policy.,138600,,,tax_included_total,jalan_unknown_meal_basis_excluded,false,false,true,unknown_meal_basis_excluded,page_chrome_coupon_or_discount_evidence;unknown_meal_basis_excluded;meal_basis=unknown_meal_basis,,,/Users/gini/Documents/ZMI/zao-market-intelligence/.data/debug/auto-runner-market-refresh-rotating/20260912_000004/jalan/classification_decisions/yad322447_2027-02-11.json,zao_local_history_v1
2026-09-12|jalan|たかみや瑠璃倶楽|yad316848|2027-02-27|2027-02-28|2_adults_1_room_1_night,bb88e94e94252efe30774112e6ac3b75505a770f365069a1b67cc2e7c70b2f01,2027_02,2026-09-12,2026-09-12T02:00:00+09:00,2026-09-12T02:00:00+09:00,jalan,AUTO-RUNNER10X,integrated_jalan_bounded_live,たかみや瑠璃倶楽,国内旅行・海外旅行や宿・ホテルの宿泊予約はじゃらんnet　～日本最大級の宿・ホテル予約サイト～,true,yad316848,yad316848,2027-02-27,2027-02-28,1,2,1,0,JPY,ja,2_adults_1_room_1_night,available,not_sold_out_confirmed,,,missing_or_unclear,C,C,"Price visible, meal_basis=confirmed_room_only, but room_basis=excluded_family_or_suite_room (family_or_suite_room_token_detected); excluded from two-person-standard DP per confirmed policy.",81400,,,tax_included_total,jalan_room_type_excluded,false,false,true,excluded_room_type_family_or_suite,selected_plan_coupon_or_discount_evidence;meal_basis_confirmed_room_only;meal_basis=confirmed_room_only;excluded_room_type_family_or_suite;room_basis=excluded_family_or_suite_room,,,/Users/gini/Documents/ZMI/zao-market-intelligence/.data/debug/auto-runner-market-refresh-rotating/20260912_020000/jalan/classification_decisions/yad316848_2027-02-27.json,zao_local_history_v1
2026-09-12|jalan|蔵王四季のホテル|yad322447|2027-02-13|2027-02-14|2_adults_1_room_1_night,92723c157b05c68502788758f6ff56e0eeb4d2b72a593b5748cb47ee583ef11a,2027_02,2026-09-12,2026-09-12T04:00:01+09:00,2026-09-12T04:00:01+09:00,jalan,AUTO-RUNNER10X,integrated_jalan_bounded_live,蔵王四季のホテル,国内旅行・海外旅行や宿・ホテルの宿泊予約はじゃらんnet　～日本最大級の宿・ホテル予約サイト～,true,yad322447,yad322447,2027-02-13,2027-02-14,1,2,1,0,JPY,ja,2_adults_1_room_1_night,available,not_sold_out_confirmed,,,missing_or_unclear,C,C,Price visible but meal_basis=unknown_meal_basis (jalan_ambiguous_meal_and_room_only_tokens); excluded from room-only DP per confirmed policy.,156200,,,tax_included_total,jalan_unknown_meal_basis_excluded,false,false,true,unknown_meal_basis_excluded,page_chrome_coupon_or_discount_evidence;unknown_meal_basis_excluded;meal_basis=unknown_meal_basis,,,/Users/gini/Documents/ZMI/zao-market-intelligence/.data/debug/auto-runner-market-refresh-rotating/20260912_040001/jalan/classification_decisions/yad322447_2027-02-13.json,zao_local_history_v1
2026-09-12|jalan|蔵王四季のホテル|yad322447|2027-02-20|2027-02-21|2_adults_1_room_1_night,5ed481c7a91c91b58f8dc621feb0dbe3b489df56c6090f1c1d399d11916d302d,2027_02,2026-09-12,2026-09-12T08:00:01+09:00,2026-09-12T08:00:01+09:00,jalan,AUTO-RUNNER10X,integrated_jalan_bounded_live,蔵王四季のホテル,国内旅行・海外旅行や宿・ホテルの宿泊予約はじゃらんnet　～日本最大級の宿・ホテル予約サイト～,true,yad322447,yad322447,2027-02-20,2027-02-21,1,2,1,0,JPY,ja,2_adults_1_room_1_night,available,not_sold_out_confirmed,,,missing_or_unclear,C,C,Price visible but meal_basis=unknown_meal_basis (jalan_ambiguous_meal_and_room_only_tokens); excluded from room-only DP per confirmed policy.,147400,,,tax_included_total,jalan_unknown_meal_basis_excluded,false,false,true,unknown_meal_basis_excluded,page_chrome_coupon_or_discount_evidence;unknown_meal_basis_excluded;meal_basis=unknown_meal_basis,,,/Users/gini/Documents/ZMI/zao-market-intelligence/.data/debug/auto-runner-market-refresh-rotating/20260912_080001/jalan/classification_decisions/yad322447_2027-02-20.json,zao_local_history_v1
2026-09-12|jalan|深山荘 高見屋|yad321744|2027-02-06|2027-02-07|2_adults_1_room_1_night,0ba1dbbe7adbc8794e44e6463e78d575a1f613ef6d8ce93e861f86d6937fae48,2027_02,2026-09-12,2026-09-12T22:00:01+09:00,2026-09-12T22:00:01+09:00,jalan,AUTO-RUNNER10X,integrated_jalan_bounded_live,深山荘 高見屋,国内旅行・海外旅行や宿・ホテルの宿泊予約はじゃらんnet　～日本最大級の宿・ホテル予約サイト～,true,yad321744,yad321744,2027-02-06,2027-02-07,1,2,1,0,JPY,ja,2_adults_1_room_1_night,available,not_sold_out_confirmed,,,missing_or_unclear,C,C,Price visible but meal_basis=unknown_meal_basis (jalan_ambiguous_meal_and_room_only_tokens); excluded from room-only DP per confirmed policy.,103400,,,tax_included_total,jalan_unknown_meal_basis_excluded,false,false,true,unknown_meal_basis_excluded,selected_plan_coupon_or_discount_evidence;unknown_meal_basis_excluded;meal_basis=unknown_meal_basis,,,/Users/gini/Documents/ZMI/zao-market-intelligence/.data/debug/auto-runner-market-refresh-rotating/20260912_220001/jalan/classification_decisions/yad321744_2027-02-06.json,zao_local_history_v1
2026-09-12|jalan|深山荘 高見屋|yad321744|2027-02-11|2027-02-12|2_adults_1_room_1_night,d3a08479cd15bda1971957a097f57fb59d6099d00bdc31dd7289b7a198adf95e,2027_02,2026-09-12,2026-09-12T22:00:01+09:00,2026-09-12T22:00:01+09:00,jalan,AUTO-RUNNER10X,integrated_jalan_bounded_live,深山荘 高見屋,国内旅行・海外旅行や宿・ホテルの宿泊予約はじゃらんnet　～日本最大級の宿・ホテル予約サイト～,true,yad321744,yad321744,2027-02-11,2027-02-12,1,2,1,0,JPY,ja,2_adults_1_room_1_night,available,not_sold_out_confirmed,,,missing_or_unclear,C,C,Price visible but meal_basis=unknown_meal_basis (jalan_ambiguous_meal_and_room_only_tokens); excluded from room-only DP per confirmed policy.,110000,,,tax_included_total,jalan_unknown_meal_basis_excluded,false,false,true,unknown_meal_basis_excluded,selected_plan_coupon_or_discount_evidence;unknown_meal_basis_excluded;meal_basis=unknown_meal_basis,,,/Users/gini/Documents/ZMI/zao-market-intelligence/.data/debug/auto-runner-market-refresh-rotating/20260912_220001/jalan/classification_decisions/yad321744_2027-02-11.json,zao_local_history_v1
2026-09-13|jalan|深山荘 高見屋|yad321744|2027-02-13|2027-02-14|2_adults_1_room_1_night,47228d733f64e4209f757a0af3a163c57617f2cd499773cd1ff77877a64920d6,2027_02,2026-09-13,2026-09-13T02:00:00+09:00,2026-09-13T02:00:00+09:00,jalan,AUTO-RUNNER10X,integrated_jalan_bounded_live,深山荘 高見屋,国内旅行・海外旅行や宿・ホテルの宿泊予約はじゃらんnet　～日本最大級の宿・ホテル予約サイト～,true,yad321744,yad321744,2027-02-13,2027-02-14,1,2,1,0,JPY,ja,2_adults_1_room_1_night,available,not_sold_out_confirmed,,,missing_or_unclear,C,C,Price visible but meal_basis=unknown_meal_basis (jalan_ambiguous_meal_and_room_only_tokens); excluded from room-only DP per confirmed policy.,116600,,,tax_included_total,jalan_unknown_meal_basis_excluded,false,false,true,unknown_meal_basis_excluded,selected_plan_coupon_or_discount_evidence;unknown_meal_basis_excluded;meal_basis=unknown_meal_basis,,,/Users/gini/Documents/ZMI/zao-market-intelligence/.data/debug/auto-runner-market-refresh-rotating/20260913_020000/jalan/classification_decisions/yad321744_2027-02-13.json,zao_local_history_v1
2026-09-13|jalan|深山荘 高見屋|yad321744|2027-02-20|2027-02-21|2_adults_1_room_1_night,45fd250dd32a2ba18793ee277b5f9b2d4abc7dd82e3b6ed3fb5f58bf39084dd8,2027_02,2026-09-13,2026-09-13T02:00:00+09:00,2026-09-13T02:00:00+09:00,jalan,AUTO-RUNNER10X,integrated_jalan_bounded_live,深山荘 高見屋,国内旅行・海外旅行や宿・ホテルの宿泊予約はじゃらんnet　～日本最大級の宿・ホテル予約サイト～,true,yad321744,yad321744,2027-02-20,2027-02-21,1,2,1,0,JPY,ja,2_adults_1_room_1_night,available,not_sold_out_confirmed,,,missing_or_unclear,C,C,Price visible but meal_basis=unknown_meal_basis (jalan_ambiguous_meal_and_room_only_tokens); excluded from room-only DP per confirmed policy.,116600,,,tax_included_total,jalan_unknown_meal_basis_excluded,false,false,true,unknown_meal_basis_excluded,selected_plan_coupon_or_discount_evidence;unknown_meal_basis_excluded;meal_basis=unknown_meal_basis,,,/Users/gini/Documents/ZMI/zao-market-intelligence/.data/debug/auto-runner-market-refresh-rotating/20260913_020000/jalan/classification_decisions/yad321744_2027-02-20.json,zao_local_history_v1
2026-09-13|jalan|深山荘 高見屋|yad321744|2027-02-23|2027-02-24|2_adults_1_room_1_night,5d009f690d418efade254d2563f01437c7335edbc45f6de48ea1fce0fe65714a,2027_02,2026-09-13,2026-09-13T06:00:03+09:00,2026-09-13T06:00:03+09:00,jalan,AUTO-RUNNER10X,integrated_jalan_bounded_live,深山荘 高見屋,国内旅行・海外旅行や宿・ホテルの宿泊予約はじゃらんnet　～日本最大級の宿・ホテル予約サイト～,true,yad321744,yad321744,2027-02-23,2027-02-24,1,2,1,0,JPY,ja,2_adults_1_room_1_night,available,not_sold_out_confirmed,,,missing_or_unclear,C,C,Price visible but meal_basis=unknown_meal_basis (jalan_ambiguous_meal_and_room_only_tokens); excluded from room-only DP per confirmed policy.,110000,,,tax_included_total,jalan_unknown_meal_basis_excluded,false,false,true,unknown_meal_basis_excluded,selected_plan_coupon_or_discount_evidence;unknown_meal_basis_excluded;meal_basis=unknown_meal_basis,,,/Users/gini/Documents/ZMI/zao-market-intelligence/.data/debug/auto-runner-market-refresh-rotating/20260913_060003/jalan/classification_decisions/yad321744_2027-02-23.json,zao_local_history_v1
2026-09-13|jalan|深山荘 高見屋|yad321744|2027-02-27|2027-02-28|2_adults_1_room_1_night,cd812de09392f10ce54ac117b2f41a9affd62585a92d9635c6626faf9feacf3a,2027_02,2026-09-13,2026-09-13T08:00:01+09:00,2026-09-13T08:00:01+09:00,jalan,AUTO-RUNNER10X,integrated_jalan_bounded_live,深山荘 高見屋,国内旅行・海外旅行や宿・ホテルの宿泊予約はじゃらんnet　～日本最大級の宿・ホテル予約サイト～,true,yad321744,yad321744,2027-02-27,2027-02-28,1,2,1,0,JPY,ja,2_adults_1_room_1_night,available,not_sold_out_confirmed,,,missing_or_unclear,C,C,Price visible but meal_basis=unknown_meal_basis (jalan_ambiguous_meal_and_room_only_tokens); excluded from room-only DP per confirmed policy.,116600,,,tax_included_total,jalan_unknown_meal_basis_excluded,false,false,true,unknown_meal_basis_excluded,selected_plan_coupon_or_discount_evidence;unknown_meal_basis_excluded;meal_basis=unknown_meal_basis,,,/Users/gini/Documents/ZMI/zao-market-intelligence/.data/debug/auto-runner-market-refresh-rotating/20260913_080001/jalan/classification_decisions/yad321744_2027-02-27.json,zao_local_history_v1
2026-09-13|jalan|たかみや瑠璃倶楽|yad316848|2027-02-06|2027-02-07|2_adults_1_room_1_night,8a9d243131083b429939e27f334558f16f923c598780e508f59adbf3b5e09300,2027_02,2026-09-13,2026-09-13T10:00:01+09:00,2026-09-13T10:00:01+09:00,jalan,AUTO-RUNNER10X,integrated_jalan_bounded_live,たかみや瑠璃倶楽,国内旅行・海外旅行や宿・ホテルの宿泊予約はじゃらんnet　～日本最大級の宿・ホテル予約サイト～,true,yad316848,yad316848,2027-02-06,2027-02-07,1,2,1,0,JPY,ja,2_adults_1_room_1_night,sold_out,sold_out,,,missing_or_unclear,insufficient,insufficient,selected_date_calendar_sold_out,,,,missing_or_unclear,jalan_sold_out_excluded,false,false,true,sold_out_without_price,page_chrome_coupon_or_discount_evidence;tax_included_total_not_confirmed,,,/Users/gini/Documents/ZMI/zao-market-intelligence/.data/debug/auto-runner-market-refresh-rotating/20260913_100001/jalan/classification_decisions/yad316848_2027-02-06.json,zao_local_history_v1
2026-09-13|jalan|たかみや瑠璃倶楽|yad316848|2027-02-11|2027-02-12|2_adults_1_room_1_night,0cd72b72b77c79a68c6a14417864e10009c6b9e910a356b386d96b7a446592a6,2027_02,2026-09-13,2026-09-13T14:00:01+09:00,2026-09-13T14:00:01+09:00,jalan,AUTO-RUNNER10X,integrated_jalan_bounded_live,たかみや瑠璃倶楽,国内旅行・海外旅行や宿・ホテルの宿泊予約はじゃらんnet　～日本最大級の宿・ホテル予約サイト～,true,yad316848,yad316848,2027-02-11,2027-02-12,1,2,1,0,JPY,ja,2_adults_1_room_1_night,sold_out,sold_out,,,missing_or_unclear,insufficient,insufficient,selected_date_calendar_sold_out,,,,missing_or_unclear,jalan_sold_out_excluded,false,false,true,sold_out_without_price,page_chrome_coupon_or_discount_evidence;tax_included_total_not_confirmed,,,/Users/gini/Documents/ZMI/zao-market-intelligence/.data/debug/auto-runner-market-refresh-rotating/20260913_140001/jalan/classification_decisions/yad316848_2027-02-11.json,zao_local_history_v1
2026-09-13|jalan|蔵王温泉 高砂屋旅館|yad391608|2027-02-06|2027-02-07|2_adults_1_room_1_night,dcf85a7b38acc5a613f3f40a2bae7174960cae38c381b676f728f351f2efed9b,2027_02,2026-09-13,2026-09-13T16:00:01+09:00,2026-09-13T16:00:01+09:00,jalan,AUTO-RUNNER10X,integrated_jalan_bounded_live,蔵王温泉 高砂屋旅館,国内旅行・海外旅行や宿・ホテルの宿泊予約はじゃらんnet　～日本最大級の宿・ホテル予約サイト～,true,yad391608,yad391608,2027-02-06,2027-02-07,1,2,1,0,JPY,ja,2_adults_1_room_1_night,sold_out,sold_out,,,missing_or_unclear,insufficient,insufficient,selected_date_calendar_sold_out,,,,missing_or_unclear,jalan_sold_out_excluded,false,false,true,sold_out_without_price,page_chrome_coupon_or_discount_evidence;tax_included_total_not_confirmed,,,/Users/gini/Documents/ZMI/zao-market-intelligence/.data/debug/auto-runner-market-refresh-rotating/20260913_160001/jalan/classification_decisions/yad391608_2027-02-06.json,zao_local_history_v1
2026-09-13|jalan|蔵王温泉 高砂屋旅館|yad391608|2027-02-11|2027-02-12|2_adults_1_room_1_night,f81435bd9c0a19f4a62a4893ef8f0580ac5aab5fec168529e21640f4494edebe,2027_02,2026-09-13,2026-09-13T16:00:01+09:00,2026-09-13T16:00:01+09:00,jalan,AUTO-RUNNER10X,integrated_jalan_bounded_live,蔵王温泉 高砂屋旅館,国内旅行・海外旅行や宿・ホテルの宿泊予約はじゃらんnet　～日本最大級の宿・ホテル予約サイト～,true,yad391608,yad391608,2027-02-11,2027-02-12,1,2,1,0,JPY,ja,2_adults_1_room_1_night,sold_out,sold_out,,,missing_or_unclear,insufficient,insufficient,selected_date_calendar_sold_out,,,,missing_or_unclear,jalan_sold_out_excluded,false,false,true,sold_out_without_price,page_chrome_coupon_or_discount_evidence;tax_included_total_not_confirmed,,,/Users/gini/Documents/ZMI/zao-market-intelligence/.data/debug/auto-runner-market-refresh-rotating/20260913_160001/jalan/classification_decisions/yad391608_2027-02-11.json,zao_local_history_v1
2026-09-13|jalan|たかみや瑠璃倶楽|yad316848|2027-02-13|2027-02-14|2_adults_1_room_1_night,d5b7025c23ff45d09bc5af8953c14f1b78d47839c295b97d3cb43d595e7a7e2d,2027_02,2026-09-13,2026-09-13T20:00:01+09:00,2026-09-13T20:00:01+09:00,jalan,AUTO-RUNNER10X,integrated_jalan_bounded_live,たかみや瑠璃倶楽,国内旅行・海外旅行や宿・ホテルの宿泊予約はじゃらんnet　～日本最大級の宿・ホテル予約サイト～,true,yad316848,yad316848,2027-02-13,2027-02-14,1,2,1,0,JPY,ja,2_adults_1_room_1_night,sold_out,sold_out,,,missing_or_unclear,insufficient,insufficient,selected_date_calendar_sold_out,,,,missing_or_unclear,jalan_sold_out_excluded,false,false,true,sold_out_without_price,page_chrome_coupon_or_discount_evidence;tax_included_total_not_confirmed,,,/Users/gini/Documents/ZMI/zao-market-intelligence/.data/debug/auto-runner-market-refresh-rotating/20260913_200000/jalan/classification_decisions/yad316848_2027-02-13.json,zao_local_history_v1
2026-09-13|jalan|蔵王温泉 高砂屋旅館|yad391608|2027-02-20|2027-02-21|2_adults_1_room_1_night,93a325cc080b51466b6bd7841589772a85d1e37b355bb26ac8f7ca1d6291e9cb,2027_02,2026-09-13,2026-09-13T20:00:01+09:00,2026-09-13T20:00:01+09:00,jalan,AUTO-RUNNER10X,integrated_jalan_bounded_live,蔵王温泉 高砂屋旅館,国内旅行・海外旅行や宿・ホテルの宿泊予約はじゃらんnet　～日本最大級の宿・ホテル予約サイト～,true,yad391608,yad391608,2027-02-20,2027-02-21,1,2,1,0,JPY,ja,2_adults_1_room_1_night,sold_out,sold_out,,,missing_or_unclear,insufficient,insufficient,selected_date_calendar_sold_out,,,,missing_or_unclear,jalan_sold_out_excluded,false,false,true,sold_out_without_price,page_chrome_coupon_or_discount_evidence;tax_included_total_not_confirmed,,,/Users/gini/Documents/ZMI/zao-market-intelligence/.data/debug/auto-runner-market-refresh-rotating/20260913_200000/jalan/classification_decisions/yad391608_2027-02-20.json,zao_local_history_v1
2026-09-13|jalan|たかみや瑠璃倶楽|yad316848|2027-02-20|2027-02-21|2_adults_1_room_1_night,078e383bc9b3193f64689f0fb5a23aa441b5ff53866322a2f4cb9403f1d4bed2,2027_02,2026-09-13,2026-09-13T22:00:01+09:00,2026-09-13T22:00:01+09:00,jalan,AUTO-RUNNER10X,integrated_jalan_bounded_live,たかみや瑠璃倶楽,国内旅行・海外旅行や宿・ホテルの宿泊予約はじゃらんnet　～日本最大級の宿・ホテル予約サイト～,true,yad316848,yad316848,2027-02-20,2027-02-21,1,2,1,0,JPY,ja,2_adults_1_room_1_night,available,not_sold_out_confirmed,,,missing_or_unclear,C,C,"Price visible, meal_basis=confirmed_room_only, but room_basis=excluded_family_or_suite_room (family_or_suite_room_token_detected); excluded from two-person-standard DP per confirmed policy.",96800,,,tax_included_total,jalan_room_type_excluded,false,false,true,excluded_room_type_family_or_suite,selected_plan_coupon_or_discount_evidence;meal_basis_confirmed_room_only;meal_basis=confirmed_room_only;excluded_room_type_family_or_suite;room_basis=excluded_family_or_suite_room,,,/Users/gini/Documents/ZMI/zao-market-intelligence/.data/debug/auto-runner-market-refresh-rotating/20260913_220001/jalan/classification_decisions/yad316848_2027-02-20.json,zao_local_history_v1
2026-09-14|jalan|たかみや瑠璃倶楽|yad316848|2027-02-23|2027-02-24|2_adults_1_room_1_night,6820dfeb2d9a5045df3c3e7987ebf9dd1a6e9bd30b730c294b61398835afeae3,2027_02,2026-09-14,2026-09-14T00:00:00+09:00,2026-09-14T00:00:00+09:00,jalan,AUTO-RUNNER10X,integrated_jalan_bounded_live,たかみや瑠璃倶楽,国内旅行・海外旅行や宿・ホテルの宿泊予約はじゃらんnet　～日本最大級の宿・ホテル予約サイト～,true,yad316848,yad316848,2027-02-23,2027-02-24,1,2,1,0,JPY,ja,2_adults_1_room_1_night,available,not_sold_out_confirmed,,,missing_or_unclear,C,C,"Price visible, meal_basis=confirmed_room_only, but room_basis=excluded_family_or_suite_room (family_or_suite_room_token_detected); excluded from two-person-standard DP per confirmed policy.",81400,,,tax_included_total,jalan_room_type_excluded,false,false,true,excluded_room_type_family_or_suite,selected_plan_coupon_or_discount_evidence;meal_basis_confirmed_room_only;meal_basis=confirmed_room_only;excluded_room_type_family_or_suite;room_basis=excluded_family_or_suite_room,,,/Users/gini/Documents/ZMI/zao-market-intelligence/.data/debug/auto-runner-market-refresh-rotating/20260914_000000/jalan/classification_decisions/yad316848_2027-02-23.json,zao_local_history_v1
2026-09-14|jalan|蔵王温泉 高砂屋旅館|yad391608|2027-02-13|2027-02-14|2_adults_1_room_1_night,c6bace0b6e2809d5a6bc222a9f76cbd6aaf93e5d155f62c498b9a66cbc268bd0,2027_02,2026-09-14,2026-09-14T08:00:01+09:00,2026-09-14T08:00:01+09:00,jalan,AUTO-RUNNER10X,integrated_jalan_bounded_live,蔵王温泉 高砂屋旅館,国内旅行・海外旅行や宿・ホテルの宿泊予約はじゃらんnet　～日本最大級の宿・ホテル予約サイト～,true,yad391608,yad391608,2027-02-13,2027-02-14,1,2,1,0,JPY,ja,2_adults_1_room_1_night,sold_out,sold_out,,,missing_or_unclear,insufficient,insufficient,selected_date_calendar_sold_out,,,,missing_or_unclear,jalan_sold_out_excluded,false,false,true,sold_out_without_price,page_chrome_coupon_or_discount_evidence;tax_included_total_not_confirmed,,,/Users/gini/Documents/ZMI/zao-market-intelligence/.data/debug/auto-runner-market-refresh-rotating/20260914_080001/jalan/classification_decisions/yad391608_2027-02-13.json,zao_local_history_v1
2026-09-14|jalan|たかみや瑠璃倶楽|yad316848|2027-02-06|2027-02-07|2_adults_1_room_1_night,1494705d416906ec382611353ad5085accd5600d7c319cce74c6ba3e87f85ef3,2027_02,2026-09-14,2026-09-14T10:00:02+09:00,2026-09-14T10:00:02+09:00,jalan,AUTO-RUNNER10X,integrated_jalan_bounded_live,たかみや瑠璃倶楽,国内旅行・海外旅行や宿・ホテルの宿泊予約はじゃらんnet　～日本最大級の宿・ホテル予約サイト～,true,yad316848,yad316848,2027-02-06,2027-02-07,1,2,1,0,JPY,ja,2_adults_1_room_1_night,sold_out,sold_out,,,missing_or_unclear,insufficient,insufficient,selected_date_calendar_sold_out,,,,missing_or_unclear,jalan_sold_out_excluded,false,false,true,sold_out_without_price,page_chrome_coupon_or_discount_evidence;tax_included_total_not_confirmed,,,/Volumes/SSD1/ZMI/zao-market-intelligence/.data/debug/auto-runner-market-refresh-rotating/20260914_100002/jalan/classification_decisions/yad316848_2027-02-06.json,zao_local_history_v1
2026-09-14|jalan|たかみや瑠璃倶楽|yad316848|2027-02-27|2027-02-28|2_adults_1_room_1_night,d89a1eaf92394a64f5368bf95407325ff60d381953a8dd2a633238e2b244bb66,2027_02,2026-09-14,2026-09-14T12:00:01+09:00,2026-09-14T12:00:01+09:00,jalan,AUTO-RUNNER10X,integrated_jalan_bounded_live,たかみや瑠璃倶楽,国内旅行・海外旅行や宿・ホテルの宿泊予約はじゃらんnet　～日本最大級の宿・ホテル予約サイト～,true,yad316848,yad316848,2027-02-27,2027-02-28,1,2,1,0,JPY,ja,2_adults_1_room_1_night,available,not_sold_out_confirmed,,,missing_or_unclear,C,C,"Price visible, meal_basis=confirmed_room_only, but room_basis=excluded_family_or_suite_room (family_or_suite_room_token_detected); excluded from two-person-standard DP per confirmed policy.",81400,,,tax_included_total,jalan_room_type_excluded,false,false,true,excluded_room_type_family_or_suite,selected_plan_coupon_or_discount_evidence;meal_basis_confirmed_room_only;meal_basis=confirmed_room_only;excluded_room_type_family_or_suite;room_basis=excluded_family_or_suite_room,,,/Volumes/SSD1/ZMI/zao-market-intelligence/.data/debug/auto-runner-market-refresh-rotating/20260914_120001/jalan/classification_decisions/yad316848_2027-02-27.json,zao_local_history_v1
2026-09-14|jalan|たかみや瑠璃倶楽|yad316848|2027-02-11|2027-02-12|2_adults_1_room_1_night,28e0c07d355bbb22644266431759adaedfe3ed296801f1831890735fe203a937,2027_02,2026-09-14,2026-09-14T14:00:01+09:00,2026-09-14T14:00:01+09:00,jalan,AUTO-RUNNER10X,integrated_jalan_bounded_live,たかみや瑠璃倶楽,国内旅行・海外旅行や宿・ホテルの宿泊予約はじゃらんnet　～日本最大級の宿・ホテル予約サイト～,true,yad316848,yad316848,2027-02-11,2027-02-12,1,2,1,0,JPY,ja,2_adults_1_room_1_night,sold_out,sold_out,,,missing_or_unclear,insufficient,insufficient,selected_date_calendar_sold_out,,,,missing_or_unclear,jalan_sold_out_excluded,false,false,true,sold_out_without_price,page_chrome_coupon_or_discount_evidence;tax_included_total_not_confirmed,,,/Volumes/SSD1/ZMI/zao-market-intelligence/.data/debug/auto-runner-market-refresh-rotating/20260914_140001/jalan/classification_decisions/yad316848_2027-02-11.json,zao_local_history_v1
2026-09-14|jalan|蔵王温泉 高砂屋旅館|yad391608|2027-02-06|2027-02-07|2_adults_1_room_1_night,65903d222a2b63c707e66609e64290c09af52bcb052d15c5ff6d60b9eb09db0d,2027_02,2026-09-14,2026-09-14T16:00:01+09:00,2026-09-14T16:00:01+09:00,jalan,AUTO-RUNNER10X,integrated_jalan_bounded_live,蔵王温泉 高砂屋旅館,国内旅行・海外旅行や宿・ホテルの宿泊予約はじゃらんnet　～日本最大級の宿・ホテル予約サイト～,true,yad391608,yad391608,2027-02-06,2027-02-07,1,2,1,0,JPY,ja,2_adults_1_room_1_night,sold_out,sold_out,,,missing_or_unclear,insufficient,insufficient,selected_date_calendar_sold_out,,,,missing_or_unclear,jalan_sold_out_excluded,false,false,true,sold_out_without_price,page_chrome_coupon_or_discount_evidence;tax_included_total_not_confirmed,,,/Volumes/SSD1/ZMI/zao-market-intelligence/.data/debug/auto-runner-market-refresh-rotating/20260914_160001/jalan/classification_decisions/yad391608_2027-02-06.json,zao_local_history_v1
2026-09-14|jalan|蔵王温泉 高砂屋旅館|yad391608|2027-02-11|2027-02-12|2_adults_1_room_1_night,03afafb5db823ec2dc99efb6e46d807e75d00db37ccbfee1812850b1789d514f,2027_02,2026-09-14,2026-09-14T16:00:01+09:00,2026-09-14T16:00:01+09:00,jalan,AUTO-RUNNER10X,integrated_jalan_bounded_live,蔵王温泉 高砂屋旅館,国内旅行・海外旅行や宿・ホテルの宿泊予約はじゃらんnet　～日本最大級の宿・ホテル予約サイト～,true,yad391608,yad391608,2027-02-11,2027-02-12,1,2,1,0,JPY,ja,2_adults_1_room_1_night,sold_out,sold_out,,,missing_or_unclear,insufficient,insufficient,selected_date_calendar_sold_out,,,,missing_or_unclear,jalan_sold_out_excluded,false,false,true,sold_out_without_price,page_chrome_coupon_or_discount_evidence;tax_included_total_not_confirmed,,,/Volumes/SSD1/ZMI/zao-market-intelligence/.data/debug/auto-runner-market-refresh-rotating/20260914_160001/jalan/classification_decisions/yad391608_2027-02-11.json,zao_local_history_v1
2026-09-14|jalan|たかみや瑠璃倶楽|yad316848|2027-02-13|2027-02-14|2_adults_1_room_1_night,2ccb18fae296619b7d7c5c5e5d431f6362f2713323af21f7f70a48f74379c0d2,2027_02,2026-09-14,2026-09-14T20:00:01+09:00,2026-09-14T20:00:01+09:00,jalan,AUTO-RUNNER10X,integrated_jalan_bounded_live,たかみや瑠璃倶楽,国内旅行・海外旅行や宿・ホテルの宿泊予約はじゃらんnet　～日本最大級の宿・ホテル予約サイト～,false,yad316848,yad316848,2027-02-13,2027-02-14,1,2,1,0,JPY,ja,2_adults_1_room_1_night,available,not_sold_out_confirmed,,,missing_or_unclear,C,C,Price visible but meal_basis=unknown_meal_basis (jalan_ambiguous_meal_and_room_only_tokens); excluded from room-only DP per confirmed policy.,52800,,,tax_included_total,jalan_unknown_meal_basis_excluded,false,false,true,unknown_meal_basis_excluded,page_chrome_coupon_or_discount_evidence;property_identity_not_confirmed;unknown_meal_basis_excluded;meal_basis=unknown_meal_basis,,,/Volumes/SSD1/ZMI/zao-market-intelligence/.data/debug/auto-runner-market-refresh-rotating/20260914_200001/jalan/classification_decisions/yad316848_2027-02-13.json,zao_local_history_v1
2026-09-15|jalan|たかみや瑠璃倶楽|yad316848|2027-02-20|2027-02-21|2_adults_1_room_1_night,97139f8519d81e990a338336c334c6094270634d8d8aafd0ed004f2f735c5bd5,2027_02,2026-09-15,2026-09-15T00:00:01+09:00,2026-09-15T00:00:01+09:00,jalan,AUTO-RUNNER10X,integrated_jalan_bounded_live,たかみや瑠璃倶楽,国内旅行・海外旅行や宿・ホテルの宿泊予約はじゃらんnet　～日本最大級の宿・ホテル予約サイト～,true,yad316848,yad316848,2027-02-20,2027-02-21,1,2,1,0,JPY,ja,2_adults_1_room_1_night,available,not_sold_out_confirmed,,,missing_or_unclear,C,C,"Price visible, meal_basis=confirmed_room_only, but room_basis=excluded_family_or_suite_room (family_or_suite_room_token_detected); excluded from two-person-standard DP per confirmed policy.",96800,,,tax_included_total,jalan_room_type_excluded,false,false,true,excluded_room_type_family_or_suite,selected_plan_coupon_or_discount_evidence;meal_basis_confirmed_room_only;meal_basis=confirmed_room_only;excluded_room_type_family_or_suite;room_basis=excluded_family_or_suite_room,,,/Volumes/SSD1/ZMI/zao-market-intelligence/.data/debug/auto-runner-market-refresh-rotating/20260915_000001/jalan/classification_decisions/yad316848_2027-02-20.json,zao_local_history_v1
2026-09-15|jalan|ペンションぷうたろう|yad394784|2027-02-06|2027-02-07|2_adults_1_room_1_night,a59038d5204f8b1d32a1025a51806b123b6e7db29b69b0ad040905bbb1817d8b,2027_02,2026-09-15,2026-09-15T08:00:01+09:00,2026-09-15T08:00:01+09:00,jalan,AUTO-RUNNER10X,integrated_jalan_bounded_live,ペンションぷうたろう,国内旅行・海外旅行や宿・ホテルの宿泊予約はじゃらんnet　～日本最大級の宿・ホテル予約サイト～,true,yad394784,yad394784,2027-02-06,2027-02-07,1,2,1,0,JPY,ja,2_adults_1_room_1_night,sold_out,sold_out,,,missing_or_unclear,insufficient,insufficient,selected_date_calendar_sold_out,,,,missing_or_unclear,jalan_sold_out_excluded,false,false,true,sold_out_without_price,page_chrome_coupon_or_discount_evidence;tax_included_total_not_confirmed,,,/Volumes/SSD1/ZMI/zao-market-intelligence/.data/debug/auto-runner-market-refresh-rotating/20260915_080001/jalan/classification_decisions/yad394784_2027-02-06.json,zao_local_history_v1
2026-09-15|jalan|ペンションぷうたろう|yad394784|2027-02-11|2027-02-12|2_adults_1_room_1_night,ea369dacac173a2849418d55f270f183d3f81f1cba16862d2ec0f1ddeeb4c0bb,2027_02,2026-09-15,2026-09-15T08:00:01+09:00,2026-09-15T08:00:01+09:00,jalan,AUTO-RUNNER10X,integrated_jalan_bounded_live,ペンションぷうたろう,国内旅行・海外旅行や宿・ホテルの宿泊予約はじゃらんnet　～日本最大級の宿・ホテル予約サイト～,true,yad394784,yad394784,2027-02-11,2027-02-12,1,2,1,0,JPY,ja,2_adults_1_room_1_night,sold_out,sold_out,,,missing_or_unclear,insufficient,insufficient,selected_date_calendar_sold_out,,,,missing_or_unclear,jalan_sold_out_excluded,false,false,true,sold_out_without_price,page_chrome_coupon_or_discount_evidence;tax_included_total_not_confirmed,,,/Volumes/SSD1/ZMI/zao-market-intelligence/.data/debug/auto-runner-market-refresh-rotating/20260915_080001/jalan/classification_decisions/yad394784_2027-02-11.json,zao_local_history_v1
2026-09-15|jalan|ペンションぷうたろう|yad394784|2027-02-13|2027-02-14|2_adults_1_room_1_night,5c3e8b568bc75821e126b4cc0ac7d5b0b8ab30715e6393d8597529bc434f3ebc,2027_02,2026-09-15,2026-09-15T12:00:01+09:00,2026-09-15T12:00:01+09:00,jalan,AUTO-RUNNER10X,integrated_jalan_bounded_live,ペンションぷうたろう,国内旅行・海外旅行や宿・ホテルの宿泊予約はじゃらんnet　～日本最大級の宿・ホテル予約サイト～,true,yad394784,yad394784,2027-02-13,2027-02-14,1,2,1,0,JPY,ja,2_adults_1_room_1_night,sold_out,sold_out,,,missing_or_unclear,insufficient,insufficient,selected_date_calendar_sold_out,,,,missing_or_unclear,jalan_sold_out_excluded,false,false,true,sold_out_without_price,page_chrome_coupon_or_discount_evidence;tax_included_total_not_confirmed,,,/Volumes/SSD1/ZMI/zao-market-intelligence/.data/debug/auto-runner-market-refresh-rotating/20260915_120001/jalan/classification_decisions/yad394784_2027-02-13.json,zao_local_history_v1
2026-09-15|jalan|ペンションぷうたろう|yad394784|2027-02-20|2027-02-21|2_adults_1_room_1_night,5fb26c35848f082e9e4261385f73662d443ef267ff86dd39b6e3b603f49f95a3,2027_02,2026-09-15,2026-09-15T12:00:01+09:00,2026-09-15T12:00:01+09:00,jalan,AUTO-RUNNER10X,integrated_jalan_bounded_live,ペンションぷうたろう,国内旅行・海外旅行や宿・ホテルの宿泊予約はじゃらんnet　～日本最大級の宿・ホテル予約サイト～,true,yad394784,yad394784,2027-02-20,2027-02-21,1,2,1,0,JPY,ja,2_adults_1_room_1_night,sold_out,sold_out,,,missing_or_unclear,insufficient,insufficient,selected_date_calendar_sold_out,,,,missing_or_unclear,jalan_sold_out_excluded,false,false,true,sold_out_without_price,page_chrome_coupon_or_discount_evidence;tax_included_total_not_confirmed,,,/Volumes/SSD1/ZMI/zao-market-intelligence/.data/debug/auto-runner-market-refresh-rotating/20260915_120001/jalan/classification_decisions/yad394784_2027-02-20.json,zao_local_history_v1
2026-09-15|jalan|ペンションぷうたろう|yad394784|2027-02-23|2027-02-24|2_adults_1_room_1_night,e0321433b165c2e18b4c8567a8a7a74ba4446451edbf37efd4552f1607c42ea8,2027_02,2026-09-15,2026-09-15T14:00:01+09:00,2026-09-15T14:00:01+09:00,jalan,AUTO-RUNNER10X,integrated_jalan_bounded_live,ペンションぷうたろう,国内旅行・海外旅行や宿・ホテルの宿泊予約はじゃらんnet　～日本最大級の宿・ホテル予約サイト～,true,yad394784,yad394784,2027-02-23,2027-02-24,1,2,1,0,JPY,ja,2_adults_1_room_1_night,sold_out,sold_out,,,missing_or_unclear,insufficient,insufficient,selected_date_calendar_sold_out,,,,missing_or_unclear,jalan_sold_out_excluded,false,false,true,sold_out_without_price,page_chrome_coupon_or_discount_evidence;tax_included_total_not_confirmed,,,/Volumes/SSD1/ZMI/zao-market-intelligence/.data/debug/auto-runner-market-refresh-rotating/20260915_140001/jalan/classification_decisions/yad394784_2027-02-23.json,zao_local_history_v1
2026-09-16|jalan|ペンション木いちご|yad325769|2027-02-06|2027-02-07|2_adults_1_room_1_night,a996862f3a89ff210dfee678bca2db5ada9c9d7b73209189174d1f232eee95da,2027_02,2026-09-16,2026-09-16T04:00:01+09:00,2026-09-16T04:00:01+09:00,jalan,AUTO-RUNNER10X,integrated_jalan_bounded_live,ペンション木いちご,国内旅行・海外旅行や宿・ホテルの宿泊予約はじゃらんnet　～日本最大級の宿・ホテル予約サイト～,true,yad325769,yad325769,2027-02-06,2027-02-07,1,2,1,0,JPY,ja,2_adults_1_room_1_night,sold_out,sold_out,,,missing_or_unclear,insufficient,insufficient,selected_date_calendar_sold_out,,,,missing_or_unclear,jalan_sold_out_excluded,false,false,true,sold_out_without_price,page_chrome_coupon_or_discount_evidence;tax_included_total_not_confirmed,,,/Volumes/SSD1/ZMI/zao-market-intelligence/.data/debug/auto-runner-market-refresh-rotating/20260916_040001/jalan/classification_decisions/yad325769_2027-02-06.json,zao_local_history_v1
2026-09-16|jalan|ペンション木いちご|yad325769|2027-02-11|2027-02-12|2_adults_1_room_1_night,1de33366d566b1f8867f0a4d39d177249c4cccf98e34ea006974c6da068339f2,2027_02,2026-09-16,2026-09-16T06:00:01+09:00,2026-09-16T06:00:01+09:00,jalan,AUTO-RUNNER10X,integrated_jalan_bounded_live,ペンション木いちご,国内旅行・海外旅行や宿・ホテルの宿泊予約はじゃらんnet　～日本最大級の宿・ホテル予約サイト～,true,yad325769,yad325769,2027-02-11,2027-02-12,1,2,1,0,JPY,ja,2_adults_1_room_1_night,available,not_sold_out_confirmed,,,missing_or_unclear,C,C,"Price visible, meal_basis=confirmed_room_only, but room_basis=excluded_large_room (large_or_triple_or_quad_room_token_detected); excluded from two-person-standard DP per confirmed policy.",21000,,,tax_included_total,jalan_room_type_excluded,false,false,true,excluded_room_type_large,page_chrome_coupon_or_discount_evidence;meal_basis_confirmed_room_only;meal_basis=confirmed_room_only;excluded_room_type_large;room_basis=excluded_large_room,,,/Volumes/SSD1/ZMI/zao-market-intelligence/.data/debug/auto-runner-market-refresh-rotating/20260916_060001/jalan/classification_decisions/yad325769_2027-02-11.json,zao_local_history_v1
2026-09-16|jalan|ペンション木いちご|yad325769|2027-02-13|2027-02-14|2_adults_1_room_1_night,a7dc737c1bb7f52e977c0c4cdc2e28a3a10dbf300ee457920b3b8774abd11501,2027_02,2026-09-16,2026-09-16T08:00:01+09:00,2026-09-16T08:00:01+09:00,jalan,AUTO-RUNNER10X,integrated_jalan_bounded_live,ペンション木いちご,国内旅行・海外旅行や宿・ホテルの宿泊予約はじゃらんnet　～日本最大級の宿・ホテル予約サイト～,true,yad325769,yad325769,2027-02-13,2027-02-14,1,2,1,0,JPY,ja,2_adults_1_room_1_night,available,not_sold_out_confirmed,,,missing_or_unclear,C,C,"Price visible, meal_basis=confirmed_room_only, but room_basis=excluded_large_room (large_or_triple_or_quad_room_token_detected); excluded from two-person-standard DP per confirmed policy.",25000,,,tax_included_total,jalan_room_type_excluded,false,false,true,excluded_room_type_large,page_chrome_coupon_or_discount_evidence;meal_basis_confirmed_room_only;meal_basis=confirmed_room_only;excluded_room_type_large;room_basis=excluded_large_room,,,/Volumes/SSD1/ZMI/zao-market-intelligence/.data/debug/auto-runner-market-refresh-rotating/20260916_080001/jalan/classification_decisions/yad325769_2027-02-13.json,zao_local_history_v1
2026-09-16|jalan|ペンション木いちご|yad325769|2027-02-20|2027-02-21|2_adults_1_room_1_night,3014cf197622d5277b58c296062d862fb2e43e503975bf76bc27101d6b153b79,2027_02,2026-09-16,2026-09-16T14:00:01+09:00,2026-09-16T14:00:01+09:00,jalan,AUTO-RUNNER10X,integrated_jalan_bounded_live,ペンション木いちご,国内旅行・海外旅行や宿・ホテルの宿泊予約はじゃらんnet　～日本最大級の宿・ホテル予約サイト～,true,yad325769,yad325769,2027-02-20,2027-02-21,1,2,1,0,JPY,ja,2_adults_1_room_1_night,available,not_sold_out_confirmed,,,missing_or_unclear,C,C,"Price visible, meal_basis=confirmed_room_only, but room_basis=excluded_large_room (large_or_triple_or_quad_room_token_detected); excluded from two-person-standard DP per confirmed policy.",25000,,,tax_included_total,jalan_room_type_excluded,false,false,true,excluded_room_type_large,page_chrome_coupon_or_discount_evidence;meal_basis_confirmed_room_only;meal_basis=confirmed_room_only;excluded_room_type_large;room_basis=excluded_large_room,,,/Volumes/SSD1/ZMI/zao-market-intelligence/.data/debug/auto-runner-market-refresh-rotating/20260916_140001/jalan/classification_decisions/yad325769_2027-02-20.json,zao_local_history_v1
2026-09-17|jalan|ペンション木いちご|yad325769|2027-02-06|2027-02-07|2_adults_1_room_1_night,308cba90fcdfc274b6359029f58185a198bd29f9ba375ebac9aeebd7da4bd1e6,2027_02,2026-09-17,2026-09-17T04:00:01+09:00,2026-09-17T04:00:01+09:00,jalan,AUTO-RUNNER10X,integrated_jalan_bounded_live,ペンション木いちご,国内旅行・海外旅行や宿・ホテルの宿泊予約はじゃらんnet　～日本最大級の宿・ホテル予約サイト～,true,yad325769,yad325769,2027-02-06,2027-02-07,1,2,1,0,JPY,ja,2_adults_1_room_1_night,sold_out,sold_out,,,missing_or_unclear,insufficient,insufficient,price_basis_or_date_scope_unclear,,,,missing_or_unclear,jalan_sold_out_excluded,false,false,true,sold_out_without_price,page_chrome_coupon_or_discount_evidence;tax_included_total_not_confirmed,,,/Volumes/SSD1/ZMI/zao-market-intelligence/.data/debug/auto-runner-market-refresh-rotating/20260917_040001/jalan/classification_decisions/yad325769_2027-02-06.json,zao_local_history_v1
2026-09-17|jalan|ペンション木いちご|yad325769|2027-02-23|2027-02-24|2_adults_1_room_1_night,b8834a197296a63a07544d1bc67041a8dbf3a904c5cbf55dc555e86e932be485,2027_02,2026-09-17,2026-09-17T04:00:01+09:00,2026-09-17T04:00:01+09:00,jalan,AUTO-RUNNER10X,integrated_jalan_bounded_live,ペンション木いちご,国内旅行・海外旅行や宿・ホテルの宿泊予約はじゃらんnet　～日本最大級の宿・ホテル予約サイト～,true,yad325769,yad325769,2027-02-23,2027-02-24,1,2,1,0,JPY,ja,2_adults_1_room_1_night,available,not_sold_out_confirmed,,,missing_or_unclear,C,C,"Price visible, meal_basis=confirmed_room_only, but room_basis=excluded_large_room (large_or_triple_or_quad_room_token_detected); excluded from two-person-standard DP per confirmed policy.",21000,,,tax_included_total,jalan_room_type_excluded,false,false,true,excluded_room_type_large,page_chrome_coupon_or_discount_evidence;meal_basis_confirmed_room_only;meal_basis=confirmed_room_only;excluded_room_type_large;room_basis=excluded_large_room,,,/Volumes/SSD1/ZMI/zao-market-intelligence/.data/debug/auto-runner-market-refresh-rotating/20260917_040001/jalan/classification_decisions/yad325769_2027-02-23.json,zao_local_history_v1
2026-09-17|jalan|ペンション木いちご|yad325769|2027-02-11|2027-02-12|2_adults_1_room_1_night,fb085b6df3b3637632e7e6a65da3afe30c48b18486ea3d20d54a33d2b49525a6,2027_02,2026-09-17,2026-09-17T06:00:01+09:00,2026-09-17T06:00:01+09:00,jalan,AUTO-RUNNER10X,integrated_jalan_bounded_live,ペンション木いちご,国内旅行・海外旅行や宿・ホテルの宿泊予約はじゃらんnet　～日本最大級の宿・ホテル予約サイト～,true,yad325769,yad325769,2027-02-11,2027-02-12,1,2,1,0,JPY,ja,2_adults_1_room_1_night,available,not_sold_out_confirmed,,,missing_or_unclear,C,C,"Price visible, meal_basis=confirmed_room_only, but room_basis=excluded_large_room (large_or_triple_or_quad_room_token_detected); excluded from two-person-standard DP per confirmed policy.",21000,,,tax_included_total,jalan_room_type_excluded,false,false,true,excluded_room_type_large,page_chrome_coupon_or_discount_evidence;meal_basis_confirmed_room_only;meal_basis=confirmed_room_only;excluded_room_type_large;room_basis=excluded_large_room,,,/Volumes/SSD1/ZMI/zao-market-intelligence/.data/debug/auto-runner-market-refresh-rotating/20260917_060001/jalan/classification_decisions/yad325769_2027-02-11.json,zao_local_history_v1
2026-09-17|jalan|ペンション木いちご|yad325769|2027-02-13|2027-02-14|2_adults_1_room_1_night,57134da6ddc62d0cfafe72ec756c10210659fea3276519b52b9b69a47f13a5ab,2027_02,2026-09-17,2026-09-17T08:00:01+09:00,2026-09-17T08:00:01+09:00,jalan,AUTO-RUNNER10X,integrated_jalan_bounded_live,ペンション木いちご,国内旅行・海外旅行や宿・ホテルの宿泊予約はじゃらんnet　～日本最大級の宿・ホテル予約サイト～,true,yad325769,yad325769,2027-02-13,2027-02-14,1,2,1,0,JPY,ja,2_adults_1_room_1_night,available,not_sold_out_confirmed,,,missing_or_unclear,C,C,"Price visible, meal_basis=confirmed_room_only, but room_basis=excluded_large_room (large_or_triple_or_quad_room_token_detected); excluded from two-person-standard DP per confirmed policy.",25000,,,tax_included_total,jalan_room_type_excluded,false,false,true,excluded_room_type_large,page_chrome_coupon_or_discount_evidence;meal_basis_confirmed_room_only;meal_basis=confirmed_room_only;excluded_room_type_large;room_basis=excluded_large_room,,,/Volumes/SSD1/ZMI/zao-market-intelligence/.data/debug/auto-runner-market-refresh-rotating/20260917_080001/jalan/classification_decisions/yad325769_2027-02-13.json,zao_local_history_v1
2026-09-17|jalan|ペンション木いちご|yad325769|2027-02-27|2027-02-28|2_adults_1_room_1_night,f02c1c043d892ac67e4875545822e66f1a974a6d5a7791598dca8269de43be23,2027_02,2026-09-17,2026-09-17T10:00:02+09:00,2026-09-17T10:00:02+09:00,jalan,AUTO-RUNNER10X,integrated_jalan_bounded_live,ペンション木いちご,国内旅行・海外旅行や宿・ホテルの宿泊予約はじゃらんnet　～日本最大級の宿・ホテル予約サイト～,true,yad325769,yad325769,2027-02-27,2027-02-28,1,2,1,0,JPY,ja,2_adults_1_room_1_night,available,not_sold_out_confirmed,,,missing_or_unclear,C,C,"Price visible, meal_basis=confirmed_room_only, but room_basis=excluded_large_room (large_or_triple_or_quad_room_token_detected); excluded from two-person-standard DP per confirmed policy.",25000,,,tax_included_total,jalan_room_type_excluded,false,false,true,excluded_room_type_large,page_chrome_coupon_or_discount_evidence;meal_basis_confirmed_room_only;meal_basis=confirmed_room_only;excluded_room_type_large;room_basis=excluded_large_room,,,/Volumes/SSD1/ZMI/zao-market-intelligence/.data/debug/auto-runner-market-refresh-rotating/20260917_100002/jalan/classification_decisions/yad325769_2027-02-27.json,zao_local_history_v1
2026-09-17|jalan|ペンション木いちご|yad325769|2027-02-20|2027-02-21|2_adults_1_room_1_night,b17a23acf626ec9507794e499cac591eeff701e0b7e390f3dab0307043e67922,2027_02,2026-09-17,2026-09-17T14:00:01+09:00,2026-09-17T14:00:01+09:00,jalan,AUTO-RUNNER10X,integrated_jalan_bounded_live,ペンション木いちご,国内旅行・海外旅行や宿・ホテルの宿泊予約はじゃらんnet　～日本最大級の宿・ホテル予約サイト～,true,yad325769,yad325769,2027-02-20,2027-02-21,1,2,1,0,JPY,ja,2_adults_1_room_1_night,available,not_sold_out_confirmed,,,missing_or_unclear,C,C,"Price visible, meal_basis=confirmed_room_only, but room_basis=excluded_large_room (large_or_triple_or_quad_room_token_detected); excluded from two-person-standard DP per confirmed policy.",25000,,,tax_included_total,jalan_room_type_excluded,false,false,true,excluded_room_type_large,page_chrome_coupon_or_discount_evidence;meal_basis_confirmed_room_only;meal_basis=confirmed_room_only;excluded_room_type_large;room_basis=excluded_large_room,,,/Volumes/SSD1/ZMI/zao-market-intelligence/.data/debug/auto-runner-market-refresh-rotating/20260917_140001/jalan/classification_decisions/yad325769_2027-02-20.json,zao_local_history_v1
2026-09-17|jalan|深山荘 高見屋|yad321744|2027-02-06|2027-02-07|2_adults_1_room_1_night,fc7deaead90399dbb35419c6fd21ee7c73c66cae0fe8ba29dbfcdb9d98c72877,2027_02,2026-09-17,2026-09-17T16:00:01+09:00,2026-09-17T16:00:01+09:00,jalan,AUTO-RUNNER10X,integrated_jalan_bounded_live,深山荘 高見屋,国内旅行・海外旅行や宿・ホテルの宿泊予約はじゃらんnet　～日本最大級の宿・ホテル予約サイト～,true,yad321744,yad321744,2027-02-06,2027-02-07,1,2,1,0,JPY,ja,2_adults_1_room_1_night,available,not_sold_out_confirmed,,,missing_or_unclear,C,C,Price visible but meal_basis=unknown_meal_basis (jalan_ambiguous_meal_and_room_only_tokens); excluded from room-only DP per confirmed policy.,103400,,,tax_included_total,jalan_unknown_meal_basis_excluded,false,false,true,unknown_meal_basis_excluded,selected_plan_coupon_or_discount_evidence;unknown_meal_basis_excluded;meal_basis=unknown_meal_basis,,,/Volumes/SSD1/ZMI/zao-market-intelligence/.data/debug/auto-runner-market-refresh-rotating/20260917_160001/jalan/classification_decisions/yad321744_2027-02-06.json,zao_local_history_v1
2026-09-18|jalan|ペンション木いちご|yad325769|2027-02-06|2027-02-07|2_adults_1_room_1_night,8a9a36d5bb419b3dea9e7945403f4994c3a1d0cf59550f7b6a2a27cef9f10884,2027_02,2026-09-18,2026-09-18T10:00:01+09:00,2026-09-18T10:00:01+09:00,jalan,AUTO-RUNNER10X,integrated_jalan_bounded_live,ペンション木いちご,国内旅行・海外旅行や宿・ホテルの宿泊予約はじゃらんnet　～日本最大級の宿・ホテル予約サイト～,true,yad325769,yad325769,2027-02-06,2027-02-07,1,2,1,0,JPY,ja,2_adults_1_room_1_night,sold_out,sold_out,,,missing_or_unclear,insufficient,insufficient,selected_date_calendar_sold_out,,,,missing_or_unclear,jalan_sold_out_excluded,false,false,true,sold_out_without_price,page_chrome_coupon_or_discount_evidence;tax_included_total_not_confirmed,,,/Volumes/SSD1/ZMI/zao-market-intelligence/.data/debug/auto-runner-market-refresh-rotating/20260918_100001/jalan/classification_decisions/yad325769_2027-02-06.json,zao_local_history_v1
2026-09-18|jalan|蔵王四季のホテル|yad322447|2027-02-06|2027-02-07|2_adults_1_room_1_night,f7032063ae895f88f4a4658a792cb4de45949f26a81383974dc85266c38c9416,2027_02,2026-09-18,2026-09-18T16:00:01+09:00,2026-09-18T16:00:01+09:00,jalan,AUTO-RUNNER10X,integrated_jalan_bounded_live,蔵王四季のホテル,国内旅行・海外旅行や宿・ホテルの宿泊予約はじゃらんnet　～日本最大級の宿・ホテル予約サイト～,true,yad322447,yad322447,2027-02-06,2027-02-07,1,2,1,0,JPY,ja,2_adults_1_room_1_night,available,not_sold_out_confirmed,,,missing_or_unclear,C,C,Price visible but meal_basis=unknown_meal_basis (jalan_ambiguous_meal_and_room_only_tokens); excluded from room-only DP per confirmed policy.,145200,,,tax_included_total,jalan_unknown_meal_basis_excluded,false,false,true,unknown_meal_basis_excluded,page_chrome_coupon_or_discount_evidence;unknown_meal_basis_excluded;meal_basis=unknown_meal_basis,,,/Volumes/SSD1/ZMI/zao-market-intelligence/.data/debug/auto-runner-market-refresh-rotating/20260918_160001/jalan/classification_decisions/yad322447_2027-02-06.json,zao_local_history_v1
2026-09-20|jalan|蔵王四季のホテル|yad322447|2027-02-06|2027-02-07|2_adults_1_room_1_night,19524f4fc689bd23f9579d3cac78204212cd67f3b80c600a57c47ea5a1865af1,2027_02,2026-09-20,2026-09-20T22:00:01+09:00,2026-09-20T22:00:01+09:00,jalan,AUTO-RUNNER10X,integrated_jalan_bounded_live,蔵王四季のホテル,国内旅行・海外旅行や宿・ホテルの宿泊予約はじゃらんnet　～日本最大級の宿・ホテル予約サイト～,true,yad322447,yad322447,2027-02-06,2027-02-07,1,2,1,0,JPY,ja,2_adults_1_room_1_night,available,not_sold_out_confirmed,,,missing_or_unclear,C,C,Price visible but meal_basis=unknown_meal_basis (jalan_ambiguous_meal_and_room_only_tokens); excluded from room-only DP per confirmed policy.,145200,,,tax_included_total,jalan_unknown_meal_basis_excluded,false,false,true,unknown_meal_basis_excluded,page_chrome_coupon_or_discount_evidence;unknown_meal_basis_excluded;meal_basis=unknown_meal_basis,,,/Volumes/SSD1/ZMI/zao-market-intelligence/.data/debug/auto-runner-market-refresh-rotating/20260920_220001/jalan/classification_decisions/yad322447_2027-02-06.json,zao_local_history_v1
2026-09-20|jalan|ペンション木いちご|yad325769|2027-02-11|2027-02-12|2_adults_1_room_1_night,3f81672249a5b8eaeb00d42fc5d286ad7bf331169fa940e9c1bae4bc98966b39,2027_02,2026-09-20,2026-09-20T22:00:01+09:00,2026-09-20T22:00:01+09:00,jalan,AUTO-RUNNER10X,integrated_jalan_bounded_live,ペンション木いちご,国内旅行・海外旅行や宿・ホテルの宿泊予約はじゃらんnet　～日本最大級の宿・ホテル予約サイト～,true,yad325769,yad325769,2027-02-11,2027-02-12,1,2,1,0,JPY,ja,2_adults_1_room_1_night,sold_out,sold_out,,,missing_or_unclear,insufficient,insufficient,selected_date_calendar_sold_out,,,,missing_or_unclear,jalan_sold_out_excluded,false,false,true,sold_out_without_price,page_chrome_coupon_or_discount_evidence;tax_included_total_not_confirmed,,,/Volumes/SSD1/ZMI/zao-market-intelligence/.data/debug/auto-runner-market-refresh-rotating/20260920_220001/jalan/classification_decisions/yad325769_2027-02-11.json,zao_local_history_v1
2026-09-21|jalan|蔵王四季のホテル|yad322447|2027-02-11|2027-02-12|2_adults_1_room_1_night,5386f2ac6cf36e64540d345c93237678dfec007fa9e55d2b566c666012736457,2027_02,2026-09-21,2026-09-21T00:00:01+09:00,2026-09-21T00:00:01+09:00,jalan,AUTO-RUNNER10X,integrated_jalan_bounded_live,蔵王四季のホテル,国内旅行・海外旅行や宿・ホテルの宿泊予約はじゃらんnet　～日本最大級の宿・ホテル予約サイト～,true,yad322447,yad322447,2027-02-11,2027-02-12,1,2,1,0,JPY,ja,2_adults_1_room_1_night,available,not_sold_out_confirmed,,,missing_or_unclear,C,C,Price visible but meal_basis=unknown_meal_basis (jalan_ambiguous_meal_and_room_only_tokens); excluded from room-only DP per confirmed policy.,138600,,,tax_included_total,jalan_unknown_meal_basis_excluded,false,false,true,unknown_meal_basis_excluded,page_chrome_coupon_or_discount_evidence;unknown_meal_basis_excluded;meal_basis=unknown_meal_basis,,,/Volumes/SSD1/ZMI/zao-market-intelligence/.data/debug/auto-runner-market-refresh-rotating/20260921_000001/jalan/classification_decisions/yad322447_2027-02-11.json,zao_local_history_v1
2026-09-21|jalan|ペンション木いちご|yad325769|2027-02-06|2027-02-07|2_adults_1_room_1_night,e5e3ff55c154bbee21b2c2c16b6439a4581e3aa84568a5baaf5e8fd054b8458a,2027_02,2026-09-21,2026-09-21T00:00:01+09:00,2026-09-21T00:00:01+09:00,jalan,AUTO-RUNNER10X,integrated_jalan_bounded_live,ペンション木いちご,国内旅行・海外旅行や宿・ホテルの宿泊予約はじゃらんnet　～日本最大級の宿・ホテル予約サイト～,true,yad325769,yad325769,2027-02-06,2027-02-07,1,2,1,0,JPY,ja,2_adults_1_room_1_night,sold_out,sold_out,,,missing_or_unclear,insufficient,insufficient,selected_date_calendar_sold_out,,,,missing_or_unclear,jalan_sold_out_excluded,false,false,true,sold_out_without_price,page_chrome_coupon_or_discount_evidence;tax_included_total_not_confirmed,,,/Volumes/SSD1/ZMI/zao-market-intelligence/.data/debug/auto-runner-market-refresh-rotating/20260921_000001/jalan/classification_decisions/yad325769_2027-02-06.json,zao_local_history_v1
2026-09-21|jalan|蔵王四季のホテル|yad322447|2027-02-13|2027-02-14|2_adults_1_room_1_night,0da6db176a64b8add5dedfdd5493c808fbabc3330ee3930331c789b21e3fa833,2027_02,2026-09-21,2026-09-21T00:00:01+09:00,2026-09-21T00:00:01+09:00,jalan,AUTO-RUNNER10X,integrated_jalan_bounded_live,蔵王四季のホテル,国内旅行・海外旅行や宿・ホテルの宿泊予約はじゃらんnet　～日本最大級の宿・ホテル予約サイト～,true,yad322447,yad322447,2027-02-13,2027-02-14,1,2,1,0,JPY,ja,2_adults_1_room_1_night,available,not_sold_out_confirmed,,,missing_or_unclear,C,C,Price visible but meal_basis=unknown_meal_basis (jalan_ambiguous_meal_and_room_only_tokens); excluded from room-only DP per confirmed policy.,156200,,,tax_included_total,jalan_unknown_meal_basis_excluded,false,false,true,unknown_meal_basis_excluded,page_chrome_coupon_or_discount_evidence;unknown_meal_basis_excluded;meal_basis=unknown_meal_basis,,,/Volumes/SSD1/ZMI/zao-market-intelligence/.data/debug/auto-runner-market-refresh-rotating/20260921_000001/jalan/classification_decisions/yad322447_2027-02-13.json,zao_local_history_v1
2026-09-21|jalan|ペンション木いちご|yad325769|2027-02-20|2027-02-21|2_adults_1_room_1_night,d1db6b60a8d8d155d389b141ee29abe5e1ad375e6f09685cf8e257fe6d834629,2027_02,2026-09-21,2026-09-21T00:00:01+09:00,2026-09-21T00:00:01+09:00,jalan,AUTO-RUNNER10X,integrated_jalan_bounded_live,ペンション木いちご,国内旅行・海外旅行や宿・ホテルの宿泊予約はじゃらんnet　～日本最大級の宿・ホテル予約サイト～,true,yad325769,yad325769,2027-02-20,2027-02-21,1,2,1,0,JPY,ja,2_adults_1_room_1_night,available,not_sold_out_confirmed,,,missing_or_unclear,C,C,"Price visible, meal_basis=confirmed_room_only, but room_basis=excluded_large_room (large_or_triple_or_quad_room_token_detected); excluded from two-person-standard DP per confirmed policy.",25000,,,tax_included_total,jalan_room_type_excluded,false,false,true,excluded_room_type_large,page_chrome_coupon_or_discount_evidence;meal_basis_confirmed_room_only;meal_basis=confirmed_room_only;excluded_room_type_large;room_basis=excluded_large_room,,,/Volumes/SSD1/ZMI/zao-market-intelligence/.data/debug/auto-runner-market-refresh-rotating/20260921_000001/jalan/classification_decisions/yad325769_2027-02-20.json,zao_local_history_v1
2026-09-21|jalan|蔵王四季のホテル|yad322447|2027-02-20|2027-02-21|2_adults_1_room_1_night,0a6a75a8692fd053d8c5bd30e9b89e4daf5594294fcd48cd445c1bf9d8c2d601,2027_02,2026-09-21,2026-09-21T02:00:01+09:00,2026-09-21T02:00:01+09:00,jalan,AUTO-RUNNER10X,integrated_jalan_bounded_live,蔵王四季のホテル,国内旅行・海外旅行や宿・ホテルの宿泊予約はじゃらんnet　～日本最大級の宿・ホテル予約サイト～,true,yad322447,yad322447,2027-02-20,2027-02-21,1,2,1,0,JPY,ja,2_adults_1_room_1_night,available,not_sold_out_confirmed,,,missing_or_unclear,C,C,Price visible but meal_basis=unknown_meal_basis (jalan_ambiguous_meal_and_room_only_tokens); excluded from room-only DP per confirmed policy.,140800,,,tax_included_total,jalan_unknown_meal_basis_excluded,false,false,true,unknown_meal_basis_excluded,page_chrome_coupon_or_discount_evidence;unknown_meal_basis_excluded;meal_basis=unknown_meal_basis,,,/Volumes/SSD1/ZMI/zao-market-intelligence/.data/debug/auto-runner-market-refresh-rotating/20260921_020001/jalan/classification_decisions/yad322447_2027-02-20.json,zao_local_history_v1
2026-09-21|jalan|ペンション木いちご|yad325769|2027-02-13|2027-02-14|2_adults_1_room_1_night,fa1adb16fc2e178abca1a499ff4ab85e5311a84a6ba80d792757014be7e1f966,2027_02,2026-09-21,2026-09-21T02:00:01+09:00,2026-09-21T02:00:01+09:00,jalan,AUTO-RUNNER10X,integrated_jalan_bounded_live,ペンション木いちご,国内旅行・海外旅行や宿・ホテルの宿泊予約はじゃらんnet　～日本最大級の宿・ホテル予約サイト～,true,yad325769,yad325769,2027-02-13,2027-02-14,1,2,1,0,JPY,ja,2_adults_1_room_1_night,available,not_sold_out_confirmed,,,missing_or_unclear,C,C,"Price visible, meal_basis=confirmed_room_only, but room_basis=excluded_large_room (large_or_triple_or_quad_room_token_detected); excluded from two-person-standard DP per confirmed policy.",25000,,,tax_included_total,jalan_room_type_excluded,false,false,true,excluded_room_type_large,page_chrome_coupon_or_discount_evidence;meal_basis_confirmed_room_only;meal_basis=confirmed_room_only;excluded_room_type_large;room_basis=excluded_large_room,,,/Volumes/SSD1/ZMI/zao-market-intelligence/.data/debug/auto-runner-market-refresh-rotating/20260921_020001/jalan/classification_decisions/yad325769_2027-02-13.json,zao_local_history_v1
2026-09-21|jalan|蔵王四季のホテル|yad322447|2027-02-23|2027-02-24|2_adults_1_room_1_night,b78aa62f9622c22b2185451c4ef7f93dc9fbfbcc3bd555b3c12a777bcf0a2b60,2027_02,2026-09-21,2026-09-21T02:00:01+09:00,2026-09-21T02:00:01+09:00,jalan,AUTO-RUNNER10X,integrated_jalan_bounded_live,蔵王四季のホテル,国内旅行・海外旅行や宿・ホテルの宿泊予約はじゃらんnet　～日本最大級の宿・ホテル予約サイト～,true,yad322447,yad322447,2027-02-23,2027-02-24,1,2,1,0,JPY,ja,2_adults_1_room_1_night,available,not_sold_out_confirmed,,,missing_or_unclear,C,C,Price visible but meal_basis=unknown_meal_basis (jalan_ambiguous_meal_and_room_only_tokens); excluded from room-only DP per confirmed policy.,118800,,,tax_included_total,jalan_unknown_meal_basis_excluded,false,false,true,unknown_meal_basis_excluded,page_chrome_coupon_or_discount_evidence;unknown_meal_basis_excluded;meal_basis=unknown_meal_basis,,,/Volumes/SSD1/ZMI/zao-market-intelligence/.data/debug/auto-runner-market-refresh-rotating/20260921_020001/jalan/classification_decisions/yad322447_2027-02-23.json,zao_local_history_v1
2026-09-21|jalan|ペンション木いちご|yad325769|2027-02-27|2027-02-28|2_adults_1_room_1_night,bf3bdf47b92d0735eee502bd86a5a7ec0254818de2bb457406612568a717328c,2027_02,2026-09-21,2026-09-21T02:00:01+09:00,2026-09-21T02:00:01+09:00,jalan,AUTO-RUNNER10X,integrated_jalan_bounded_live,ペンション木いちご,国内旅行・海外旅行や宿・ホテルの宿泊予約はじゃらんnet　～日本最大級の宿・ホテル予約サイト～,true,yad325769,yad325769,2027-02-27,2027-02-28,1,2,1,0,JPY,ja,2_adults_1_room_1_night,available,not_sold_out_confirmed,,,missing_or_unclear,C,C,"Price visible, meal_basis=confirmed_room_only, but room_basis=excluded_large_room (large_or_triple_or_quad_room_token_detected); excluded from two-person-standard DP per confirmed policy.",25000,,,tax_included_total,jalan_room_type_excluded,false,false,true,excluded_room_type_large,page_chrome_coupon_or_discount_evidence;meal_basis_confirmed_room_only;meal_basis=confirmed_room_only;excluded_room_type_large;room_basis=excluded_large_room,,,/Volumes/SSD1/ZMI/zao-market-intelligence/.data/debug/auto-runner-market-refresh-rotating/20260921_020001/jalan/classification_decisions/yad325769_2027-02-27.json,zao_local_history_v1
2026-09-21|jalan|たかみや瑠璃倶楽|yad316848|2027-02-06|2027-02-07|2_adults_1_room_1_night,9268f208d3c831c12d49bbdbad22a4ba11c4a96edaa33896c2a6a3be08189b8b,2027_02,2026-09-21,2026-09-21T04:00:01+09:00,2026-09-21T04:00:01+09:00,jalan,AUTO-RUNNER10X,integrated_jalan_bounded_live,たかみや瑠璃倶楽,国内旅行・海外旅行や宿・ホテルの宿泊予約はじゃらんnet　～日本最大級の宿・ホテル予約サイト～,true,yad316848,yad316848,2027-02-06,2027-02-07,1,2,1,0,JPY,ja,2_adults_1_room_1_night,sold_out,sold_out,,,missing_or_unclear,insufficient,insufficient,selected_date_calendar_sold_out,,,,missing_or_unclear,jalan_sold_out_excluded,false,false,true,sold_out_without_price,page_chrome_coupon_or_discount_evidence;tax_included_total_not_confirmed,,,/Volumes/SSD1/ZMI/zao-market-intelligence/.data/debug/auto-runner-market-refresh-rotating/20260921_040001/jalan/classification_decisions/yad316848_2027-02-06.json,zao_local_history_v1
2026-09-21|jalan|ペンション木いちご|yad325769|2027-02-23|2027-02-24|2_adults_1_room_1_night,57e336cbd7e90e6d607c23690185f25f8285aa0c2609981b75210e9d12280298,2027_02,2026-09-21,2026-09-21T04:00:01+09:00,2026-09-21T04:00:01+09:00,jalan,AUTO-RUNNER10X,integrated_jalan_bounded_live,ペンション木いちご,国内旅行・海外旅行や宿・ホテルの宿泊予約はじゃらんnet　～日本最大級の宿・ホテル予約サイト～,true,yad325769,yad325769,2027-02-23,2027-02-24,1,2,1,0,JPY,ja,2_adults_1_room_1_night,available,not_sold_out_confirmed,,,missing_or_unclear,C,C,"Price visible, meal_basis=confirmed_room_only, but room_basis=excluded_large_room (large_or_triple_or_quad_room_token_detected); excluded from two-person-standard DP per confirmed policy.",21000,,,tax_included_total,jalan_room_type_excluded,false,false,true,excluded_room_type_large,page_chrome_coupon_or_discount_evidence;meal_basis_confirmed_room_only;meal_basis=confirmed_room_only;excluded_room_type_large;room_basis=excluded_large_room,,,/Volumes/SSD1/ZMI/zao-market-intelligence/.data/debug/auto-runner-market-refresh-rotating/20260921_040001/jalan/classification_decisions/yad325769_2027-02-23.json,zao_local_history_v1
2026-09-21|jalan|たかみや瑠璃倶楽|yad316848|2027-02-11|2027-02-12|2_adults_1_room_1_night,2e4bd64b435de5c9234a2540c83074d897a53ca9499432ee947065e0c8c838e9,2027_02,2026-09-21,2026-09-21T06:00:01+09:00,2026-09-21T06:00:01+09:00,jalan,AUTO-RUNNER10X,integrated_jalan_bounded_live,たかみや瑠璃倶楽,国内旅行・海外旅行や宿・ホテルの宿泊予約はじゃらんnet　～日本最大級の宿・ホテル予約サイト～,true,yad316848,yad316848,2027-02-11,2027-02-12,1,2,1,0,JPY,ja,2_adults_1_room_1_night,sold_out,sold_out,,,missing_or_unclear,insufficient,insufficient,selected_date_calendar_sold_out,,,,missing_or_unclear,jalan_sold_out_excluded,false,false,true,sold_out_without_price,page_chrome_coupon_or_discount_evidence;tax_included_total_not_confirmed,,,/Volumes/SSD1/ZMI/zao-market-intelligence/.data/debug/auto-runner-market-refresh-rotating/20260921_060000/jalan/classification_decisions/yad316848_2027-02-11.json,zao_local_history_v1
2026-09-21|jalan|たかみや瑠璃倶楽|yad316848|2027-02-13|2027-02-14|2_adults_1_room_1_night,8f8a0e9a1706409691284739acd69f7aed40772a53c560edfe24b82557029ef0,2027_02,2026-09-21,2026-09-21T06:00:01+09:00,2026-09-21T06:00:01+09:00,jalan,AUTO-RUNNER10X,integrated_jalan_bounded_live,たかみや瑠璃倶楽,国内旅行・海外旅行や宿・ホテルの宿泊予約はじゃらんnet　～日本最大級の宿・ホテル予約サイト～,true,yad316848,yad316848,2027-02-13,2027-02-14,1,2,1,0,JPY,ja,2_adults_1_room_1_night,sold_out,sold_out,,,missing_or_unclear,insufficient,insufficient,selected_date_calendar_sold_out,,,,missing_or_unclear,jalan_sold_out_excluded,false,false,true,sold_out_without_price,page_chrome_coupon_or_discount_evidence;tax_included_total_not_confirmed,,,/Volumes/SSD1/ZMI/zao-market-intelligence/.data/debug/auto-runner-market-refresh-rotating/20260921_060000/jalan/classification_decisions/yad316848_2027-02-13.json,zao_local_history_v1
2026-09-21|jalan|たかみや瑠璃倶楽|yad316848|2027-02-20|2027-02-21|2_adults_1_room_1_night,1cca8f7ce1b282fe34d195e89cd7652187fd4051267ef9d6902c8215611d36dc,2027_02,2026-09-21,2026-09-21T10:00:01+09:00,2026-09-21T10:00:01+09:00,jalan,AUTO-RUNNER10X,integrated_jalan_bounded_live,たかみや瑠璃倶楽,国内旅行・海外旅行や宿・ホテルの宿泊予約はじゃらんnet　～日本最大級の宿・ホテル予約サイト～,true,yad316848,yad316848,2027-02-20,2027-02-21,1,2,1,0,JPY,ja,2_adults_1_room_1_night,available,not_sold_out_confirmed,,,missing_or_unclear,C,C,"Price visible, meal_basis=confirmed_room_only, but room_basis=excluded_family_or_suite_room (family_or_suite_room_token_detected); excluded from two-person-standard DP per confirmed policy.",48400,,,tax_included_total,jalan_room_type_excluded,false,false,true,excluded_room_type_family_or_suite,selected_plan_coupon_or_discount_evidence;meal_basis_confirmed_room_only;meal_basis=confirmed_room_only;excluded_room_type_family_or_suite;room_basis=excluded_family_or_suite_room,,,/Volumes/SSD1/ZMI/zao-market-intelligence/.data/debug/auto-runner-market-refresh-rotating/20260921_100001/jalan/classification_decisions/yad316848_2027-02-20.json,zao_local_history_v1
2026-09-21|jalan|たかみや瑠璃倶楽|yad316848|2027-02-23|2027-02-24|2_adults_1_room_1_night,69037d85ca575f778a60ac460f835725bc6817958bc08b8a3eb1d2e5a21023ff,2027_02,2026-09-21,2026-09-21T10:00:01+09:00,2026-09-21T10:00:01+09:00,jalan,AUTO-RUNNER10X,integrated_jalan_bounded_live,たかみや瑠璃倶楽,国内旅行・海外旅行や宿・ホテルの宿泊予約はじゃらんnet　～日本最大級の宿・ホテル予約サイト～,true,yad316848,yad316848,2027-02-23,2027-02-24,1,2,1,0,JPY,ja,2_adults_1_room_1_night,available,not_sold_out_confirmed,,,missing_or_unclear,C,C,"Price visible, meal_basis=confirmed_room_only, but room_basis=excluded_family_or_suite_room (family_or_suite_room_token_detected); excluded from two-person-standard DP per confirmed policy.",40700,,,tax_included_total,jalan_room_type_excluded,false,false,true,excluded_room_type_family_or_suite,selected_plan_coupon_or_discount_evidence;meal_basis_confirmed_room_only;meal_basis=confirmed_room_only;excluded_room_type_family_or_suite;room_basis=excluded_family_or_suite_room,,,/Volumes/SSD1/ZMI/zao-market-intelligence/.data/debug/auto-runner-market-refresh-rotating/20260921_100001/jalan/classification_decisions/yad316848_2027-02-23.json,zao_local_history_v1
2026-09-21|jalan|蔵王四季のホテル|yad322447|2027-02-27|2027-02-28|2_adults_1_room_1_night,218859b8280266f92c29d4732d00ccbaffc53c068a641d9cdd5acbae9481f7e2,2027_02,2026-09-21,2026-09-21T10:00:01+09:00,2026-09-21T10:00:01+09:00,jalan,AUTO-RUNNER10X,integrated_jalan_bounded_live,蔵王四季のホテル,国内旅行・海外旅行や宿・ホテルの宿泊予約はじゃらんnet　～日本最大級の宿・ホテル予約サイト～,true,yad322447,yad322447,2027-02-27,2027-02-28,1,2,1,0,JPY,ja,2_adults_1_room_1_night,available,not_sold_out_confirmed,,,missing_or_unclear,C,C,Price visible but meal_basis=unknown_meal_basis (jalan_ambiguous_meal_and_room_only_tokens); excluded from room-only DP per confirmed policy.,143000,,,tax_included_total,jalan_unknown_meal_basis_excluded,false,false,true,unknown_meal_basis_excluded,page_chrome_coupon_or_discount_evidence;unknown_meal_basis_excluded;meal_basis=unknown_meal_basis,,,/Volumes/SSD1/ZMI/zao-market-intelligence/.data/debug/auto-runner-market-refresh-rotating/20260921_100001/jalan/classification_decisions/yad322447_2027-02-27.json,zao_local_history_v1
2026-09-21|jalan|たかみや瑠璃倶楽|yad316848|2027-02-27|2027-02-28|2_adults_1_room_1_night,d765b9b9df0cde4284b4b5d572719cbe1bed3ba365872fa2b7de4b87b8c24e58,2027_02,2026-09-21,2026-09-21T22:00:01+09:00,2026-09-21T22:00:01+09:00,jalan,AUTO-RUNNER10X,integrated_jalan_bounded_live,たかみや瑠璃倶楽,国内旅行・海外旅行や宿・ホテルの宿泊予約はじゃらんnet　～日本最大級の宿・ホテル予約サイト～,true,yad316848,yad316848,2027-02-27,2027-02-28,1,2,1,0,JPY,ja,2_adults_1_room_1_night,available,not_sold_out_confirmed,,,missing_or_unclear,C,C,"Price visible, meal_basis=confirmed_room_only, but room_basis=excluded_family_or_suite_room (family_or_suite_room_token_detected); excluded from two-person-standard DP per confirmed policy.",40700,,,tax_included_total,jalan_room_type_excluded,false,false,true,excluded_room_type_family_or_suite,selected_plan_coupon_or_discount_evidence;meal_basis_confirmed_room_only;meal_basis=confirmed_room_only;excluded_room_type_family_or_suite;room_basis=excluded_family_or_suite_room,,,/Volumes/SSD1/ZMI/zao-market-intelligence/.data/debug/auto-runner-market-refresh-rotating/20260921_220001/jalan/classification_decisions/yad316848_2027-02-27.json,zao_local_history_v1
2026-09-21|jalan|蔵王四季のホテル|yad322447|2027-02-06|2027-02-07|2_adults_1_room_1_night,70778fde5dfe28a9b3adeea0a5876cccca187c1c65f3d8b40f0180836f7720d6,2027_02,2026-09-21,2026-09-21T22:00:01+09:00,2026-09-21T22:00:01+09:00,jalan,AUTO-RUNNER10X,integrated_jalan_bounded_live,蔵王四季のホテル,国内旅行・海外旅行や宿・ホテルの宿泊予約はじゃらんnet　～日本最大級の宿・ホテル予約サイト～,true,yad322447,yad322447,2027-02-06,2027-02-07,1,2,1,0,JPY,ja,2_adults_1_room_1_night,available,not_sold_out_confirmed,,,missing_or_unclear,C,C,Price visible but meal_basis=unknown_meal_basis (jalan_ambiguous_meal_and_room_only_tokens); excluded from room-only DP per confirmed policy.,145200,,,tax_included_total,jalan_unknown_meal_basis_excluded,false,false,true,unknown_meal_basis_excluded,page_chrome_coupon_or_discount_evidence;unknown_meal_basis_excluded;meal_basis=unknown_meal_basis,,,/Volumes/SSD1/ZMI/zao-market-intelligence/.data/debug/auto-runner-market-refresh-rotating/20260921_220001/jalan/classification_decisions/yad322447_2027-02-06.json,zao_local_history_v1
2026-09-22|jalan|蔵王四季のホテル|yad322447|2027-02-11|2027-02-12|2_adults_1_room_1_night,683c55b6816c82fbbc6f0818dcc8ae5aa64931e5aa8031d050985c34123521d3,2027_02,2026-09-22,2026-09-22T00:00:01+09:00,2026-09-22T00:00:01+09:00,jalan,AUTO-RUNNER10X,integrated_jalan_bounded_live,蔵王四季のホテル,国内旅行・海外旅行や宿・ホテルの宿泊予約はじゃらんnet　～日本最大級の宿・ホテル予約サイト～,true,yad322447,yad322447,2027-02-11,2027-02-12,1,2,1,0,JPY,ja,2_adults_1_room_1_night,available,not_sold_out_confirmed,,,missing_or_unclear,C,C,Price visible but meal_basis=unknown_meal_basis (jalan_ambiguous_meal_and_room_only_tokens); excluded from room-only DP per confirmed policy.,138600,,,tax_included_total,jalan_unknown_meal_basis_excluded,false,false,true,unknown_meal_basis_excluded,page_chrome_coupon_or_discount_evidence;unknown_meal_basis_excluded;meal_basis=unknown_meal_basis,,,/Volumes/SSD1/ZMI/zao-market-intelligence/.data/debug/auto-runner-market-refresh-rotating/20260922_000001/jalan/classification_decisions/yad322447_2027-02-11.json,zao_local_history_v1
2026-09-22|jalan|蔵王四季のホテル|yad322447|2027-02-13|2027-02-14|2_adults_1_room_1_night,6523fab93f1a689c4815d791f783e778e05060db61c1040b88ebada1e95b1369,2027_02,2026-09-22,2026-09-22T02:15:03+09:00,2026-09-22T02:15:03+09:00,jalan,AUTO-RUNNER10X,integrated_jalan_bounded_live,蔵王四季のホテル,国内旅行・海外旅行や宿・ホテルの宿泊予約はじゃらんnet　～日本最大級の宿・ホテル予約サイト～,true,yad322447,yad322447,2027-02-13,2027-02-14,1,2,1,0,JPY,ja,2_adults_1_room_1_night,available,not_sold_out_confirmed,,,missing_or_unclear,C,C,Price visible but meal_basis=unknown_meal_basis (jalan_ambiguous_meal_and_room_only_tokens); excluded from room-only DP per confirmed policy.,156200,,,tax_included_total,jalan_unknown_meal_basis_excluded,false,false,true,unknown_meal_basis_excluded,page_chrome_coupon_or_discount_evidence;unknown_meal_basis_excluded;meal_basis=unknown_meal_basis,,,/Volumes/SSD1/ZMI/zao-market-intelligence/.data/debug/auto-runner-market-refresh-rotating/20260922_021503/jalan/classification_decisions/yad322447_2027-02-13.json,zao_local_history_v1
2026-09-22|jalan|深山荘 高見屋|yad321744|2027-02-06|2027-02-07|2_adults_1_room_1_night,d959fa1182850ab98f174ce34e7644046756890c050944066cb46e326236807a,2027_02,2026-09-22,2026-09-22T14:00:01+09:00,2026-09-22T14:00:01+09:00,jalan,AUTO-RUNNER10X,integrated_jalan_bounded_live,深山荘 高見屋,国内旅行・海外旅行や宿・ホテルの宿泊予約はじゃらんnet　～日本最大級の宿・ホテル予約サイト～,true,yad321744,yad321744,2027-02-06,2027-02-07,1,2,1,0,JPY,ja,2_adults_1_room_1_night,available,not_sold_out_confirmed,,,missing_or_unclear,C,C,Price visible but meal_basis=unknown_meal_basis (jalan_ambiguous_meal_and_room_only_tokens); excluded from room-only DP per confirmed policy.,51700,,,tax_included_total,jalan_unknown_meal_basis_excluded,false,false,true,unknown_meal_basis_excluded,selected_plan_coupon_or_discount_evidence;unknown_meal_basis_excluded;meal_basis=unknown_meal_basis,,,/Volumes/SSD1/ZMI/zao-market-intelligence/.data/debug/auto-runner-market-refresh-rotating/20260922_140001/jalan/classification_decisions/yad321744_2027-02-06.json,zao_local_history_v1
2026-09-22|jalan|深山荘 高見屋|yad321744|2027-02-11|2027-02-12|2_adults_1_room_1_night,9dad4881c97949e003ca19a3c3a15d1045cfe9c2839830ac56905b625298d85e,2027_02,2026-09-22,2026-09-22T16:00:01+09:00,2026-09-22T16:00:01+09:00,jalan,AUTO-RUNNER10X,integrated_jalan_bounded_live,深山荘 高見屋,国内旅行・海外旅行や宿・ホテルの宿泊予約はじゃらんnet　～日本最大級の宿・ホテル予約サイト～,true,yad321744,yad321744,2027-02-11,2027-02-12,1,2,1,0,JPY,ja,2_adults_1_room_1_night,available,not_sold_out_confirmed,,,missing_or_unclear,C,C,Price visible but meal_basis=unknown_meal_basis (jalan_ambiguous_meal_and_room_only_tokens); excluded from room-only DP per confirmed policy.,58300,,,tax_included_total,jalan_unknown_meal_basis_excluded,false,false,true,unknown_meal_basis_excluded,selected_plan_coupon_or_discount_evidence;unknown_meal_basis_excluded;meal_basis=unknown_meal_basis,,,/Volumes/SSD1/ZMI/zao-market-intelligence/.data/debug/auto-runner-market-refresh-rotating/20260922_160001/jalan/classification_decisions/yad321744_2027-02-11.json,zao_local_history_v1
2026-09-22|jalan|深山荘 高見屋|yad321744|2027-02-13|2027-02-14|2_adults_1_room_1_night,bd6e6aa30a05f0cf59465cd89fcbbb02ba055343166f129dcbaa46001f77cfdd,2027_02,2026-09-22,2026-09-22T16:00:01+09:00,2026-09-22T16:00:01+09:00,jalan,AUTO-RUNNER10X,integrated_jalan_bounded_live,深山荘 高見屋,国内旅行・海外旅行や宿・ホテルの宿泊予約はじゃらんnet　～日本最大級の宿・ホテル予約サイト～,true,yad321744,yad321744,2027-02-13,2027-02-14,1,2,1,0,JPY,ja,2_adults_1_room_1_night,available,not_sold_out_confirmed,,,missing_or_unclear,C,C,Price visible but meal_basis=unknown_meal_basis (jalan_ambiguous_meal_and_room_only_tokens); excluded from room-only DP per confirmed policy.,58300,,,tax_included_total,jalan_unknown_meal_basis_excluded,false,false,true,unknown_meal_basis_excluded,selected_plan_coupon_or_discount_evidence;unknown_meal_basis_excluded;meal_basis=unknown_meal_basis,,,/Volumes/SSD1/ZMI/zao-market-intelligence/.data/debug/auto-runner-market-refresh-rotating/20260922_160001/jalan/classification_decisions/yad321744_2027-02-13.json,zao_local_history_v1
2026-09-22|jalan|深山荘 高見屋|yad321744|2027-02-20|2027-02-21|2_adults_1_room_1_night,bb713f9f089a4313964488715facad893d751846f5a2bbc7bd44df8ca4511339,2027_02,2026-09-22,2026-09-22T18:00:01+09:00,2026-09-22T18:00:01+09:00,jalan,AUTO-RUNNER10X,integrated_jalan_bounded_live,深山荘 高見屋,国内旅行・海外旅行や宿・ホテルの宿泊予約はじゃらんnet　～日本最大級の宿・ホテル予約サイト～,true,yad321744,yad321744,2027-02-20,2027-02-21,1,2,1,0,JPY,ja,2_adults_1_room_1_night,available,not_sold_out_confirmed,,,missing_or_unclear,C,C,Price visible but meal_basis=unknown_meal_basis (jalan_ambiguous_meal_and_room_only_tokens); excluded from room-only DP per confirmed policy.,58300,,,tax_included_total,jalan_unknown_meal_basis_excluded,false,false,true,unknown_meal_basis_excluded,selected_plan_coupon_or_discount_evidence;unknown_meal_basis_excluded;meal_basis=unknown_meal_basis,,,/Volumes/SSD1/ZMI/zao-market-intelligence/.data/debug/auto-runner-market-refresh-rotating/20260922_180001/jalan/classification_decisions/yad321744_2027-02-20.json,zao_local_history_v1
2026-09-22|jalan|深山荘 高見屋|yad321744|2027-02-23|2027-02-24|2_adults_1_room_1_night,c88aa0651053518c2d80b0f3f6af2cbfceb7a33c49f576932bea6d7f51831196,2027_02,2026-09-22,2026-09-22T18:00:01+09:00,2026-09-22T18:00:01+09:00,jalan,AUTO-RUNNER10X,integrated_jalan_bounded_live,深山荘 高見屋,国内旅行・海外旅行や宿・ホテルの宿泊予約はじゃらんnet　～日本最大級の宿・ホテル予約サイト～,true,yad321744,yad321744,2027-02-23,2027-02-24,1,2,1,0,JPY,ja,2_adults_1_room_1_night,failed,not_sold_out_confirmed,,,missing_or_unclear,insufficient,insufficient,Jalan status could not be determined conservatively.,,,,missing_or_unclear,jalan_failed_excluded,false,false,true,Jalan status could not be determined conservatively.,page_chrome_coupon_or_discount_evidence;date_condition_not_confirmed;tax_included_total_not_confirmed,,,/Volumes/SSD1/ZMI/zao-market-intelligence/.data/debug/auto-runner-market-refresh-rotating/20260922_180001/jalan/classification_decisions/yad321744_2027-02-23.json,zao_local_history_v1
2026-09-23|jalan|蔵王四季のホテル|yad322447|2027-02-06|2027-02-07|2_adults_1_room_1_night,274bc7695ebed54e4c06f07aeb677058537f5dcc6518b2719f7ccb5a3109461e,2027_02,2026-09-23,2026-09-23T00:00:01+09:00,2026-09-23T00:00:01+09:00,jalan,AUTO-RUNNER10X,integrated_jalan_bounded_live,蔵王四季のホテル,国内旅行・海外旅行や宿・ホテルの宿泊予約はじゃらんnet　～日本最大級の宿・ホテル予約サイト～,true,yad322447,yad322447,2027-02-06,2027-02-07,1,2,1,0,JPY,ja,2_adults_1_room_1_night,available,not_sold_out_confirmed,,,missing_or_unclear,C,C,Price visible but meal_basis=unknown_meal_basis (jalan_ambiguous_meal_and_room_only_tokens); excluded from room-only DP per confirmed policy.,145200,,,tax_included_total,jalan_unknown_meal_basis_excluded,false,false,true,unknown_meal_basis_excluded,page_chrome_coupon_or_discount_evidence;unknown_meal_basis_excluded;meal_basis=unknown_meal_basis,,,/Volumes/SSD1/ZMI/zao-market-intelligence/.data/debug/auto-runner-market-refresh-rotating/20260923_000001/jalan/classification_decisions/yad322447_2027-02-06.json,zao_local_history_v1
2026-09-23|jalan|蔵王四季のホテル|yad322447|2027-02-11|2027-02-12|2_adults_1_room_1_night,2f0cb6ff8aa45b58a785c9686de09cca7003cd39bc4a5c697b2a36a6a29b5316,2027_02,2026-09-23,2026-09-23T00:00:01+09:00,2026-09-23T00:00:01+09:00,jalan,AUTO-RUNNER10X,integrated_jalan_bounded_live,蔵王四季のホテル,国内旅行・海外旅行や宿・ホテルの宿泊予約はじゃらんnet　～日本最大級の宿・ホテル予約サイト～,true,yad322447,yad322447,2027-02-11,2027-02-12,1,2,1,0,JPY,ja,2_adults_1_room_1_night,available,not_sold_out_confirmed,,,missing_or_unclear,C,C,Price visible but meal_basis=unknown_meal_basis (jalan_ambiguous_meal_and_room_only_tokens); excluded from room-only DP per confirmed policy.,138600,,,tax_included_total,jalan_unknown_meal_basis_excluded,false,false,true,unknown_meal_basis_excluded,page_chrome_coupon_or_discount_evidence;unknown_meal_basis_excluded;meal_basis=unknown_meal_basis,,,/Volumes/SSD1/ZMI/zao-market-intelligence/.data/debug/auto-runner-market-refresh-rotating/20260923_000001/jalan/classification_decisions/yad322447_2027-02-11.json,zao_local_history_v1
2026-09-23|jalan|蔵王四季のホテル|yad322447|2027-02-20|2027-02-21|2_adults_1_room_1_night,452c3725a5a69da6c0ca1b84fb1b67cd3b50b231a808b7f565881fe1bf6c0dd1,2027_02,2026-09-23,2026-09-23T02:00:00+09:00,2026-09-23T02:00:00+09:00,jalan,AUTO-RUNNER10X,integrated_jalan_bounded_live,蔵王四季のホテル,国内旅行・海外旅行や宿・ホテルの宿泊予約はじゃらんnet　～日本最大級の宿・ホテル予約サイト～,true,yad322447,yad322447,2027-02-20,2027-02-21,1,2,1,0,JPY,ja,2_adults_1_room_1_night,available,not_sold_out_confirmed,,,missing_or_unclear,C,C,Price visible but meal_basis=unknown_meal_basis (jalan_ambiguous_meal_and_room_only_tokens); excluded from room-only DP per confirmed policy.,140800,,,tax_included_total,jalan_unknown_meal_basis_excluded,false,false,true,unknown_meal_basis_excluded,page_chrome_coupon_or_discount_evidence;unknown_meal_basis_excluded;meal_basis=unknown_meal_basis,,,/Volumes/SSD1/ZMI/zao-market-intelligence/.data/debug/auto-runner-market-refresh-rotating/20260923_020000/jalan/classification_decisions/yad322447_2027-02-20.json,zao_local_history_v1
2026-09-23|jalan|蔵王四季のホテル|yad322447|2027-02-23|2027-02-24|2_adults_1_room_1_night,262b6e9f8a904b11949144d190de7f3cdad464939746218c6f14e98a34d122af,2027_02,2026-09-23,2026-09-23T02:00:00+09:00,2026-09-23T02:00:00+09:00,jalan,AUTO-RUNNER10X,integrated_jalan_bounded_live,蔵王四季のホテル,国内旅行・海外旅行や宿・ホテルの宿泊予約はじゃらんnet　～日本最大級の宿・ホテル予約サイト～,true,yad322447,yad322447,2027-02-23,2027-02-24,1,2,1,0,JPY,ja,2_adults_1_room_1_night,available,not_sold_out_confirmed,,,missing_or_unclear,C,C,Price visible but meal_basis=unknown_meal_basis (jalan_ambiguous_meal_and_room_only_tokens); excluded from room-only DP per confirmed policy.,118800,,,tax_included_total,jalan_unknown_meal_basis_excluded,false,false,true,unknown_meal_basis_excluded,page_chrome_coupon_or_discount_evidence;unknown_meal_basis_excluded;meal_basis=unknown_meal_basis,,,/Volumes/SSD1/ZMI/zao-market-intelligence/.data/debug/auto-runner-market-refresh-rotating/20260923_020000/jalan/classification_decisions/yad322447_2027-02-23.json,zao_local_history_v1
2026-09-23|jalan|蔵王四季のホテル|yad322447|2027-02-13|2027-02-14|2_adults_1_room_1_night,0ed79d17ed38dc365acb789dbbb39b529936a90716087c48c3b8c04dfc6c90c0,2027_02,2026-09-23,2026-09-23T04:00:01+09:00,2026-09-23T04:00:01+09:00,jalan,AUTO-RUNNER10X,integrated_jalan_bounded_live,蔵王四季のホテル,国内旅行・海外旅行や宿・ホテルの宿泊予約はじゃらんnet　～日本最大級の宿・ホテル予約サイト～,true,yad322447,yad322447,2027-02-13,2027-02-14,1,2,1,0,JPY,ja,2_adults_1_room_1_night,available,not_sold_out_confirmed,,,missing_or_unclear,C,C,Price visible but meal_basis=unknown_meal_basis (jalan_ambiguous_meal_and_room_only_tokens); excluded from room-only DP per confirmed policy.,156200,,,tax_included_total,jalan_unknown_meal_basis_excluded,false,false,true,unknown_meal_basis_excluded,page_chrome_coupon_or_discount_evidence;unknown_meal_basis_excluded;meal_basis=unknown_meal_basis,,,/Volumes/SSD1/ZMI/zao-market-intelligence/.data/debug/auto-runner-market-refresh-rotating/20260923_040001/jalan/classification_decisions/yad322447_2027-02-13.json,zao_local_history_v1
2026-09-23|jalan|蔵王四季のホテル|yad322447|2027-02-27|2027-02-28|2_adults_1_room_1_night,ac6e5cf051a24c353e3fcd44ac4935c09ac4989ccf96f446672bbdd12e28348e,2027_02,2026-09-23,2026-09-23T06:00:01+09:00,2026-09-23T06:00:01+09:00,jalan,AUTO-RUNNER10X,integrated_jalan_bounded_live,蔵王四季のホテル,国内旅行・海外旅行や宿・ホテルの宿泊予約はじゃらんnet　～日本最大級の宿・ホテル予約サイト～,true,yad322447,yad322447,2027-02-27,2027-02-28,1,2,1,0,JPY,ja,2_adults_1_room_1_night,available,not_sold_out_confirmed,,,missing_or_unclear,C,C,Price visible but meal_basis=unknown_meal_basis (jalan_ambiguous_meal_and_room_only_tokens); excluded from room-only DP per confirmed policy.,143000,,,tax_included_total,jalan_unknown_meal_basis_excluded,false,false,true,unknown_meal_basis_excluded,page_chrome_coupon_or_discount_evidence;unknown_meal_basis_excluded;meal_basis=unknown_meal_basis,,,/Volumes/SSD1/ZMI/zao-market-intelligence/.data/debug/auto-runner-market-refresh-rotating/20260923_060001/jalan/classification_decisions/yad322447_2027-02-27.json,zao_local_history_v1
2026-09-23|jalan|ペンション木いちご|yad325769|2027-02-06|2027-02-07|2_adults_1_room_1_night,f848ee22eb77f2d21192a9e014b115c06d9c6c7e688a3bf18212f404b20d3e86,2027_02,2026-09-23,2026-09-23T10:00:00+09:00,2026-09-23T10:00:00+09:00,jalan,AUTO-RUNNER10X,integrated_jalan_bounded_live,ペンション木いちご,国内旅行・海外旅行や宿・ホテルの宿泊予約はじゃらんnet　～日本最大級の宿・ホテル予約サイト～,true,yad325769,yad325769,2027-02-06,2027-02-07,1,2,1,0,JPY,ja,2_adults_1_room_1_night,sold_out,sold_out,,,missing_or_unclear,insufficient,insufficient,selected_date_calendar_sold_out,,,,missing_or_unclear,jalan_sold_out_excluded,false,false,true,sold_out_without_price,page_chrome_coupon_or_discount_evidence;tax_included_total_not_confirmed,,,/Volumes/SSD1/ZMI/zao-market-intelligence/.data/debug/auto-runner-market-refresh-rotating/20260923_100000/jalan/classification_decisions/yad325769_2027-02-06.json,zao_local_history_v1
2026-09-23|jalan|ペンション木いちご|yad325769|2027-02-11|2027-02-12|2_adults_1_room_1_night,90b1c1edaa248874cbcce3ce099e90656651deb68a60a4cd20bf5e1aada30cb3,2027_02,2026-09-23,2026-09-23T12:00:01+09:00,2026-09-23T12:00:01+09:00,jalan,AUTO-RUNNER10X,integrated_jalan_bounded_live,ペンション木いちご,国内旅行・海外旅行や宿・ホテルの宿泊予約はじゃらんnet　～日本最大級の宿・ホテル予約サイト～,true,yad325769,yad325769,2027-02-11,2027-02-12,1,2,1,0,JPY,ja,2_adults_1_room_1_night,sold_out,sold_out,,,missing_or_unclear,insufficient,insufficient,selected_date_calendar_sold_out,,,,missing_or_unclear,jalan_sold_out_excluded,false,false,true,sold_out_without_price,page_chrome_coupon_or_discount_evidence;tax_included_total_not_confirmed,,,/Volumes/SSD1/ZMI/zao-market-intelligence/.data/debug/auto-runner-market-refresh-rotating/20260923_120001/jalan/classification_decisions/yad325769_2027-02-11.json,zao_local_history_v1
2026-09-23|jalan|ペンション木いちご|yad325769|2027-02-13|2027-02-14|2_adults_1_room_1_night,041cebbbfa9c740f7343d46c8564366640c3948860014f2b6dd9bb3e0f7899e2,2027_02,2026-09-23,2026-09-23T14:00:01+09:00,2026-09-23T14:00:01+09:00,jalan,AUTO-RUNNER10X,integrated_jalan_bounded_live,ペンション木いちご,国内旅行・海外旅行や宿・ホテルの宿泊予約はじゃらんnet　～日本最大級の宿・ホテル予約サイト～,true,yad325769,yad325769,2027-02-13,2027-02-14,1,2,1,0,JPY,ja,2_adults_1_room_1_night,available,not_sold_out_confirmed,,,missing_or_unclear,C,C,"Price visible, meal_basis=confirmed_room_only, but room_basis=excluded_large_room (large_or_triple_or_quad_room_token_detected); excluded from two-person-standard DP per confirmed policy.",25000,,,tax_included_total,jalan_room_type_excluded,false,false,true,excluded_room_type_large,page_chrome_coupon_or_discount_evidence;meal_basis_confirmed_room_only;meal_basis=confirmed_room_only;excluded_room_type_large;room_basis=excluded_large_room,,,/Volumes/SSD1/ZMI/zao-market-intelligence/.data/debug/auto-runner-market-refresh-rotating/20260923_140001/jalan/classification_decisions/yad325769_2027-02-13.json,zao_local_history_v1
2026-09-23|jalan|ペンション木いちご|yad325769|2027-02-20|2027-02-21|2_adults_1_room_1_night,47bebca44d76c5438d35fbb035a411bf79739bb144c51117e18cbeb4c494fd07,2027_02,2026-09-23,2026-09-23T22:00:00+09:00,2026-09-23T22:00:00+09:00,jalan,AUTO-RUNNER10X,integrated_jalan_bounded_live,ペンション木いちご,国内旅行・海外旅行や宿・ホテルの宿泊予約はじゃらんnet　～日本最大級の宿・ホテル予約サイト～,true,yad325769,yad325769,2027-02-20,2027-02-21,1,2,1,0,JPY,ja,2_adults_1_room_1_night,available,not_sold_out_confirmed,22000,jalan_visible_total_tax_included,tax_included_total,B,B,Visible tax-included total usable as same-property directional price-pressure evidence; direct withheld due to non-hard gaps.,22000,,22000,tax_included_total,jalan_directional_tax_included_total,false,true,false,,page_chrome_coupon_or_discount_evidence;meal_basis_confirmed_room_only;meal_basis=confirmed_room_only;room_basis_confirmed_two_person_standard;room_basis=confirmed_two_person_standard_room,,,/Volumes/SSD1/ZMI/zao-market-intelligence/.data/debug/auto-runner-market-refresh-rotating/20260923_220000/jalan/classification_decisions/yad325769_2027-02-20.json,zao_local_history_v1
2026-09-24|jalan|蔵王四季のホテル|yad322447|2027-02-06|2027-02-07|2_adults_1_room_1_night,08d19d591af1d00d6f539b33b22f810e1c0e99ad9a322a0104fa9d03d6720855,2027_02,2026-09-24,2026-09-24T10:00:00+09:00,2026-09-24T10:00:00+09:00,jalan,AUTO-RUNNER10X,integrated_jalan_bounded_live,蔵王四季のホテル,国内旅行・海外旅行や宿・ホテルの宿泊予約はじゃらんnet　～日本最大級の宿・ホテル予約サイト～,true,yad322447,yad322447,2027-02-06,2027-02-07,1,2,1,0,JPY,ja,2_adults_1_room_1_night,available,not_sold_out_confirmed,,,missing_or_unclear,C,C,Price visible but meal_basis=unknown_meal_basis (jalan_ambiguous_meal_and_room_only_tokens); excluded from room-only DP per confirmed policy.,145200,,,tax_included_total,jalan_unknown_meal_basis_excluded,false,false,true,unknown_meal_basis_excluded,page_chrome_coupon_or_discount_evidence;unknown_meal_basis_excluded;meal_basis=unknown_meal_basis,,,/Volumes/SSD1/ZMI/zao-market-intelligence/.data/debug/auto-runner-market-refresh-rotating/20260924_100000/jalan/classification_decisions/yad322447_2027-02-06.json,zao_local_history_v1
2026-09-24|jalan|深山荘 高見屋|yad321744|2027-02-06|2027-02-07|2_adults_1_room_1_night,8c02991d7bad50fd6223f344d83130d50d3fb85f4a0ae0e564df8a56926af4ef,2027_02,2026-09-24,2026-09-24T18:00:01+09:00,2026-09-24T18:00:01+09:00,jalan,AUTO-RUNNER10X,integrated_jalan_bounded_live,深山荘 高見屋,国内旅行・海外旅行や宿・ホテルの宿泊予約はじゃらんnet　～日本最大級の宿・ホテル予約サイト～,true,yad321744,yad321744,2027-02-06,2027-02-07,1,2,1,0,JPY,ja,2_adults_1_room_1_night,available,not_sold_out_confirmed,,,missing_or_unclear,C,C,Price visible but meal_basis=unknown_meal_basis (jalan_ambiguous_meal_and_room_only_tokens); excluded from room-only DP per confirmed policy.,51700,,,tax_included_total,jalan_unknown_meal_basis_excluded,false,false,true,unknown_meal_basis_excluded,selected_plan_coupon_or_discount_evidence;unknown_meal_basis_excluded;meal_basis=unknown_meal_basis,,,/Volumes/SSD1/ZMI/zao-market-intelligence/.data/debug/auto-runner-market-refresh-rotating/20260924_180001/jalan/classification_decisions/yad321744_2027-02-06.json,zao_local_history_v1
2026-09-24|jalan|深山荘 高見屋|yad321744|2027-02-11|2027-02-12|2_adults_1_room_1_night,3bce8193894a0bfcf68bcf3742ad9cbc170ce659c7c01248bc7afb1aeed13d45,2027_02,2026-09-24,2026-09-24T20:00:01+09:00,2026-09-24T20:00:01+09:00,jalan,AUTO-RUNNER10X,integrated_jalan_bounded_live,深山荘 高見屋,国内旅行・海外旅行や宿・ホテルの宿泊予約はじゃらんnet　～日本最大級の宿・ホテル予約サイト～,true,yad321744,yad321744,2027-02-11,2027-02-12,1,2,1,0,JPY,ja,2_adults_1_room_1_night,available,not_sold_out_confirmed,,,missing_or_unclear,C,C,Price visible but meal_basis=unknown_meal_basis (jalan_ambiguous_meal_and_room_only_tokens); excluded from room-only DP per confirmed policy.,58300,,,tax_included_total,jalan_unknown_meal_basis_excluded,false,false,true,unknown_meal_basis_excluded,selected_plan_coupon_or_discount_evidence;unknown_meal_basis_excluded;meal_basis=unknown_meal_basis,,,/Volumes/SSD1/ZMI/zao-market-intelligence/.data/debug/auto-runner-market-refresh-rotating/20260924_200001/jalan/classification_decisions/yad321744_2027-02-11.json,zao_local_history_v1
2026-09-24|jalan|深山荘 高見屋|yad321744|2027-02-13|2027-02-14|2_adults_1_room_1_night,b6181f499f1fb9ba3b6bb311e80cbc2d70e2d23b99d19a20e8c49562c612d254,2027_02,2026-09-24,2026-09-24T22:00:00+09:00,2026-09-24T22:00:00+09:00,jalan,AUTO-RUNNER10X,integrated_jalan_bounded_live,深山荘 高見屋,国内旅行・海外旅行や宿・ホテルの宿泊予約はじゃらんnet　～日本最大級の宿・ホテル予約サイト～,true,yad321744,yad321744,2027-02-13,2027-02-14,1,2,1,0,JPY,ja,2_adults_1_room_1_night,available,not_sold_out_confirmed,,,missing_or_unclear,C,C,Price visible but meal_basis=unknown_meal_basis (jalan_ambiguous_meal_and_room_only_tokens); excluded from room-only DP per confirmed policy.,58300,,,tax_included_total,jalan_unknown_meal_basis_excluded,false,false,true,unknown_meal_basis_excluded,selected_plan_coupon_or_discount_evidence;unknown_meal_basis_excluded;meal_basis=unknown_meal_basis,,,/Volumes/SSD1/ZMI/zao-market-intelligence/.data/debug/auto-runner-market-refresh-rotating/20260924_220000/jalan/classification_decisions/yad321744_2027-02-13.json,zao_local_history_v1
2026-09-24|jalan|深山荘 高見屋|yad321744|2027-02-20|2027-02-21|2_adults_1_room_1_night,472cc4961e1907a8c6ad2351013bd9eebfea4491e633052e25e1df12a36563f6,2027_02,2026-09-24,2026-09-24T22:00:00+09:00,2026-09-24T22:00:00+09:00,jalan,AUTO-RUNNER10X,integrated_jalan_bounded_live,深山荘 高見屋,国内旅行・海外旅行や宿・ホテルの宿泊予約はじゃらんnet　～日本最大級の宿・ホテル予約サイト～,true,yad321744,yad321744,2027-02-20,2027-02-21,1,2,1,0,JPY,ja,2_adults_1_room_1_night,available,not_sold_out_confirmed,,,missing_or_unclear,C,C,Price visible but meal_basis=unknown_meal_basis (jalan_ambiguous_meal_and_room_only_tokens); excluded from room-only DP per confirmed policy.,58300,,,tax_included_total,jalan_unknown_meal_basis_excluded,false,false,true,unknown_meal_basis_excluded,selected_plan_coupon_or_discount_evidence;unknown_meal_basis_excluded;meal_basis=unknown_meal_basis,,,/Volumes/SSD1/ZMI/zao-market-intelligence/.data/debug/auto-runner-market-refresh-rotating/20260924_220000/jalan/classification_decisions/yad321744_2027-02-20.json,zao_local_history_v1
2026-09-25|jalan|深山荘 高見屋|yad321744|2027-02-23|2027-02-24|2_adults_1_room_1_night,4a32b7a7c240d1f2b5cf280cf67f752c7f0d6e6722ae1d3d25fdfa015554235a,2027_02,2026-09-25,2026-09-25T00:00:01+09:00,2026-09-25T00:00:01+09:00,jalan,AUTO-RUNNER10X,integrated_jalan_bounded_live,深山荘 高見屋,国内旅行・海外旅行や宿・ホテルの宿泊予約はじゃらんnet　～日本最大級の宿・ホテル予約サイト～,true,yad321744,yad321744,2027-02-23,2027-02-24,1,2,1,0,JPY,ja,2_adults_1_room_1_night,failed,not_sold_out_confirmed,,,missing_or_unclear,insufficient,insufficient,Jalan status could not be determined conservatively.,,,,missing_or_unclear,jalan_failed_excluded,false,false,true,Jalan status could not be determined conservatively.,page_chrome_coupon_or_discount_evidence;date_condition_not_confirmed;tax_included_total_not_confirmed,,,/Volumes/SSD1/ZMI/zao-market-intelligence/.data/debug/auto-runner-market-refresh-rotating/20260925_000001/jalan/classification_decisions/yad321744_2027-02-23.json,zao_local_history_v1
2026-09-25|jalan|深山荘 高見屋|yad321744|2027-02-27|2027-02-28|2_adults_1_room_1_night,1e5dfb71c2fd83756af96bd44dc4301ed274d5f53532903ec124d6617e07a83b,2027_02,2026-09-25,2026-09-25T02:00:00+09:00,2026-09-25T02:00:00+09:00,jalan,AUTO-RUNNER10X,integrated_jalan_bounded_live,深山荘 高見屋,国内旅行・海外旅行や宿・ホテルの宿泊予約はじゃらんnet　～日本最大級の宿・ホテル予約サイト～,true,yad321744,yad321744,2027-02-27,2027-02-28,1,2,1,0,JPY,ja,2_adults_1_room_1_night,available,not_sold_out_confirmed,,,missing_or_unclear,C,C,"Price visible, meal_basis=confirmed_room_only, but room_basis=excluded_family_or_suite_room (family_or_suite_room_token_detected); excluded from two-person-standard DP per confirmed policy.",58300,,,tax_included_total,jalan_room_type_excluded,false,false,true,excluded_room_type_family_or_suite,selected_plan_coupon_or_discount_evidence;meal_basis_confirmed_room_only;meal_basis=confirmed_room_only;excluded_room_type_family_or_suite;room_basis=excluded_family_or_suite_room,,,/Volumes/SSD1/ZMI/zao-market-intelligence/.data/debug/auto-runner-market-refresh-rotating/20260925_020000/jalan/classification_decisions/yad321744_2027-02-27.json,zao_local_history_v1
2026-09-25|jalan|蔵王四季のホテル|yad322447|2027-02-11|2027-02-12|2_adults_1_room_1_night,c7232d62da198e3ecd6ce618638bab787e902ce21a12f26d511787134c399288,2027_02,2026-09-25,2026-09-25T08:00:01+09:00,2026-09-25T08:00:01+09:00,jalan,AUTO-RUNNER10X,integrated_jalan_bounded_live,蔵王四季のホテル,国内旅行・海外旅行や宿・ホテルの宿泊予約はじゃらんnet　～日本最大級の宿・ホテル予約サイト～,true,yad322447,yad322447,2027-02-11,2027-02-12,1,2,1,0,JPY,ja,2_adults_1_room_1_night,available,not_sold_out_confirmed,,,missing_or_unclear,C,C,Price visible but meal_basis=unknown_meal_basis (jalan_ambiguous_meal_and_room_only_tokens); excluded from room-only DP per confirmed policy.,110880,,,tax_included_total,jalan_unknown_meal_basis_excluded,false,false,true,unknown_meal_basis_excluded,page_chrome_coupon_or_discount_evidence;unknown_meal_basis_excluded;meal_basis=unknown_meal_basis,,,/Volumes/SSD1/ZMI/zao-market-intelligence/.data/debug/auto-runner-market-refresh-rotating/20260925_080001/jalan/classification_decisions/yad322447_2027-02-11.json,zao_local_history_v1
2026-09-25|jalan|蔵王四季のホテル|yad322447|2027-02-06|2027-02-07|2_adults_1_room_1_night,4b2ea262e2a763bf7c1d82dfc46af5101c170f0493a515bf9c2d016a96f3f596,2027_02,2026-09-25,2026-09-25T18:00:00+09:00,2026-09-25T18:00:00+09:00,jalan,AUTO-RUNNER10X,integrated_jalan_bounded_live,蔵王四季のホテル,国内旅行・海外旅行や宿・ホテルの宿泊予約はじゃらんnet　～日本最大級の宿・ホテル予約サイト～,true,yad322447,yad322447,2027-02-06,2027-02-07,1,2,1,0,JPY,ja,2_adults_1_room_1_night,available,not_sold_out_confirmed,,,missing_or_unclear,C,C,Price visible but meal_basis=unknown_meal_basis (jalan_ambiguous_meal_and_room_only_tokens); excluded from room-only DP per confirmed policy.,116160,,,tax_included_total,jalan_unknown_meal_basis_excluded,false,false,true,unknown_meal_basis_excluded,page_chrome_coupon_or_discount_evidence;unknown_meal_basis_excluded;meal_basis=unknown_meal_basis,,,/Volumes/SSD1/ZMI/zao-market-intelligence/.data/debug/auto-runner-market-refresh-rotating/20260925_180000/jalan/classification_decisions/yad322447_2027-02-06.json,zao_local_history_v1
2026-09-25|jalan|ペンション木いちご|yad325769|2027-02-06|2027-02-07|2_adults_1_room_1_night,7e6cd04c8857f508409ecdc613d3a74d7fbeaf1803dc562b8b6e0177c4f24439,2027_02,2026-09-25,2026-09-25T22:00:01+09:00,2026-09-25T22:00:01+09:00,jalan,AUTO-RUNNER10X,integrated_jalan_bounded_live,ペンション木いちご,国内旅行・海外旅行や宿・ホテルの宿泊予約はじゃらんnet　～日本最大級の宿・ホテル予約サイト～,true,yad325769,yad325769,2027-02-06,2027-02-07,1,2,1,0,JPY,ja,2_adults_1_room_1_night,sold_out,sold_out,,,missing_or_unclear,insufficient,insufficient,selected_date_calendar_sold_out,,,,missing_or_unclear,jalan_sold_out_excluded,false,false,true,sold_out_without_price,page_chrome_coupon_or_discount_evidence;tax_included_total_not_confirmed,,,/Volumes/SSD1/ZMI/zao-market-intelligence/.data/debug/auto-runner-market-refresh-rotating/20260925_220001/jalan/classification_decisions/yad325769_2027-02-06.json,zao_local_history_v1
2026-09-25|jalan|蔵王四季のホテル|yad322447|2027-02-13|2027-02-14|2_adults_1_room_1_night,7fb86d3fa9eb0eb454a434541fe2f6be002ae5b2fbc539daf853d8548cee397b,2027_02,2026-09-25,2026-09-25T22:00:01+09:00,2026-09-25T22:00:01+09:00,jalan,AUTO-RUNNER10X,integrated_jalan_bounded_live,蔵王四季のホテル,国内旅行・海外旅行や宿・ホテルの宿泊予約はじゃらんnet　～日本最大級の宿・ホテル予約サイト～,true,yad322447,yad322447,2027-02-13,2027-02-14,1,2,1,0,JPY,ja,2_adults_1_room_1_night,available,not_sold_out_confirmed,,,missing_or_unclear,C,C,Price visible but meal_basis=unknown_meal_basis (jalan_ambiguous_meal_and_room_only_tokens); excluded from room-only DP per confirmed policy.,124960,,,tax_included_total,jalan_unknown_meal_basis_excluded,false,false,true,unknown_meal_basis_excluded,page_chrome_coupon_or_discount_evidence;unknown_meal_basis_excluded;meal_basis=unknown_meal_basis,,,/Volumes/SSD1/ZMI/zao-market-intelligence/.data/debug/auto-runner-market-refresh-rotating/20260925_220001/jalan/classification_decisions/yad322447_2027-02-13.json,zao_local_history_v1
2026-09-26|jalan|蔵王四季のホテル|yad322447|2027-02-20|2027-02-21|2_adults_1_room_1_night,8bcd1ec3440d8a91903186aebb2ee011970f355be628e8492d9959c8a4d753b5,2027_02,2026-09-26,2026-09-26T00:00:01+09:00,2026-09-26T00:00:01+09:00,jalan,AUTO-RUNNER10X,integrated_jalan_bounded_live,蔵王四季のホテル,国内旅行・海外旅行や宿・ホテルの宿泊予約はじゃらんnet　～日本最大級の宿・ホテル予約サイト～,true,yad322447,yad322447,2027-02-20,2027-02-21,1,2,1,0,JPY,ja,2_adults_1_room_1_night,available,not_sold_out_confirmed,,,missing_or_unclear,C,C,Price visible but meal_basis=unknown_meal_basis (jalan_ambiguous_meal_and_room_only_tokens); excluded from room-only DP per confirmed policy.,112640,,,tax_included_total,jalan_unknown_meal_basis_excluded,false,false,true,unknown_meal_basis_excluded,page_chrome_coupon_or_discount_evidence;unknown_meal_basis_excluded;meal_basis=unknown_meal_basis,,,/Volumes/SSD1/ZMI/zao-market-intelligence/.data/debug/auto-runner-market-refresh-rotating/20260926_000000/jalan/classification_decisions/yad322447_2027-02-20.json,zao_local_history_v1
2026-09-26|jalan|深山荘 高見屋|yad321744|2027-02-06|2027-02-07|2_adults_1_room_1_night,9489fb88ae1415252fca0caa39e893b066ce6184e734acbdbb9dee31c36eb3bf,2027_02,2026-09-26,2026-09-26T02:00:00+09:00,2026-09-26T02:00:00+09:00,jalan,AUTO-RUNNER10X,integrated_jalan_bounded_live,深山荘 高見屋,国内旅行・海外旅行や宿・ホテルの宿泊予約はじゃらんnet　～日本最大級の宿・ホテル予約サイト～,true,yad321744,yad321744,2027-02-06,2027-02-07,1,2,1,0,JPY,ja,2_adults_1_room_1_night,available,not_sold_out_confirmed,,,missing_or_unclear,C,C,Price visible but meal_basis=unknown_meal_basis (jalan_ambiguous_meal_and_room_only_tokens); excluded from room-only DP per confirmed policy.,51700,,,tax_included_total,jalan_unknown_meal_basis_excluded,false,false,true,unknown_meal_basis_excluded,selected_plan_coupon_or_discount_evidence;unknown_meal_basis_excluded;meal_basis=unknown_meal_basis,,,/Volumes/SSD1/ZMI/zao-market-intelligence/.data/debug/auto-runner-market-refresh-rotating/20260926_020000/jalan/classification_decisions/yad321744_2027-02-06.json,zao_local_history_v1
2026-09-26|jalan|ペンション木いちご|yad325769|2027-02-11|2027-02-12|2_adults_1_room_1_night,6051fe14807148333a3fb316221c2cd1f2d1f3bb9998a2a9b5e038aa7caca83b,2027_02,2026-09-26,2026-09-26T04:00:01+09:00,2026-09-26T04:00:01+09:00,jalan,AUTO-RUNNER10X,integrated_jalan_bounded_live,ペンション木いちご,国内旅行・海外旅行や宿・ホテルの宿泊予約はじゃらんnet　～日本最大級の宿・ホテル予約サイト～,true,yad325769,yad325769,2027-02-11,2027-02-12,1,2,1,0,JPY,ja,2_adults_1_room_1_night,sold_out,sold_out,,,missing_or_unclear,insufficient,insufficient,selected_date_calendar_sold_out,,,,missing_or_unclear,jalan_sold_out_excluded,false,false,true,sold_out_without_price,page_chrome_coupon_or_discount_evidence;tax_included_total_not_confirmed,,,/Volumes/SSD1/ZMI/zao-market-intelligence/.data/debug/auto-runner-market-refresh-rotating/20260926_040001/jalan/classification_decisions/yad325769_2027-02-11.json,zao_local_history_v1
2026-09-26|jalan|ペンション木いちご|yad325769|2027-02-13|2027-02-14|2_adults_1_room_1_night,272de4f3f315a9deef1595b95425ad7a9c9f9e2bb96a0b751678e02f7b3d9270,2027_02,2026-09-26,2026-09-26T04:00:01+09:00,2026-09-26T04:00:01+09:00,jalan,AUTO-RUNNER10X,integrated_jalan_bounded_live,ペンション木いちご,国内旅行・海外旅行や宿・ホテルの宿泊予約はじゃらんnet　～日本最大級の宿・ホテル予約サイト～,true,yad325769,yad325769,2027-02-13,2027-02-14,1,2,1,0,JPY,ja,2_adults_1_room_1_night,available,not_sold_out_confirmed,,,missing_or_unclear,C,C,"Price visible, meal_basis=confirmed_room_only, but room_basis=excluded_large_room (large_or_triple_or_quad_room_token_detected); excluded from two-person-standard DP per confirmed policy.",25000,,,tax_included_total,jalan_room_type_excluded,false,false,true,excluded_room_type_large,page_chrome_coupon_or_discount_evidence;meal_basis_confirmed_room_only;meal_basis=confirmed_room_only;excluded_room_type_large;room_basis=excluded_large_room,,,/Volumes/SSD1/ZMI/zao-market-intelligence/.data/debug/auto-runner-market-refresh-rotating/20260926_040001/jalan/classification_decisions/yad325769_2027-02-13.json,zao_local_history_v1
2026-09-26|jalan|ペンション木いちご|yad325769|2027-02-20|2027-02-21|2_adults_1_room_1_night,ad9031a2ae04f4c6b2ed073eb72156071ed26f2744db683e2d50a4f7d359aaa0,2027_02,2026-09-26,2026-09-26T06:00:00+09:00,2026-09-26T06:00:00+09:00,jalan,AUTO-RUNNER10X,integrated_jalan_bounded_live,ペンション木いちご,国内旅行・海外旅行や宿・ホテルの宿泊予約はじゃらんnet　～日本最大級の宿・ホテル予約サイト～,true,yad325769,yad325769,2027-02-20,2027-02-21,1,2,1,0,JPY,ja,2_adults_1_room_1_night,available,not_sold_out_confirmed,22000,jalan_visible_total_tax_included,tax_included_total,B,B,Visible tax-included total usable as same-property directional price-pressure evidence; direct withheld due to non-hard gaps.,22000,,22000,tax_included_total,jalan_directional_tax_included_total,false,true,false,,page_chrome_coupon_or_discount_evidence;meal_basis_confirmed_room_only;meal_basis=confirmed_room_only;room_basis_confirmed_two_person_standard;room_basis=confirmed_two_person_standard_room,,,/Volumes/SSD1/ZMI/zao-market-intelligence/.data/debug/auto-runner-market-refresh-rotating/20260926_060000/jalan/classification_decisions/yad325769_2027-02-20.json,zao_local_history_v1
2026-09-26|jalan|蔵王四季のホテル|yad322447|2027-02-11|2027-02-12|2_adults_1_room_1_night,9d4332660216b6c87eea3b4332637814436f956346138c427d6952ef927a551b,2027_02,2026-09-26,2026-09-26T08:00:01+09:00,2026-09-26T08:00:01+09:00,jalan,AUTO-RUNNER10X,integrated_jalan_bounded_live,蔵王四季のホテル,国内旅行・海外旅行や宿・ホテルの宿泊予約はじゃらんnet　～日本最大級の宿・ホテル予約サイト～,true,yad322447,yad322447,2027-02-11,2027-02-12,1,2,1,0,JPY,ja,2_adults_1_room_1_night,available,not_sold_out_confirmed,,,missing_or_unclear,C,C,Price visible but meal_basis=unknown_meal_basis (jalan_ambiguous_meal_and_room_only_tokens); excluded from room-only DP per confirmed policy.,110880,,,tax_included_total,jalan_unknown_meal_basis_excluded,false,false,true,unknown_meal_basis_excluded,page_chrome_coupon_or_discount_evidence;unknown_meal_basis_excluded;meal_basis=unknown_meal_basis,,,/Volumes/SSD1/ZMI/zao-market-intelligence/.data/debug/auto-runner-market-refresh-rotating/20260926_080001/jalan/classification_decisions/yad322447_2027-02-11.json,zao_local_history_v1
2026-09-26|jalan|ペンション木いちご|yad325769|2027-02-23|2027-02-24|2_adults_1_room_1_night,4f429d51c56b8bf6bf71fa65bf7783a47d9033db30fca0cda72a29273b880768,2027_02,2026-09-26,2026-09-26T08:00:01+09:00,2026-09-26T08:00:01+09:00,jalan,AUTO-RUNNER10X,integrated_jalan_bounded_live,ペンション木いちご,国内旅行・海外旅行や宿・ホテルの宿泊予約はじゃらんnet　～日本最大級の宿・ホテル予約サイト～,true,yad325769,yad325769,2027-02-23,2027-02-24,1,2,1,0,JPY,ja,2_adults_1_room_1_night,available,not_sold_out_confirmed,,,missing_or_unclear,C,C,"Price visible, meal_basis=confirmed_room_only, but room_basis=excluded_large_room (large_or_triple_or_quad_room_token_detected); excluded from two-person-standard DP per confirmed policy.",21000,,,tax_included_total,jalan_room_type_excluded,false,false,true,excluded_room_type_large,page_chrome_coupon_or_discount_evidence;meal_basis_confirmed_room_only;meal_basis=confirmed_room_only;excluded_room_type_large;room_basis=excluded_large_room,,,/Volumes/SSD1/ZMI/zao-market-intelligence/.data/debug/auto-runner-market-refresh-rotating/20260926_080001/jalan/classification_decisions/yad325769_2027-02-23.json,zao_local_history_v1
2026-09-26|jalan|蔵王国際ホテル|yad309590|2027-02-06|2027-02-07|2_adults_1_room_1_night,67db3f129ee3e558f486ab816a6f57e050e94956979592183bcac7320bd47e45,2027_02,2026-09-26,2026-09-26T10:00:00+09:00,2026-09-26T10:00:00+09:00,jalan,AUTO-RUNNER10X,integrated_jalan_bounded_live,蔵王国際ホテル,国内旅行・海外旅行や宿・ホテルの宿泊予約はじゃらんnet　～日本最大級の宿・ホテル予約サイト～,true,yad309590,yad309590,2027-02-06,2027-02-07,1,2,1,0,JPY,ja,2_adults_1_room_1_night,sold_out,sold_out,,,missing_or_unclear,insufficient,insufficient,selected_date_calendar_sold_out,,,,missing_or_unclear,jalan_sold_out_excluded,false,false,true,sold_out_without_price,page_chrome_coupon_or_discount_evidence;tax_included_total_not_confirmed,,,/Volumes/SSD1/ZMI/zao-market-intelligence/.data/debug/auto-runner-market-refresh-rotating/20260926_100000/jalan/classification_decisions/yad309590_2027-02-06.json,zao_local_history_v1
2026-09-26|jalan|蔵王四季のホテル|yad322447|2027-02-23|2027-02-24|2_adults_1_room_1_night,92a1a84813baa5e5c49a88d87f346111e17c583e826be7284f0b20275c34fdf0,2027_02,2026-09-26,2026-09-26T10:00:00+09:00,2026-09-26T10:00:00+09:00,jalan,AUTO-RUNNER10X,integrated_jalan_bounded_live,蔵王四季のホテル,国内旅行・海外旅行や宿・ホテルの宿泊予約はじゃらんnet　～日本最大級の宿・ホテル予約サイト～,true,yad322447,yad322447,2027-02-23,2027-02-24,1,2,1,0,JPY,ja,2_adults_1_room_1_night,available,not_sold_out_confirmed,,,missing_or_unclear,C,C,Price visible but meal_basis=unknown_meal_basis (jalan_ambiguous_meal_and_room_only_tokens); excluded from room-only DP per confirmed policy.,95040,,,tax_included_total,jalan_unknown_meal_basis_excluded,false,false,true,unknown_meal_basis_excluded,page_chrome_coupon_or_discount_evidence;unknown_meal_basis_excluded;meal_basis=unknown_meal_basis,,,/Volumes/SSD1/ZMI/zao-market-intelligence/.data/debug/auto-runner-market-refresh-rotating/20260926_100000/jalan/classification_decisions/yad322447_2027-02-23.json,zao_local_history_v1
2026-09-26|jalan|ペンション木いちご|yad325769|2027-02-27|2027-02-28|2_adults_1_room_1_night,4b395286dece838d3af5376d37a0837edb6589d9917d520e174036e7f1da03e9,2027_02,2026-09-26,2026-09-26T10:00:00+09:00,2026-09-26T10:00:00+09:00,jalan,AUTO-RUNNER10X,integrated_jalan_bounded_live,ペンション木いちご,国内旅行・海外旅行や宿・ホテルの宿泊予約はじゃらんnet　～日本最大級の宿・ホテル予約サイト～,true,yad325769,yad325769,2027-02-27,2027-02-28,1,2,1,0,JPY,ja,2_adults_1_room_1_night,available,not_sold_out_confirmed,,,missing_or_unclear,C,C,"Price visible, meal_basis=confirmed_room_only, but room_basis=excluded_large_room (large_or_triple_or_quad_room_token_detected); excluded from two-person-standard DP per confirmed policy.",25000,,,tax_included_total,jalan_room_type_excluded,false,false,true,excluded_room_type_large,page_chrome_coupon_or_discount_evidence;meal_basis_confirmed_room_only;meal_basis=confirmed_room_only;excluded_room_type_large;room_basis=excluded_large_room,,,/Volumes/SSD1/ZMI/zao-market-intelligence/.data/debug/auto-runner-market-refresh-rotating/20260926_100000/jalan/classification_decisions/yad325769_2027-02-27.json,zao_local_history_v1
2026-09-26|jalan|蔵王四季のホテル|yad322447|2027-02-27|2027-02-28|2_adults_1_room_1_night,d94aeeedaafbb91f5cc20394961ed8f5078070f72fd42039312171d99c6787d8,2027_02,2026-09-26,2026-09-26T12:00:00+09:00,2026-09-26T12:00:00+09:00,jalan,AUTO-RUNNER10X,integrated_jalan_bounded_live,蔵王四季のホテル,国内旅行・海外旅行や宿・ホテルの宿泊予約はじゃらんnet　～日本最大級の宿・ホテル予約サイト～,true,yad322447,yad322447,2027-02-27,2027-02-28,1,2,1,0,JPY,ja,2_adults_1_room_1_night,available,not_sold_out_confirmed,,,missing_or_unclear,C,C,Price visible but meal_basis=unknown_meal_basis (jalan_ambiguous_meal_and_room_only_tokens); excluded from room-only DP per confirmed policy.,114400,,,tax_included_total,jalan_unknown_meal_basis_excluded,false,false,true,unknown_meal_basis_excluded,page_chrome_coupon_or_discount_evidence;unknown_meal_basis_excluded;meal_basis=unknown_meal_basis,,,/Volumes/SSD1/ZMI/zao-market-intelligence/.data/debug/auto-runner-market-refresh-rotating/20260926_120000/jalan/classification_decisions/yad322447_2027-02-27.json,zao_local_history_v1
2026-09-26|jalan|深山荘 高見屋|yad321744|2027-02-11|2027-02-12|2_adults_1_room_1_night,ba04a681fbd00916cba6209c0133f0b27dc8bfb6f59b6e915503e3a702f0479d,2027_02,2026-09-26,2026-09-26T12:00:00+09:00,2026-09-26T12:00:00+09:00,jalan,AUTO-RUNNER10X,integrated_jalan_bounded_live,深山荘 高見屋,国内旅行・海外旅行や宿・ホテルの宿泊予約はじゃらんnet　～日本最大級の宿・ホテル予約サイト～,true,yad321744,yad321744,2027-02-11,2027-02-12,1,2,1,0,JPY,ja,2_adults_1_room_1_night,available,not_sold_out_confirmed,,,missing_or_unclear,C,C,Price visible but meal_basis=unknown_meal_basis (jalan_ambiguous_meal_and_room_only_tokens); excluded from room-only DP per confirmed policy.,58300,,,tax_included_total,jalan_unknown_meal_basis_excluded,false,false,true,unknown_meal_basis_excluded,selected_plan_coupon_or_discount_evidence;unknown_meal_basis_excluded;meal_basis=unknown_meal_basis,,,/Volumes/SSD1/ZMI/zao-market-intelligence/.data/debug/auto-runner-market-refresh-rotating/20260926_120000/jalan/classification_decisions/yad321744_2027-02-11.json,zao_local_history_v1
2026-09-26|jalan|深山荘 高見屋|yad321744|2027-02-13|2027-02-14|2_adults_1_room_1_night,3a5050703dd338de95a9cb689264344bcddf80fcd8ba33b2c2067b8dd3727724,2027_02,2026-09-26,2026-09-26T16:00:00+09:00,2026-09-26T16:00:00+09:00,jalan,AUTO-RUNNER10X,integrated_jalan_bounded_live,深山荘 高見屋,国内旅行・海外旅行や宿・ホテルの宿泊予約はじゃらんnet　～日本最大級の宿・ホテル予約サイト～,true,yad321744,yad321744,2027-02-13,2027-02-14,1,2,1,0,JPY,ja,2_adults_1_room_1_night,available,not_sold_out_confirmed,,,missing_or_unclear,C,C,Price visible but meal_basis=unknown_meal_basis (jalan_ambiguous_meal_and_room_only_tokens); excluded from room-only DP per confirmed policy.,58300,,,tax_included_total,jalan_unknown_meal_basis_excluded,false,false,true,unknown_meal_basis_excluded,selected_plan_coupon_or_discount_evidence;unknown_meal_basis_excluded;meal_basis=unknown_meal_basis,,,/Volumes/SSD1/ZMI/zao-market-intelligence/.data/debug/auto-runner-market-refresh-rotating/20260926_160000/jalan/classification_decisions/yad321744_2027-02-13.json,zao_local_history_v1
2026-09-27|jalan|蔵王四季のホテル|yad322447|2027-02-06|2027-02-07|2_adults_1_room_1_night,0b80bbb34d6f46a7c256526251498de533ff9919475392914d39d9723d26a0d4,2027_02,2026-09-27,2026-09-27T00:00:00+09:00,2026-09-27T00:00:00+09:00,jalan,AUTO-RUNNER10X,integrated_jalan_bounded_live,蔵王四季のホテル,国内旅行・海外旅行や宿・ホテルの宿泊予約はじゃらんnet　～日本最大級の宿・ホテル予約サイト～,true,yad322447,yad322447,2027-02-06,2027-02-07,1,2,1,0,JPY,ja,2_adults_1_room_1_night,available,not_sold_out_confirmed,,,missing_or_unclear,C,C,Price visible but meal_basis=unknown_meal_basis (jalan_ambiguous_meal_and_room_only_tokens); excluded from room-only DP per confirmed policy.,116160,,,tax_included_total,jalan_unknown_meal_basis_excluded,false,false,true,unknown_meal_basis_excluded,page_chrome_coupon_or_discount_evidence;unknown_meal_basis_excluded;meal_basis=unknown_meal_basis,,,/Volumes/SSD1/ZMI/zao-market-intelligence/.data/debug/auto-runner-market-refresh-rotating/20260927_000000/jalan/classification_decisions/yad322447_2027-02-06.json,zao_local_history_v1
2026-09-27|jalan|深山荘 高見屋|yad321744|2027-02-06|2027-02-07|2_adults_1_room_1_night,a60fc9bb5188295f92e5cf97c6f6cb32f4e55e2aae5fb2ab12a9a9c25301fc0a,2027_02,2026-09-27,2026-09-27T02:00:00+09:00,2026-09-27T02:00:00+09:00,jalan,AUTO-RUNNER10X,integrated_jalan_bounded_live,深山荘 高見屋,国内旅行・海外旅行や宿・ホテルの宿泊予約はじゃらんnet　～日本最大級の宿・ホテル予約サイト～,true,yad321744,yad321744,2027-02-06,2027-02-07,1,2,1,0,JPY,ja,2_adults_1_room_1_night,available,not_sold_out_confirmed,,,missing_or_unclear,C,C,Price visible but meal_basis=unknown_meal_basis (jalan_ambiguous_meal_and_room_only_tokens); excluded from room-only DP per confirmed policy.,51700,,,tax_included_total,jalan_unknown_meal_basis_excluded,false,false,true,unknown_meal_basis_excluded,selected_plan_coupon_or_discount_evidence;unknown_meal_basis_excluded;meal_basis=unknown_meal_basis,,,/Volumes/SSD1/ZMI/zao-market-intelligence/.data/debug/auto-runner-market-refresh-rotating/20260927_020000/jalan/classification_decisions/yad321744_2027-02-06.json,zao_local_history_v1
2026-09-27|jalan|深山荘 高見屋|yad321744|2027-02-20|2027-02-21|2_adults_1_room_1_night,32f71d3953d9d8bf36fcdc6c22d552bd0e0fa201ac9fbed1e6d366f94626374d,2027_02,2026-09-27,2026-09-27T02:00:00+09:00,2026-09-27T02:00:00+09:00,jalan,AUTO-RUNNER10X,integrated_jalan_bounded_live,深山荘 高見屋,国内旅行・海外旅行や宿・ホテルの宿泊予約はじゃらんnet　～日本最大級の宿・ホテル予約サイト～,true,yad321744,yad321744,2027-02-20,2027-02-21,1,2,1,0,JPY,ja,2_adults_1_room_1_night,available,not_sold_out_confirmed,,,missing_or_unclear,C,C,Price visible but meal_basis=unknown_meal_basis (jalan_ambiguous_meal_and_room_only_tokens); excluded from room-only DP per confirmed policy.,58300,,,tax_included_total,jalan_unknown_meal_basis_excluded,false,false,true,unknown_meal_basis_excluded,selected_plan_coupon_or_discount_evidence;unknown_meal_basis_excluded;meal_basis=unknown_meal_basis,,,/Volumes/SSD1/ZMI/zao-market-intelligence/.data/debug/auto-runner-market-refresh-rotating/20260927_020000/jalan/classification_decisions/yad321744_2027-02-20.json,zao_local_history_v1
2026-09-27|jalan|深山荘 高見屋|yad321744|2027-02-23|2027-02-24|2_adults_1_room_1_night,10871add87b10d51361b8f41d1124038e7092d81d1bc7954fc58f008b38ee996,2027_02,2026-09-27,2026-09-27T04:00:00+09:00,2026-09-27T04:00:00+09:00,jalan,AUTO-RUNNER10X,integrated_jalan_bounded_live,深山荘 高見屋,国内旅行・海外旅行や宿・ホテルの宿泊予約はじゃらんnet　～日本最大級の宿・ホテル予約サイト～,true,yad321744,yad321744,2027-02-23,2027-02-24,1,2,1,0,JPY,ja,2_adults_1_room_1_night,available,not_sold_out_confirmed,,,missing_or_unclear,C,C,Price visible but meal_basis=unknown_meal_basis (jalan_ambiguous_meal_and_room_only_tokens); excluded from room-only DP per confirmed policy.,55000,,,tax_included_total,jalan_unknown_meal_basis_excluded,false,false,true,unknown_meal_basis_excluded,selected_plan_coupon_or_discount_evidence;unknown_meal_basis_excluded;meal_basis=unknown_meal_basis,,,/Volumes/SSD1/ZMI/zao-market-intelligence/.data/debug/auto-runner-market-refresh-rotating/20260927_040000/jalan/classification_decisions/yad321744_2027-02-23.json,zao_local_history_v1
2026-09-27|jalan|深山荘 高見屋|yad321744|2027-02-27|2027-02-28|2_adults_1_room_1_night,0f5e80ea0f258361c9de3e070dd0843aa38c5b09fc1a3ae2b9d767c627a3124d,2027_02,2026-09-27,2026-09-27T04:00:00+09:00,2026-09-27T04:00:00+09:00,jalan,AUTO-RUNNER10X,integrated_jalan_bounded_live,深山荘 高見屋,国内旅行・海外旅行や宿・ホテルの宿泊予約はじゃらんnet　～日本最大級の宿・ホテル予約サイト～,true,yad321744,yad321744,2027-02-27,2027-02-28,1,2,1,0,JPY,ja,2_adults_1_room_1_night,available,not_sold_out_confirmed,,,missing_or_unclear,C,C,Price visible but meal_basis=unknown_meal_basis (jalan_ambiguous_meal_and_room_only_tokens); excluded from room-only DP per confirmed policy.,58300,,,tax_included_total,jalan_unknown_meal_basis_excluded,false,false,true,unknown_meal_basis_excluded,selected_plan_coupon_or_discount_evidence;unknown_meal_basis_excluded;meal_basis=unknown_meal_basis,,,/Volumes/SSD1/ZMI/zao-market-intelligence/.data/debug/auto-runner-market-refresh-rotating/20260927_040000/jalan/classification_decisions/yad321744_2027-02-27.json,zao_local_history_v1
2026-09-27|jalan|名湯リゾート ルーセントタカミヤ|yad331969|2027-02-06|2027-02-07|2_adults_1_room_1_night,0bb051cd10709dfe908041f594913f07c07040237508aa33c1c940e840dae503,2027_02,2026-09-27,2026-09-27T06:00:00+09:00,2026-09-27T06:00:00+09:00,jalan,AUTO-RUNNER10X,integrated_jalan_bounded_live,名湯リゾート ルーセントタカミヤ,国内旅行・海外旅行や宿・ホテルの宿泊予約はじゃらんnet　～日本最大級の宿・ホテル予約サイト～,true,yad331969,yad331969,2027-02-06,2027-02-07,1,2,1,0,JPY,ja,2_adults_1_room_1_night,sold_out,sold_out,,,missing_or_unclear,insufficient,insufficient,selected_date_calendar_sold_out,,,,missing_or_unclear,jalan_sold_out_excluded,false,false,true,sold_out_without_price,page_chrome_coupon_or_discount_evidence;tax_included_total_not_confirmed,,,/Volumes/SSD1/ZMI/zao-market-intelligence/.data/debug/auto-runner-market-refresh-rotating/20260927_060000/jalan/classification_decisions/yad331969_2027-02-06.json,zao_local_history_v1
2026-09-27|jalan|名湯リゾート ルーセントタカミヤ|yad331969|2027-02-11|2027-02-12|2_adults_1_room_1_night,afe3a460115c89efcfe9b571c33ea1a9ec9ef909e97fb5c1d047ba1233b240a7,2027_02,2026-09-27,2026-09-27T08:00:00+09:00,2026-09-27T08:00:00+09:00,jalan,AUTO-RUNNER10X,integrated_jalan_bounded_live,名湯リゾート ルーセントタカミヤ,国内旅行・海外旅行や宿・ホテルの宿泊予約はじゃらんnet　～日本最大級の宿・ホテル予約サイト～,true,yad331969,yad331969,2027-02-11,2027-02-12,1,2,1,0,JPY,ja,2_adults_1_room_1_night,sold_out,sold_out,,,missing_or_unclear,insufficient,insufficient,selected_date_calendar_sold_out,,,,missing_or_unclear,jalan_sold_out_excluded,false,false,true,sold_out_without_price,page_chrome_coupon_or_discount_evidence;tax_included_total_not_confirmed,,,/Volumes/SSD1/ZMI/zao-market-intelligence/.data/debug/auto-runner-market-refresh-rotating/20260927_080000/jalan/classification_decisions/yad331969_2027-02-11.json,zao_local_history_v1
2026-09-27|jalan|名湯リゾート ルーセントタカミヤ|yad331969|2027-02-13|2027-02-14|2_adults_1_room_1_night,91a12c42fc5713dae2f6f778fa37713424df6877c0f74e8a2e0785a47ea1cfc5,2027_02,2026-09-27,2026-09-27T08:00:00+09:00,2026-09-27T08:00:00+09:00,jalan,AUTO-RUNNER10X,integrated_jalan_bounded_live,名湯リゾート ルーセントタカミヤ,国内旅行・海外旅行や宿・ホテルの宿泊予約はじゃらんnet　～日本最大級の宿・ホテル予約サイト～,true,yad331969,yad331969,2027-02-13,2027-02-14,1,2,1,0,JPY,ja,2_adults_1_room_1_night,sold_out,sold_out,,,missing_or_unclear,insufficient,insufficient,selected_date_calendar_sold_out,,,,missing_or_unclear,jalan_sold_out_excluded,false,false,true,sold_out_without_price,page_chrome_coupon_or_discount_evidence;tax_included_total_not_confirmed,,,/Volumes/SSD1/ZMI/zao-market-intelligence/.data/debug/auto-runner-market-refresh-rotating/20260927_080000/jalan/classification_decisions/yad331969_2027-02-13.json,zao_local_history_v1
2026-09-27|jalan|名湯リゾート ルーセントタカミヤ|yad331969|2027-02-20|2027-02-21|2_adults_1_room_1_night,7667e538ddbf2262103030fbda6b534de58010bc854d2bbaf0797999369a2c99,2027_02,2026-09-27,2026-09-27T10:00:01+09:00,2026-09-27T10:00:01+09:00,jalan,AUTO-RUNNER10X,integrated_jalan_bounded_live,名湯リゾート ルーセントタカミヤ,国内旅行・海外旅行や宿・ホテルの宿泊予約はじゃらんnet　～日本最大級の宿・ホテル予約サイト～,true,yad331969,yad331969,2027-02-20,2027-02-21,1,2,1,0,JPY,ja,2_adults_1_room_1_night,sold_out,sold_out,,,missing_or_unclear,insufficient,insufficient,selected_date_calendar_sold_out,,,,missing_or_unclear,jalan_sold_out_excluded,false,false,true,sold_out_without_price,page_chrome_coupon_or_discount_evidence;tax_included_total_not_confirmed,,,/Volumes/SSD1/ZMI/zao-market-intelligence/.data/debug/auto-runner-market-refresh-rotating/20260927_100001/jalan/classification_decisions/yad331969_2027-02-20.json,zao_local_history_v1
2026-09-27|jalan|名湯リゾート ルーセントタカミヤ|yad331969|2027-02-23|2027-02-24|2_adults_1_room_1_night,c4a8bb76fc68bdd9271b25e347ad7601a00e25bfd273635935fceb3e582c0c77,2027_02,2026-09-27,2026-09-27T10:00:01+09:00,2026-09-27T10:00:01+09:00,jalan,AUTO-RUNNER10X,integrated_jalan_bounded_live,名湯リゾート ルーセントタカミヤ,国内旅行・海外旅行や宿・ホテルの宿泊予約はじゃらんnet　～日本最大級の宿・ホテル予約サイト～,true,yad331969,yad331969,2027-02-23,2027-02-24,1,2,1,0,JPY,ja,2_adults_1_room_1_night,available,not_sold_out_confirmed,,,missing_or_unclear,C,C,Price visible but meal_basis=meal_included (jalan_meal_included_token_detected); excluded from room-only DP per confirmed policy.,40700,,,tax_included_total,jalan_meal_included_excluded,false,false,true,meal_included_plan_excluded,selected_plan_coupon_or_discount_evidence;meal_included_plan_excluded;meal_basis=meal_included,,,/Volumes/SSD1/ZMI/zao-market-intelligence/.data/debug/auto-runner-market-refresh-rotating/20260927_100001/jalan/classification_decisions/yad331969_2027-02-23.json,zao_local_history_v1
2026-09-27|jalan|蔵王四季のホテル|yad322447|2027-02-11|2027-02-12|2_adults_1_room_1_night,c81699695b46bb0bea11bef81b53817690805b355a97c9c12443feddf4988d55,2027_02,2026-09-27,2026-09-27T10:00:01+09:00,2026-09-27T10:00:01+09:00,jalan,AUTO-RUNNER10X,integrated_jalan_bounded_live,蔵王四季のホテル,国内旅行・海外旅行や宿・ホテルの宿泊予約はじゃらんnet　～日本最大級の宿・ホテル予約サイト～,true,yad322447,yad322447,2027-02-11,2027-02-12,1,2,1,0,JPY,ja,2_adults_1_room_1_night,available,not_sold_out_confirmed,,,missing_or_unclear,C,C,Price visible but meal_basis=unknown_meal_basis (jalan_ambiguous_meal_and_room_only_tokens); excluded from room-only DP per confirmed policy.,110880,,,tax_included_total,jalan_unknown_meal_basis_excluded,false,false,true,unknown_meal_basis_excluded,page_chrome_coupon_or_discount_evidence;unknown_meal_basis_excluded;meal_basis=unknown_meal_basis,,,/Volumes/SSD1/ZMI/zao-market-intelligence/.data/debug/auto-runner-market-refresh-rotating/20260927_100001/jalan/classification_decisions/yad322447_2027-02-11.json,zao_local_history_v1
2026-09-27|jalan|深山荘 高見屋|yad321744|2027-02-11|2027-02-12|2_adults_1_room_1_night,365efe7db419dc494a5e4961e38b53f481289de0419be8e06ba5f13624340b89,2027_02,2026-09-27,2026-09-27T12:00:00+09:00,2026-09-27T12:00:00+09:00,jalan,AUTO-RUNNER10X,integrated_jalan_bounded_live,深山荘 高見屋,国内旅行・海外旅行や宿・ホテルの宿泊予約はじゃらんnet　～日本最大級の宿・ホテル予約サイト～,true,yad321744,yad321744,2027-02-11,2027-02-12,1,2,1,0,JPY,ja,2_adults_1_room_1_night,available,not_sold_out_confirmed,,,missing_or_unclear,C,C,Price visible but meal_basis=unknown_meal_basis (jalan_ambiguous_meal_and_room_only_tokens); excluded from room-only DP per confirmed policy.,58300,,,tax_included_total,jalan_unknown_meal_basis_excluded,false,false,true,unknown_meal_basis_excluded,selected_plan_coupon_or_discount_evidence;unknown_meal_basis_excluded;meal_basis=unknown_meal_basis,,,/Volumes/SSD1/ZMI/zao-market-intelligence/.data/debug/auto-runner-market-refresh-rotating/20260927_120000/jalan/classification_decisions/yad321744_2027-02-11.json,zao_local_history_v1
2026-09-27|jalan|名湯リゾート ルーセントタカミヤ|yad331969|2027-02-27|2027-02-28|2_adults_1_room_1_night,d19eeb474f5eaaab879ab1aad45dbc5b75f2362f348346396c4437cc5a025404,2027_02,2026-09-27,2026-09-27T12:00:00+09:00,2026-09-27T12:00:00+09:00,jalan,AUTO-RUNNER10X,integrated_jalan_bounded_live,名湯リゾート ルーセントタカミヤ,国内旅行・海外旅行や宿・ホテルの宿泊予約はじゃらんnet　～日本最大級の宿・ホテル予約サイト～,true,yad331969,yad331969,2027-02-27,2027-02-28,1,2,1,0,JPY,ja,2_adults_1_room_1_night,available,not_sold_out_confirmed,,,missing_or_unclear,C,C,Price visible but meal_basis=meal_included (jalan_meal_included_token_detected); excluded from room-only DP per confirmed policy.,40700,,,tax_included_total,jalan_meal_included_excluded,false,false,true,meal_included_plan_excluded,selected_plan_coupon_or_discount_evidence;meal_included_plan_excluded;meal_basis=meal_included,,,/Volumes/SSD1/ZMI/zao-market-intelligence/.data/debug/auto-runner-market-refresh-rotating/20260927_120000/jalan/classification_decisions/yad331969_2027-02-27.json,zao_local_history_v1
2026-09-27|jalan|蔵王四季のホテル|yad322447|2027-02-13|2027-02-14|2_adults_1_room_1_night,68af6350b704777cdbf0bc7ca165e5c37aea2d7fb1fd56d49e9f6820f0a5e9ff,2027_02,2026-09-27,2026-09-27T12:00:00+09:00,2026-09-27T12:00:00+09:00,jalan,AUTO-RUNNER10X,integrated_jalan_bounded_live,蔵王四季のホテル,国内旅行・海外旅行や宿・ホテルの宿泊予約はじゃらんnet　～日本最大級の宿・ホテル予約サイト～,true,yad322447,yad322447,2027-02-13,2027-02-14,1,2,1,0,JPY,ja,2_adults_1_room_1_night,available,not_sold_out_confirmed,,,missing_or_unclear,C,C,Price visible but meal_basis=unknown_meal_basis (jalan_ambiguous_meal_and_room_only_tokens); excluded from room-only DP per confirmed policy.,124960,,,tax_included_total,jalan_unknown_meal_basis_excluded,false,false,true,unknown_meal_basis_excluded,page_chrome_coupon_or_discount_evidence;unknown_meal_basis_excluded;meal_basis=unknown_meal_basis,,,/Volumes/SSD1/ZMI/zao-market-intelligence/.data/debug/auto-runner-market-refresh-rotating/20260927_120000/jalan/classification_decisions/yad322447_2027-02-13.json,zao_local_history_v1
2026-09-27|jalan|蔵王四季のホテル|yad322447|2027-02-20|2027-02-21|2_adults_1_room_1_night,46abaa79c5eaba2828f327a6e6609ba9fab6aca9f90b04b0218505ffe5fa1460,2027_02,2026-09-27,2026-09-27T12:00:00+09:00,2026-09-27T12:00:00+09:00,jalan,AUTO-RUNNER10X,integrated_jalan_bounded_live,蔵王四季のホテル,国内旅行・海外旅行や宿・ホテルの宿泊予約はじゃらんnet　～日本最大級の宿・ホテル予約サイト～,true,yad322447,yad322447,2027-02-20,2027-02-21,1,2,1,0,JPY,ja,2_adults_1_room_1_night,available,not_sold_out_confirmed,,,missing_or_unclear,C,C,Price visible but meal_basis=unknown_meal_basis (jalan_ambiguous_meal_and_room_only_tokens); excluded from room-only DP per confirmed policy.,112640,,,tax_included_total,jalan_unknown_meal_basis_excluded,false,false,true,unknown_meal_basis_excluded,page_chrome_coupon_or_discount_evidence;unknown_meal_basis_excluded;meal_basis=unknown_meal_basis,,,/Volumes/SSD1/ZMI/zao-market-intelligence/.data/debug/auto-runner-market-refresh-rotating/20260927_120000/jalan/classification_decisions/yad322447_2027-02-20.json,zao_local_history_v1
2026-09-27|jalan|蔵王四季のホテル|yad322447|2027-02-23|2027-02-24|2_adults_1_room_1_night,cf21dac3254977a09e5473d45115058b4978760a8001805acfaf07b0ec9a70a0,2027_02,2026-09-27,2026-09-27T14:00:00+09:00,2026-09-27T14:00:00+09:00,jalan,AUTO-RUNNER10X,integrated_jalan_bounded_live,蔵王四季のホテル,国内旅行・海外旅行や宿・ホテルの宿泊予約はじゃらんnet　～日本最大級の宿・ホテル予約サイト～,true,yad322447,yad322447,2027-02-23,2027-02-24,1,2,1,0,JPY,ja,2_adults_1_room_1_night,available,not_sold_out_confirmed,,,missing_or_unclear,C,C,Price visible but meal_basis=unknown_meal_basis (jalan_ambiguous_meal_and_room_only_tokens); excluded from room-only DP per confirmed policy.,95040,,,tax_included_total,jalan_unknown_meal_basis_excluded,false,false,true,unknown_meal_basis_excluded,page_chrome_coupon_or_discount_evidence;unknown_meal_basis_excluded;meal_basis=unknown_meal_basis,,,/Volumes/SSD1/ZMI/zao-market-intelligence/.data/debug/auto-runner-market-refresh-rotating/20260927_140000/jalan/classification_decisions/yad322447_2027-02-23.json,zao_local_history_v1
2026-09-27|jalan|蔵王四季のホテル|yad322447|2027-02-27|2027-02-28|2_adults_1_room_1_night,57d48f66a45a21949ec4c72f5bb19156d9b759b26be06166eeb6e25e4263be61,2027_02,2026-09-27,2026-09-27T16:00:00+09:00,2026-09-27T16:00:00+09:00,jalan,AUTO-RUNNER10X,integrated_jalan_bounded_live,蔵王四季のホテル,国内旅行・海外旅行や宿・ホテルの宿泊予約はじゃらんnet　～日本最大級の宿・ホテル予約サイト～,true,yad322447,yad322447,2027-02-27,2027-02-28,1,2,1,0,JPY,ja,2_adults_1_room_1_night,available,not_sold_out_confirmed,,,missing_or_unclear,C,C,Price visible but meal_basis=unknown_meal_basis (jalan_ambiguous_meal_and_room_only_tokens); excluded from room-only DP per confirmed policy.,114400,,,tax_included_total,jalan_unknown_meal_basis_excluded,false,false,true,unknown_meal_basis_excluded,page_chrome_coupon_or_discount_evidence;unknown_meal_basis_excluded;meal_basis=unknown_meal_basis,,,/Volumes/SSD1/ZMI/zao-market-intelligence/.data/debug/auto-runner-market-refresh-rotating/20260927_160000/jalan/classification_decisions/yad322447_2027-02-27.json,zao_local_history_v1
2026-09-27|jalan|ペンション木いちご|yad325769|2027-02-06|2027-02-07|2_adults_1_room_1_night,577f9018dd9551dde6aba5a132499aa81c7601cb3d1a29b4baa7b3b7cd8a7b1d,2027_02,2026-09-27,2026-09-27T18:00:01+09:00,2026-09-27T18:00:01+09:00,jalan,AUTO-RUNNER10X,integrated_jalan_bounded_live,ペンション木いちご,国内旅行・海外旅行や宿・ホテルの宿泊予約はじゃらんnet　～日本最大級の宿・ホテル予約サイト～,true,yad325769,yad325769,2027-02-06,2027-02-07,1,2,1,0,JPY,ja,2_adults_1_room_1_night,sold_out,sold_out,,,missing_or_unclear,insufficient,insufficient,selected_date_calendar_sold_out,,,,missing_or_unclear,jalan_sold_out_excluded,false,false,true,sold_out_without_price,page_chrome_coupon_or_discount_evidence;tax_included_total_not_confirmed,,,/Volumes/SSD1/ZMI/zao-market-intelligence/.data/debug/auto-runner-market-refresh-rotating/20260927_180001/jalan/classification_decisions/yad325769_2027-02-06.json,zao_local_history_v1
2026-09-27|jalan|ペンション木いちご|yad325769|2027-02-11|2027-02-12|2_adults_1_room_1_night,2af830de51e3b5881d072d7077867bda2aa0314de436589b7e4301effc5026f2,2027_02,2026-09-27,2026-09-27T18:00:01+09:00,2026-09-27T18:00:01+09:00,jalan,AUTO-RUNNER10X,integrated_jalan_bounded_live,ペンション木いちご,国内旅行・海外旅行や宿・ホテルの宿泊予約はじゃらんnet　～日本最大級の宿・ホテル予約サイト～,true,yad325769,yad325769,2027-02-11,2027-02-12,1,2,1,0,JPY,ja,2_adults_1_room_1_night,sold_out,sold_out,,,missing_or_unclear,insufficient,insufficient,selected_date_calendar_sold_out,,,,missing_or_unclear,jalan_sold_out_excluded,false,false,true,sold_out_without_price,page_chrome_coupon_or_discount_evidence;tax_included_total_not_confirmed,,,/Volumes/SSD1/ZMI/zao-market-intelligence/.data/debug/auto-runner-market-refresh-rotating/20260927_180001/jalan/classification_decisions/yad325769_2027-02-11.json,zao_local_history_v1
2026-09-27|jalan|ペンション木いちご|yad325769|2027-02-13|2027-02-14|2_adults_1_room_1_night,ff503ddab1560611172567d040ef02cd270b260128fc49fa9799e95a8da391e4,2027_02,2026-09-27,2026-09-27T20:00:00+09:00,2026-09-27T20:00:00+09:00,jalan,AUTO-RUNNER10X,integrated_jalan_bounded_live,ペンション木いちご,国内旅行・海外旅行や宿・ホテルの宿泊予約はじゃらんnet　～日本最大級の宿・ホテル予約サイト～,true,yad325769,yad325769,2027-02-13,2027-02-14,1,2,1,0,JPY,ja,2_adults_1_room_1_night,available,not_sold_out_confirmed,,,missing_or_unclear,C,C,"Price visible, meal_basis=confirmed_room_only, but room_basis=excluded_large_room (large_or_triple_or_quad_room_token_detected); excluded from two-person-standard DP per confirmed policy.",25000,,,tax_included_total,jalan_room_type_excluded,false,false,true,excluded_room_type_large,page_chrome_coupon_or_discount_evidence;meal_basis_confirmed_room_only;meal_basis=confirmed_room_only;excluded_room_type_large;room_basis=excluded_large_room,,,/Volumes/SSD1/ZMI/zao-market-intelligence/.data/debug/auto-runner-market-refresh-rotating/20260927_200000/jalan/classification_decisions/yad325769_2027-02-13.json,zao_local_history_v1
2026-09-27|jalan|ペンション木いちご|yad325769|2027-02-20|2027-02-21|2_adults_1_room_1_night,d9b640a21a8baae44523c53c0306977bf6f94a6eb4194e42db0bf2af084655d1,2027_02,2026-09-27,2026-09-27T20:00:00+09:00,2026-09-27T20:00:00+09:00,jalan,AUTO-RUNNER10X,integrated_jalan_bounded_live,ペンション木いちご,国内旅行・海外旅行や宿・ホテルの宿泊予約はじゃらんnet　～日本最大級の宿・ホテル予約サイト～,true,yad325769,yad325769,2027-02-20,2027-02-21,1,2,1,0,JPY,ja,2_adults_1_room_1_night,available,not_sold_out_confirmed,24000,jalan_visible_total_tax_included,tax_included_total,B,B,Visible tax-included total usable as same-property directional price-pressure evidence; direct withheld due to non-hard gaps.,24000,,24000,tax_included_total,jalan_directional_tax_included_total,false,true,false,,page_chrome_coupon_or_discount_evidence;meal_basis_confirmed_room_only;meal_basis=confirmed_room_only;room_basis_confirmed_two_person_standard;room_basis=confirmed_two_person_standard_room,,,/Volumes/SSD1/ZMI/zao-market-intelligence/.data/debug/auto-runner-market-refresh-rotating/20260927_200000/jalan/classification_decisions/yad325769_2027-02-20.json,zao_local_history_v1
2026-09-27|jalan|ペンション木いちご|yad325769|2027-02-23|2027-02-24|2_adults_1_room_1_night,6c581b339c7293ee0f37ecbe47cac7368fba74f101ef2017685e950dc365bc84,2027_02,2026-09-27,2026-09-27T22:00:00+09:00,2026-09-27T22:00:00+09:00,jalan,AUTO-RUNNER10X,integrated_jalan_bounded_live,ペンション木いちご,国内旅行・海外旅行や宿・ホテルの宿泊予約はじゃらんnet　～日本最大級の宿・ホテル予約サイト～,true,yad325769,yad325769,2027-02-23,2027-02-24,1,2,1,0,JPY,ja,2_adults_1_room_1_night,available,not_sold_out_confirmed,,,missing_or_unclear,C,C,"Price visible, meal_basis=confirmed_room_only, but room_basis=excluded_large_room (large_or_triple_or_quad_room_token_detected); excluded from two-person-standard DP per confirmed policy.",21000,,,tax_included_total,jalan_room_type_excluded,false,false,true,excluded_room_type_large,page_chrome_coupon_or_discount_evidence;meal_basis_confirmed_room_only;meal_basis=confirmed_room_only;excluded_room_type_large;room_basis=excluded_large_room,,,/Volumes/SSD1/ZMI/zao-market-intelligence/.data/debug/auto-runner-market-refresh-rotating/20260927_220000/jalan/classification_decisions/yad325769_2027-02-23.json,zao_local_history_v1
2026-09-27|jalan|ペンション木いちご|yad325769|2027-02-27|2027-02-28|2_adults_1_room_1_night,d569291aae3ad4f295fe75595c7f1a2be5e8e4dceeb11ad90120c58d78bee10c,2027_02,2026-09-27,2026-09-27T22:00:00+09:00,2026-09-27T22:00:00+09:00,jalan,AUTO-RUNNER10X,integrated_jalan_bounded_live,ペンション木いちご,国内旅行・海外旅行や宿・ホテルの宿泊予約はじゃらんnet　～日本最大級の宿・ホテル予約サイト～,true,yad325769,yad325769,2027-02-27,2027-02-28,1,2,1,0,JPY,ja,2_adults_1_room_1_night,available,not_sold_out_confirmed,,,missing_or_unclear,C,C,"Price visible, meal_basis=confirmed_room_only, but room_basis=excluded_large_room (large_or_triple_or_quad_room_token_detected); excluded from two-person-standard DP per confirmed policy.",25000,,,tax_included_total,jalan_room_type_excluded,false,false,true,excluded_room_type_large,page_chrome_coupon_or_discount_evidence;meal_basis_confirmed_room_only;meal_basis=confirmed_room_only;excluded_room_type_large;room_basis=excluded_large_room,,,/Volumes/SSD1/ZMI/zao-market-intelligence/.data/debug/auto-runner-market-refresh-rotating/20260927_220000/jalan/classification_decisions/yad325769_2027-02-27.json,zao_local_history_v1
2026-09-28|jalan|深山荘 高見屋|yad321744|2027-02-06|2027-02-07|2_adults_1_room_1_night,fecc13199987d655046975aff681e6849a2f1dbc366b883061cf5874866b781c,2027_02,2026-09-28,2026-09-28T16:00:00+09:00,2026-09-28T16:00:00+09:00,jalan,AUTO-RUNNER10X,integrated_jalan_bounded_live,深山荘 高見屋,国内旅行・海外旅行や宿・ホテルの宿泊予約はじゃらんnet　～日本最大級の宿・ホテル予約サイト～,true,yad321744,yad321744,2027-02-06,2027-02-07,1,2,1,0,JPY,ja,2_adults_1_room_1_night,available,not_sold_out_confirmed,,,missing_or_unclear,C,C,Price visible but meal_basis=unknown_meal_basis (jalan_ambiguous_meal_and_room_only_tokens); excluded from room-only DP per confirmed policy.,51700,,,tax_included_total,jalan_unknown_meal_basis_excluded,false,false,true,unknown_meal_basis_excluded,selected_plan_coupon_or_discount_evidence;unknown_meal_basis_excluded;meal_basis=unknown_meal_basis,,,/Volumes/SSD1/ZMI/zao-market-intelligence/.data/debug/auto-runner-market-refresh-rotating/20260928_160000/jalan/classification_decisions/yad321744_2027-02-06.json,zao_local_history_v1
2026-09-28|jalan|名湯リゾート ルーセントタカミヤ|yad331969|2027-02-06|2027-02-07|2_adults_1_room_1_night,03fd0ec9ea4b5a8de105f76641e92579cb56b0707c5a0d38a7d673e4237b6fcd,2027_02,2026-09-28,2026-09-28T18:00:00+09:00,2026-09-28T18:00:00+09:00,jalan,AUTO-RUNNER10X,integrated_jalan_bounded_live,名湯リゾート ルーセントタカミヤ,国内旅行・海外旅行や宿・ホテルの宿泊予約はじゃらんnet　～日本最大級の宿・ホテル予約サイト～,true,yad331969,yad331969,2027-02-06,2027-02-07,1,2,1,0,JPY,ja,2_adults_1_room_1_night,sold_out,sold_out,,,missing_or_unclear,insufficient,insufficient,selected_date_calendar_sold_out,,,,missing_or_unclear,jalan_sold_out_excluded,false,false,true,sold_out_without_price,page_chrome_coupon_or_discount_evidence;tax_included_total_not_confirmed,,,/Volumes/SSD1/ZMI/zao-market-intelligence/.data/debug/auto-runner-market-refresh-rotating/20260928_180000/jalan/classification_decisions/yad331969_2027-02-06.json,zao_local_history_v1
2026-09-28|jalan|ペンション木いちご|yad325769|2027-02-06|2027-02-07|2_adults_1_room_1_night,385c1990b5b553ea74b59a23eefb97e6b6647d068871fbd6d8ea070f2ee2f87b,2027_02,2026-09-28,2026-09-28T22:00:00+09:00,2026-09-28T22:00:00+09:00,jalan,AUTO-RUNNER10X,integrated_jalan_bounded_live,ペンション木いちご,国内旅行・海外旅行や宿・ホテルの宿泊予約はじゃらんnet　～日本最大級の宿・ホテル予約サイト～,true,yad325769,yad325769,2027-02-06,2027-02-07,1,2,1,0,JPY,ja,2_adults_1_room_1_night,sold_out,sold_out,,,missing_or_unclear,insufficient,insufficient,selected_date_calendar_sold_out,,,,missing_or_unclear,jalan_sold_out_excluded,false,false,true,sold_out_without_price,page_chrome_coupon_or_discount_evidence;tax_included_total_not_confirmed,,,/Volumes/SSD1/ZMI/zao-market-intelligence/.data/debug/auto-runner-market-refresh-rotating/20260928_220000/jalan/classification_decisions/yad325769_2027-02-06.json,zao_local_history_v1
2026-09-28|jalan|名湯リゾート ルーセントタカミヤ|yad331969|2027-02-11|2027-02-12|2_adults_1_room_1_night,25b820f2f3e901e67d191780141f8051be8988aa797d6b53199a0730547476ef,2027_02,2026-09-28,2026-09-28T22:00:00+09:00,2026-09-28T22:00:00+09:00,jalan,AUTO-RUNNER10X,integrated_jalan_bounded_live,名湯リゾート ルーセントタカミヤ,国内旅行・海外旅行や宿・ホテルの宿泊予約はじゃらんnet　～日本最大級の宿・ホテル予約サイト～,true,yad331969,yad331969,2027-02-11,2027-02-12,1,2,1,0,JPY,ja,2_adults_1_room_1_night,sold_out,sold_out,,,missing_or_unclear,insufficient,insufficient,selected_date_calendar_sold_out,,,,missing_or_unclear,jalan_sold_out_excluded,false,false,true,sold_out_without_price,page_chrome_coupon_or_discount_evidence;tax_included_total_not_confirmed,,,/Volumes/SSD1/ZMI/zao-market-intelligence/.data/debug/auto-runner-market-refresh-rotating/20260928_220000/jalan/classification_decisions/yad331969_2027-02-11.json,zao_local_history_v1
2026-09-28|jalan|名湯リゾート ルーセントタカミヤ|yad331969|2027-02-13|2027-02-14|2_adults_1_room_1_night,dcccf763befff680ba95d1c0313dac5c13144d6818cfd25407f5aa866a389966,2027_02,2026-09-28,2026-09-28T22:00:00+09:00,2026-09-28T22:00:00+09:00,jalan,AUTO-RUNNER10X,integrated_jalan_bounded_live,名湯リゾート ルーセントタカミヤ,国内旅行・海外旅行や宿・ホテルの宿泊予約はじゃらんnet　～日本最大級の宿・ホテル予約サイト～,true,yad331969,yad331969,2027-02-13,2027-02-14,1,2,1,0,JPY,ja,2_adults_1_room_1_night,sold_out,sold_out,,,missing_or_unclear,insufficient,insufficient,selected_date_calendar_sold_out,,,,missing_or_unclear,jalan_sold_out_excluded,false,false,true,sold_out_without_price,page_chrome_coupon_or_discount_evidence;tax_included_total_not_confirmed,,,/Volumes/SSD1/ZMI/zao-market-intelligence/.data/debug/auto-runner-market-refresh-rotating/20260928_220000/jalan/classification_decisions/yad331969_2027-02-13.json,zao_local_history_v1
2026-09-28|jalan|ペンション木いちご|yad325769|2027-02-20|2027-02-21|2_adults_1_room_1_night,66b31b70b58c91c8f36b2e4a54e89cfd808781e1c9651d2a2d7fc1d1d7f117a2,2027_02,2026-09-28,2026-09-28T22:00:00+09:00,2026-09-28T22:00:00+09:00,jalan,AUTO-RUNNER10X,integrated_jalan_bounded_live,ペンション木いちご,国内旅行・海外旅行や宿・ホテルの宿泊予約はじゃらんnet　～日本最大級の宿・ホテル予約サイト～,true,yad325769,yad325769,2027-02-20,2027-02-21,1,2,1,0,JPY,ja,2_adults_1_room_1_night,available,not_sold_out_confirmed,22000,jalan_visible_total_tax_included,tax_included_total,B,B,Visible tax-included total usable as same-property directional price-pressure evidence; direct withheld due to non-hard gaps.,22000,,22000,tax_included_total,jalan_directional_tax_included_total,false,true,false,,page_chrome_coupon_or_discount_evidence;meal_basis_confirmed_room_only;meal_basis=confirmed_room_only;room_basis_confirmed_two_person_standard;room_basis=confirmed_two_person_standard_room,,,/Volumes/SSD1/ZMI/zao-market-intelligence/.data/debug/auto-runner-market-refresh-rotating/20260928_220000/jalan/classification_decisions/yad325769_2027-02-20.json,zao_local_history_v1
2026-09-29|jalan|蔵王国際ホテル|yad309590|2027-02-06|2027-02-07|2_adults_1_room_1_night,e1c9a93888bd4e1b0bd5895efe4a0acbbc6a4f991409ca51e7d8c9a18e4dc1b4,2027_02,2026-09-29,2026-09-29T00:00:00+09:00,2026-09-29T00:00:00+09:00,jalan,AUTO-RUNNER10X,integrated_jalan_bounded_live,蔵王国際ホテル,国内旅行・海外旅行や宿・ホテルの宿泊予約はじゃらんnet　～日本最大級の宿・ホテル予約サイト～,true,yad309590,yad309590,2027-02-06,2027-02-07,1,2,1,0,JPY,ja,2_adults_1_room_1_night,sold_out,sold_out,,,missing_or_unclear,insufficient,insufficient,selected_date_calendar_sold_out,,,,missing_or_unclear,jalan_sold_out_excluded,false,false,true,sold_out_without_price,page_chrome_coupon_or_discount_evidence;tax_included_total_not_confirmed,,,/Volumes/SSD1/ZMI/zao-market-intelligence/.data/debug/auto-runner-market-refresh-rotating/20260929_000000/jalan/classification_decisions/yad309590_2027-02-06.json,zao_local_history_v1
2026-09-29|jalan|蔵王国際ホテル|yad309590|2027-02-11|2027-02-12|2_adults_1_room_1_night,fbc672fab50bfdcfb6f83b100c535849e80fc95ef2966d70bee95985aea6028a,2027_02,2026-09-29,2026-09-29T00:00:00+09:00,2026-09-29T00:00:00+09:00,jalan,AUTO-RUNNER10X,integrated_jalan_bounded_live,蔵王国際ホテル,国内旅行・海外旅行や宿・ホテルの宿泊予約はじゃらんnet　～日本最大級の宿・ホテル予約サイト～,true,yad309590,yad309590,2027-02-11,2027-02-12,1,2,1,0,JPY,ja,2_adults_1_room_1_night,sold_out,sold_out,,,missing_or_unclear,insufficient,insufficient,selected_date_calendar_sold_out,,,,missing_or_unclear,jalan_sold_out_excluded,false,false,true,sold_out_without_price,page_chrome_coupon_or_discount_evidence;tax_included_total_not_confirmed,,,/Volumes/SSD1/ZMI/zao-market-intelligence/.data/debug/auto-runner-market-refresh-rotating/20260929_000000/jalan/classification_decisions/yad309590_2027-02-11.json,zao_local_history_v1
2026-09-29|jalan|ペンション木いちご|yad325769|2027-02-13|2027-02-14|2_adults_1_room_1_night,33140114020a25e921d1699f4e020bc165f651a1da804a48a635c39a04c7da8c,2027_02,2026-09-29,2026-09-29T00:00:00+09:00,2026-09-29T00:00:00+09:00,jalan,AUTO-RUNNER10X,integrated_jalan_bounded_live,ペンション木いちご,国内旅行・海外旅行や宿・ホテルの宿泊予約はじゃらんnet　～日本最大級の宿・ホテル予約サイト～,true,yad325769,yad325769,2027-02-13,2027-02-14,1,2,1,0,JPY,ja,2_adults_1_room_1_night,available,not_sold_out_confirmed,,,missing_or_unclear,C,C,"Price visible, meal_basis=confirmed_room_only, but room_basis=excluded_large_room (large_or_triple_or_quad_room_token_detected); excluded from two-person-standard DP per confirmed policy.",25000,,,tax_included_total,jalan_room_type_excluded,false,false,true,excluded_room_type_large,page_chrome_coupon_or_discount_evidence;meal_basis_confirmed_room_only;meal_basis=confirmed_room_only;excluded_room_type_large;room_basis=excluded_large_room,,,/Volumes/SSD1/ZMI/zao-market-intelligence/.data/debug/auto-runner-market-refresh-rotating/20260929_000000/jalan/classification_decisions/yad325769_2027-02-13.json,zao_local_history_v1
2026-09-29|jalan|深山荘 高見屋|yad321744|2027-02-11|2027-02-12|2_adults_1_room_1_night,f2a4e3128ebeeb9c6f3dccdeb147e02b40736984cd39018ae0a2f21a1957534a,2027_02,2026-09-29,2026-09-29T02:00:00+09:00,2026-09-29T02:00:00+09:00,jalan,AUTO-RUNNER10X,integrated_jalan_bounded_live,深山荘 高見屋,国内旅行・海外旅行や宿・ホテルの宿泊予約はじゃらんnet　～日本最大級の宿・ホテル予約サイト～,true,yad321744,yad321744,2027-02-11,2027-02-12,1,2,1,0,JPY,ja,2_adults_1_room_1_night,available,not_sold_out_confirmed,,,missing_or_unclear,C,C,Price visible but meal_basis=unknown_meal_basis (jalan_ambiguous_meal_and_room_only_tokens); excluded from room-only DP per confirmed policy.,58300,,,tax_included_total,jalan_unknown_meal_basis_excluded,false,false,true,unknown_meal_basis_excluded,selected_plan_coupon_or_discount_evidence;unknown_meal_basis_excluded;meal_basis=unknown_meal_basis,,,/Volumes/SSD1/ZMI/zao-market-intelligence/.data/debug/auto-runner-market-refresh-rotating/20260929_020000/jalan/classification_decisions/yad321744_2027-02-11.json,zao_local_history_v1
2026-09-29|jalan|深山荘 高見屋|yad321744|2027-02-13|2027-02-14|2_adults_1_room_1_night,47ef6070b2acf5a802b1e773ae167877f55509bb9d83434484a9218bac91af1f,2027_02,2026-09-29,2026-09-29T02:00:00+09:00,2026-09-29T02:00:00+09:00,jalan,AUTO-RUNNER10X,integrated_jalan_bounded_live,深山荘 高見屋,国内旅行・海外旅行や宿・ホテルの宿泊予約はじゃらんnet　～日本最大級の宿・ホテル予約サイト～,true,yad321744,yad321744,2027-02-13,2027-02-14,1,2,1,0,JPY,ja,2_adults_1_room_1_night,available,not_sold_out_confirmed,,,missing_or_unclear,C,C,Price visible but meal_basis=unknown_meal_basis (jalan_ambiguous_meal_and_room_only_tokens); excluded from room-only DP per confirmed policy.,58300,,,tax_included_total,jalan_unknown_meal_basis_excluded,false,false,true,unknown_meal_basis_excluded,selected_plan_coupon_or_discount_evidence;unknown_meal_basis_excluded;meal_basis=unknown_meal_basis,,,/Volumes/SSD1/ZMI/zao-market-intelligence/.data/debug/auto-runner-market-refresh-rotating/20260929_020000/jalan/classification_decisions/yad321744_2027-02-13.json,zao_local_history_v1
2026-09-29|jalan|ペンション木いちご|yad325769|2027-02-23|2027-02-24|2_adults_1_room_1_night,efe4b42b285e95b12a1fd777dafb576809e18cbecf197b1933ab2feae31d9d29,2027_02,2026-09-29,2026-09-29T02:00:00+09:00,2026-09-29T02:00:00+09:00,jalan,AUTO-RUNNER10X,integrated_jalan_bounded_live,ペンション木いちご,国内旅行・海外旅行や宿・ホテルの宿泊予約はじゃらんnet　～日本最大級の宿・ホテル予約サイト～,true,yad325769,yad325769,2027-02-23,2027-02-24,1,2,1,0,JPY,ja,2_adults_1_room_1_night,available,not_sold_out_confirmed,,,missing_or_unclear,C,C,"Price visible, meal_basis=confirmed_room_only, but room_basis=excluded_large_room (large_or_triple_or_quad_room_token_detected); excluded from two-person-standard DP per confirmed policy.",21000,,,tax_included_total,jalan_room_type_excluded,false,false,true,excluded_room_type_large,page_chrome_coupon_or_discount_evidence;meal_basis_confirmed_room_only;meal_basis=confirmed_room_only;excluded_room_type_large;room_basis=excluded_large_room,,,/Volumes/SSD1/ZMI/zao-market-intelligence/.data/debug/auto-runner-market-refresh-rotating/20260929_020000/jalan/classification_decisions/yad325769_2027-02-23.json,zao_local_history_v1
2026-09-29|jalan|名湯リゾート ルーセントタカミヤ|yad331969|2027-02-20|2027-02-21|2_adults_1_room_1_night,ec0b9696a26fbf8edd643725734fb134941a01173b2bbc3929296a33fed16d75,2027_02,2026-09-29,2026-09-29T02:00:00+09:00,2026-09-29T02:00:00+09:00,jalan,AUTO-RUNNER10X,integrated_jalan_bounded_live,名湯リゾート ルーセントタカミヤ,国内旅行・海外旅行や宿・ホテルの宿泊予約はじゃらんnet　～日本最大級の宿・ホテル予約サイト～,true,yad331969,yad331969,2027-02-20,2027-02-21,1,2,1,0,JPY,ja,2_adults_1_room_1_night,sold_out,sold_out,,,missing_or_unclear,insufficient,insufficient,selected_date_calendar_sold_out,,,,missing_or_unclear,jalan_sold_out_excluded,false,false,true,sold_out_without_price,page_chrome_coupon_or_discount_evidence;tax_included_total_not_confirmed,,,/Volumes/SSD1/ZMI/zao-market-intelligence/.data/debug/auto-runner-market-refresh-rotating/20260929_020000/jalan/classification_decisions/yad331969_2027-02-20.json,zao_local_history_v1
2026-09-29|jalan|蔵王四季のホテル|yad322447|2027-02-06|2027-02-07|2_adults_1_room_1_night,f8a9fec2b914e2fb2eebd549e235455a9c0f8716ebf04f45b4e8b7cc819ee51b,2027_02,2026-09-29,2026-09-29T04:00:01+09:00,2026-09-29T04:00:01+09:00,jalan,AUTO-RUNNER10X,integrated_jalan_bounded_live,蔵王四季のホテル,国内旅行・海外旅行や宿・ホテルの宿泊予約はじゃらんnet　～日本最大級の宿・ホテル予約サイト～,true,yad322447,yad322447,2027-02-06,2027-02-07,1,2,1,0,JPY,ja,2_adults_1_room_1_night,available,not_sold_out_confirmed,,,missing_or_unclear,C,C,Price visible but meal_basis=unknown_meal_basis (jalan_ambiguous_meal_and_room_only_tokens); excluded from room-only DP per confirmed policy.,116160,,,tax_included_total,jalan_unknown_meal_basis_excluded,false,false,true,unknown_meal_basis_excluded,page_chrome_coupon_or_discount_evidence;unknown_meal_basis_excluded;meal_basis=unknown_meal_basis,,,/Volumes/SSD1/ZMI/zao-market-intelligence/.data/debug/auto-runner-market-refresh-rotating/20260929_040001/jalan/classification_decisions/yad322447_2027-02-06.json,zao_local_history_v1
2026-09-29|jalan|ペンション木いちご|yad325769|2027-02-11|2027-02-12|2_adults_1_room_1_night,a11fd98414038bf1688577249a35f3c0e3289af040ff0fd63866c6831ae45052,2027_02,2026-09-29,2026-09-29T04:00:01+09:00,2026-09-29T04:00:01+09:00,jalan,AUTO-RUNNER10X,integrated_jalan_bounded_live,ペンション木いちご,国内旅行・海外旅行や宿・ホテルの宿泊予約はじゃらんnet　～日本最大級の宿・ホテル予約サイト～,true,yad325769,yad325769,2027-02-11,2027-02-12,1,2,1,0,JPY,ja,2_adults_1_room_1_night,sold_out,sold_out,,,missing_or_unclear,insufficient,insufficient,selected_date_calendar_sold_out,,,,missing_or_unclear,jalan_sold_out_excluded,false,false,true,sold_out_without_price,page_chrome_coupon_or_discount_evidence;tax_included_total_not_confirmed,,,/Volumes/SSD1/ZMI/zao-market-intelligence/.data/debug/auto-runner-market-refresh-rotating/20260929_040001/jalan/classification_decisions/yad325769_2027-02-11.json,zao_local_history_v1
2026-09-29|jalan|蔵王四季のホテル|yad322447|2027-02-11|2027-02-12|2_adults_1_room_1_night,a8f39616c83e156c773da006148b756d0fde106f3ab2b2a978bbc51dac56d6c9,2027_02,2026-09-29,2026-09-29T06:00:00+09:00,2026-09-29T06:00:00+09:00,jalan,AUTO-RUNNER10X,integrated_jalan_bounded_live,蔵王四季のホテル,国内旅行・海外旅行や宿・ホテルの宿泊予約はじゃらんnet　～日本最大級の宿・ホテル予約サイト～,true,yad322447,yad322447,2027-02-11,2027-02-12,1,2,1,0,JPY,ja,2_adults_1_room_1_night,available,not_sold_out_confirmed,,,missing_or_unclear,C,C,Price visible but meal_basis=unknown_meal_basis (jalan_ambiguous_meal_and_room_only_tokens); excluded from room-only DP per confirmed policy.,110880,,,tax_included_total,jalan_unknown_meal_basis_excluded,false,false,true,unknown_meal_basis_excluded,page_chrome_coupon_or_discount_evidence;unknown_meal_basis_excluded;meal_basis=unknown_meal_basis,,,/Volumes/SSD1/ZMI/zao-market-intelligence/.data/debug/auto-runner-market-refresh-rotating/20260929_060000/jalan/classification_decisions/yad322447_2027-02-11.json,zao_local_history_v1
2026-09-29|jalan|蔵王四季のホテル|yad322447|2027-02-13|2027-02-14|2_adults_1_room_1_night,f4ea80287c8ec64a3a1e9af5ca4597cd08231814ed95f524ee95f43fdc15e5c9,2027_02,2026-09-29,2026-09-29T08:00:00+09:00,2026-09-29T08:00:00+09:00,jalan,AUTO-RUNNER10X,integrated_jalan_bounded_live,蔵王四季のホテル,国内旅行・海外旅行や宿・ホテルの宿泊予約はじゃらんnet　～日本最大級の宿・ホテル予約サイト～,true,yad322447,yad322447,2027-02-13,2027-02-14,1,2,1,0,JPY,ja,2_adults_1_room_1_night,available,not_sold_out_confirmed,,,missing_or_unclear,C,C,Price visible but meal_basis=unknown_meal_basis (jalan_ambiguous_meal_and_room_only_tokens); excluded from room-only DP per confirmed policy.,124960,,,tax_included_total,jalan_unknown_meal_basis_excluded,false,false,true,unknown_meal_basis_excluded,page_chrome_coupon_or_discount_evidence;unknown_meal_basis_excluded;meal_basis=unknown_meal_basis,,,/Volumes/SSD1/ZMI/zao-market-intelligence/.data/debug/auto-runner-market-refresh-rotating/20260929_080000/jalan/classification_decisions/yad322447_2027-02-13.json,zao_local_history_v1
2026-09-29|jalan|蔵王四季のホテル|yad322447|2027-02-20|2027-02-21|2_adults_1_room_1_night,113290c1197eb60c3ecf1b9dd221c5a1d54a7500fa0bdef4a77e1e4fa04cc7ea,2027_02,2026-09-29,2026-09-29T08:00:00+09:00,2026-09-29T08:00:00+09:00,jalan,AUTO-RUNNER10X,integrated_jalan_bounded_live,蔵王四季のホテル,国内旅行・海外旅行や宿・ホテルの宿泊予約はじゃらんnet　～日本最大級の宿・ホテル予約サイト～,true,yad322447,yad322447,2027-02-20,2027-02-21,1,2,1,0,JPY,ja,2_adults_1_room_1_night,available,not_sold_out_confirmed,,,missing_or_unclear,C,C,Price visible but meal_basis=unknown_meal_basis (jalan_ambiguous_meal_and_room_only_tokens); excluded from room-only DP per confirmed policy.,112640,,,tax_included_total,jalan_unknown_meal_basis_excluded,false,false,true,unknown_meal_basis_excluded,page_chrome_coupon_or_discount_evidence;unknown_meal_basis_excluded;meal_basis=unknown_meal_basis,,,/Volumes/SSD1/ZMI/zao-market-intelligence/.data/debug/auto-runner-market-refresh-rotating/20260929_080000/jalan/classification_decisions/yad322447_2027-02-20.json,zao_local_history_v1
2026-09-29|jalan|名湯リゾート ルーセントタカミヤ|yad331969|2027-02-23|2027-02-24|2_adults_1_room_1_night,41107f0041760711ae26d00045f7568bc29cbfd241b201b947fee07155a2eb44,2027_02,2026-09-29,2026-09-29T08:00:00+09:00,2026-09-29T08:00:00+09:00,jalan,AUTO-RUNNER10X,integrated_jalan_bounded_live,名湯リゾート ルーセントタカミヤ,国内旅行・海外旅行や宿・ホテルの宿泊予約はじゃらんnet　～日本最大級の宿・ホテル予約サイト～,true,yad331969,yad331969,2027-02-23,2027-02-24,1,2,1,0,JPY,ja,2_adults_1_room_1_night,available,not_sold_out_confirmed,,,missing_or_unclear,C,C,Price visible but meal_basis=meal_included (jalan_meal_included_token_detected); excluded from room-only DP per confirmed policy.,40700,,,tax_included_total,jalan_meal_included_excluded,false,false,true,meal_included_plan_excluded,selected_plan_coupon_or_discount_evidence;meal_included_plan_excluded;meal_basis=meal_included,,,/Volumes/SSD1/ZMI/zao-market-intelligence/.data/debug/auto-runner-market-refresh-rotating/20260929_080000/jalan/classification_decisions/yad331969_2027-02-23.json,zao_local_history_v1
2026-09-29|jalan|名湯リゾート ルーセントタカミヤ|yad331969|2027-02-27|2027-02-28|2_adults_1_room_1_night,54d51204103991e6587caa19953cbbc4847fc011ca820064c54a2c18abe11b5e,2027_02,2026-09-29,2026-09-29T08:00:00+09:00,2026-09-29T08:00:00+09:00,jalan,AUTO-RUNNER10X,integrated_jalan_bounded_live,名湯リゾート ルーセントタカミヤ,国内旅行・海外旅行や宿・ホテルの宿泊予約はじゃらんnet　～日本最大級の宿・ホテル予約サイト～,true,yad331969,yad331969,2027-02-27,2027-02-28,1,2,1,0,JPY,ja,2_adults_1_room_1_night,available,not_sold_out_confirmed,,,missing_or_unclear,C,C,"Price visible, meal_basis=confirmed_room_only, but room_basis=excluded_family_or_suite_room (family_or_suite_room_token_detected); excluded from two-person-standard DP per confirmed policy.",40700,,,tax_included_total,jalan_room_type_excluded,false,false,true,excluded_room_type_family_or_suite,selected_plan_coupon_or_discount_evidence;meal_basis_confirmed_room_only;meal_basis=confirmed_room_only;excluded_room_type_family_or_suite;room_basis=excluded_family_or_suite_room,,,/Volumes/SSD1/ZMI/zao-market-intelligence/.data/debug/auto-runner-market-refresh-rotating/20260929_080000/jalan/classification_decisions/yad331969_2027-02-27.json,zao_local_history_v1
2026-09-29|jalan|ペンション木いちご|yad325769|2027-02-27|2027-02-28|2_adults_1_room_1_night,551764e971210dc6b3ce35a3ec08c50698281e5c2e056de6fb321099c9348c23,2027_02,2026-09-29,2026-09-29T10:00:01+09:00,2026-09-29T10:00:01+09:00,jalan,AUTO-RUNNER10X,integrated_jalan_bounded_live,ペンション木いちご,国内旅行・海外旅行や宿・ホテルの宿泊予約はじゃらんnet　～日本最大級の宿・ホテル予約サイト～,true,yad325769,yad325769,2027-02-27,2027-02-28,1,2,1,0,JPY,ja,2_adults_1_room_1_night,available,not_sold_out_confirmed,,,missing_or_unclear,C,C,"Price visible, meal_basis=confirmed_room_only, but room_basis=excluded_large_room (large_or_triple_or_quad_room_token_detected); excluded from two-person-standard DP per confirmed policy.",25000,,,tax_included_total,jalan_room_type_excluded,false,false,true,excluded_room_type_large,page_chrome_coupon_or_discount_evidence;meal_basis_confirmed_room_only;meal_basis=confirmed_room_only;excluded_room_type_large;room_basis=excluded_large_room,,,/Volumes/SSD1/ZMI/zao-market-intelligence/.data/debug/auto-runner-market-refresh-rotating/20260929_100001/jalan/classification_decisions/yad325769_2027-02-27.json,zao_local_history_v1
2026-09-29|jalan|蔵王四季のホテル|yad322447|2027-02-23|2027-02-24|2_adults_1_room_1_night,94ca0ce2830bed56029f482d0bdcc112edc337e9597235a134e361d71ccdc031,2027_02,2026-09-29,2026-09-29T12:00:00+09:00,2026-09-29T12:00:00+09:00,jalan,AUTO-RUNNER10X,integrated_jalan_bounded_live,蔵王四季のホテル,国内旅行・海外旅行や宿・ホテルの宿泊予約はじゃらんnet　～日本最大級の宿・ホテル予約サイト～,true,yad322447,yad322447,2027-02-23,2027-02-24,1,2,1,0,JPY,ja,2_adults_1_room_1_night,available,not_sold_out_confirmed,,,missing_or_unclear,C,C,Price visible but meal_basis=unknown_meal_basis (jalan_ambiguous_meal_and_room_only_tokens); excluded from room-only DP per confirmed policy.,95040,,,tax_included_total,jalan_unknown_meal_basis_excluded,false,false,true,unknown_meal_basis_excluded,page_chrome_coupon_or_discount_evidence;unknown_meal_basis_excluded;meal_basis=unknown_meal_basis,,,/Volumes/SSD1/ZMI/zao-market-intelligence/.data/debug/auto-runner-market-refresh-rotating/20260929_120000/jalan/classification_decisions/yad322447_2027-02-23.json,zao_local_history_v1
2026-09-29|jalan|蔵王四季のホテル|yad322447|2027-02-27|2027-02-28|2_adults_1_room_1_night,cb0f3fbd04187e1ed12436cf10fb2589e49ecd2862bb5a6cb3bdff56ec0d798b,2027_02,2026-09-29,2026-09-29T14:00:00+09:00,2026-09-29T14:00:00+09:00,jalan,AUTO-RUNNER10X,integrated_jalan_bounded_live,蔵王四季のホテル,国内旅行・海外旅行や宿・ホテルの宿泊予約はじゃらんnet　～日本最大級の宿・ホテル予約サイト～,true,yad322447,yad322447,2027-02-27,2027-02-28,1,2,1,0,JPY,ja,2_adults_1_room_1_night,available,not_sold_out_confirmed,,,missing_or_unclear,C,C,Price visible but meal_basis=unknown_meal_basis (jalan_ambiguous_meal_and_room_only_tokens); excluded from room-only DP per confirmed policy.,114400,,,tax_included_total,jalan_unknown_meal_basis_excluded,false,false,true,unknown_meal_basis_excluded,page_chrome_coupon_or_discount_evidence;unknown_meal_basis_excluded;meal_basis=unknown_meal_basis,,,/Volumes/SSD1/ZMI/zao-market-intelligence/.data/debug/auto-runner-market-refresh-rotating/20260929_140000/jalan/classification_decisions/yad322447_2027-02-27.json,zao_local_history_v1
2026-09-29|jalan|蔵王国際ホテル|yad309590|2027-02-13|2027-02-14|2_adults_1_room_1_night,b769a2d41ccaac7a9d57ed86e0ed21c8a6cb9ab7c5516bd1346be6e17449b560,2027_02,2026-09-29,2026-09-29T16:00:01+09:00,2026-09-29T16:00:01+09:00,jalan,AUTO-RUNNER10X,integrated_jalan_bounded_live,蔵王国際ホテル,国内旅行・海外旅行や宿・ホテルの宿泊予約はじゃらんnet　～日本最大級の宿・ホテル予約サイト～,true,yad309590,yad309590,2027-02-13,2027-02-14,1,2,1,0,JPY,ja,2_adults_1_room_1_night,available,not_sold_out_confirmed,,,missing_or_unclear,C,C,Price visible but meal_basis=meal_included (jalan_meal_included_token_detected); excluded from room-only DP per confirmed policy.,119680,,,tax_included_total,jalan_meal_included_excluded,false,false,true,meal_included_plan_excluded,page_chrome_coupon_or_discount_evidence;meal_included_plan_excluded;meal_basis=meal_included,,,/Volumes/SSD1/ZMI/zao-market-intelligence/.data/debug/auto-runner-market-refresh-rotating/20260929_160000/jalan/classification_decisions/yad309590_2027-02-13.json,zao_local_history_v1
2026-09-29|jalan|蔵王国際ホテル|yad309590|2027-02-20|2027-02-21|2_adults_1_room_1_night,400c2b44e7594975f66e92284f17ea9af2fc8da03d0f3d922fd8615a8f8e112f,2027_02,2026-09-29,2026-09-29T18:00:00+09:00,2026-09-29T18:00:00+09:00,jalan,AUTO-RUNNER10X,integrated_jalan_bounded_live,蔵王国際ホテル,国内旅行・海外旅行や宿・ホテルの宿泊予約はじゃらんnet　～日本最大級の宿・ホテル予約サイト～,true,yad309590,yad309590,2027-02-20,2027-02-21,1,2,1,0,JPY,ja,2_adults_1_room_1_night,available,not_sold_out_confirmed,,,missing_or_unclear,C,C,Price visible but meal_basis=meal_included (jalan_meal_included_token_detected); excluded from room-only DP per confirmed policy.,119680,,,tax_included_total,jalan_meal_included_excluded,false,false,true,meal_included_plan_excluded,page_chrome_coupon_or_discount_evidence;meal_included_plan_excluded;meal_basis=meal_included,,,/Volumes/SSD1/ZMI/zao-market-intelligence/.data/debug/auto-runner-market-refresh-rotating/20260929_180000/jalan/classification_decisions/yad309590_2027-02-20.json,zao_local_history_v1
2026-09-29|jalan|蔵王国際ホテル|yad309590|2027-02-23|2027-02-24|2_adults_1_room_1_night,6d7e1b300eef97c0a2b1f1540ed56ef5fbb191df5b4c1b7a4c06d76f76d33179,2027_02,2026-09-29,2026-09-29T18:00:00+09:00,2026-09-29T18:00:00+09:00,jalan,AUTO-RUNNER10X,integrated_jalan_bounded_live,蔵王国際ホテル,国内旅行・海外旅行や宿・ホテルの宿泊予約はじゃらんnet　～日本最大級の宿・ホテル予約サイト～,true,yad309590,yad309590,2027-02-23,2027-02-24,1,2,1,0,JPY,ja,2_adults_1_room_1_night,available,not_sold_out_confirmed,,,missing_or_unclear,C,C,Price visible but meal_basis=meal_included (jalan_meal_included_token_detected); excluded from room-only DP per confirmed policy.,105600,,,tax_included_total,jalan_meal_included_excluded,false,false,true,meal_included_plan_excluded,page_chrome_coupon_or_discount_evidence;meal_included_plan_excluded;meal_basis=meal_included,,,/Volumes/SSD1/ZMI/zao-market-intelligence/.data/debug/auto-runner-market-refresh-rotating/20260929_180000/jalan/classification_decisions/yad309590_2027-02-23.json,zao_local_history_v1
2026-09-29|jalan|蔵王国際ホテル|yad309590|2027-02-27|2027-02-28|2_adults_1_room_1_night,49e366ad3056c7d485e742a488340a0e2b763b566d8947497b1e4af53a1dda77,2027_02,2026-09-29,2026-09-29T20:00:00+09:00,2026-09-29T20:00:00+09:00,jalan,AUTO-RUNNER10X,integrated_jalan_bounded_live,蔵王国際ホテル,国内旅行・海外旅行や宿・ホテルの宿泊予約はじゃらんnet　～日本最大級の宿・ホテル予約サイト～,true,yad309590,yad309590,2027-02-27,2027-02-28,1,2,1,0,JPY,ja,2_adults_1_room_1_night,available,not_sold_out_confirmed,,,missing_or_unclear,C,C,Price visible but meal_basis=meal_included (jalan_meal_included_token_detected); excluded from room-only DP per confirmed policy.,112640,,,tax_included_total,jalan_meal_included_excluded,false,false,true,meal_included_plan_excluded,page_chrome_coupon_or_discount_evidence;meal_included_plan_excluded;meal_basis=meal_included,,,/Volumes/SSD1/ZMI/zao-market-intelligence/.data/debug/auto-runner-market-refresh-rotating/20260929_200000/jalan/classification_decisions/yad309590_2027-02-27.json,zao_local_history_v1
2026-09-29|jalan|ペンション木いちご|yad325769|2027-02-06|2027-02-07|2_adults_1_room_1_night,731db25a14cafde1852732c8a8fe8687229b0e15d376df017cebe58d691b9e1d,2027_02,2026-09-29,2026-09-29T22:00:00+09:00,2026-09-29T22:00:00+09:00,jalan,AUTO-RUNNER10X,integrated_jalan_bounded_live,ペンション木いちご,国内旅行・海外旅行や宿・ホテルの宿泊予約はじゃらんnet　～日本最大級の宿・ホテル予約サイト～,true,yad325769,yad325769,2027-02-06,2027-02-07,1,2,1,0,JPY,ja,2_adults_1_room_1_night,sold_out,sold_out,,,missing_or_unclear,insufficient,insufficient,selected_date_calendar_sold_out,,,,missing_or_unclear,jalan_sold_out_excluded,false,false,true,sold_out_without_price,page_chrome_coupon_or_discount_evidence;tax_included_total_not_confirmed,,,/Volumes/SSD1/ZMI/zao-market-intelligence/.data/debug/auto-runner-market-refresh-rotating/20260929_220000/jalan/classification_decisions/yad325769_2027-02-06.json,zao_local_history_v1
2026-09-29|jalan|ペンション木いちご|yad325769|2027-02-20|2027-02-21|2_adults_1_room_1_night,acdd774d9282e72334da09411e8c2f255279ea4d750056bcdc8d449b699f41b4,2027_02,2026-09-29,2026-09-29T22:00:00+09:00,2026-09-29T22:00:00+09:00,jalan,AUTO-RUNNER10X,integrated_jalan_bounded_live,ペンション木いちご,国内旅行・海外旅行や宿・ホテルの宿泊予約はじゃらんnet　～日本最大級の宿・ホテル予約サイト～,true,yad325769,yad325769,2027-02-20,2027-02-21,1,2,1,0,JPY,ja,2_adults_1_room_1_night,available,not_sold_out_confirmed,24000,jalan_visible_total_tax_included,tax_included_total,B,B,Visible tax-included total usable as same-property directional price-pressure evidence; direct withheld due to non-hard gaps.,24000,,24000,tax_included_total,jalan_directional_tax_included_total,false,true,false,,page_chrome_coupon_or_discount_evidence;meal_basis_confirmed_room_only;meal_basis=confirmed_room_only;room_basis_confirmed_two_person_standard;room_basis=confirmed_two_person_standard_room,,,/Volumes/SSD1/ZMI/zao-market-intelligence/.data/debug/auto-runner-market-refresh-rotating/20260929_220000/jalan/classification_decisions/yad325769_2027-02-20.json,zao_local_history_v1
2026-09-30|jalan|ペンション木いちご|yad325769|2027-02-11|2027-02-12|2_adults_1_room_1_night,e66f07e15e4fac6e5385f73603d56635a6fc0f4b0a6e170f60975e75734386a3,2027_02,2026-09-30,2026-09-30T04:00:00+09:00,2026-09-30T04:00:00+09:00,jalan,AUTO-RUNNER10X,integrated_jalan_bounded_live,ペンション木いちご,国内旅行・海外旅行や宿・ホテルの宿泊予約はじゃらんnet　～日本最大級の宿・ホテル予約サイト～,true,yad325769,yad325769,2027-02-11,2027-02-12,1,2,1,0,JPY,ja,2_adults_1_room_1_night,sold_out,sold_out,,,missing_or_unclear,insufficient,insufficient,selected_date_calendar_sold_out,,,,missing_or_unclear,jalan_sold_out_excluded,false,false,true,sold_out_without_price,tax_included_total_not_confirmed,,,/Volumes/SSD1/ZMI/zao-market-intelligence/.data/debug/auto-runner-market-refresh-rotating/20260930_040000/jalan/classification_decisions/yad325769_2027-02-11.json,zao_local_history_v1
2026-09-30|jalan|ペンション木いちご|yad325769|2027-02-13|2027-02-14|2_adults_1_room_1_night,2cad4e67ad45cd5a6d3205e15950221302de3a192e47ffa6a45145cf2c0e1fa7,2027_02,2026-09-30,2026-09-30T06:00:00+09:00,2026-09-30T06:00:00+09:00,jalan,AUTO-RUNNER10X,integrated_jalan_bounded_live,ペンション木いちご,国内旅行・海外旅行や宿・ホテルの宿泊予約はじゃらんnet　～日本最大級の宿・ホテル予約サイト～,true,yad325769,yad325769,2027-02-13,2027-02-14,1,2,1,0,JPY,ja,2_adults_1_room_1_night,available,not_sold_out_confirmed,,,missing_or_unclear,C,C,"Price visible, meal_basis=confirmed_room_only, but room_basis=excluded_large_room (large_or_triple_or_quad_room_token_detected); excluded from two-person-standard DP per confirmed policy.",25000,,,tax_included_total,jalan_room_type_excluded,false,false,true,excluded_room_type_large,meal_basis_confirmed_room_only;meal_basis=confirmed_room_only;excluded_room_type_large;room_basis=excluded_large_room,,,/Volumes/SSD1/ZMI/zao-market-intelligence/.data/debug/auto-runner-market-refresh-rotating/20260930_060000/jalan/classification_decisions/yad325769_2027-02-13.json,zao_local_history_v1
2026-09-30|jalan|たかみや瑠璃倶楽|yad316848|2027-02-06|2027-02-07|2_adults_1_room_1_night,52e0f96144cfa80e56c4d9da4d6a60d3f562b542a52316311732c946e57d09a2,2027_02,2026-09-30,2026-09-30T12:00:00+09:00,2026-09-30T12:00:00+09:00,jalan,AUTO-RUNNER10X,integrated_jalan_bounded_live,たかみや瑠璃倶楽,国内旅行・海外旅行や宿・ホテルの宿泊予約はじゃらんnet　～日本最大級の宿・ホテル予約サイト～,true,yad316848,yad316848,2027-02-06,2027-02-07,1,2,1,0,JPY,ja,2_adults_1_room_1_night,sold_out,sold_out,,,missing_or_unclear,insufficient,insufficient,selected_date_calendar_sold_out,,,,missing_or_unclear,jalan_sold_out_excluded,false,false,true,sold_out_without_price,page_chrome_coupon_or_discount_evidence;tax_included_total_not_confirmed,,,/Volumes/SSD1/ZMI/zao-market-intelligence/.data/debug/auto-runner-market-refresh-rotating/20260930_120000/jalan/classification_decisions/yad316848_2027-02-06.json,zao_local_history_v1
2026-10-01|jalan|蔵王四季のホテル|yad322447|2027-02-06|2027-02-07|2_adults_1_room_1_night,f0a3907db75ac9e19ec3b9693ff06a2f6551c9b3f3daf10e35168c17ed9f49ff,2027_02,2026-10-01,2026-10-01T16:00:00+09:00,2026-10-01T16:00:00+09:00,jalan,AUTO-RUNNER10X,integrated_jalan_bounded_live,蔵王四季のホテル,国内旅行・海外旅行や宿・ホテルの宿泊予約はじゃらんnet　～日本最大級の宿・ホテル予約サイト～,true,yad322447,yad322447,2027-02-06,2027-02-07,1,2,1,0,JPY,ja,2_adults_1_room_1_night,available,not_sold_out_confirmed,,,missing_or_unclear,C,C,Price visible but meal_basis=unknown_meal_basis (jalan_ambiguous_meal_and_room_only_tokens); excluded from room-only DP per confirmed policy.,116160,,,tax_included_total,jalan_unknown_meal_basis_excluded,false,false,true,unknown_meal_basis_excluded,page_chrome_coupon_or_discount_evidence;unknown_meal_basis_excluded;meal_basis=unknown_meal_basis,,,/Volumes/SSD1/ZMI/zao-market-intelligence/.data/debug/auto-runner-market-refresh-rotating/20261001_160000/jalan/classification_decisions/yad322447_2027-02-06.json,zao_local_history_v1
2026-10-01|jalan|蔵王四季のホテル|yad322447|2027-02-11|2027-02-12|2_adults_1_room_1_night,0ea0fc0c9c866c3cbd937786be7678bd43fcdb7066a1c16acaacea2ad2c4b39f,2027_02,2026-10-01,2026-10-01T18:00:00+09:00,2026-10-01T18:00:00+09:00,jalan,AUTO-RUNNER10X,integrated_jalan_bounded_live,蔵王四季のホテル,国内旅行・海外旅行や宿・ホテルの宿泊予約はじゃらんnet　～日本最大級の宿・ホテル予約サイト～,true,yad322447,yad322447,2027-02-11,2027-02-12,1,2,1,0,JPY,ja,2_adults_1_room_1_night,available,not_sold_out_confirmed,,,missing_or_unclear,C,C,Price visible but meal_basis=unknown_meal_basis (jalan_ambiguous_meal_and_room_only_tokens); excluded from room-only DP per confirmed policy.,110880,,,tax_included_total,jalan_unknown_meal_basis_excluded,false,false,true,unknown_meal_basis_excluded,page_chrome_coupon_or_discount_evidence;unknown_meal_basis_excluded;meal_basis=unknown_meal_basis,,,/Volumes/SSD1/ZMI/zao-market-intelligence/.data/debug/auto-runner-market-refresh-rotating/20261001_180000/jalan/classification_decisions/yad322447_2027-02-11.json,zao_local_history_v1
2026-10-01|jalan|蔵王四季のホテル|yad322447|2027-02-13|2027-02-14|2_adults_1_room_1_night,6023ed77cd82b04217d0108250f564303a94c7a733c127d39d9fb5b2c6f6bf6e,2027_02,2026-10-01,2026-10-01T18:00:00+09:00,2026-10-01T18:00:00+09:00,jalan,AUTO-RUNNER10X,integrated_jalan_bounded_live,蔵王四季のホテル,国内旅行・海外旅行や宿・ホテルの宿泊予約はじゃらんnet　～日本最大級の宿・ホテル予約サイト～,true,yad322447,yad322447,2027-02-13,2027-02-14,1,2,1,0,JPY,ja,2_adults_1_room_1_night,available,not_sold_out_confirmed,,,missing_or_unclear,C,C,Price visible but meal_basis=unknown_meal_basis (jalan_ambiguous_meal_and_room_only_tokens); excluded from room-only DP per confirmed policy.,124960,,,tax_included_total,jalan_unknown_meal_basis_excluded,false,false,true,unknown_meal_basis_excluded,page_chrome_coupon_or_discount_evidence;unknown_meal_basis_excluded;meal_basis=unknown_meal_basis,,,/Volumes/SSD1/ZMI/zao-market-intelligence/.data/debug/auto-runner-market-refresh-rotating/20261001_180000/jalan/classification_decisions/yad322447_2027-02-13.json,zao_local_history_v1
2026-10-01|jalan|蔵王国際ホテル|yad309590|2027-02-06|2027-02-07|2_adults_1_room_1_night,2555b8eb4b3e9279491d071a2cb3582d6d28d283fb2e10b1abd2e949a90c151a,2027_02,2026-10-01,2026-10-01T20:00:00+09:00,2026-10-01T20:00:00+09:00,jalan,AUTO-RUNNER10X,integrated_jalan_bounded_live,蔵王国際ホテル,国内旅行・海外旅行や宿・ホテルの宿泊予約はじゃらんnet　～日本最大級の宿・ホテル予約サイト～,true,yad309590,yad309590,2027-02-06,2027-02-07,1,2,1,0,JPY,ja,2_adults_1_room_1_night,sold_out,sold_out,,,missing_or_unclear,insufficient,insufficient,selected_date_calendar_sold_out,,,,missing_or_unclear,jalan_sold_out_excluded,false,false,true,sold_out_without_price,page_chrome_coupon_or_discount_evidence;tax_included_total_not_confirmed,,,/Volumes/SSD1/ZMI/zao-market-intelligence/.data/debug/auto-runner-market-refresh-rotating/20261001_200000/jalan/classification_decisions/yad309590_2027-02-06.json,zao_local_history_v1
2026-10-01|jalan|蔵王四季のホテル|yad322447|2027-02-20|2027-02-21|2_adults_1_room_1_night,d712f3f83f23f2fd53ff621bc40e22f1a743df71c9292d115c6151d32cd68da9,2027_02,2026-10-01,2026-10-01T20:00:00+09:00,2026-10-01T20:00:00+09:00,jalan,AUTO-RUNNER10X,integrated_jalan_bounded_live,蔵王四季のホテル,国内旅行・海外旅行や宿・ホテルの宿泊予約はじゃらんnet　～日本最大級の宿・ホテル予約サイト～,true,yad322447,yad322447,2027-02-20,2027-02-21,1,2,1,0,JPY,ja,2_adults_1_room_1_night,available,not_sold_out_confirmed,,,missing_or_unclear,C,C,Price visible but meal_basis=unknown_meal_basis (jalan_ambiguous_meal_and_room_only_tokens); excluded from room-only DP per confirmed policy.,112640,,,tax_included_total,jalan_unknown_meal_basis_excluded,false,false,true,unknown_meal_basis_excluded,page_chrome_coupon_or_discount_evidence;unknown_meal_basis_excluded;meal_basis=unknown_meal_basis,,,/Volumes/SSD1/ZMI/zao-market-intelligence/.data/debug/auto-runner-market-refresh-rotating/20261001_200000/jalan/classification_decisions/yad322447_2027-02-20.json,zao_local_history_v1
2026-10-01|jalan|蔵王四季のホテル|yad322447|2027-02-23|2027-02-24|2_adults_1_room_1_night,5fc4249fb749a09130cb6de3a616fbac1e807210c47d98e24763e479df8c243b,2027_02,2026-10-01,2026-10-01T20:00:00+09:00,2026-10-01T20:00:00+09:00,jalan,AUTO-RUNNER10X,integrated_jalan_bounded_live,蔵王四季のホテル,国内旅行・海外旅行や宿・ホテルの宿泊予約はじゃらんnet　～日本最大級の宿・ホテル予約サイト～,true,yad322447,yad322447,2027-02-23,2027-02-24,1,2,1,0,JPY,ja,2_adults_1_room_1_night,available,not_sold_out_confirmed,,,missing_or_unclear,C,C,Price visible but meal_basis=unknown_meal_basis (jalan_ambiguous_meal_and_room_only_tokens); excluded from room-only DP per confirmed policy.,95040,,,tax_included_total,jalan_unknown_meal_basis_excluded,false,false,true,unknown_meal_basis_excluded,page_chrome_coupon_or_discount_evidence;unknown_meal_basis_excluded;meal_basis=unknown_meal_basis,,,/Volumes/SSD1/ZMI/zao-market-intelligence/.data/debug/auto-runner-market-refresh-rotating/20261001_200000/jalan/classification_decisions/yad322447_2027-02-23.json,zao_local_history_v1
2026-10-01|jalan|深山荘 高見屋|yad321744|2027-02-06|2027-02-07|2_adults_1_room_1_night,b23c3f5dcbddaf971ffed06ca2114ddab65e88f33453f33b0eb4c9f3231b3114,2027_02,2026-10-01,2026-10-01T22:00:00+09:00,2026-10-01T22:00:00+09:00,jalan,AUTO-RUNNER10X,integrated_jalan_bounded_live,深山荘 高見屋,国内旅行・海外旅行や宿・ホテルの宿泊予約はじゃらんnet　～日本最大級の宿・ホテル予約サイト～,true,yad321744,yad321744,2027-02-06,2027-02-07,1,2,1,0,JPY,ja,2_adults_1_room_1_night,available,not_sold_out_confirmed,,,missing_or_unclear,C,C,Price visible but meal_basis=unknown_meal_basis (jalan_ambiguous_meal_and_room_only_tokens); excluded from room-only DP per confirmed policy.,103400,,,tax_included_total,jalan_unknown_meal_basis_excluded,false,false,true,unknown_meal_basis_excluded,page_chrome_coupon_or_discount_evidence;unknown_meal_basis_excluded;meal_basis=unknown_meal_basis,,,/Volumes/SSD1/ZMI/zao-market-intelligence/.data/debug/auto-runner-market-refresh-rotating/20261001_220000/jalan/classification_decisions/yad321744_2027-02-06.json,zao_local_history_v1
2026-10-01|jalan|深山荘 高見屋|yad321744|2027-02-11|2027-02-12|2_adults_1_room_1_night,b42f16734235bcfbbb8d5bb1e34ccdc8ebaecfb5ed1b123005af08637b79d260,2027_02,2026-10-01,2026-10-01T22:00:00+09:00,2026-10-01T22:00:00+09:00,jalan,AUTO-RUNNER10X,integrated_jalan_bounded_live,深山荘 高見屋,国内旅行・海外旅行や宿・ホテルの宿泊予約はじゃらんnet　～日本最大級の宿・ホテル予約サイト～,true,yad321744,yad321744,2027-02-11,2027-02-12,1,2,1,0,JPY,ja,2_adults_1_room_1_night,sold_out,sold_out,,,missing_or_unclear,insufficient,insufficient,selected_date_calendar_sold_out,,,,missing_or_unclear,jalan_sold_out_excluded,false,false,true,sold_out_without_price,page_chrome_coupon_or_discount_evidence;tax_included_total_not_confirmed,,,/Volumes/SSD1/ZMI/zao-market-intelligence/.data/debug/auto-runner-market-refresh-rotating/20261001_220000/jalan/classification_decisions/yad321744_2027-02-11.json,zao_local_history_v1
2026-10-01|jalan|蔵王四季のホテル|yad322447|2027-02-27|2027-02-28|2_adults_1_room_1_night,8819f980621bd74e766c9c949a0d77bbfeec522bd0231ff4f9e6176a2d5cdcdb,2027_02,2026-10-01,2026-10-01T22:00:00+09:00,2026-10-01T22:00:00+09:00,jalan,AUTO-RUNNER10X,integrated_jalan_bounded_live,蔵王四季のホテル,国内旅行・海外旅行や宿・ホテルの宿泊予約はじゃらんnet　～日本最大級の宿・ホテル予約サイト～,true,yad322447,yad322447,2027-02-27,2027-02-28,1,2,1,0,JPY,ja,2_adults_1_room_1_night,available,not_sold_out_confirmed,,,missing_or_unclear,C,C,Price visible but meal_basis=unknown_meal_basis (jalan_ambiguous_meal_and_room_only_tokens); excluded from room-only DP per confirmed policy.,114400,,,tax_included_total,jalan_unknown_meal_basis_excluded,false,false,true,unknown_meal_basis_excluded,page_chrome_coupon_or_discount_evidence;unknown_meal_basis_excluded;meal_basis=unknown_meal_basis,,,/Volumes/SSD1/ZMI/zao-market-intelligence/.data/debug/auto-runner-market-refresh-rotating/20261001_220000/jalan/classification_decisions/yad322447_2027-02-27.json,zao_local_history_v1
2026-10-02|jalan|深山荘 高見屋|yad321744|2027-02-13|2027-02-14|2_adults_1_room_1_night,ac8b57f8dc8cc85ffe643c8fc8fe4e22758c7fe10f3a85d77da0cafc393304aa,2027_02,2026-10-02,2026-10-02T00:00:01+09:00,2026-10-02T00:00:01+09:00,jalan,AUTO-RUNNER10X,integrated_jalan_bounded_live,深山荘 高見屋,国内旅行・海外旅行や宿・ホテルの宿泊予約はじゃらんnet　～日本最大級の宿・ホテル予約サイト～,true,yad321744,yad321744,2027-02-13,2027-02-14,1,2,1,0,JPY,ja,2_adults_1_room_1_night,available,not_sold_out_confirmed,,,missing_or_unclear,C,C,Price visible but meal_basis=unknown_meal_basis (jalan_ambiguous_meal_and_room_only_tokens); excluded from room-only DP per confirmed policy.,116600,,,tax_included_total,jalan_unknown_meal_basis_excluded,false,false,true,unknown_meal_basis_excluded,page_chrome_coupon_or_discount_evidence;unknown_meal_basis_excluded;meal_basis=unknown_meal_basis,,,/Volumes/SSD1/ZMI/zao-market-intelligence/.data/debug/auto-runner-market-refresh-rotating/20261002_000001/jalan/classification_decisions/yad321744_2027-02-13.json,zao_local_history_v1
2026-10-02|jalan|蔵王温泉 高砂屋旅館|yad391608|2027-02-06|2027-02-07|2_adults_1_room_1_night,2bc30b00ab0415fc088fc59a5aaabe381fb63a499b43782ef382080590299b27,2027_02,2026-10-02,2026-10-02T00:00:01+09:00,2026-10-02T00:00:01+09:00,jalan,AUTO-RUNNER10X,integrated_jalan_bounded_live,蔵王温泉 高砂屋旅館,国内旅行・海外旅行や宿・ホテルの宿泊予約はじゃらんnet　～日本最大級の宿・ホテル予約サイト～,true,yad391608,yad391608,2027-02-06,2027-02-07,1,2,1,0,JPY,ja,2_adults_1_room_1_night,available,not_sold_out_confirmed,,,missing_or_unclear,C,C,Price visible but meal_basis=meal_included (jalan_meal_included_token_detected); excluded from room-only DP per confirmed policy.,48000,,,tax_included_total,jalan_meal_included_excluded,false,false,true,meal_included_plan_excluded,page_chrome_coupon_or_discount_evidence;meal_included_plan_excluded;meal_basis=meal_included,,,/Volumes/SSD1/ZMI/zao-market-intelligence/.data/debug/auto-runner-market-refresh-rotating/20261002_000001/jalan/classification_decisions/yad391608_2027-02-06.json,zao_local_history_v1
2026-10-02|jalan|深山荘 高見屋|yad321744|2027-02-20|2027-02-21|2_adults_1_room_1_night,5442a73c0103215a1afe656cd578f8fb2ffcdee3fc995b90e5aa89d06ce89d35,2027_02,2026-10-02,2026-10-02T02:00:00+09:00,2026-10-02T02:00:00+09:00,jalan,AUTO-RUNNER10X,integrated_jalan_bounded_live,深山荘 高見屋,国内旅行・海外旅行や宿・ホテルの宿泊予約はじゃらんnet　～日本最大級の宿・ホテル予約サイト～,true,yad321744,yad321744,2027-02-20,2027-02-21,1,2,1,0,JPY,ja,2_adults_1_room_1_night,available,not_sold_out_confirmed,,,missing_or_unclear,C,C,Price visible but meal_basis=unknown_meal_basis (jalan_ambiguous_meal_and_room_only_tokens); excluded from room-only DP per confirmed policy.,116600,,,tax_included_total,jalan_unknown_meal_basis_excluded,false,false,true,unknown_meal_basis_excluded,page_chrome_coupon_or_discount_evidence;unknown_meal_basis_excluded;meal_basis=unknown_meal_basis,,,/Volumes/SSD1/ZMI/zao-market-intelligence/.data/debug/auto-runner-market-refresh-rotating/20261002_020000/jalan/classification_decisions/yad321744_2027-02-20.json,zao_local_history_v1
2026-10-02|jalan|蔵王温泉 高砂屋旅館|yad391608|2027-02-11|2027-02-12|2_adults_1_room_1_night,20d2f07b0a226c9af8f516866aff7ddd61c2f26b7c0080dbd8ff37667b4da746,2027_02,2026-10-02,2026-10-02T02:00:00+09:00,2026-10-02T02:00:00+09:00,jalan,AUTO-RUNNER10X,integrated_jalan_bounded_live,蔵王温泉 高砂屋旅館,国内旅行・海外旅行や宿・ホテルの宿泊予約はじゃらんnet　～日本最大級の宿・ホテル予約サイト～,true,yad391608,yad391608,2027-02-11,2027-02-12,1,2,1,0,JPY,ja,2_adults_1_room_1_night,sold_out,sold_out,,,missing_or_unclear,insufficient,insufficient,selected_date_calendar_sold_out,,,,missing_or_unclear,jalan_sold_out_excluded,false,false,true,sold_out_without_price,page_chrome_coupon_or_discount_evidence;tax_included_total_not_confirmed,,,/Volumes/SSD1/ZMI/zao-market-intelligence/.data/debug/auto-runner-market-refresh-rotating/20261002_020000/jalan/classification_decisions/yad391608_2027-02-11.json,zao_local_history_v1
2026-10-02|jalan|ペンション木いちご|yad325769|2027-02-06|2027-02-07|2_adults_1_room_1_night,ac3d36b9e8face4a2cea413bcb1bebbbf13ad40637bc546f246d8b51d8283142,2027_02,2026-10-02,2026-10-02T02:00:00+09:00,2026-10-02T02:00:00+09:00,jalan,AUTO-RUNNER10X,integrated_jalan_bounded_live,ペンション木いちご,国内旅行・海外旅行や宿・ホテルの宿泊予約はじゃらんnet　～日本最大級の宿・ホテル予約サイト～,true,yad325769,yad325769,2027-02-06,2027-02-07,1,2,1,0,JPY,ja,2_adults_1_room_1_night,sold_out,sold_out,,,missing_or_unclear,insufficient,insufficient,selected_date_calendar_sold_out,,,,missing_or_unclear,jalan_sold_out_excluded,false,false,true,sold_out_without_price,page_chrome_coupon_or_discount_evidence;tax_included_total_not_confirmed,,,/Volumes/SSD1/ZMI/zao-market-intelligence/.data/debug/auto-runner-market-refresh-rotating/20261002_020000/jalan/classification_decisions/yad325769_2027-02-06.json,zao_local_history_v1
2026-10-02|jalan|深山荘 高見屋|yad321744|2027-02-23|2027-02-24|2_adults_1_room_1_night,8cc8d7a9b7ae780465c9fd3b1f5e5e9537438177a8e06c39556444f3bf79e426,2027_02,2026-10-02,2026-10-02T04:00:00+09:00,2026-10-02T04:00:00+09:00,jalan,AUTO-RUNNER10X,integrated_jalan_bounded_live,深山荘 高見屋,国内旅行・海外旅行や宿・ホテルの宿泊予約はじゃらんnet　～日本最大級の宿・ホテル予約サイト～,true,yad321744,yad321744,2027-02-23,2027-02-24,1,2,1,0,JPY,ja,2_adults_1_room_1_night,available,not_sold_out_confirmed,,,missing_or_unclear,C,C,Price visible but meal_basis=unknown_meal_basis (jalan_ambiguous_meal_and_room_only_tokens); excluded from room-only DP per confirmed policy.,110000,,,tax_included_total,jalan_unknown_meal_basis_excluded,false,false,true,unknown_meal_basis_excluded,page_chrome_coupon_or_discount_evidence;unknown_meal_basis_excluded;meal_basis=unknown_meal_basis,,,/Volumes/SSD1/ZMI/zao-market-intelligence/.data/debug/auto-runner-market-refresh-rotating/20261002_040000/jalan/classification_decisions/yad321744_2027-02-23.json,zao_local_history_v1
2026-10-02|jalan|ペンション木いちご|yad325769|2027-02-11|2027-02-12|2_adults_1_room_1_night,168b0dcbb643bd4aacff44f7052de2a346d661b1e7c57a37430fab04a8a23a37,2027_02,2026-10-02,2026-10-02T04:00:00+09:00,2026-10-02T04:00:00+09:00,jalan,AUTO-RUNNER10X,integrated_jalan_bounded_live,ペンション木いちご,国内旅行・海外旅行や宿・ホテルの宿泊予約はじゃらんnet　～日本最大級の宿・ホテル予約サイト～,true,yad325769,yad325769,2027-02-11,2027-02-12,1,2,1,0,JPY,ja,2_adults_1_room_1_night,sold_out,sold_out,,,missing_or_unclear,insufficient,insufficient,selected_date_calendar_sold_out,,,,missing_or_unclear,jalan_sold_out_excluded,false,false,true,sold_out_without_price,page_chrome_coupon_or_discount_evidence;tax_included_total_not_confirmed,,,/Volumes/SSD1/ZMI/zao-market-intelligence/.data/debug/auto-runner-market-refresh-rotating/20261002_040000/jalan/classification_decisions/yad325769_2027-02-11.json,zao_local_history_v1
2026-10-02|jalan|蔵王温泉 高砂屋旅館|yad391608|2027-02-13|2027-02-14|2_adults_1_room_1_night,59a6c262bcc3766716733fc406aba3f0c2f34090f97cc1c3089be3e13ab56ac0,2027_02,2026-10-02,2026-10-02T04:00:00+09:00,2026-10-02T04:00:00+09:00,jalan,AUTO-RUNNER10X,integrated_jalan_bounded_live,蔵王温泉 高砂屋旅館,国内旅行・海外旅行や宿・ホテルの宿泊予約はじゃらんnet　～日本最大級の宿・ホテル予約サイト～,true,yad391608,yad391608,2027-02-13,2027-02-14,1,2,1,0,JPY,ja,2_adults_1_room_1_night,available,not_sold_out_confirmed,,,missing_or_unclear,C,C,Price visible but meal_basis=meal_included (jalan_meal_included_token_detected); excluded from room-only DP per confirmed policy.,48000,,,tax_included_total,jalan_meal_included_excluded,false,false,true,meal_included_plan_excluded,page_chrome_coupon_or_discount_evidence;meal_included_plan_excluded;meal_basis=meal_included,,,/Volumes/SSD1/ZMI/zao-market-intelligence/.data/debug/auto-runner-market-refresh-rotating/20261002_040000/jalan/classification_decisions/yad391608_2027-02-13.json,zao_local_history_v1
2026-10-02|jalan|深山荘 高見屋|yad321744|2027-02-27|2027-02-28|2_adults_1_room_1_night,4ce39044f30ed61d3fdb3403797f81e14991e1300cf431abdcc216a1369177c3,2027_02,2026-10-02,2026-10-02T06:00:00+09:00,2026-10-02T06:00:00+09:00,jalan,AUTO-RUNNER10X,integrated_jalan_bounded_live,深山荘 高見屋,国内旅行・海外旅行や宿・ホテルの宿泊予約はじゃらんnet　～日本最大級の宿・ホテル予約サイト～,true,yad321744,yad321744,2027-02-27,2027-02-28,1,2,1,0,JPY,ja,2_adults_1_room_1_night,available,not_sold_out_confirmed,,,missing_or_unclear,C,C,Price visible but meal_basis=unknown_meal_basis (jalan_ambiguous_meal_and_room_only_tokens); excluded from room-only DP per confirmed policy.,116600,,,tax_included_total,jalan_unknown_meal_basis_excluded,false,false,true,unknown_meal_basis_excluded,page_chrome_coupon_or_discount_evidence;unknown_meal_basis_excluded;meal_basis=unknown_meal_basis,,,/Volumes/SSD1/ZMI/zao-market-intelligence/.data/debug/auto-runner-market-refresh-rotating/20261002_060000/jalan/classification_decisions/yad321744_2027-02-27.json,zao_local_history_v1
2026-10-02|jalan|蔵王温泉 高砂屋旅館|yad391608|2027-02-20|2027-02-21|2_adults_1_room_1_night,a17ac60d477a66ac9c7f5de3014b0209e8e4b455e336ab2f85c73b96978900eb,2027_02,2026-10-02,2026-10-02T10:00:00+09:00,2026-10-02T10:00:00+09:00,jalan,AUTO-RUNNER10X,integrated_jalan_bounded_live,蔵王温泉 高砂屋旅館,国内旅行・海外旅行や宿・ホテルの宿泊予約はじゃらんnet　～日本最大級の宿・ホテル予約サイト～,true,yad391608,yad391608,2027-02-20,2027-02-21,1,2,1,0,JPY,ja,2_adults_1_room_1_night,available,not_sold_out_confirmed,,,missing_or_unclear,C,C,Price visible but meal_basis=meal_included (jalan_meal_included_token_detected); excluded from room-only DP per confirmed policy.,48000,,,tax_included_total,jalan_meal_included_excluded,false,false,true,meal_included_plan_excluded,page_chrome_coupon_or_discount_evidence;meal_included_plan_excluded;meal_basis=meal_included,,,/Volumes/SSD1/ZMI/zao-market-intelligence/.data/debug/auto-runner-market-refresh-rotating/20261002_100000/jalan/classification_decisions/yad391608_2027-02-20.json,zao_local_history_v1
2026-10-02|jalan|ペンションぷうたろう|yad394784|2027-02-06|2027-02-07|2_adults_1_room_1_night,1c9f8170958267270268372f3bede3f65dfd9aa3ec85f67f6c405ce60659ac34,2027_02,2026-10-02,2026-10-02T16:00:00+09:00,2026-10-02T16:00:00+09:00,jalan,AUTO-RUNNER10X,integrated_jalan_bounded_live,ペンションぷうたろう,国内旅行・海外旅行や宿・ホテルの宿泊予約はじゃらんnet　～日本最大級の宿・ホテル予約サイト～,true,yad394784,yad394784,2027-02-06,2027-02-07,1,2,1,0,JPY,ja,2_adults_1_room_1_night,sold_out,sold_out,,,missing_or_unclear,insufficient,insufficient,selected_date_calendar_sold_out,,,,missing_or_unclear,jalan_sold_out_excluded,false,false,true,sold_out_without_price,page_chrome_coupon_or_discount_evidence;tax_included_total_not_confirmed,,,/Volumes/SSD1/ZMI/zao-market-intelligence/.data/debug/auto-runner-market-refresh-rotating/20261002_160000/jalan/classification_decisions/yad394784_2027-02-06.json,zao_local_history_v1
2026-10-02|jalan|ペンション木いちご|yad325769|2027-02-13|2027-02-14|2_adults_1_room_1_night,8667d5b1bb928eac954e317e1a3a5cc62c610ff8e47f428d2924d82cd5050dd7,2027_02,2026-10-02,2026-10-02T18:00:00+09:00,2026-10-02T18:00:00+09:00,jalan,AUTO-RUNNER10X,integrated_jalan_bounded_live,ペンション木いちご,国内旅行・海外旅行や宿・ホテルの宿泊予約はじゃらんnet　～日本最大級の宿・ホテル予約サイト～,true,yad325769,yad325769,2027-02-13,2027-02-14,1,2,1,0,JPY,ja,2_adults_1_room_1_night,available,not_sold_out_confirmed,,,missing_or_unclear,C,C,"Price visible, meal_basis=confirmed_room_only, but room_basis=excluded_large_room (large_or_triple_or_quad_room_token_detected); excluded from two-person-standard DP per confirmed policy.",25000,,,tax_included_total,jalan_room_type_excluded,false,false,true,excluded_room_type_large,page_chrome_coupon_or_discount_evidence;meal_basis_confirmed_room_only;meal_basis=confirmed_room_only;excluded_room_type_large;room_basis=excluded_large_room,,,/Volumes/SSD1/ZMI/zao-market-intelligence/.data/debug/auto-runner-market-refresh-rotating/20261002_180000/jalan/classification_decisions/yad325769_2027-02-13.json,zao_local_history_v1
2026-10-02|jalan|蔵王四季のホテル|yad322447|2027-02-06|2027-02-07|2_adults_1_room_1_night,d3a10c2d2c3766b05485c638591e2f2006893a878888ae66911ee01f64f1cb86,2027_02,2026-10-02,2026-10-02T18:00:00+09:00,2026-10-02T18:00:00+09:00,jalan,AUTO-RUNNER10X,integrated_jalan_bounded_live,蔵王四季のホテル,国内旅行・海外旅行や宿・ホテルの宿泊予約はじゃらんnet　～日本最大級の宿・ホテル予約サイト～,true,yad322447,yad322447,2027-02-06,2027-02-07,1,2,1,0,JPY,ja,2_adults_1_room_1_night,available,not_sold_out_confirmed,,,missing_or_unclear,C,C,Price visible but meal_basis=unknown_meal_basis (jalan_ambiguous_meal_and_room_only_tokens); excluded from room-only DP per confirmed policy.,116160,,,tax_included_total,jalan_unknown_meal_basis_excluded,false,false,true,unknown_meal_basis_excluded,page_chrome_coupon_or_discount_evidence;unknown_meal_basis_excluded;meal_basis=unknown_meal_basis,,,/Volumes/SSD1/ZMI/zao-market-intelligence/.data/debug/auto-runner-market-refresh-rotating/20261002_180000/jalan/classification_decisions/yad322447_2027-02-06.json,zao_local_history_v1
2026-10-02|jalan|ペンション木いちご|yad325769|2027-02-20|2027-02-21|2_adults_1_room_1_night,d899baa4a25920c00141fc945b3a80a3360ee2288a378ca0544206f3aca43add,2027_02,2026-10-02,2026-10-02T18:00:00+09:00,2026-10-02T18:00:00+09:00,jalan,AUTO-RUNNER10X,integrated_jalan_bounded_live,ペンション木いちご,国内旅行・海外旅行や宿・ホテルの宿泊予約はじゃらんnet　～日本最大級の宿・ホテル予約サイト～,true,yad325769,yad325769,2027-02-20,2027-02-21,1,2,1,0,JPY,ja,2_adults_1_room_1_night,available,not_sold_out_confirmed,22000,jalan_visible_total_tax_included,tax_included_total,B,B,Visible tax-included total usable as same-property directional price-pressure evidence; direct withheld due to non-hard gaps.,22000,,22000,tax_included_total,jalan_directional_tax_included_total,false,true,false,,page_chrome_coupon_or_discount_evidence;meal_basis_confirmed_room_only;meal_basis=confirmed_room_only;room_basis_confirmed_two_person_standard;room_basis=confirmed_two_person_standard_room,,,/Volumes/SSD1/ZMI/zao-market-intelligence/.data/debug/auto-runner-market-refresh-rotating/20261002_180000/jalan/classification_decisions/yad325769_2027-02-20.json,zao_local_history_v1
2026-10-02|jalan|蔵王四季のホテル|yad322447|2027-02-11|2027-02-12|2_adults_1_room_1_night,8d76955e951b1cbfa2369f2932743abda64ead3dbdc3765aa7fc8f87ab90a8be,2027_02,2026-10-02,2026-10-02T18:00:00+09:00,2026-10-02T18:00:00+09:00,jalan,AUTO-RUNNER10X,integrated_jalan_bounded_live,蔵王四季のホテル,国内旅行・海外旅行や宿・ホテルの宿泊予約はじゃらんnet　～日本最大級の宿・ホテル予約サイト～,true,yad322447,yad322447,2027-02-11,2027-02-12,1,2,1,0,JPY,ja,2_adults_1_room_1_night,available,not_sold_out_confirmed,,,missing_or_unclear,C,C,Price visible but meal_basis=unknown_meal_basis (jalan_ambiguous_meal_and_room_only_tokens); excluded from room-only DP per confirmed policy.,110880,,,tax_included_total,jalan_unknown_meal_basis_excluded,false,false,true,unknown_meal_basis_excluded,page_chrome_coupon_or_discount_evidence;unknown_meal_basis_excluded;meal_basis=unknown_meal_basis,,,/Volumes/SSD1/ZMI/zao-market-intelligence/.data/debug/auto-runner-market-refresh-rotating/20261002_180000/jalan/classification_decisions/yad322447_2027-02-11.json,zao_local_history_v1
2026-10-02|jalan|蔵王四季のホテル|yad322447|2027-02-13|2027-02-14|2_adults_1_room_1_night,a4787a18da1ceb547157794e9c233d87c2e33819d3d4458640462fb81167b755,2027_02,2026-10-02,2026-10-02T20:00:00+09:00,2026-10-02T20:00:00+09:00,jalan,AUTO-RUNNER10X,integrated_jalan_bounded_live,蔵王四季のホテル,国内旅行・海外旅行や宿・ホテルの宿泊予約はじゃらんnet　～日本最大級の宿・ホテル予約サイト～,true,yad322447,yad322447,2027-02-13,2027-02-14,1,2,1,0,JPY,ja,2_adults_1_room_1_night,available,not_sold_out_confirmed,,,missing_or_unclear,C,C,Price visible but meal_basis=unknown_meal_basis (jalan_ambiguous_meal_and_room_only_tokens); excluded from room-only DP per confirmed policy.,124960,,,tax_included_total,jalan_unknown_meal_basis_excluded,false,false,true,unknown_meal_basis_excluded,page_chrome_coupon_or_discount_evidence;unknown_meal_basis_excluded;meal_basis=unknown_meal_basis,,,/Volumes/SSD1/ZMI/zao-market-intelligence/.data/debug/auto-runner-market-refresh-rotating/20261002_200000/jalan/classification_decisions/yad322447_2027-02-13.json,zao_local_history_v1
2026-10-02|jalan|ペンション木いちご|yad325769|2027-02-23|2027-02-24|2_adults_1_room_1_night,260f54e5545412bed006ca982fdb21cb6d4084744ba5cd6243d2cd2f035f1090,2027_02,2026-10-02,2026-10-02T20:00:00+09:00,2026-10-02T20:00:00+09:00,jalan,AUTO-RUNNER10X,integrated_jalan_bounded_live,ペンション木いちご,国内旅行・海外旅行や宿・ホテルの宿泊予約はじゃらんnet　～日本最大級の宿・ホテル予約サイト～,true,yad325769,yad325769,2027-02-23,2027-02-24,1,2,1,0,JPY,ja,2_adults_1_room_1_night,available,not_sold_out_confirmed,,,missing_or_unclear,C,C,"Price visible, meal_basis=confirmed_room_only, but room_basis=excluded_large_room (large_or_triple_or_quad_room_token_detected); excluded from two-person-standard DP per confirmed policy.",21000,,,tax_included_total,jalan_room_type_excluded,false,false,true,excluded_room_type_large,page_chrome_coupon_or_discount_evidence;meal_basis_confirmed_room_only;meal_basis=confirmed_room_only;excluded_room_type_large;room_basis=excluded_large_room,,,/Volumes/SSD1/ZMI/zao-market-intelligence/.data/debug/auto-runner-market-refresh-rotating/20261002_200000/jalan/classification_decisions/yad325769_2027-02-23.json,zao_local_history_v1
2026-10-02|jalan|蔵王四季のホテル|yad322447|2027-02-20|2027-02-21|2_adults_1_room_1_night,fc5c09e8dbf203ab30dba6e93e7e9830109d2929215b46563a51801431b7aad4,2027_02,2026-10-02,2026-10-02T20:00:00+09:00,2026-10-02T20:00:00+09:00,jalan,AUTO-RUNNER10X,integrated_jalan_bounded_live,蔵王四季のホテル,国内旅行・海外旅行や宿・ホテルの宿泊予約はじゃらんnet　～日本最大級の宿・ホテル予約サイト～,true,yad322447,yad322447,2027-02-20,2027-02-21,1,2,1,0,JPY,ja,2_adults_1_room_1_night,available,not_sold_out_confirmed,,,missing_or_unclear,C,C,Price visible but meal_basis=unknown_meal_basis (jalan_ambiguous_meal_and_room_only_tokens); excluded from room-only DP per confirmed policy.,112640,,,tax_included_total,jalan_unknown_meal_basis_excluded,false,false,true,unknown_meal_basis_excluded,page_chrome_coupon_or_discount_evidence;unknown_meal_basis_excluded;meal_basis=unknown_meal_basis,,,/Volumes/SSD1/ZMI/zao-market-intelligence/.data/debug/auto-runner-market-refresh-rotating/20261002_200000/jalan/classification_decisions/yad322447_2027-02-20.json,zao_local_history_v1
2026-10-02|jalan|ペンション木いちご|yad325769|2027-02-27|2027-02-28|2_adults_1_room_1_night,f08d8c3fb64ad9006e25dbd307e537f9ad97188b0461aa9f16109187a9576a1e,2027_02,2026-10-02,2026-10-02T20:00:00+09:00,2026-10-02T20:00:00+09:00,jalan,AUTO-RUNNER10X,integrated_jalan_bounded_live,ペンション木いちご,国内旅行・海外旅行や宿・ホテルの宿泊予約はじゃらんnet　～日本最大級の宿・ホテル予約サイト～,true,yad325769,yad325769,2027-02-27,2027-02-28,1,2,1,0,JPY,ja,2_adults_1_room_1_night,available,not_sold_out_confirmed,,,missing_or_unclear,C,C,"Price visible, meal_basis=confirmed_room_only, but room_basis=excluded_large_room (large_or_triple_or_quad_room_token_detected); excluded from two-person-standard DP per confirmed policy.",25000,,,tax_included_total,jalan_room_type_excluded,false,false,true,excluded_room_type_large,page_chrome_coupon_or_discount_evidence;meal_basis_confirmed_room_only;meal_basis=confirmed_room_only;excluded_room_type_large;room_basis=excluded_large_room,,,/Volumes/SSD1/ZMI/zao-market-intelligence/.data/debug/auto-runner-market-refresh-rotating/20261002_200000/jalan/classification_decisions/yad325769_2027-02-27.json,zao_local_history_v1
2026-10-02|jalan|蔵王四季のホテル|yad322447|2027-02-23|2027-02-24|2_adults_1_room_1_night,da44d1034d81df82f019e7898764ebf43ed06408246624fdd64359a9a8eaaace,2027_02,2026-10-02,2026-10-02T22:00:00+09:00,2026-10-02T22:00:00+09:00,jalan,AUTO-RUNNER10X,integrated_jalan_bounded_live,蔵王四季のホテル,国内旅行・海外旅行や宿・ホテルの宿泊予約はじゃらんnet　～日本最大級の宿・ホテル予約サイト～,true,yad322447,yad322447,2027-02-23,2027-02-24,1,2,1,0,JPY,ja,2_adults_1_room_1_night,available,not_sold_out_confirmed,,,missing_or_unclear,C,C,Price visible but meal_basis=unknown_meal_basis (jalan_ambiguous_meal_and_room_only_tokens); excluded from room-only DP per confirmed policy.,95040,,,tax_included_total,jalan_unknown_meal_basis_excluded,false,false,true,unknown_meal_basis_excluded,page_chrome_coupon_or_discount_evidence;unknown_meal_basis_excluded;meal_basis=unknown_meal_basis,,,/Volumes/SSD1/ZMI/zao-market-intelligence/.data/debug/auto-runner-market-refresh-rotating/20261002_220000/jalan/classification_decisions/yad322447_2027-02-23.json,zao_local_history_v1
2026-10-02|jalan|蔵王四季のホテル|yad322447|2027-02-27|2027-02-28|2_adults_1_room_1_night,4ec9f124a4f2c42073995ef098165880bff2117b9fb871780cacf6b8be78d4a3,2027_02,2026-10-02,2026-10-02T22:00:00+09:00,2026-10-02T22:00:00+09:00,jalan,AUTO-RUNNER10X,integrated_jalan_bounded_live,蔵王四季のホテル,国内旅行・海外旅行や宿・ホテルの宿泊予約はじゃらんnet　～日本最大級の宿・ホテル予約サイト～,true,yad322447,yad322447,2027-02-27,2027-02-28,1,2,1,0,JPY,ja,2_adults_1_room_1_night,available,not_sold_out_confirmed,,,missing_or_unclear,C,C,Price visible but meal_basis=unknown_meal_basis (jalan_ambiguous_meal_and_room_only_tokens); excluded from room-only DP per confirmed policy.,114400,,,tax_included_total,jalan_unknown_meal_basis_excluded,false,false,true,unknown_meal_basis_excluded,page_chrome_coupon_or_discount_evidence;unknown_meal_basis_excluded;meal_basis=unknown_meal_basis,,,/Volumes/SSD1/ZMI/zao-market-intelligence/.data/debug/auto-runner-market-refresh-rotating/20261002_220000/jalan/classification_decisions/yad322447_2027-02-27.json,zao_local_history_v1
2026-10-03|jalan|たかみや瑠璃倶楽|yad316848|2027-02-06|2027-02-07|2_adults_1_room_1_night,2f1e45d627594afbfd619dc396f61fb8c88fc15c85faf953adc40922f0b91405,2027_02,2026-10-03,2026-10-03T00:00:01+09:00,2026-10-03T00:00:01+09:00,jalan,AUTO-RUNNER10X,integrated_jalan_bounded_live,たかみや瑠璃倶楽,国内旅行・海外旅行や宿・ホテルの宿泊予約はじゃらんnet　～日本最大級の宿・ホテル予約サイト～,true,yad316848,yad316848,2027-02-06,2027-02-07,1,2,1,0,JPY,ja,2_adults_1_room_1_night,sold_out,sold_out,,,missing_or_unclear,insufficient,insufficient,selected_date_calendar_sold_out,,,,missing_or_unclear,jalan_sold_out_excluded,false,false,true,sold_out_without_price,page_chrome_coupon_or_discount_evidence;tax_included_total_not_confirmed,,,/Volumes/SSD1/ZMI/zao-market-intelligence/.data/debug/auto-runner-market-refresh-rotating/20261003_000001/jalan/classification_decisions/yad316848_2027-02-06.json,zao_local_history_v1
2026-10-03|jalan|ペンション木いちご|yad325769|2027-02-06|2027-02-07|2_adults_1_room_1_night,36c07adf7ca8de1606a31636add3e6d678aba1e560cf7dd3ec2b0e76740375b8,2027_02,2026-10-03,2026-10-03T02:00:00+09:00,2026-10-03T02:00:00+09:00,jalan,AUTO-RUNNER10X,integrated_jalan_bounded_live,ペンション木いちご,国内旅行・海外旅行や宿・ホテルの宿泊予約はじゃらんnet　～日本最大級の宿・ホテル予約サイト～,true,yad325769,yad325769,2027-02-06,2027-02-07,1,2,1,0,JPY,ja,2_adults_1_room_1_night,sold_out,sold_out,,,missing_or_unclear,insufficient,insufficient,selected_date_calendar_sold_out,,,,missing_or_unclear,jalan_sold_out_excluded,false,false,true,sold_out_without_price,page_chrome_coupon_or_discount_evidence;tax_included_total_not_confirmed,,,/Volumes/SSD1/ZMI/zao-market-intelligence/.data/debug/auto-runner-market-refresh-rotating/20261003_020000/jalan/classification_decisions/yad325769_2027-02-06.json,zao_local_history_v1
2026-10-03|jalan|ペンション木いちご|yad325769|2027-02-11|2027-02-12|2_adults_1_room_1_night,67732fecdb1e68d2390317aeb9034516d0901a47b62589d0a9d2a164a45d1567,2027_02,2026-10-03,2026-10-03T04:00:00+09:00,2026-10-03T04:00:00+09:00,jalan,AUTO-RUNNER10X,integrated_jalan_bounded_live,ペンション木いちご,国内旅行・海外旅行や宿・ホテルの宿泊予約はじゃらんnet　～日本最大級の宿・ホテル予約サイト～,true,yad325769,yad325769,2027-02-11,2027-02-12,1,2,1,0,JPY,ja,2_adults_1_room_1_night,sold_out,sold_out,,,missing_or_unclear,insufficient,insufficient,selected_date_calendar_sold_out,,,,missing_or_unclear,jalan_sold_out_excluded,false,false,true,sold_out_without_price,page_chrome_coupon_or_discount_evidence;tax_included_total_not_confirmed,,,/Volumes/SSD1/ZMI/zao-market-intelligence/.data/debug/auto-runner-market-refresh-rotating/20261003_040000/jalan/classification_decisions/yad325769_2027-02-11.json,zao_local_history_v1
2026-10-03|jalan|こけしの宿 招仙閣|yad348951|2027-02-06|2027-02-07|2_adults_1_room_1_night,43b19f7e56df361ecc1131140e2a3d5f7038832a0be4318c5c217b33b23ae490,2027_02,2026-10-03,2026-10-03T06:00:00+09:00,2026-10-03T06:00:00+09:00,jalan,AUTO-RUNNER10X,integrated_jalan_bounded_live,こけしの宿 招仙閣,国内旅行・海外旅行や宿・ホテルの宿泊予約はじゃらんnet　～日本最大級の宿・ホテル予約サイト～,true,yad348951,yad348951,2027-02-06,2027-02-07,1,2,1,0,JPY,ja,2_adults_1_room_1_night,sold_out,sold_out,,,missing_or_unclear,insufficient,insufficient,selected_date_calendar_sold_out,,,,missing_or_unclear,jalan_sold_out_excluded,false,false,true,sold_out_without_price,page_chrome_coupon_or_discount_evidence;tax_included_total_not_confirmed,,,/Volumes/SSD1/ZMI/zao-market-intelligence/.data/debug/auto-runner-market-refresh-rotating/20261003_060000/jalan/classification_decisions/yad348951_2027-02-06.json,zao_local_history_v1
2026-10-03|jalan|深山荘 高見屋|yad321744|2027-02-06|2027-02-07|2_adults_1_room_1_night,88d012b48fb448307234b398f51afd0ee5c4d9e7c3f76c6ada6a6bce741c95b3,2027_02,2026-10-03,2026-10-03T08:00:01+09:00,2026-10-03T08:00:01+09:00,jalan,AUTO-RUNNER10X,integrated_jalan_bounded_live,深山荘 高見屋,国内旅行・海外旅行や宿・ホテルの宿泊予約はじゃらんnet　～日本最大級の宿・ホテル予約サイト～,true,yad321744,yad321744,2027-02-06,2027-02-07,1,2,1,0,JPY,ja,2_adults_1_room_1_night,available,not_sold_out_confirmed,,,missing_or_unclear,C,C,Price visible but meal_basis=unknown_meal_basis (jalan_ambiguous_meal_and_room_only_tokens); excluded from room-only DP per confirmed policy.,103400,,,tax_included_total,jalan_unknown_meal_basis_excluded,false,false,true,unknown_meal_basis_excluded,page_chrome_coupon_or_discount_evidence;unknown_meal_basis_excluded;meal_basis=unknown_meal_basis,,,/Volumes/SSD1/ZMI/zao-market-intelligence/.data/debug/auto-runner-market-refresh-rotating/20261003_080001/jalan/classification_decisions/yad321744_2027-02-06.json,zao_local_history_v1
2026-10-03|jalan|深山荘 高見屋|yad321744|2027-02-11|2027-02-12|2_adults_1_room_1_night,29abd193c36946f87ad298b446b56671420a387c545a779e1f47e07b203042d2,2027_02,2026-10-03,2026-10-03T10:00:01+09:00,2026-10-03T10:00:01+09:00,jalan,AUTO-RUNNER10X,integrated_jalan_bounded_live,深山荘 高見屋,国内旅行・海外旅行や宿・ホテルの宿泊予約はじゃらんnet　～日本最大級の宿・ホテル予約サイト～,true,yad321744,yad321744,2027-02-11,2027-02-12,1,2,1,0,JPY,ja,2_adults_1_room_1_night,sold_out,sold_out,,,missing_or_unclear,insufficient,insufficient,selected_date_calendar_sold_out,,,,missing_or_unclear,jalan_sold_out_excluded,false,false,true,sold_out_without_price,page_chrome_coupon_or_discount_evidence;tax_included_total_not_confirmed,,,/Volumes/SSD1/ZMI/zao-market-intelligence/.data/debug/auto-runner-market-refresh-rotating/20261003_100001/jalan/classification_decisions/yad321744_2027-02-11.json,zao_local_history_v1
2026-10-03|jalan|深山荘 高見屋|yad321744|2027-02-13|2027-02-14|2_adults_1_room_1_night,75579b43e0dff1918d07a3d2ff2c01306e5c5d46fc3e2a43b6c4a34a02f4ecad,2027_02,2026-10-03,2026-10-03T12:00:00+09:00,2026-10-03T12:00:00+09:00,jalan,AUTO-RUNNER10X,integrated_jalan_bounded_live,深山荘 高見屋,国内旅行・海外旅行や宿・ホテルの宿泊予約はじゃらんnet　～日本最大級の宿・ホテル予約サイト～,true,yad321744,yad321744,2027-02-13,2027-02-14,1,2,1,0,JPY,ja,2_adults_1_room_1_night,available,not_sold_out_confirmed,,,missing_or_unclear,C,C,Price visible but meal_basis=unknown_meal_basis (jalan_ambiguous_meal_and_room_only_tokens); excluded from room-only DP per confirmed policy.,116600,,,tax_included_total,jalan_unknown_meal_basis_excluded,false,false,true,unknown_meal_basis_excluded,page_chrome_coupon_or_discount_evidence;unknown_meal_basis_excluded;meal_basis=unknown_meal_basis,,,/Volumes/SSD1/ZMI/zao-market-intelligence/.data/debug/auto-runner-market-refresh-rotating/20261003_120000/jalan/classification_decisions/yad321744_2027-02-13.json,zao_local_history_v1
2026-10-03|jalan|こけしの宿 招仙閣|yad348951|2027-02-11|2027-02-12|2_adults_1_room_1_night,846285ff31a564ed751fd575a7449ab8ec5bc319c3a59bc9a7ea327dfc877171,2027_02,2026-10-03,2026-10-03T12:00:00+09:00,2026-10-03T12:00:00+09:00,jalan,AUTO-RUNNER10X,integrated_jalan_bounded_live,こけしの宿 招仙閣,国内旅行・海外旅行や宿・ホテルの宿泊予約はじゃらんnet　～日本最大級の宿・ホテル予約サイト～,true,yad348951,yad348951,2027-02-11,2027-02-12,1,2,1,0,JPY,ja,2_adults_1_room_1_night,sold_out,sold_out,,,missing_or_unclear,insufficient,insufficient,selected_date_calendar_sold_out,,,,missing_or_unclear,jalan_sold_out_excluded,false,false,true,sold_out_without_price,page_chrome_coupon_or_discount_evidence;tax_included_total_not_confirmed,,,/Volumes/SSD1/ZMI/zao-market-intelligence/.data/debug/auto-runner-market-refresh-rotating/20261003_120000/jalan/classification_decisions/yad348951_2027-02-11.json,zao_local_history_v1
2026-10-03|jalan|蔵王国際ホテル|yad309590|2027-02-06|2027-02-07|2_adults_1_room_1_night,77f2e195d4a23489464899d92546fca8135e95609bed8348100966d344b361f5,2027_02,2026-10-03,2026-10-03T14:00:00+09:00,2026-10-03T14:00:00+09:00,jalan,AUTO-RUNNER10X,integrated_jalan_bounded_live,蔵王国際ホテル,国内旅行・海外旅行や宿・ホテルの宿泊予約はじゃらんnet　～日本最大級の宿・ホテル予約サイト～,true,yad309590,yad309590,2027-02-06,2027-02-07,1,2,1,0,JPY,ja,2_adults_1_room_1_night,sold_out,sold_out,,,missing_or_unclear,insufficient,insufficient,selected_date_calendar_sold_out,,,,missing_or_unclear,jalan_sold_out_excluded,false,false,true,sold_out_without_price,page_chrome_coupon_or_discount_evidence;tax_included_total_not_confirmed,,,/Volumes/SSD1/ZMI/zao-market-intelligence/.data/debug/auto-runner-market-refresh-rotating/20261003_140000/jalan/classification_decisions/yad309590_2027-02-06.json,zao_local_history_v1
2026-10-03|jalan|深山荘 高見屋|yad321744|2027-02-20|2027-02-21|2_adults_1_room_1_night,1d05c34471fa2bd30d3395621e95454d057d91f2cde89c7823204246158db184,2027_02,2026-10-03,2026-10-03T16:00:00+09:00,2026-10-03T16:00:00+09:00,jalan,AUTO-RUNNER10X,integrated_jalan_bounded_live,深山荘 高見屋,国内旅行・海外旅行や宿・ホテルの宿泊予約はじゃらんnet　～日本最大級の宿・ホテル予約サイト～,true,yad321744,yad321744,2027-02-20,2027-02-21,1,2,1,0,JPY,ja,2_adults_1_room_1_night,available,not_sold_out_confirmed,,,missing_or_unclear,C,C,Price visible but meal_basis=unknown_meal_basis (jalan_ambiguous_meal_and_room_only_tokens); excluded from room-only DP per confirmed policy.,116600,,,tax_included_total,jalan_unknown_meal_basis_excluded,false,false,true,unknown_meal_basis_excluded,page_chrome_coupon_or_discount_evidence;unknown_meal_basis_excluded;meal_basis=unknown_meal_basis,,,/Volumes/SSD1/ZMI/zao-market-intelligence/.data/debug/auto-runner-market-refresh-rotating/20261003_160000/jalan/classification_decisions/yad321744_2027-02-20.json,zao_local_history_v1
2026-10-03|jalan|深山荘 高見屋|yad321744|2027-02-23|2027-02-24|2_adults_1_room_1_night,cb92beb4999dfd8e1b2f6d0b558b3bcdbe1eab00f479b4a54053c3646de9b17b,2027_02,2026-10-03,2026-10-03T16:00:00+09:00,2026-10-03T16:00:00+09:00,jalan,AUTO-RUNNER10X,integrated_jalan_bounded_live,深山荘 高見屋,国内旅行・海外旅行や宿・ホテルの宿泊予約はじゃらんnet　～日本最大級の宿・ホテル予約サイト～,true,yad321744,yad321744,2027-02-23,2027-02-24,1,2,1,0,JPY,ja,2_adults_1_room_1_night,available,not_sold_out_confirmed,,,missing_or_unclear,C,C,Price visible but meal_basis=unknown_meal_basis (jalan_ambiguous_meal_and_room_only_tokens); excluded from room-only DP per confirmed policy.,110000,,,tax_included_total,jalan_unknown_meal_basis_excluded,false,false,true,unknown_meal_basis_excluded,page_chrome_coupon_or_discount_evidence;unknown_meal_basis_excluded;meal_basis=unknown_meal_basis,,,/Volumes/SSD1/ZMI/zao-market-intelligence/.data/debug/auto-runner-market-refresh-rotating/20261003_160000/jalan/classification_decisions/yad321744_2027-02-23.json,zao_local_history_v1
2026-10-03|jalan|蔵王国際ホテル|yad309590|2027-02-11|2027-02-12|2_adults_1_room_1_night,170f427890cd30059c4fe4fef62250a339b86229cc4d16dbe81f87cea8f01119,2027_02,2026-10-03,2026-10-03T20:00:00+09:00,2026-10-03T20:00:00+09:00,jalan,AUTO-RUNNER10X,integrated_jalan_bounded_live,蔵王国際ホテル,国内旅行・海外旅行や宿・ホテルの宿泊予約はじゃらんnet　～日本最大級の宿・ホテル予約サイト～,true,yad309590,yad309590,2027-02-11,2027-02-12,1,2,1,0,JPY,ja,2_adults_1_room_1_night,sold_out,sold_out,,,missing_or_unclear,insufficient,insufficient,selected_date_calendar_sold_out,,,,missing_or_unclear,jalan_sold_out_excluded,false,false,true,sold_out_without_price,page_chrome_coupon_or_discount_evidence;tax_included_total_not_confirmed,,,/Volumes/SSD1/ZMI/zao-market-intelligence/.data/debug/auto-runner-market-refresh-rotating/20261003_200000/jalan/classification_decisions/yad309590_2027-02-11.json,zao_local_history_v1
2026-10-03|jalan|蔵王四季のホテル|yad322447|2027-02-06|2027-02-07|2_adults_1_room_1_night,c6f1d727520b8569cbb4da32fcb68a47c5d6fba2a05d87e9c6d8f1797cb2489f,2027_02,2026-10-03,2026-10-03T20:00:00+09:00,2026-10-03T20:00:00+09:00,jalan,AUTO-RUNNER10X,integrated_jalan_bounded_live,蔵王四季のホテル,国内旅行・海外旅行や宿・ホテルの宿泊予約はじゃらんnet　～日本最大級の宿・ホテル予約サイト～,true,yad322447,yad322447,2027-02-06,2027-02-07,1,2,1,0,JPY,ja,2_adults_1_room_1_night,available,not_sold_out_confirmed,,,missing_or_unclear,C,C,Price visible but meal_basis=unknown_meal_basis (jalan_ambiguous_meal_and_room_only_tokens); excluded from room-only DP per confirmed policy.,116160,,,tax_included_total,jalan_unknown_meal_basis_excluded,false,false,true,unknown_meal_basis_excluded,page_chrome_coupon_or_discount_evidence;unknown_meal_basis_excluded;meal_basis=unknown_meal_basis,,,/Volumes/SSD1/ZMI/zao-market-intelligence/.data/debug/auto-runner-market-refresh-rotating/20261003_200000/jalan/classification_decisions/yad322447_2027-02-06.json,zao_local_history_v1
2026-10-03|jalan|蔵王四季のホテル|yad322447|2027-02-13|2027-02-14|2_adults_1_room_1_night,5689a774a03676e98dedeaef8babf49a03c9bb707ab90747beaeda141b8fcd72,2027_02,2026-10-03,2026-10-03T20:00:00+09:00,2026-10-03T20:00:00+09:00,jalan,AUTO-RUNNER10X,integrated_jalan_bounded_live,蔵王四季のホテル,国内旅行・海外旅行や宿・ホテルの宿泊予約はじゃらんnet　～日本最大級の宿・ホテル予約サイト～,true,yad322447,yad322447,2027-02-13,2027-02-14,1,2,1,0,JPY,ja,2_adults_1_room_1_night,available,not_sold_out_confirmed,,,missing_or_unclear,C,C,Price visible but meal_basis=unknown_meal_basis (jalan_ambiguous_meal_and_room_only_tokens); excluded from room-only DP per confirmed policy.,124960,,,tax_included_total,jalan_unknown_meal_basis_excluded,false,false,true,unknown_meal_basis_excluded,page_chrome_coupon_or_discount_evidence;unknown_meal_basis_excluded;meal_basis=unknown_meal_basis,,,/Volumes/SSD1/ZMI/zao-market-intelligence/.data/debug/auto-runner-market-refresh-rotating/20261003_200000/jalan/classification_decisions/yad322447_2027-02-13.json,zao_local_history_v1
2026-10-03|jalan|蔵王国際ホテル|yad309590|2027-02-13|2027-02-14|2_adults_1_room_1_night,841531f08f4316aa07f4970932493a6482a17ed7c8bd2c9e7b58e2259cf26659,2027_02,2026-10-03,2026-10-03T22:00:00+09:00,2026-10-03T22:00:00+09:00,jalan,AUTO-RUNNER10X,integrated_jalan_bounded_live,蔵王国際ホテル,国内旅行・海外旅行や宿・ホテルの宿泊予約はじゃらんnet　～日本最大級の宿・ホテル予約サイト～,true,yad309590,yad309590,2027-02-13,2027-02-14,1,2,1,0,JPY,ja,2_adults_1_room_1_night,available,not_sold_out_confirmed,,,missing_or_unclear,C,C,Price visible but meal_basis=meal_included (jalan_meal_included_token_detected); excluded from room-only DP per confirmed policy.,119680,,,tax_included_total,jalan_meal_included_excluded,false,false,true,meal_included_plan_excluded,page_chrome_coupon_or_discount_evidence;meal_included_plan_excluded;meal_basis=meal_included,,,/Volumes/SSD1/ZMI/zao-market-intelligence/.data/debug/auto-runner-market-refresh-rotating/20261003_220000/jalan/classification_decisions/yad309590_2027-02-13.json,zao_local_history_v1
2026-10-03|jalan|蔵王国際ホテル|yad309590|2027-02-20|2027-02-21|2_adults_1_room_1_night,868cdb2c57e88bbdc19947f6e8d075a35e87a8dd6d2b815314b0a8b725841006,2027_02,2026-10-03,2026-10-03T22:00:00+09:00,2026-10-03T22:00:00+09:00,jalan,AUTO-RUNNER10X,integrated_jalan_bounded_live,蔵王国際ホテル,国内旅行・海外旅行や宿・ホテルの宿泊予約はじゃらんnet　～日本最大級の宿・ホテル予約サイト～,true,yad309590,yad309590,2027-02-20,2027-02-21,1,2,1,0,JPY,ja,2_adults_1_room_1_night,available,not_sold_out_confirmed,,,missing_or_unclear,C,C,Price visible but meal_basis=meal_included (jalan_meal_included_token_detected); excluded from room-only DP per confirmed policy.,119680,,,tax_included_total,jalan_meal_included_excluded,false,false,true,meal_included_plan_excluded,page_chrome_coupon_or_discount_evidence;meal_included_plan_excluded;meal_basis=meal_included,,,/Volumes/SSD1/ZMI/zao-market-intelligence/.data/debug/auto-runner-market-refresh-rotating/20261003_220000/jalan/classification_decisions/yad309590_2027-02-20.json,zao_local_history_v1
2026-10-03|jalan|蔵王四季のホテル|yad322447|2027-02-11|2027-02-12|2_adults_1_room_1_night,4d3ff2f6a83fa2bae300c3d989f7dcb59a16ce0e4d9d9e1662d53600fb904eaf,2027_02,2026-10-03,2026-10-03T22:00:00+09:00,2026-10-03T22:00:00+09:00,jalan,AUTO-RUNNER10X,integrated_jalan_bounded_live,蔵王四季のホテル,国内旅行・海外旅行や宿・ホテルの宿泊予約はじゃらんnet　～日本最大級の宿・ホテル予約サイト～,true,yad322447,yad322447,2027-02-11,2027-02-12,1,2,1,0,JPY,ja,2_adults_1_room_1_night,available,not_sold_out_confirmed,,,missing_or_unclear,C,C,Price visible but meal_basis=unknown_meal_basis (jalan_ambiguous_meal_and_room_only_tokens); excluded from room-only DP per confirmed policy.,110880,,,tax_included_total,jalan_unknown_meal_basis_excluded,false,false,true,unknown_meal_basis_excluded,page_chrome_coupon_or_discount_evidence;unknown_meal_basis_excluded;meal_basis=unknown_meal_basis,,,/Volumes/SSD1/ZMI/zao-market-intelligence/.data/debug/auto-runner-market-refresh-rotating/20261003_220000/jalan/classification_decisions/yad322447_2027-02-11.json,zao_local_history_v1
2026-10-04|jalan|深山荘 高見屋|yad321744|2027-02-27|2027-02-28|2_adults_1_room_1_night,2b81cef948c0a3d994e422df59f70e43ea1e9ffb3577e1dae9796d9063a88409,2027_02,2026-10-04,2026-10-04T00:00:00+09:00,2026-10-04T00:00:00+09:00,jalan,AUTO-RUNNER10X,integrated_jalan_bounded_live,深山荘 高見屋,国内旅行・海外旅行や宿・ホテルの宿泊予約はじゃらんnet　～日本最大級の宿・ホテル予約サイト～,true,yad321744,yad321744,2027-02-27,2027-02-28,1,2,1,0,JPY,ja,2_adults_1_room_1_night,available,not_sold_out_confirmed,,,missing_or_unclear,C,C,Price visible but meal_basis=unknown_meal_basis (jalan_ambiguous_meal_and_room_only_tokens); excluded from room-only DP per confirmed policy.,116600,,,tax_included_total,jalan_unknown_meal_basis_excluded,false,false,true,unknown_meal_basis_excluded,page_chrome_coupon_or_discount_evidence;unknown_meal_basis_excluded;meal_basis=unknown_meal_basis,,,/Volumes/SSD1/ZMI/zao-market-intelligence/.data/debug/auto-runner-market-refresh-rotating/20261004_000000/jalan/classification_decisions/yad321744_2027-02-27.json,zao_local_history_v1
2026-10-04|jalan|蔵王四季のホテル|yad322447|2027-02-20|2027-02-21|2_adults_1_room_1_night,6b6fe355da9c5f383f23940ab6409c6d3fa80b6330315d16d9331d38a31d83f8,2027_02,2026-10-04,2026-10-04T00:00:00+09:00,2026-10-04T00:00:00+09:00,jalan,AUTO-RUNNER10X,integrated_jalan_bounded_live,蔵王四季のホテル,国内旅行・海外旅行や宿・ホテルの宿泊予約はじゃらんnet　～日本最大級の宿・ホテル予約サイト～,true,yad322447,yad322447,2027-02-20,2027-02-21,1,2,1,0,JPY,ja,2_adults_1_room_1_night,available,not_sold_out_confirmed,,,missing_or_unclear,C,C,Price visible but meal_basis=unknown_meal_basis (jalan_ambiguous_meal_and_room_only_tokens); excluded from room-only DP per confirmed policy.,112640,,,tax_included_total,jalan_unknown_meal_basis_excluded,false,false,true,unknown_meal_basis_excluded,page_chrome_coupon_or_discount_evidence;unknown_meal_basis_excluded;meal_basis=unknown_meal_basis,,,/Volumes/SSD1/ZMI/zao-market-intelligence/.data/debug/auto-runner-market-refresh-rotating/20261004_000000/jalan/classification_decisions/yad322447_2027-02-20.json,zao_local_history_v1
2026-10-04|jalan|ペンション櫻|yad343698|2027-02-06|2027-02-07|2_adults_1_room_1_night,e376f9fd7f394f8289430449a168bc63d5f324f35d171caefcaff9a7393d2455,2027_02,2026-10-04,2026-10-04T00:00:00+09:00,2026-10-04T00:00:00+09:00,jalan,AUTO-RUNNER10X,integrated_jalan_bounded_live,ペンション櫻,国内旅行・海外旅行や宿・ホテルの宿泊予約はじゃらんnet　～日本最大級の宿・ホテル予約サイト～,true,yad343698,yad343698,2027-02-06,2027-02-07,1,2,1,0,JPY,ja,2_adults_1_room_1_night,sold_out,sold_out,,,missing_or_unclear,insufficient,insufficient,selected_date_calendar_sold_out,,,,missing_or_unclear,jalan_sold_out_excluded,false,false,true,sold_out_without_price,page_chrome_coupon_or_discount_evidence;tax_included_total_not_confirmed,,,/Volumes/SSD1/ZMI/zao-market-intelligence/.data/debug/auto-runner-market-refresh-rotating/20261004_000000/jalan/classification_decisions/yad343698_2027-02-06.json,zao_local_history_v1
2026-10-04|jalan|蔵王国際ホテル|yad309590|2027-02-23|2027-02-24|2_adults_1_room_1_night,9c4b10b98777a6a1fc85364eb1699848dcf17f90c91a81cb774089bead5d6398,2027_02,2026-10-04,2026-10-04T02:00:01+09:00,2026-10-04T02:00:01+09:00,jalan,AUTO-RUNNER10X,integrated_jalan_bounded_live,蔵王国際ホテル,国内旅行・海外旅行や宿・ホテルの宿泊予約はじゃらんnet　～日本最大級の宿・ホテル予約サイト～,true,yad309590,yad309590,2027-02-23,2027-02-24,1,2,1,0,JPY,ja,2_adults_1_room_1_night,available,not_sold_out_confirmed,,,missing_or_unclear,C,C,Price visible but meal_basis=meal_included (jalan_meal_included_token_detected); excluded from room-only DP per confirmed policy.,105600,,,tax_included_total,jalan_meal_included_excluded,false,false,true,meal_included_plan_excluded,page_chrome_coupon_or_discount_evidence;meal_included_plan_excluded;meal_basis=meal_included,,,/Volumes/SSD1/ZMI/zao-market-intelligence/.data/debug/auto-runner-market-refresh-rotating/20261004_020000/jalan/classification_decisions/yad309590_2027-02-23.json,zao_local_history_v1
2026-10-04|jalan|蔵王四季のホテル|yad322447|2027-02-27|2027-02-28|2_adults_1_room_1_night,a174c87a2c784b74cd46bdeb5e8b7daefbfce4136e5ca0b379a36d677ffd1790,2027_02,2026-10-04,2026-10-04T02:00:01+09:00,2026-10-04T02:00:01+09:00,jalan,AUTO-RUNNER10X,integrated_jalan_bounded_live,蔵王四季のホテル,国内旅行・海外旅行や宿・ホテルの宿泊予約はじゃらんnet　～日本最大級の宿・ホテル予約サイト～,true,yad322447,yad322447,2027-02-27,2027-02-28,1,2,1,0,JPY,ja,2_adults_1_room_1_night,available,not_sold_out_confirmed,,,missing_or_unclear,C,C,Price visible but meal_basis=unknown_meal_basis (jalan_ambiguous_meal_and_room_only_tokens); excluded from room-only DP per confirmed policy.,114400,,,tax_included_total,jalan_unknown_meal_basis_excluded,false,false,true,unknown_meal_basis_excluded,page_chrome_coupon_or_discount_evidence;unknown_meal_basis_excluded;meal_basis=unknown_meal_basis,,,/Volumes/SSD1/ZMI/zao-market-intelligence/.data/debug/auto-runner-market-refresh-rotating/20261004_020000/jalan/classification_decisions/yad322447_2027-02-27.json,zao_local_history_v1
2026-10-04|jalan|蔵王四季のホテル|yad322447|2027-02-23|2027-02-24|2_adults_1_room_1_night,795a073c917de3f4b893718dbefabb6ef57ffa78246ce06495e707169b5ed8db,2027_02,2026-10-04,2026-10-04T04:00:01+09:00,2026-10-04T04:00:01+09:00,jalan,AUTO-RUNNER10X,integrated_jalan_bounded_live,蔵王四季のホテル,国内旅行・海外旅行や宿・ホテルの宿泊予約はじゃらんnet　～日本最大級の宿・ホテル予約サイト～,true,yad322447,yad322447,2027-02-23,2027-02-24,1,2,1,0,JPY,ja,2_adults_1_room_1_night,available,not_sold_out_confirmed,,,missing_or_unclear,C,C,Price visible but meal_basis=unknown_meal_basis (jalan_ambiguous_meal_and_room_only_tokens); excluded from room-only DP per confirmed policy.,95040,,,tax_included_total,jalan_unknown_meal_basis_excluded,false,false,true,unknown_meal_basis_excluded,page_chrome_coupon_or_discount_evidence;unknown_meal_basis_excluded;meal_basis=unknown_meal_basis,,,/Volumes/SSD1/ZMI/zao-market-intelligence/.data/debug/auto-runner-market-refresh-rotating/20261004_040001/jalan/classification_decisions/yad322447_2027-02-23.json,zao_local_history_v1
2026-10-04|jalan|ペンション木いちご|yad325769|2027-02-06|2027-02-07|2_adults_1_room_1_night,1d02ad38f8ea99ffa19dd42fc3aa9f2b4ec350df3e123b3c5890a59fafa41bd9,2027_02,2026-10-04,2026-10-04T04:00:01+09:00,2026-10-04T04:00:01+09:00,jalan,AUTO-RUNNER10X,integrated_jalan_bounded_live,ペンション木いちご,国内旅行・海外旅行や宿・ホテルの宿泊予約はじゃらんnet　～日本最大級の宿・ホテル予約サイト～,true,yad325769,yad325769,2027-02-06,2027-02-07,1,2,1,0,JPY,ja,2_adults_1_room_1_night,sold_out,sold_out,,,missing_or_unclear,insufficient,insufficient,selected_date_calendar_sold_out,,,,missing_or_unclear,jalan_sold_out_excluded,false,false,true,sold_out_without_price,page_chrome_coupon_or_discount_evidence;tax_included_total_not_confirmed,,,/Volumes/SSD1/ZMI/zao-market-intelligence/.data/debug/auto-runner-market-refresh-rotating/20261004_040001/jalan/classification_decisions/yad325769_2027-02-06.json,zao_local_history_v1
2026-10-04|jalan|たかみや瑠璃倶楽|yad316848|2027-02-06|2027-02-07|2_adults_1_room_1_night,02c09319d005ed73ed27c511747ffb4c7546a381217a204a12cc068e4bce5101,2027_02,2026-10-04,2026-10-04T08:00:00+09:00,2026-10-04T08:00:00+09:00,jalan,AUTO-RUNNER10X,integrated_jalan_bounded_live,たかみや瑠璃倶楽,国内旅行・海外旅行や宿・ホテルの宿泊予約はじゃらんnet　～日本最大級の宿・ホテル予約サイト～,true,yad316848,yad316848,2027-02-06,2027-02-07,1,2,1,0,JPY,ja,2_adults_1_room_1_night,sold_out,sold_out,,,missing_or_unclear,insufficient,insufficient,selected_date_calendar_sold_out,,,,missing_or_unclear,jalan_sold_out_excluded,false,false,true,sold_out_without_price,page_chrome_coupon_or_discount_evidence;tax_included_total_not_confirmed,,,/Volumes/SSD1/ZMI/zao-market-intelligence/.data/debug/auto-runner-market-refresh-rotating/20261004_080000/jalan/classification_decisions/yad316848_2027-02-06.json,zao_local_history_v1
2026-10-04|jalan|たかみや瑠璃倶楽|yad316848|2027-02-11|2027-02-12|2_adults_1_room_1_night,3b9cca386be7553fc25242db2cc1c240e81d6fdc82231eeaec641a6700c67415,2027_02,2026-10-04,2026-10-04T10:00:00+09:00,2026-10-04T10:00:00+09:00,jalan,AUTO-RUNNER10X,integrated_jalan_bounded_live,たかみや瑠璃倶楽,国内旅行・海外旅行や宿・ホテルの宿泊予約はじゃらんnet　～日本最大級の宿・ホテル予約サイト～,true,yad316848,yad316848,2027-02-11,2027-02-12,1,2,1,0,JPY,ja,2_adults_1_room_1_night,sold_out,sold_out,,,missing_or_unclear,insufficient,insufficient,selected_date_calendar_sold_out,,,,missing_or_unclear,jalan_sold_out_excluded,false,false,true,sold_out_without_price,page_chrome_coupon_or_discount_evidence;tax_included_total_not_confirmed,,,/Volumes/SSD1/ZMI/zao-market-intelligence/.data/debug/auto-runner-market-refresh-rotating/20261004_100000/jalan/classification_decisions/yad316848_2027-02-11.json,zao_local_history_v1
2026-10-04|jalan|たかみや瑠璃倶楽|yad316848|2027-02-13|2027-02-14|2_adults_1_room_1_night,f01e8815fe95abe47f314d889afa4a9d4eae2653e91f97d3689920a603412f7c,2027_02,2026-10-04,2026-10-04T10:00:00+09:00,2026-10-04T10:00:00+09:00,jalan,AUTO-RUNNER10X,integrated_jalan_bounded_live,たかみや瑠璃倶楽,国内旅行・海外旅行や宿・ホテルの宿泊予約はじゃらんnet　～日本最大級の宿・ホテル予約サイト～,true,yad316848,yad316848,2027-02-13,2027-02-14,1,2,1,0,JPY,ja,2_adults_1_room_1_night,sold_out,sold_out,,,missing_or_unclear,insufficient,insufficient,selected_date_calendar_sold_out,,,,missing_or_unclear,jalan_sold_out_excluded,false,false,true,sold_out_without_price,page_chrome_coupon_or_discount_evidence;tax_included_total_not_confirmed,,,/Volumes/SSD1/ZMI/zao-market-intelligence/.data/debug/auto-runner-market-refresh-rotating/20261004_100000/jalan/classification_decisions/yad316848_2027-02-13.json,zao_local_history_v1
2026-10-04|jalan|深山荘 高見屋|yad321744|2027-02-06|2027-02-07|2_adults_1_room_1_night,791540ce60293dd6529ad97dea56be02918c89e274a2f97531b212458edd2aac,2027_02,2026-10-04,2026-10-04T10:00:00+09:00,2026-10-04T10:00:00+09:00,jalan,AUTO-RUNNER10X,integrated_jalan_bounded_live,深山荘 高見屋,国内旅行・海外旅行や宿・ホテルの宿泊予約はじゃらんnet　～日本最大級の宿・ホテル予約サイト～,true,yad321744,yad321744,2027-02-06,2027-02-07,1,2,1,0,JPY,ja,2_adults_1_room_1_night,sold_out,sold_out,,,missing_or_unclear,insufficient,insufficient,price_basis_or_date_scope_unclear,,,,missing_or_unclear,jalan_sold_out_excluded,false,false,true,sold_out_without_price,page_chrome_coupon_or_discount_evidence;tax_included_total_not_confirmed,,,/Volumes/SSD1/ZMI/zao-market-intelligence/.data/debug/auto-runner-market-refresh-rotating/20261004_100000/jalan/classification_decisions/yad321744_2027-02-06.json,zao_local_history_v1
2026-10-04|jalan|こけしの宿 招仙閣|yad348951|2027-02-06|2027-02-07|2_adults_1_room_1_night,3206ddce9db812e82af5344d024de312eed59f9b1e073aa886e08db71e34520b,2027_02,2026-10-04,2026-10-04T12:00:01+09:00,2026-10-04T12:00:01+09:00,jalan,AUTO-RUNNER10X,integrated_jalan_bounded_live,こけしの宿 招仙閣,国内旅行・海外旅行や宿・ホテルの宿泊予約はじゃらんnet　～日本最大級の宿・ホテル予約サイト～,true,yad348951,yad348951,2027-02-06,2027-02-07,1,2,1,0,JPY,ja,2_adults_1_room_1_night,sold_out,sold_out,,,missing_or_unclear,insufficient,insufficient,selected_date_calendar_sold_out,,,,missing_or_unclear,jalan_sold_out_excluded,false,false,true,sold_out_without_price,page_chrome_coupon_or_discount_evidence;tax_included_total_not_confirmed,,,/Volumes/SSD1/ZMI/zao-market-intelligence/.data/debug/auto-runner-market-refresh-rotating/20261004_120000/jalan/classification_decisions/yad348951_2027-02-06.json,zao_local_history_v1
2026-10-04|jalan|たかみや瑠璃倶楽|yad316848|2027-02-20|2027-02-21|2_adults_1_room_1_night,a4e30142f19a7d0ac9927f677c399c0c0231f33961a0933589463bc6e8e1e5be,2027_02,2026-10-04,2026-10-04T12:00:01+09:00,2026-10-04T12:00:01+09:00,jalan,AUTO-RUNNER10X,integrated_jalan_bounded_live,たかみや瑠璃倶楽,国内旅行・海外旅行や宿・ホテルの宿泊予約はじゃらんnet　～日本最大級の宿・ホテル予約サイト～,true,yad316848,yad316848,2027-02-20,2027-02-21,1,2,1,0,JPY,ja,2_adults_1_room_1_night,available,not_sold_out_confirmed,,,missing_or_unclear,C,C,"Price visible, meal_basis=confirmed_room_only, but room_basis=excluded_family_or_suite_room (family_or_suite_room_token_detected); excluded from two-person-standard DP per confirmed policy.",96800,,,tax_included_total,jalan_room_type_excluded,false,false,true,excluded_room_type_family_or_suite,page_chrome_coupon_or_discount_evidence;meal_basis_confirmed_room_only;meal_basis=confirmed_room_only;excluded_room_type_family_or_suite;room_basis=excluded_family_or_suite_room,,,/Volumes/SSD1/ZMI/zao-market-intelligence/.data/debug/auto-runner-market-refresh-rotating/20261004_120000/jalan/classification_decisions/yad316848_2027-02-20.json,zao_local_history_v1
2026-10-04|jalan|深山荘 高見屋|yad321744|2027-02-11|2027-02-12|2_adults_1_room_1_night,818887ec3933035cb86fe61bfe12746caa1c9f2018876021d4193af039d1f68c,2027_02,2026-10-04,2026-10-04T12:00:01+09:00,2026-10-04T12:00:01+09:00,jalan,AUTO-RUNNER10X,integrated_jalan_bounded_live,深山荘 高見屋,国内旅行・海外旅行や宿・ホテルの宿泊予約はじゃらんnet　～日本最大級の宿・ホテル予約サイト～,true,yad321744,yad321744,2027-02-11,2027-02-12,1,2,1,0,JPY,ja,2_adults_1_room_1_night,sold_out,sold_out,,,missing_or_unclear,insufficient,insufficient,selected_date_calendar_sold_out,,,,missing_or_unclear,jalan_sold_out_excluded,false,false,true,sold_out_without_price,page_chrome_coupon_or_discount_evidence;tax_included_total_not_confirmed,,,/Volumes/SSD1/ZMI/zao-market-intelligence/.data/debug/auto-runner-market-refresh-rotating/20261004_120000/jalan/classification_decisions/yad321744_2027-02-11.json,zao_local_history_v1
2026-10-04|jalan|深山荘 高見屋|yad321744|2027-02-13|2027-02-14|2_adults_1_room_1_night,093f08041f5e75193f32a2be12fc024ce39da9578c7f0934efea4201b9c716cb,2027_02,2026-10-04,2026-10-04T12:00:01+09:00,2026-10-04T12:00:01+09:00,jalan,AUTO-RUNNER10X,integrated_jalan_bounded_live,深山荘 高見屋,国内旅行・海外旅行や宿・ホテルの宿泊予約はじゃらんnet　～日本最大級の宿・ホテル予約サイト～,true,yad321744,yad321744,2027-02-13,2027-02-14,1,2,1,0,JPY,ja,2_adults_1_room_1_night,available,not_sold_out_confirmed,,,missing_or_unclear,C,C,Price visible but meal_basis=unknown_meal_basis (jalan_ambiguous_meal_and_room_only_tokens); excluded from room-only DP per confirmed policy.,116600,,,tax_included_total,jalan_unknown_meal_basis_excluded,false,false,true,unknown_meal_basis_excluded,page_chrome_coupon_or_discount_evidence;unknown_meal_basis_excluded;meal_basis=unknown_meal_basis,,,/Volumes/SSD1/ZMI/zao-market-intelligence/.data/debug/auto-runner-market-refresh-rotating/20261004_120000/jalan/classification_decisions/yad321744_2027-02-13.json,zao_local_history_v1
2026-10-04|jalan|こけしの宿 招仙閣|yad348951|2027-02-11|2027-02-12|2_adults_1_room_1_night,6e688dcc0bc8d7ed291f61e1ec0e5336b4a8df0a68511a028fb117cea4246f0a,2027_02,2026-10-04,2026-10-04T14:00:00+09:00,2026-10-04T14:00:00+09:00,jalan,AUTO-RUNNER10X,integrated_jalan_bounded_live,こけしの宿 招仙閣,国内旅行・海外旅行や宿・ホテルの宿泊予約はじゃらんnet　～日本最大級の宿・ホテル予約サイト～,true,yad348951,yad348951,2027-02-11,2027-02-12,1,2,1,0,JPY,ja,2_adults_1_room_1_night,sold_out,sold_out,,,missing_or_unclear,insufficient,insufficient,selected_date_calendar_sold_out,,,,missing_or_unclear,jalan_sold_out_excluded,false,false,true,sold_out_without_price,page_chrome_coupon_or_discount_evidence;tax_included_total_not_confirmed,,,/Volumes/SSD1/ZMI/zao-market-intelligence/.data/debug/auto-runner-market-refresh-rotating/20261004_140000/jalan/classification_decisions/yad348951_2027-02-11.json,zao_local_history_v1
2026-10-04|jalan|こけしの宿 招仙閣|yad348951|2027-02-13|2027-02-14|2_adults_1_room_1_night,0494108c97b569356e3d77235e2c0cb83af1b3147b4b54b08f46ed93209a76f3,2027_02,2026-10-04,2026-10-04T14:00:00+09:00,2026-10-04T14:00:00+09:00,jalan,AUTO-RUNNER10X,integrated_jalan_bounded_live,こけしの宿 招仙閣,国内旅行・海外旅行や宿・ホテルの宿泊予約はじゃらんnet　～日本最大級の宿・ホテル予約サイト～,true,yad348951,yad348951,2027-02-13,2027-02-14,1,2,1,0,JPY,ja,2_adults_1_room_1_night,sold_out,sold_out,,,missing_or_unclear,insufficient,insufficient,selected_date_calendar_sold_out,,,,missing_or_unclear,jalan_sold_out_excluded,false,false,true,sold_out_without_price,page_chrome_coupon_or_discount_evidence;tax_included_total_not_confirmed,,,/Volumes/SSD1/ZMI/zao-market-intelligence/.data/debug/auto-runner-market-refresh-rotating/20261004_140000/jalan/classification_decisions/yad348951_2027-02-13.json,zao_local_history_v1
2026-10-04|jalan|たかみや瑠璃倶楽|yad316848|2027-02-23|2027-02-24|2_adults_1_room_1_night,77fb134614ba3b4f2a5fd39fe69bb25b0d43eed87fd8abbb994119b27b4a9846,2027_02,2026-10-04,2026-10-04T14:00:00+09:00,2026-10-04T14:00:00+09:00,jalan,AUTO-RUNNER10X,integrated_jalan_bounded_live,たかみや瑠璃倶楽,国内旅行・海外旅行や宿・ホテルの宿泊予約はじゃらんnet　～日本最大級の宿・ホテル予約サイト～,true,yad316848,yad316848,2027-02-23,2027-02-24,1,2,1,0,JPY,ja,2_adults_1_room_1_night,available,not_sold_out_confirmed,,,missing_or_unclear,C,C,"Price visible, meal_basis=confirmed_room_only, but room_basis=excluded_family_or_suite_room (family_or_suite_room_token_detected); excluded from two-person-standard DP per confirmed policy.",81400,,,tax_included_total,jalan_room_type_excluded,false,false,true,excluded_room_type_family_or_suite,page_chrome_coupon_or_discount_evidence;meal_basis_confirmed_room_only;meal_basis=confirmed_room_only;excluded_room_type_family_or_suite;room_basis=excluded_family_or_suite_room,,,/Volumes/SSD1/ZMI/zao-market-intelligence/.data/debug/auto-runner-market-refresh-rotating/20261004_140000/jalan/classification_decisions/yad316848_2027-02-23.json,zao_local_history_v1
2026-10-04|jalan|たかみや瑠璃倶楽|yad316848|2027-02-27|2027-02-28|2_adults_1_room_1_night,b575717f18b949a296b78f557f9d9484b37777495eab3a386f9d350a96b0986c,2027_02,2026-10-04,2026-10-04T14:00:00+09:00,2026-10-04T14:00:00+09:00,jalan,AUTO-RUNNER10X,integrated_jalan_bounded_live,たかみや瑠璃倶楽,国内旅行・海外旅行や宿・ホテルの宿泊予約はじゃらんnet　～日本最大級の宿・ホテル予約サイト～,true,yad316848,yad316848,2027-02-27,2027-02-28,1,2,1,0,JPY,ja,2_adults_1_room_1_night,available,not_sold_out_confirmed,,,missing_or_unclear,C,C,"Price visible, meal_basis=confirmed_room_only, but room_basis=excluded_family_or_suite_room (family_or_suite_room_token_detected); excluded from two-person-standard DP per confirmed policy.",81400,,,tax_included_total,jalan_room_type_excluded,false,false,true,excluded_room_type_family_or_suite,page_chrome_coupon_or_discount_evidence;meal_basis_confirmed_room_only;meal_basis=confirmed_room_only;excluded_room_type_family_or_suite;room_basis=excluded_family_or_suite_room,,,/Volumes/SSD1/ZMI/zao-market-intelligence/.data/debug/auto-runner-market-refresh-rotating/20261004_140000/jalan/classification_decisions/yad316848_2027-02-27.json,zao_local_history_v1
2026-10-04|jalan|こけしの宿 招仙閣|yad348951|2027-02-20|2027-02-21|2_adults_1_room_1_night,f2ff884783de16dbf6d4e80ee80e3c79b2e7fd05f1f60a156c28d7539546dd22,2027_02,2026-10-04,2026-10-04T16:00:00+09:00,2026-10-04T16:00:00+09:00,jalan,AUTO-RUNNER10X,integrated_jalan_bounded_live,こけしの宿 招仙閣,国内旅行・海外旅行や宿・ホテルの宿泊予約はじゃらんnet　～日本最大級の宿・ホテル予約サイト～,true,yad348951,yad348951,2027-02-20,2027-02-21,1,2,1,0,JPY,ja,2_adults_1_room_1_night,sold_out,sold_out,,,missing_or_unclear,insufficient,insufficient,selected_date_calendar_sold_out,,,,missing_or_unclear,jalan_sold_out_excluded,false,false,true,sold_out_without_price,page_chrome_coupon_or_discount_evidence;tax_included_total_not_confirmed,,,/Volumes/SSD1/ZMI/zao-market-intelligence/.data/debug/auto-runner-market-refresh-rotating/20261004_160000/jalan/classification_decisions/yad348951_2027-02-20.json,zao_local_history_v1
2026-10-04|jalan|こけしの宿 招仙閣|yad348951|2027-02-23|2027-02-24|2_adults_1_room_1_night,818ec9e869b3653d60dcb6f0bd3ddfb13e42958a3a3264168137789ba6f3587a,2027_02,2026-10-04,2026-10-04T16:00:00+09:00,2026-10-04T16:00:00+09:00,jalan,AUTO-RUNNER10X,integrated_jalan_bounded_live,こけしの宿 招仙閣,国内旅行・海外旅行や宿・ホテルの宿泊予約はじゃらんnet　～日本最大級の宿・ホテル予約サイト～,true,yad348951,yad348951,2027-02-23,2027-02-24,1,2,1,0,JPY,ja,2_adults_1_room_1_night,sold_out,sold_out,,,missing_or_unclear,insufficient,insufficient,selected_date_calendar_sold_out,,,,missing_or_unclear,jalan_sold_out_excluded,false,false,true,sold_out_without_price,page_chrome_coupon_or_discount_evidence;tax_included_total_not_confirmed,,,/Volumes/SSD1/ZMI/zao-market-intelligence/.data/debug/auto-runner-market-refresh-rotating/20261004_160000/jalan/classification_decisions/yad348951_2027-02-23.json,zao_local_history_v1
2026-10-04|jalan|こけしの宿 招仙閣|yad348951|2027-02-27|2027-02-28|2_adults_1_room_1_night,d6972827eaa9bcff431dcfddd0c34ef716fa0d1268dff58a7d5d69d5387abcc7,2027_02,2026-10-04,2026-10-04T18:00:00+09:00,2026-10-04T18:00:00+09:00,jalan,AUTO-RUNNER10X,integrated_jalan_bounded_live,こけしの宿 招仙閣,国内旅行・海外旅行や宿・ホテルの宿泊予約はじゃらんnet　～日本最大級の宿・ホテル予約サイト～,true,yad348951,yad348951,2027-02-27,2027-02-28,1,2,1,0,JPY,ja,2_adults_1_room_1_night,sold_out,sold_out,,,missing_or_unclear,insufficient,insufficient,selected_date_calendar_sold_out,,,,missing_or_unclear,jalan_sold_out_excluded,false,false,true,sold_out_without_price,page_chrome_coupon_or_discount_evidence;tax_included_total_not_confirmed,,,/Volumes/SSD1/ZMI/zao-market-intelligence/.data/debug/auto-runner-market-refresh-rotating/20261004_180000/jalan/classification_decisions/yad348951_2027-02-27.json,zao_local_history_v1
2026-10-04|jalan|深山荘 高見屋|yad321744|2027-02-20|2027-02-21|2_adults_1_room_1_night,50007ceb4fa5c34aeed8c03016e086ceec3c79ede02cbd873f7d90601af786ac,2027_02,2026-10-04,2026-10-04T20:00:00+09:00,2026-10-04T20:00:00+09:00,jalan,AUTO-RUNNER10X,integrated_jalan_bounded_live,深山荘 高見屋,国内旅行・海外旅行や宿・ホテルの宿泊予約はじゃらんnet　～日本最大級の宿・ホテル予約サイト～,true,yad321744,yad321744,2027-02-20,2027-02-21,1,2,1,0,JPY,ja,2_adults_1_room_1_night,available,not_sold_out_confirmed,,,missing_or_unclear,C,C,Price visible but meal_basis=unknown_meal_basis (jalan_ambiguous_meal_and_room_only_tokens); excluded from room-only DP per confirmed policy.,116600,,,tax_included_total,jalan_unknown_meal_basis_excluded,false,false,true,unknown_meal_basis_excluded,page_chrome_coupon_or_discount_evidence;unknown_meal_basis_excluded;meal_basis=unknown_meal_basis,,,/Volumes/SSD1/ZMI/zao-market-intelligence/.data/debug/auto-runner-market-refresh-rotating/20261004_200000/jalan/classification_decisions/yad321744_2027-02-20.json,zao_local_history_v1
2026-10-04|jalan|蔵王国際ホテル|yad309590|2027-02-06|2027-02-07|2_adults_1_room_1_night,5b522ee080f28ad53977ce0522ce1682198dcf86a17c6fe023ab2891f80aedd8,2027_02,2026-10-04,2026-10-04T22:00:00+09:00,2026-10-04T22:00:00+09:00,jalan,AUTO-RUNNER10X,integrated_jalan_bounded_live,蔵王国際ホテル,国内旅行・海外旅行や宿・ホテルの宿泊予約はじゃらんnet　～日本最大級の宿・ホテル予約サイト～,true,yad309590,yad309590,2027-02-06,2027-02-07,1,2,1,0,JPY,ja,2_adults_1_room_1_night,sold_out,sold_out,,,missing_or_unclear,insufficient,insufficient,selected_date_calendar_sold_out,,,,missing_or_unclear,jalan_sold_out_excluded,false,false,true,sold_out_without_price,page_chrome_coupon_or_discount_evidence;tax_included_total_not_confirmed,,,/Volumes/SSD1/ZMI/zao-market-intelligence/.data/debug/auto-runner-market-refresh-rotating/20261004_220000/jalan/classification_decisions/yad309590_2027-02-06.json,zao_local_history_v1
2026-10-04|jalan|蔵王国際ホテル|yad309590|2027-02-11|2027-02-12|2_adults_1_room_1_night,77c78ebc2ddfdf7ce0c249001c1adad23f510914acf2084b9079dd4016375f30,2027_02,2026-10-04,2026-10-04T22:00:00+09:00,2026-10-04T22:00:00+09:00,jalan,AUTO-RUNNER10X,integrated_jalan_bounded_live,蔵王国際ホテル,国内旅行・海外旅行や宿・ホテルの宿泊予約はじゃらんnet　～日本最大級の宿・ホテル予約サイト～,true,yad309590,yad309590,2027-02-11,2027-02-12,1,2,1,0,JPY,ja,2_adults_1_room_1_night,sold_out,sold_out,,,missing_or_unclear,insufficient,insufficient,selected_date_calendar_sold_out,,,,missing_or_unclear,jalan_sold_out_excluded,false,false,true,sold_out_without_price,page_chrome_coupon_or_discount_evidence;tax_included_total_not_confirmed,,,/Volumes/SSD1/ZMI/zao-market-intelligence/.data/debug/auto-runner-market-refresh-rotating/20261004_220000/jalan/classification_decisions/yad309590_2027-02-11.json,zao_local_history_v1
2026-10-05|jalan|蔵王国際ホテル|yad309590|2027-02-13|2027-02-14|2_adults_1_room_1_night,16db38847098537abf708d09584753e4440fee53130775e4376c825b9be6212b,2027_02,2026-10-05,2026-10-05T00:00:01+09:00,2026-10-05T00:00:01+09:00,jalan,AUTO-RUNNER10X,integrated_jalan_bounded_live,蔵王国際ホテル,国内旅行・海外旅行や宿・ホテルの宿泊予約はじゃらんnet　～日本最大級の宿・ホテル予約サイト～,true,yad309590,yad309590,2027-02-13,2027-02-14,1,2,1,0,JPY,ja,2_adults_1_room_1_night,available,not_sold_out_confirmed,,,missing_or_unclear,C,C,Price visible but meal_basis=meal_included (jalan_meal_included_token_detected); excluded from room-only DP per confirmed policy.,119680,,,tax_included_total,jalan_meal_included_excluded,false,false,true,meal_included_plan_excluded,page_chrome_coupon_or_discount_evidence;meal_included_plan_excluded;meal_basis=meal_included,,,/Volumes/SSD1/ZMI/zao-market-intelligence/.data/debug/auto-runner-market-refresh-rotating/20261005_000001/jalan/classification_decisions/yad309590_2027-02-13.json,zao_local_history_v1
2026-10-05|jalan|蔵王国際ホテル|yad309590|2027-02-20|2027-02-21|2_adults_1_room_1_night,b973dc1783d9c98b0366ac0a0ba5b3dad379f02b014fb67aaf32c965188a6c56,2027_02,2026-10-05,2026-10-05T00:00:01+09:00,2026-10-05T00:00:01+09:00,jalan,AUTO-RUNNER10X,integrated_jalan_bounded_live,蔵王国際ホテル,国内旅行・海外旅行や宿・ホテルの宿泊予約はじゃらんnet　～日本最大級の宿・ホテル予約サイト～,true,yad309590,yad309590,2027-02-20,2027-02-21,1,2,1,0,JPY,ja,2_adults_1_room_1_night,available,not_sold_out_confirmed,,,missing_or_unclear,C,C,Price visible but meal_basis=meal_included (jalan_meal_included_token_detected); excluded from room-only DP per confirmed policy.,119680,,,tax_included_total,jalan_meal_included_excluded,false,false,true,meal_included_plan_excluded,page_chrome_coupon_or_discount_evidence;meal_included_plan_excluded;meal_basis=meal_included,,,/Volumes/SSD1/ZMI/zao-market-intelligence/.data/debug/auto-runner-market-refresh-rotating/20261005_000001/jalan/classification_decisions/yad309590_2027-02-20.json,zao_local_history_v1
2026-10-05|jalan|ペンションぷうたろう|yad394784|2027-02-06|2027-02-07|2_adults_1_room_1_night,d4f4f9a5aa64aa20b5d4c88079062726dedaa1b6d55063ae14e15236274b3a7a,2027_02,2026-10-05,2026-10-05T00:00:01+09:00,2026-10-05T00:00:01+09:00,jalan,AUTO-RUNNER10X,integrated_jalan_bounded_live,ペンションぷうたろう,国内旅行・海外旅行や宿・ホテルの宿泊予約はじゃらんnet　～日本最大級の宿・ホテル予約サイト～,true,yad394784,yad394784,2027-02-06,2027-02-07,1,2,1,0,JPY,ja,2_adults_1_room_1_night,sold_out,sold_out,,,missing_or_unclear,insufficient,insufficient,selected_date_calendar_sold_out,,,,missing_or_unclear,jalan_sold_out_excluded,false,false,true,sold_out_without_price,page_chrome_coupon_or_discount_evidence;tax_included_total_not_confirmed,,,/Volumes/SSD1/ZMI/zao-market-intelligence/.data/debug/auto-runner-market-refresh-rotating/20261005_000001/jalan/classification_decisions/yad394784_2027-02-06.json,zao_local_history_v1
2026-10-05|jalan|深山荘 高見屋|yad321744|2027-02-23|2027-02-24|2_adults_1_room_1_night,2eed02c490331a020be74a3c7b0a3ce0bd9c2cca3c93cd782d4cc0404c58bce7,2027_02,2026-10-05,2026-10-05T00:00:01+09:00,2026-10-05T00:00:01+09:00,jalan,AUTO-RUNNER10X,integrated_jalan_bounded_live,深山荘 高見屋,国内旅行・海外旅行や宿・ホテルの宿泊予約はじゃらんnet　～日本最大級の宿・ホテル予約サイト～,true,yad321744,yad321744,2027-02-23,2027-02-24,1,2,1,0,JPY,ja,2_adults_1_room_1_night,available,not_sold_out_confirmed,,,missing_or_unclear,C,C,Price visible but meal_basis=unknown_meal_basis (jalan_ambiguous_meal_and_room_only_tokens); excluded from room-only DP per confirmed policy.,94600,,,tax_included_total,jalan_unknown_meal_basis_excluded,false,false,true,unknown_meal_basis_excluded,page_chrome_coupon_or_discount_evidence;unknown_meal_basis_excluded;meal_basis=unknown_meal_basis,,,/Volumes/SSD1/ZMI/zao-market-intelligence/.data/debug/auto-runner-market-refresh-rotating/20261005_000001/jalan/classification_decisions/yad321744_2027-02-23.json,zao_local_history_v1
2026-10-05|jalan|三浦屋|yad302145|2027-02-06|2027-02-07|2_adults_1_room_1_night,50ea4bb6d750993edba1faa4c612d4707627e499ef9425996daceef0cba2035b,2027_02,2026-10-05,2026-10-05T02:00:00+09:00,2026-10-05T02:00:00+09:00,jalan,AUTO-RUNNER10X,integrated_jalan_bounded_live,三浦屋,国内旅行・海外旅行や宿・ホテルの宿泊予約はじゃらんnet　～日本最大級の宿・ホテル予約サイト～,true,yad302145,yad302145,2027-02-06,2027-02-07,1,2,1,0,JPY,ja,2_adults_1_room_1_night,available,not_sold_out_confirmed,48070,jalan_visible_total_tax_included,tax_included_total,B,B,Visible tax-included total usable as same-property directional price-pressure evidence; direct withheld due to non-hard gaps.,48070,,48070,tax_included_total,jalan_directional_tax_included_total,false,true,false,,page_chrome_coupon_or_discount_evidence;meal_basis_confirmed_room_only;meal_basis=confirmed_room_only;room_basis_confirmed_two_person_standard;room_basis=confirmed_two_person_standard_room,,,/Volumes/SSD1/ZMI/zao-market-intelligence/.data/debug/auto-runner-market-refresh-rotating/20261005_020000/jalan/classification_decisions/yad302145_2027-02-06.json,zao_local_history_v1
2026-10-05|jalan|蔵王国際ホテル|yad309590|2027-02-23|2027-02-24|2_adults_1_room_1_night,0b5da6a91fa68279ec1796d749ab1a90d11f6dd747539732f8adba02a717ccba,2027_02,2026-10-05,2026-10-05T02:00:00+09:00,2026-10-05T02:00:00+09:00,jalan,AUTO-RUNNER10X,integrated_jalan_bounded_live,蔵王国際ホテル,国内旅行・海外旅行や宿・ホテルの宿泊予約はじゃらんnet　～日本最大級の宿・ホテル予約サイト～,true,yad309590,yad309590,2027-02-23,2027-02-24,1,2,1,0,JPY,ja,2_adults_1_room_1_night,available,not_sold_out_confirmed,,,missing_or_unclear,C,C,Price visible but meal_basis=meal_included (jalan_meal_included_token_detected); excluded from room-only DP per confirmed policy.,105600,,,tax_included_total,jalan_meal_included_excluded,false,false,true,meal_included_plan_excluded,page_chrome_coupon_or_discount_evidence;meal_included_plan_excluded;meal_basis=meal_included,,,/Volumes/SSD1/ZMI/zao-market-intelligence/.data/debug/auto-runner-market-refresh-rotating/20261005_020000/jalan/classification_decisions/yad309590_2027-02-23.json,zao_local_history_v1
2026-10-05|jalan|ペンションぷうたろう|yad394784|2027-02-11|2027-02-12|2_adults_1_room_1_night,44cfea5934f00b4b7549134db19f178075189b4823221e44178d8651b6be5c52,2027_02,2026-10-05,2026-10-05T02:00:00+09:00,2026-10-05T02:00:00+09:00,jalan,AUTO-RUNNER10X,integrated_jalan_bounded_live,ペンションぷうたろう,国内旅行・海外旅行や宿・ホテルの宿泊予約はじゃらんnet　～日本最大級の宿・ホテル予約サイト～,true,yad394784,yad394784,2027-02-11,2027-02-12,1,2,1,0,JPY,ja,2_adults_1_room_1_night,sold_out,sold_out,,,missing_or_unclear,insufficient,insufficient,selected_date_calendar_sold_out,,,,missing_or_unclear,jalan_sold_out_excluded,false,false,true,sold_out_without_price,page_chrome_coupon_or_discount_evidence;tax_included_total_not_confirmed,,,/Volumes/SSD1/ZMI/zao-market-intelligence/.data/debug/auto-runner-market-refresh-rotating/20261005_020000/jalan/classification_decisions/yad394784_2027-02-11.json,zao_local_history_v1
2026-10-05|jalan|三浦屋|yad302145|2027-02-11|2027-02-12|2_adults_1_room_1_night,bb633ed954166e8d236e4a8dfef77b6ea0545cf39928f2837e74ea897031e621,2027_02,2026-10-05,2026-10-05T04:00:01+09:00,2026-10-05T04:00:01+09:00,jalan,AUTO-RUNNER10X,integrated_jalan_bounded_live,三浦屋,国内旅行・海外旅行や宿・ホテルの宿泊予約はじゃらんnet　～日本最大級の宿・ホテル予約サイト～,true,yad302145,yad302145,2027-02-11,2027-02-12,1,2,1,0,JPY,ja,2_adults_1_room_1_night,available,not_sold_out_confirmed,45540,jalan_visible_total_tax_included,tax_included_total,B,B,Visible tax-included total usable as same-property directional price-pressure evidence; direct withheld due to non-hard gaps.,45540,,45540,tax_included_total,jalan_directional_tax_included_total,false,true,false,,page_chrome_coupon_or_discount_evidence;meal_basis_confirmed_room_only;meal_basis=confirmed_room_only;room_basis_confirmed_two_person_standard;room_basis=confirmed_two_person_standard_room,,,/Volumes/SSD1/ZMI/zao-market-intelligence/.data/debug/auto-runner-market-refresh-rotating/20261005_040001/jalan/classification_decisions/yad302145_2027-02-11.json,zao_local_history_v1
2026-10-05|jalan|三浦屋|yad302145|2027-02-13|2027-02-14|2_adults_1_room_1_night,74e713c2efe0c782a3fc737ae4cd6970c5c6ba312c94489d89c155dcd5374c90,2027_02,2026-10-05,2026-10-05T04:00:01+09:00,2026-10-05T04:00:01+09:00,jalan,AUTO-RUNNER10X,integrated_jalan_bounded_live,三浦屋,国内旅行・海外旅行や宿・ホテルの宿泊予約はじゃらんnet　～日本最大級の宿・ホテル予約サイト～,true,yad302145,yad302145,2027-02-13,2027-02-14,1,2,1,0,JPY,ja,2_adults_1_room_1_night,sold_out,sold_out,,,missing_or_unclear,insufficient,insufficient,selected_date_calendar_sold_out,,,,missing_or_unclear,jalan_sold_out_excluded,false,false,true,sold_out_without_price,page_chrome_coupon_or_discount_evidence;tax_included_total_not_confirmed,,,/Volumes/SSD1/ZMI/zao-market-intelligence/.data/debug/auto-runner-market-refresh-rotating/20261005_040001/jalan/classification_decisions/yad302145_2027-02-13.json,zao_local_history_v1
2026-10-05|jalan|蔵王国際ホテル|yad309590|2027-02-27|2027-02-28|2_adults_1_room_1_night,50e64b21ae0a6042b8968a6d49235e12aba22000ffe14944f544577c7fdde36a,2027_02,2026-10-05,2026-10-05T04:00:01+09:00,2026-10-05T04:00:01+09:00,jalan,AUTO-RUNNER10X,integrated_jalan_bounded_live,蔵王国際ホテル,国内旅行・海外旅行や宿・ホテルの宿泊予約はじゃらんnet　～日本最大級の宿・ホテル予約サイト～,true,yad309590,yad309590,2027-02-27,2027-02-28,1,2,1,0,JPY,ja,2_adults_1_room_1_night,available,not_sold_out_confirmed,,,missing_or_unclear,C,C,Price visible but meal_basis=meal_included (jalan_meal_included_token_detected); excluded from room-only DP per confirmed policy.,112640,,,tax_included_total,jalan_meal_included_excluded,false,false,true,meal_included_plan_excluded,page_chrome_coupon_or_discount_evidence;meal_included_plan_excluded;meal_basis=meal_included,,,/Volumes/SSD1/ZMI/zao-market-intelligence/.data/debug/auto-runner-market-refresh-rotating/20261005_040001/jalan/classification_decisions/yad309590_2027-02-27.json,zao_local_history_v1
2026-10-05|jalan|三浦屋|yad302145|2027-02-20|2027-02-21|2_adults_1_room_1_night,f64ed247f678e827d21673001fc1d8a87bcf27aaf525aa3558f240a74782e0fc,2027_02,2026-10-05,2026-10-05T06:00:00+09:00,2026-10-05T06:00:00+09:00,jalan,AUTO-RUNNER10X,integrated_jalan_bounded_live,三浦屋,国内旅行・海外旅行や宿・ホテルの宿泊予約はじゃらんnet　～日本最大級の宿・ホテル予約サイト～,true,yad302145,yad302145,2027-02-20,2027-02-21,1,2,1,0,JPY,ja,2_adults_1_room_1_night,available,not_sold_out_confirmed,48070,jalan_visible_total_tax_included,tax_included_total,B,B,Visible tax-included total usable as same-property directional price-pressure evidence; direct withheld due to non-hard gaps.,48070,,48070,tax_included_total,jalan_directional_tax_included_total,false,true,false,,page_chrome_coupon_or_discount_evidence;meal_basis_confirmed_room_only;meal_basis=confirmed_room_only;room_basis_confirmed_two_person_standard;room_basis=confirmed_two_person_standard_room,,,/Volumes/SSD1/ZMI/zao-market-intelligence/.data/debug/auto-runner-market-refresh-rotating/20261005_060000/jalan/classification_decisions/yad302145_2027-02-20.json,zao_local_history_v1
2026-10-05|jalan|ペンションぷうたろう|yad394784|2027-02-13|2027-02-14|2_adults_1_room_1_night,4bc9af88227225f3a64327ac4eb9c97d91c02fb17ac16d62c5c4158d444db5b0,2027_02,2026-10-05,2026-10-05T06:00:00+09:00,2026-10-05T06:00:00+09:00,jalan,AUTO-RUNNER10X,integrated_jalan_bounded_live,ペンションぷうたろう,国内旅行・海外旅行や宿・ホテルの宿泊予約はじゃらんnet　～日本最大級の宿・ホテル予約サイト～,true,yad394784,yad394784,2027-02-13,2027-02-14,1,2,1,0,JPY,ja,2_adults_1_room_1_night,sold_out,sold_out,,,missing_or_unclear,insufficient,insufficient,selected_date_calendar_sold_out,,,,missing_or_unclear,jalan_sold_out_excluded,false,false,true,sold_out_without_price,page_chrome_coupon_or_discount_evidence;tax_included_total_not_confirmed,,,/Volumes/SSD1/ZMI/zao-market-intelligence/.data/debug/auto-runner-market-refresh-rotating/20261005_060000/jalan/classification_decisions/yad394784_2027-02-13.json,zao_local_history_v1
2026-10-05|jalan|ペンションぷうたろう|yad394784|2027-02-23|2027-02-24|2_adults_1_room_1_night,5143ff1b24b72bd3a1e8390e6761b1a1cad583b2b572b383b081f1039cf9be2d,2027_02,2026-10-05,2026-10-05T06:00:00+09:00,2026-10-05T06:00:00+09:00,jalan,AUTO-RUNNER10X,integrated_jalan_bounded_live,ペンションぷうたろう,国内旅行・海外旅行や宿・ホテルの宿泊予約はじゃらんnet　～日本最大級の宿・ホテル予約サイト～,true,yad394784,yad394784,2027-02-23,2027-02-24,1,2,1,0,JPY,ja,2_adults_1_room_1_night,sold_out,sold_out,,,missing_or_unclear,insufficient,insufficient,selected_date_calendar_sold_out,,,,missing_or_unclear,jalan_sold_out_excluded,false,false,true,sold_out_without_price,page_chrome_coupon_or_discount_evidence;tax_included_total_not_confirmed,,,/Volumes/SSD1/ZMI/zao-market-intelligence/.data/debug/auto-runner-market-refresh-rotating/20261005_060000/jalan/classification_decisions/yad394784_2027-02-23.json,zao_local_history_v1
2026-10-05|jalan|三浦屋|yad302145|2027-02-23|2027-02-24|2_adults_1_room_1_night,8f555e1690a1f694a998a8eb665aff17dd87197adb059b6fb1324f2c2083b3d7,2027_02,2026-10-05,2026-10-05T08:00:00+09:00,2026-10-05T08:00:00+09:00,jalan,AUTO-RUNNER10X,integrated_jalan_bounded_live,三浦屋,国内旅行・海外旅行や宿・ホテルの宿泊予約はじゃらんnet　～日本最大級の宿・ホテル予約サイト～,true,yad302145,yad302145,2027-02-23,2027-02-24,1,2,1,0,JPY,ja,2_adults_1_room_1_night,available,not_sold_out_confirmed,,,missing_or_unclear,C,C,"Price visible, meal_basis=confirmed_room_only, but room_basis=excluded_single_room (single_room_token_detected); excluded from two-person-standard DP per confirmed policy.",41745,,,tax_included_total,jalan_room_type_excluded,false,false,true,excluded_room_type_single,page_chrome_coupon_or_discount_evidence;meal_basis_confirmed_room_only;meal_basis=confirmed_room_only;excluded_room_type_single;room_basis=excluded_single_room,,,/Volumes/SSD1/ZMI/zao-market-intelligence/.data/debug/auto-runner-market-refresh-rotating/20261005_080000/jalan/classification_decisions/yad302145_2027-02-23.json,zao_local_history_v1
2026-10-05|jalan|たかみや瑠璃倶楽|yad316848|2027-02-06|2027-02-07|2_adults_1_room_1_night,ed6db206bae810d7717008d430e66278c192fced03238c6121cd9c75d7c03f61,2027_02,2026-10-05,2026-10-05T08:00:00+09:00,2026-10-05T08:00:00+09:00,jalan,AUTO-RUNNER10X,integrated_jalan_bounded_live,たかみや瑠璃倶楽,国内旅行・海外旅行や宿・ホテルの宿泊予約はじゃらんnet　～日本最大級の宿・ホテル予約サイト～,true,yad316848,yad316848,2027-02-06,2027-02-07,1,2,1,0,JPY,ja,2_adults_1_room_1_night,sold_out,sold_out,,,missing_or_unclear,insufficient,insufficient,selected_date_calendar_sold_out,,,,missing_or_unclear,jalan_sold_out_excluded,false,false,true,sold_out_without_price,page_chrome_coupon_or_discount_evidence;tax_included_total_not_confirmed,,,/Volumes/SSD1/ZMI/zao-market-intelligence/.data/debug/auto-runner-market-refresh-rotating/20261005_080000/jalan/classification_decisions/yad316848_2027-02-06.json,zao_local_history_v1
2026-10-05|jalan|ペンションぷうたろう|yad394784|2027-02-20|2027-02-21|2_adults_1_room_1_night,5652badc6002fa273d1068a2aa90efcc32405046c34c61f8bd823f9d03bb16a7,2027_02,2026-10-05,2026-10-05T08:00:00+09:00,2026-10-05T08:00:00+09:00,jalan,AUTO-RUNNER10X,integrated_jalan_bounded_live,ペンションぷうたろう,国内旅行・海外旅行や宿・ホテルの宿泊予約はじゃらんnet　～日本最大級の宿・ホテル予約サイト～,true,yad394784,yad394784,2027-02-20,2027-02-21,1,2,1,0,JPY,ja,2_adults_1_room_1_night,sold_out,sold_out,,,missing_or_unclear,insufficient,insufficient,selected_date_calendar_sold_out,,,,missing_or_unclear,jalan_sold_out_excluded,false,false,true,sold_out_without_price,page_chrome_coupon_or_discount_evidence;tax_included_total_not_confirmed,,,/Volumes/SSD1/ZMI/zao-market-intelligence/.data/debug/auto-runner-market-refresh-rotating/20261005_080000/jalan/classification_decisions/yad394784_2027-02-20.json,zao_local_history_v1
2026-10-05|jalan|三浦屋|yad302145|2027-02-27|2027-02-28|2_adults_1_room_1_night,018076b3e61da8670f1786d5dcab9ef8c9a04018ed6e42e8e42843fc555ff1b2,2027_02,2026-10-05,2026-10-05T12:00:01+09:00,2026-10-05T12:00:01+09:00,jalan,AUTO-RUNNER10X,integrated_jalan_bounded_live,三浦屋,国内旅行・海外旅行や宿・ホテルの宿泊予約はじゃらんnet　～日本最大級の宿・ホテル予約サイト～,true,yad302145,yad302145,2027-02-27,2027-02-28,1,2,1,0,JPY,ja,2_adults_1_room_1_night,available,not_sold_out_confirmed,48070,jalan_visible_total_tax_included,tax_included_total,B,B,Visible tax-included total usable as same-property directional price-pressure evidence; direct withheld due to non-hard gaps.,48070,,48070,tax_included_total,jalan_directional_tax_included_total,false,true,false,,page_chrome_coupon_or_discount_evidence;meal_basis_confirmed_room_only;meal_basis=confirmed_room_only;room_basis_confirmed_two_person_standard;room_basis=confirmed_two_person_standard_room,,,/Volumes/SSD1/ZMI/zao-market-intelligence/.data/debug/auto-runner-market-refresh-rotating/20261005_120001/jalan/classification_decisions/yad302145_2027-02-27.json,zao_local_history_v1
2026-10-05|jalan|たかみや瑠璃倶楽|yad316848|2027-02-11|2027-02-12|2_adults_1_room_1_night,923b1dbf799bf4dc16fac844bce9b69022ed20e7f6e18967a9174ba64c61a4e8,2027_02,2026-10-05,2026-10-05T12:00:01+09:00,2026-10-05T12:00:01+09:00,jalan,AUTO-RUNNER10X,integrated_jalan_bounded_live,たかみや瑠璃倶楽,国内旅行・海外旅行や宿・ホテルの宿泊予約はじゃらんnet　～日本最大級の宿・ホテル予約サイト～,true,yad316848,yad316848,2027-02-11,2027-02-12,1,2,1,0,JPY,ja,2_adults_1_room_1_night,sold_out,sold_out,,,missing_or_unclear,insufficient,insufficient,selected_date_calendar_sold_out,,,,missing_or_unclear,jalan_sold_out_excluded,false,false,true,sold_out_without_price,page_chrome_coupon_or_discount_evidence;tax_included_total_not_confirmed,,,/Volumes/SSD1/ZMI/zao-market-intelligence/.data/debug/auto-runner-market-refresh-rotating/20261005_120001/jalan/classification_decisions/yad316848_2027-02-11.json,zao_local_history_v1
2026-10-05|jalan|たかみや瑠璃倶楽|yad316848|2027-02-13|2027-02-14|2_adults_1_room_1_night,67d7dae1892bcb0a8b92503615cfeb65fc4f85040f7fb1f32501f0ed2113ed4b,2027_02,2026-10-05,2026-10-05T12:00:01+09:00,2026-10-05T12:00:01+09:00,jalan,AUTO-RUNNER10X,integrated_jalan_bounded_live,たかみや瑠璃倶楽,国内旅行・海外旅行や宿・ホテルの宿泊予約はじゃらんnet　～日本最大級の宿・ホテル予約サイト～,true,yad316848,yad316848,2027-02-13,2027-02-14,1,2,1,0,JPY,ja,2_adults_1_room_1_night,sold_out,sold_out,,,missing_or_unclear,insufficient,insufficient,selected_date_calendar_sold_out,,,,missing_or_unclear,jalan_sold_out_excluded,false,false,true,sold_out_without_price,page_chrome_coupon_or_discount_evidence;tax_included_total_not_confirmed,,,/Volumes/SSD1/ZMI/zao-market-intelligence/.data/debug/auto-runner-market-refresh-rotating/20261005_120001/jalan/classification_decisions/yad316848_2027-02-13.json,zao_local_history_v1
2026-10-05|jalan|深山荘 高見屋|yad321744|2027-02-06|2027-02-07|2_adults_1_room_1_night,6b74706c5a98073ffe11732477eda2baa927ec8fa719f907c73e9f9e143b2938,2027_02,2026-10-05,2026-10-05T12:00:01+09:00,2026-10-05T12:00:01+09:00,jalan,AUTO-RUNNER10X,integrated_jalan_bounded_live,深山荘 高見屋,国内旅行・海外旅行や宿・ホテルの宿泊予約はじゃらんnet　～日本最大級の宿・ホテル予約サイト～,true,yad321744,yad321744,2027-02-06,2027-02-07,1,2,1,0,JPY,ja,2_adults_1_room_1_night,sold_out,sold_out,,,missing_or_unclear,insufficient,insufficient,selected_date_calendar_sold_out,,,,missing_or_unclear,jalan_sold_out_excluded,false,false,true,sold_out_without_price,page_chrome_coupon_or_discount_evidence;tax_included_total_not_confirmed,,,/Volumes/SSD1/ZMI/zao-market-intelligence/.data/debug/auto-runner-market-refresh-rotating/20261005_120001/jalan/classification_decisions/yad321744_2027-02-06.json,zao_local_history_v1
2026-10-05|jalan|たかみや瑠璃倶楽|yad316848|2027-02-20|2027-02-21|2_adults_1_room_1_night,9895c9264581ad3ed750ea1eef357e4494da94d2c761b4a9bb538018e53ef8fb,2027_02,2026-10-05,2026-10-05T14:00:00+09:00,2026-10-05T14:00:00+09:00,jalan,AUTO-RUNNER10X,integrated_jalan_bounded_live,たかみや瑠璃倶楽,国内旅行・海外旅行や宿・ホテルの宿泊予約はじゃらんnet　～日本最大級の宿・ホテル予約サイト～,true,yad316848,yad316848,2027-02-20,2027-02-21,1,2,1,0,JPY,ja,2_adults_1_room_1_night,available,not_sold_out_confirmed,,,missing_or_unclear,C,C,"Price visible, meal_basis=confirmed_room_only, but room_basis=excluded_family_or_suite_room (family_or_suite_room_token_detected); excluded from two-person-standard DP per confirmed policy.",48400,,,tax_included_total,jalan_room_type_excluded,false,false,true,excluded_room_type_family_or_suite,selected_plan_coupon_or_discount_evidence;meal_basis_confirmed_room_only;meal_basis=confirmed_room_only;excluded_room_type_family_or_suite;room_basis=excluded_family_or_suite_room,,,/Volumes/SSD1/ZMI/zao-market-intelligence/.data/debug/auto-runner-market-refresh-rotating/20261005_140000/jalan/classification_decisions/yad316848_2027-02-20.json,zao_local_history_v1
2026-10-05|jalan|たかみや瑠璃倶楽|yad316848|2027-02-23|2027-02-24|2_adults_1_room_1_night,86e3bdd08fd21cd0781deb770023e853962b1b361bd350c083ece88b742ee359,2027_02,2026-10-05,2026-10-05T14:00:00+09:00,2026-10-05T14:00:00+09:00,jalan,AUTO-RUNNER10X,integrated_jalan_bounded_live,たかみや瑠璃倶楽,国内旅行・海外旅行や宿・ホテルの宿泊予約はじゃらんnet　～日本最大級の宿・ホテル予約サイト～,true,yad316848,yad316848,2027-02-23,2027-02-24,1,2,1,0,JPY,ja,2_adults_1_room_1_night,available,not_sold_out_confirmed,,,missing_or_unclear,C,C,"Price visible, meal_basis=confirmed_room_only, but room_basis=excluded_family_or_suite_room (family_or_suite_room_token_detected); excluded from two-person-standard DP per confirmed policy.",40700,,,tax_included_total,jalan_room_type_excluded,false,false,true,excluded_room_type_family_or_suite,selected_plan_coupon_or_discount_evidence;meal_basis_confirmed_room_only;meal_basis=confirmed_room_only;excluded_room_type_family_or_suite;room_basis=excluded_family_or_suite_room,,,/Volumes/SSD1/ZMI/zao-market-intelligence/.data/debug/auto-runner-market-refresh-rotating/20261005_140000/jalan/classification_decisions/yad316848_2027-02-23.json,zao_local_history_v1
2026-10-05|jalan|深山荘 高見屋|yad321744|2027-02-11|2027-02-12|2_adults_1_room_1_night,7e21260b7cf5cf9b957ae53426400a727ed02ab101f241ec8af6c78d5d6fb68f,2027_02,2026-10-05,2026-10-05T14:00:00+09:00,2026-10-05T14:00:00+09:00,jalan,AUTO-RUNNER10X,integrated_jalan_bounded_live,深山荘 高見屋,国内旅行・海外旅行や宿・ホテルの宿泊予約はじゃらんnet　～日本最大級の宿・ホテル予約サイト～,true,yad321744,yad321744,2027-02-11,2027-02-12,1,2,1,0,JPY,ja,2_adults_1_room_1_night,sold_out,sold_out,,,missing_or_unclear,insufficient,insufficient,selected_date_calendar_sold_out,,,,missing_or_unclear,jalan_sold_out_excluded,false,false,true,sold_out_without_price,page_chrome_coupon_or_discount_evidence;tax_included_total_not_confirmed,,,/Volumes/SSD1/ZMI/zao-market-intelligence/.data/debug/auto-runner-market-refresh-rotating/20261005_140000/jalan/classification_decisions/yad321744_2027-02-11.json,zao_local_history_v1
2026-10-05|jalan|深山荘 高見屋|yad321744|2027-02-13|2027-02-14|2_adults_1_room_1_night,5a9e271818aced473aa7c4568d8b05e0e65f1a2bef67b152a4d20d6b3cdbc1da,2027_02,2026-10-05,2026-10-05T14:00:00+09:00,2026-10-05T14:00:00+09:00,jalan,AUTO-RUNNER10X,integrated_jalan_bounded_live,深山荘 高見屋,国内旅行・海外旅行や宿・ホテルの宿泊予約はじゃらんnet　～日本最大級の宿・ホテル予約サイト～,true,yad321744,yad321744,2027-02-13,2027-02-14,1,2,1,0,JPY,ja,2_adults_1_room_1_night,available,not_sold_out_confirmed,,,missing_or_unclear,C,C,Price visible but meal_basis=unknown_meal_basis (jalan_ambiguous_meal_and_room_only_tokens); excluded from room-only DP per confirmed policy.,58300,,,tax_included_total,jalan_unknown_meal_basis_excluded,false,false,true,unknown_meal_basis_excluded,selected_plan_coupon_or_discount_evidence;unknown_meal_basis_excluded;meal_basis=unknown_meal_basis,,,/Volumes/SSD1/ZMI/zao-market-intelligence/.data/debug/auto-runner-market-refresh-rotating/20261005_140000/jalan/classification_decisions/yad321744_2027-02-13.json,zao_local_history_v1
2026-10-05|jalan|たかみや瑠璃倶楽|yad316848|2027-02-27|2027-02-28|2_adults_1_room_1_night,7cfc301193132a00fea732c682d5095025aca83cb5053ed638ba008d47a4a327,2027_02,2026-10-05,2026-10-05T16:00:00+09:00,2026-10-05T16:00:00+09:00,jalan,AUTO-RUNNER10X,integrated_jalan_bounded_live,たかみや瑠璃倶楽,国内旅行・海外旅行や宿・ホテルの宿泊予約はじゃらんnet　～日本最大級の宿・ホテル予約サイト～,true,yad316848,yad316848,2027-02-27,2027-02-28,1,2,1,0,JPY,ja,2_adults_1_room_1_night,available,not_sold_out_confirmed,,,missing_or_unclear,C,C,"Price visible, meal_basis=confirmed_room_only, but room_basis=excluded_family_or_suite_room (family_or_suite_room_token_detected); excluded from two-person-standard DP per confirmed policy.",40700,,,tax_included_total,jalan_room_type_excluded,false,false,true,excluded_room_type_family_or_suite,selected_plan_coupon_or_discount_evidence;meal_basis_confirmed_room_only;meal_basis=confirmed_room_only;excluded_room_type_family_or_suite;room_basis=excluded_family_or_suite_room,,,/Volumes/SSD1/ZMI/zao-market-intelligence/.data/debug/auto-runner-market-refresh-rotating/20261005_160000/jalan/classification_decisions/yad316848_2027-02-27.json,zao_local_history_v1
2026-10-05|jalan|深山荘 高見屋|yad321744|2027-02-27|2027-02-28|2_adults_1_room_1_night,af1d9d2ff84ed2d252629659dcc4c0b309a84b90993ae7e1aec50b73e062d8cb,2027_02,2026-10-05,2026-10-05T18:00:00+09:00,2026-10-05T18:00:00+09:00,jalan,AUTO-RUNNER10X,integrated_jalan_bounded_live,深山荘 高見屋,国内旅行・海外旅行や宿・ホテルの宿泊予約はじゃらんnet　～日本最大級の宿・ホテル予約サイト～,true,yad321744,yad321744,2027-02-27,2027-02-28,1,2,1,0,JPY,ja,2_adults_1_room_1_night,available,not_sold_out_confirmed,,,missing_or_unclear,C,C,"Price visible, meal_basis=confirmed_room_only, but room_basis=excluded_family_or_suite_room (family_or_suite_room_token_detected); excluded from two-person-standard DP per confirmed policy.",58300,,,tax_included_total,jalan_room_type_excluded,false,false,true,excluded_room_type_family_or_suite,selected_plan_coupon_or_discount_evidence;meal_basis_confirmed_room_only;meal_basis=confirmed_room_only;excluded_room_type_family_or_suite;room_basis=excluded_family_or_suite_room,,,/Volumes/SSD1/ZMI/zao-market-intelligence/.data/debug/auto-runner-market-refresh-rotating/20261005_180000/jalan/classification_decisions/yad321744_2027-02-27.json,zao_local_history_v1
2026-10-05|jalan|深山荘 高見屋|yad321744|2027-02-20|2027-02-21|2_adults_1_room_1_night,f5c6e502d3ee38b7cfba28ba3a9e0de37fd94ee5b76cc0a8aa3a78373737d650,2027_02,2026-10-05,2026-10-05T20:00:00+09:00,2026-10-05T20:00:00+09:00,jalan,AUTO-RUNNER10X,integrated_jalan_bounded_live,深山荘 高見屋,国内旅行・海外旅行や宿・ホテルの宿泊予約はじゃらんnet　～日本最大級の宿・ホテル予約サイト～,true,yad321744,yad321744,2027-02-20,2027-02-21,1,2,1,0,JPY,ja,2_adults_1_room_1_night,available,not_sold_out_confirmed,,,missing_or_unclear,C,C,Price visible but meal_basis=unknown_meal_basis (jalan_ambiguous_meal_and_room_only_tokens); excluded from room-only DP per confirmed policy.,58300,,,tax_included_total,jalan_unknown_meal_basis_excluded,false,false,true,unknown_meal_basis_excluded,selected_plan_coupon_or_discount_evidence;unknown_meal_basis_excluded;meal_basis=unknown_meal_basis,,,/Volumes/SSD1/ZMI/zao-market-intelligence/.data/debug/auto-runner-market-refresh-rotating/20261005_200000/jalan/classification_decisions/yad321744_2027-02-20.json,zao_local_history_v1
2026-10-05|jalan|源泉湯宿 蔵王プラザホテル|yad353340|2027-02-06|2027-02-07|2_adults_1_room_1_night,e9781400030a844477f7b27c89ba4fa7bc2d18b8221d56fb8065c23a44fd75f9,2027_02,2026-10-05,2026-10-05T20:00:00+09:00,2026-10-05T20:00:00+09:00,jalan,AUTO-RUNNER10X,integrated_jalan_bounded_live,源泉湯宿 蔵王プラザホテル,国内旅行・海外旅行や宿・ホテルの宿泊予約はじゃらんnet　～日本最大級の宿・ホテル予約サイト～,true,yad353340,yad353340,2027-02-06,2027-02-07,1,2,1,0,JPY,ja,2_adults_1_room_1_night,sold_out,sold_out,,,missing_or_unclear,insufficient,insufficient,selected_date_calendar_sold_out,,,,missing_or_unclear,jalan_sold_out_excluded,false,false,true,sold_out_without_price,page_chrome_coupon_or_discount_evidence;tax_included_total_not_confirmed,,,/Volumes/SSD1/ZMI/zao-market-intelligence/.data/debug/auto-runner-market-refresh-rotating/20261005_200000/jalan/classification_decisions/yad353340_2027-02-06.json,zao_local_history_v1
2026-10-05|jalan|源泉湯宿 蔵王プラザホテル|yad353340|2027-02-11|2027-02-12|2_adults_1_room_1_night,1c7def1458f82cc3c3e6607b2feaf1f0755603c836541e883e4ed463b558ac43,2027_02,2026-10-05,2026-10-05T22:00:00+09:00,2026-10-05T22:00:00+09:00,jalan,AUTO-RUNNER10X,integrated_jalan_bounded_live,源泉湯宿 蔵王プラザホテル,国内旅行・海外旅行や宿・ホテルの宿泊予約はじゃらんnet　～日本最大級の宿・ホテル予約サイト～,true,yad353340,yad353340,2027-02-11,2027-02-12,1,2,1,0,JPY,ja,2_adults_1_room_1_night,sold_out,sold_out,,,missing_or_unclear,insufficient,insufficient,selected_date_calendar_sold_out,,,,missing_or_unclear,jalan_sold_out_excluded,false,false,true,sold_out_without_price,page_chrome_coupon_or_discount_evidence;tax_included_total_not_confirmed,,,/Volumes/SSD1/ZMI/zao-market-intelligence/.data/debug/auto-runner-market-refresh-rotating/20261005_220000/jalan/classification_decisions/yad353340_2027-02-11.json,zao_local_history_v1
2026-10-05|jalan|こけしの宿 招仙閣|yad348951|2027-02-06|2027-02-07|2_adults_1_room_1_night,ac04da5d998fe72ceb411b97975cd30addceb25bab2583bba450cb4d680526b6,2027_02,2026-10-05,2026-10-05T22:00:00+09:00,2026-10-05T22:00:00+09:00,jalan,AUTO-RUNNER10X,integrated_jalan_bounded_live,こけしの宿 招仙閣,国内旅行・海外旅行や宿・ホテルの宿泊予約はじゃらんnet　～日本最大級の宿・ホテル予約サイト～,true,yad348951,yad348951,2027-02-06,2027-02-07,1,2,1,0,JPY,ja,2_adults_1_room_1_night,sold_out,sold_out,,,missing_or_unclear,insufficient,insufficient,selected_date_calendar_sold_out,,,,missing_or_unclear,jalan_sold_out_excluded,false,false,true,sold_out_without_price,page_chrome_coupon_or_discount_evidence;tax_included_total_not_confirmed,,,/Volumes/SSD1/ZMI/zao-market-intelligence/.data/debug/auto-runner-market-refresh-rotating/20261005_220000/jalan/classification_decisions/yad348951_2027-02-06.json,zao_local_history_v1
2026-10-06|jalan|深山荘 高見屋|yad321744|2027-02-23|2027-02-24|2_adults_1_room_1_night,f1c8f04af6c852ae0c3a4ff4ff7e0215ef6b0935d8e5b9fe1e8c8260b2a04b4a,2027_02,2026-10-06,2026-10-06T00:00:01+09:00,2026-10-06T00:00:01+09:00,jalan,AUTO-RUNNER10X,integrated_jalan_bounded_live,深山荘 高見屋,国内旅行・海外旅行や宿・ホテルの宿泊予約はじゃらんnet　～日本最大級の宿・ホテル予約サイト～,true,yad321744,yad321744,2027-02-23,2027-02-24,1,2,1,0,JPY,ja,2_adults_1_room_1_night,available,not_sold_out_confirmed,,,missing_or_unclear,C,C,"Price visible, meal_basis=confirmed_room_only, but room_basis=excluded_family_or_suite_room (family_or_suite_room_token_detected); excluded from two-person-standard DP per confirmed policy.",47300,,,tax_included_total,jalan_room_type_excluded,false,false,true,excluded_room_type_family_or_suite,selected_plan_coupon_or_discount_evidence;meal_basis_confirmed_room_only;meal_basis=confirmed_room_only;excluded_room_type_family_or_suite;room_basis=excluded_family_or_suite_room,,,/Volumes/SSD1/ZMI/zao-market-intelligence/.data/debug/auto-runner-market-refresh-rotating/20261006_000001/jalan/classification_decisions/yad321744_2027-02-23.json,zao_local_history_v1
2026-10-06|jalan|こけしの宿 招仙閣|yad348951|2027-02-11|2027-02-12|2_adults_1_room_1_night,c85ad8ec17d6041cd6356999eaf01e6d4ff1da19ba69a0b61298401e77ef2c9f,2027_02,2026-10-06,2026-10-06T00:00:01+09:00,2026-10-06T00:00:01+09:00,jalan,AUTO-RUNNER10X,integrated_jalan_bounded_live,こけしの宿 招仙閣,国内旅行・海外旅行や宿・ホテルの宿泊予約はじゃらんnet　～日本最大級の宿・ホテル予約サイト～,true,yad348951,yad348951,2027-02-11,2027-02-12,1,2,1,0,JPY,ja,2_adults_1_room_1_night,sold_out,sold_out,,,missing_or_unclear,insufficient,insufficient,selected_date_calendar_sold_out,,,,missing_or_unclear,jalan_sold_out_excluded,false,false,true,sold_out_without_price,page_chrome_coupon_or_discount_evidence;tax_included_total_not_confirmed,,,/Volumes/SSD1/ZMI/zao-market-intelligence/.data/debug/auto-runner-market-refresh-rotating/20261006_000001/jalan/classification_decisions/yad348951_2027-02-11.json,zao_local_history_v1
2026-10-06|jalan|こけしの宿 招仙閣|yad348951|2027-02-13|2027-02-14|2_adults_1_room_1_night,adc8acf690c1cd0b77973a1bb8fda0dbcaf9a8a06c84d556d429a41ce94ab72a,2027_02,2026-10-06,2026-10-06T02:00:01+09:00,2026-10-06T02:00:01+09:00,jalan,AUTO-RUNNER10X,integrated_jalan_bounded_live,こけしの宿 招仙閣,国内旅行・海外旅行や宿・ホテルの宿泊予約はじゃらんnet　～日本最大級の宿・ホテル予約サイト～,true,yad348951,yad348951,2027-02-13,2027-02-14,1,2,1,0,JPY,ja,2_adults_1_room_1_night,sold_out,sold_out,,,missing_or_unclear,insufficient,insufficient,selected_date_calendar_sold_out,,,,missing_or_unclear,jalan_sold_out_excluded,false,false,true,sold_out_without_price,page_chrome_coupon_or_discount_evidence;tax_included_total_not_confirmed,,,/Volumes/SSD1/ZMI/zao-market-intelligence/.data/debug/auto-runner-market-refresh-rotating/20261006_020001/jalan/classification_decisions/yad348951_2027-02-13.json,zao_local_history_v1
2026-10-06|jalan|こけしの宿 招仙閣|yad348951|2027-02-20|2027-02-21|2_adults_1_room_1_night,beb6ad65a270ac94fed8840674d3df384f175be7d523c3d8fd8ff03f88d250e3,2027_02,2026-10-06,2026-10-06T02:00:01+09:00,2026-10-06T02:00:01+09:00,jalan,AUTO-RUNNER10X,integrated_jalan_bounded_live,こけしの宿 招仙閣,国内旅行・海外旅行や宿・ホテルの宿泊予約はじゃらんnet　～日本最大級の宿・ホテル予約サイト～,true,yad348951,yad348951,2027-02-20,2027-02-21,1,2,1,0,JPY,ja,2_adults_1_room_1_night,sold_out,sold_out,,,missing_or_unclear,insufficient,insufficient,selected_date_calendar_sold_out,,,,missing_or_unclear,jalan_sold_out_excluded,false,false,true,sold_out_without_price,page_chrome_coupon_or_discount_evidence;tax_included_total_not_confirmed,,,/Volumes/SSD1/ZMI/zao-market-intelligence/.data/debug/auto-runner-market-refresh-rotating/20261006_020001/jalan/classification_decisions/yad348951_2027-02-20.json,zao_local_history_v1
2026-10-06|jalan|こけしの宿 招仙閣|yad348951|2027-02-23|2027-02-24|2_adults_1_room_1_night,31ee25b44aeb52b22e3c3afa6db858c29a4ebb06b851aa9e15e15038a37acf84,2027_02,2026-10-06,2026-10-06T04:00:00+09:00,2026-10-06T04:00:00+09:00,jalan,AUTO-RUNNER10X,integrated_jalan_bounded_live,こけしの宿 招仙閣,国内旅行・海外旅行や宿・ホテルの宿泊予約はじゃらんnet　～日本最大級の宿・ホテル予約サイト～,true,yad348951,yad348951,2027-02-23,2027-02-24,1,2,1,0,JPY,ja,2_adults_1_room_1_night,sold_out,sold_out,,,missing_or_unclear,insufficient,insufficient,selected_date_calendar_sold_out,,,,missing_or_unclear,jalan_sold_out_excluded,false,false,true,sold_out_without_price,page_chrome_coupon_or_discount_evidence;tax_included_total_not_confirmed,,,/Volumes/SSD1/ZMI/zao-market-intelligence/.data/debug/auto-runner-market-refresh-rotating/20261006_040000/jalan/classification_decisions/yad348951_2027-02-23.json,zao_local_history_v1
2026-10-06|jalan|ペンション木いちご|yad325769|2027-02-06|2027-02-07|2_adults_1_room_1_night,c56e0c064991e4d8939b56553b598c7cfbea2511470bf5f35068c866778f3deb,2027_02,2026-10-06,2026-10-06T06:00:00+09:00,2026-10-06T06:00:00+09:00,jalan,AUTO-RUNNER10X,integrated_jalan_bounded_live,ペンション木いちご,国内旅行・海外旅行や宿・ホテルの宿泊予約はじゃらんnet　～日本最大級の宿・ホテル予約サイト～,true,yad325769,yad325769,2027-02-06,2027-02-07,1,2,1,0,JPY,ja,2_adults_1_room_1_night,sold_out,sold_out,,,missing_or_unclear,insufficient,insufficient,selected_date_calendar_sold_out,,,,missing_or_unclear,jalan_sold_out_excluded,false,false,true,sold_out_without_price,page_chrome_coupon_or_discount_evidence;tax_included_total_not_confirmed,,,/Volumes/SSD1/ZMI/zao-market-intelligence/.data/debug/auto-runner-market-refresh-rotating/20261006_060000/jalan/classification_decisions/yad325769_2027-02-06.json,zao_local_history_v1
2026-10-06|jalan|ペンション木いちご|yad325769|2027-02-11|2027-02-12|2_adults_1_room_1_night,7331279042ab61e07face0e04d2dc81a03ea7c9c067ba9a960f83d52f09484ed,2027_02,2026-10-06,2026-10-06T06:00:00+09:00,2026-10-06T06:00:00+09:00,jalan,AUTO-RUNNER10X,integrated_jalan_bounded_live,ペンション木いちご,国内旅行・海外旅行や宿・ホテルの宿泊予約はじゃらんnet　～日本最大級の宿・ホテル予約サイト～,true,yad325769,yad325769,2027-02-11,2027-02-12,1,2,1,0,JPY,ja,2_adults_1_room_1_night,sold_out,sold_out,,,missing_or_unclear,insufficient,insufficient,selected_date_calendar_sold_out,,,,missing_or_unclear,jalan_sold_out_excluded,false,false,true,sold_out_without_price,page_chrome_coupon_or_discount_evidence;tax_included_total_not_confirmed,,,/Volumes/SSD1/ZMI/zao-market-intelligence/.data/debug/auto-runner-market-refresh-rotating/20261006_060000/jalan/classification_decisions/yad325769_2027-02-11.json,zao_local_history_v1
2026-10-06|jalan|ペンション木いちご|yad325769|2027-02-13|2027-02-14|2_adults_1_room_1_night,459f4b5298b5b92a9588e6b60230a5535a32c94da75c1218c5775bb53e31f8a9,2027_02,2026-10-06,2026-10-06T08:00:01+09:00,2026-10-06T08:00:01+09:00,jalan,AUTO-RUNNER10X,integrated_jalan_bounded_live,ペンション木いちご,国内旅行・海外旅行や宿・ホテルの宿泊予約はじゃらんnet　～日本最大級の宿・ホテル予約サイト～,true,yad325769,yad325769,2027-02-13,2027-02-14,1,2,1,0,JPY,ja,2_adults_1_room_1_night,available,not_sold_out_confirmed,,,missing_or_unclear,C,C,"Price visible, meal_basis=confirmed_room_only, but room_basis=excluded_large_room (large_or_triple_or_quad_room_token_detected); excluded from two-person-standard DP per confirmed policy.",25000,,,tax_included_total,jalan_room_type_excluded,false,false,true,excluded_room_type_large,page_chrome_coupon_or_discount_evidence;meal_basis_confirmed_room_only;meal_basis=confirmed_room_only;excluded_room_type_large;room_basis=excluded_large_room,,,/Volumes/SSD1/ZMI/zao-market-intelligence/.data/debug/auto-runner-market-refresh-rotating/20261006_080001/jalan/classification_decisions/yad325769_2027-02-13.json,zao_local_history_v1
2026-10-06|jalan|蔵王四季のホテル|yad322447|2027-02-06|2027-02-07|2_adults_1_room_1_night,86a4a83804fba4163d5c8217c74c028c0e029ed39136b100f8702f52e48a012e,2027_02,2026-10-06,2026-10-06T10:00:00+09:00,2026-10-06T10:00:00+09:00,jalan,AUTO-RUNNER10X,integrated_jalan_bounded_live,蔵王四季のホテル,国内旅行・海外旅行や宿・ホテルの宿泊予約はじゃらんnet　～日本最大級の宿・ホテル予約サイト～,true,yad322447,yad322447,2027-02-06,2027-02-07,1,2,1,0,JPY,ja,2_adults_1_room_1_night,available,not_sold_out_confirmed,,,missing_or_unclear,C,C,Price visible but meal_basis=unknown_meal_basis (jalan_ambiguous_meal_and_room_only_tokens); excluded from room-only DP per confirmed policy.,116160,,,tax_included_total,jalan_unknown_meal_basis_excluded,false,false,true,unknown_meal_basis_excluded,page_chrome_coupon_or_discount_evidence;unknown_meal_basis_excluded;meal_basis=unknown_meal_basis,,,/Volumes/SSD1/ZMI/zao-market-intelligence/.data/debug/auto-runner-market-refresh-rotating/20261006_100000/jalan/classification_decisions/yad322447_2027-02-06.json,zao_local_history_v1
2026-10-06|jalan|ペンション木いちご|yad325769|2027-02-20|2027-02-21|2_adults_1_room_1_night,1da6f68d3b9ae019e6c91e1828e308b57cdd177577d90b74ef78cf7f03c2ce06,2027_02,2026-10-06,2026-10-06T10:00:00+09:00,2026-10-06T10:00:00+09:00,jalan,AUTO-RUNNER10X,integrated_jalan_bounded_live,ペンション木いちご,国内旅行・海外旅行や宿・ホテルの宿泊予約はじゃらんnet　～日本最大級の宿・ホテル予約サイト～,true,yad325769,yad325769,2027-02-20,2027-02-21,1,2,1,0,JPY,ja,2_adults_1_room_1_night,available,not_sold_out_confirmed,22000,jalan_visible_total_tax_included,tax_included_total,B,B,Visible tax-included total usable as same-property directional price-pressure evidence; direct withheld due to non-hard gaps.,22000,,22000,tax_included_total,jalan_directional_tax_included_total,false,true,false,,page_chrome_coupon_or_discount_evidence;meal_basis_confirmed_room_only;meal_basis=confirmed_room_only;room_basis_confirmed_two_person_standard;room_basis=confirmed_two_person_standard_room,,,/Volumes/SSD1/ZMI/zao-market-intelligence/.data/debug/auto-runner-market-refresh-rotating/20261006_100000/jalan/classification_decisions/yad325769_2027-02-20.json,zao_local_history_v1
2026-10-06|jalan|蔵王四季のホテル|yad322447|2027-02-11|2027-02-12|2_adults_1_room_1_night,b68fae71f56ffd07e4012a807e565f446e4ecdc62e6018cb0c711953b0296a36,2027_02,2026-10-06,2026-10-06T12:00:01+09:00,2026-10-06T12:00:01+09:00,jalan,AUTO-RUNNER10X,integrated_jalan_bounded_live,蔵王四季のホテル,国内旅行・海外旅行や宿・ホテルの宿泊予約はじゃらんnet　～日本最大級の宿・ホテル予約サイト～,true,yad322447,yad322447,2027-02-11,2027-02-12,1,2,1,0,JPY,ja,2_adults_1_room_1_night,available,not_sold_out_confirmed,,,missing_or_unclear,C,C,Price visible but meal_basis=unknown_meal_basis (jalan_ambiguous_meal_and_room_only_tokens); excluded from room-only DP per confirmed policy.,110880,,,tax_included_total,jalan_unknown_meal_basis_excluded,false,false,true,unknown_meal_basis_excluded,page_chrome_coupon_or_discount_evidence;unknown_meal_basis_excluded;meal_basis=unknown_meal_basis,,,/Volumes/SSD1/ZMI/zao-market-intelligence/.data/debug/auto-runner-market-refresh-rotating/20261006_120001/jalan/classification_decisions/yad322447_2027-02-11.json,zao_local_history_v1
2026-10-06|jalan|三浦屋|yad302145|2027-02-06|2027-02-07|2_adults_1_room_1_night,962cd2ed2b2bf2382a237501c88f3d2413fd72e9b4785925d29ae9639c1d43cd,2027_02,2026-10-06,2026-10-06T12:00:01+09:00,2026-10-06T12:00:01+09:00,jalan,AUTO-RUNNER10X,integrated_jalan_bounded_live,三浦屋,国内旅行・海外旅行や宿・ホテルの宿泊予約はじゃらんnet　～日本最大級の宿・ホテル予約サイト～,true,yad302145,yad302145,2027-02-06,2027-02-07,1,2,1,0,JPY,ja,2_adults_1_room_1_night,available,not_sold_out_confirmed,48070,jalan_visible_total_tax_included,tax_included_total,B,B,Visible tax-included total usable as same-property directional price-pressure evidence; direct withheld due to non-hard gaps.,48070,,48070,tax_included_total,jalan_directional_tax_included_total,false,true,false,,page_chrome_coupon_or_discount_evidence;meal_basis_confirmed_room_only;meal_basis=confirmed_room_only;room_basis_confirmed_two_person_standard;room_basis=confirmed_two_person_standard_room,,,/Volumes/SSD1/ZMI/zao-market-intelligence/.data/debug/auto-runner-market-refresh-rotating/20261006_120001/jalan/classification_decisions/yad302145_2027-02-06.json,zao_local_history_v1
2026-10-06|jalan|蔵王四季のホテル|yad322447|2027-02-13|2027-02-14|2_adults_1_room_1_night,6f0da29627e1129cace4c25fc22e350247598a2fe94309d4f08053f7ea5a58e9,2027_02,2026-10-06,2026-10-06T12:00:01+09:00,2026-10-06T12:00:01+09:00,jalan,AUTO-RUNNER10X,integrated_jalan_bounded_live,蔵王四季のホテル,国内旅行・海外旅行や宿・ホテルの宿泊予約はじゃらんnet　～日本最大級の宿・ホテル予約サイト～,true,yad322447,yad322447,2027-02-13,2027-02-14,1,2,1,0,JPY,ja,2_adults_1_room_1_night,available,not_sold_out_confirmed,,,missing_or_unclear,C,C,Price visible but meal_basis=unknown_meal_basis (jalan_ambiguous_meal_and_room_only_tokens); excluded from room-only DP per confirmed policy.,124960,,,tax_included_total,jalan_unknown_meal_basis_excluded,false,false,true,unknown_meal_basis_excluded,page_chrome_coupon_or_discount_evidence;unknown_meal_basis_excluded;meal_basis=unknown_meal_basis,,,/Volumes/SSD1/ZMI/zao-market-intelligence/.data/debug/auto-runner-market-refresh-rotating/20261006_120001/jalan/classification_decisions/yad322447_2027-02-13.json,zao_local_history_v1
2026-10-06|jalan|三浦屋|yad302145|2027-02-11|2027-02-12|2_adults_1_room_1_night,6bbc202b674e23b90f715b2cc8c2048cd97fbc2bab5ee0e3f678b375307ce764,2027_02,2026-10-06,2026-10-06T14:00:00+09:00,2026-10-06T14:00:00+09:00,jalan,AUTO-RUNNER10X,integrated_jalan_bounded_live,三浦屋,国内旅行・海外旅行や宿・ホテルの宿泊予約はじゃらんnet　～日本最大級の宿・ホテル予約サイト～,true,yad302145,yad302145,2027-02-11,2027-02-12,1,2,1,0,JPY,ja,2_adults_1_room_1_night,available,not_sold_out_confirmed,45540,jalan_visible_total_tax_included,tax_included_total,B,B,Visible tax-included total usable as same-property directional price-pressure evidence; direct withheld due to non-hard gaps.,45540,,45540,tax_included_total,jalan_directional_tax_included_total,false,true,false,,page_chrome_coupon_or_discount_evidence;meal_basis_confirmed_room_only;meal_basis=confirmed_room_only;room_basis_confirmed_two_person_standard;room_basis=confirmed_two_person_standard_room,,,/Volumes/SSD1/ZMI/zao-market-intelligence/.data/debug/auto-runner-market-refresh-rotating/20261006_140000/jalan/classification_decisions/yad302145_2027-02-11.json,zao_local_history_v1
2026-10-06|jalan|蔵王四季のホテル|yad322447|2027-02-20|2027-02-21|2_adults_1_room_1_night,bdbd7ede1e26171c7c3cfc7df146090ce1b40745ed0f34efa4e63db6126701eb,2027_02,2026-10-06,2026-10-06T14:00:00+09:00,2026-10-06T14:00:00+09:00,jalan,AUTO-RUNNER10X,integrated_jalan_bounded_live,蔵王四季のホテル,国内旅行・海外旅行や宿・ホテルの宿泊予約はじゃらんnet　～日本最大級の宿・ホテル予約サイト～,true,yad322447,yad322447,2027-02-20,2027-02-21,1,2,1,0,JPY,ja,2_adults_1_room_1_night,available,not_sold_out_confirmed,,,missing_or_unclear,C,C,Price visible but meal_basis=unknown_meal_basis (jalan_ambiguous_meal_and_room_only_tokens); excluded from room-only DP per confirmed policy.,112640,,,tax_included_total,jalan_unknown_meal_basis_excluded,false,false,true,unknown_meal_basis_excluded,page_chrome_coupon_or_discount_evidence;unknown_meal_basis_excluded;meal_basis=unknown_meal_basis,,,/Volumes/SSD1/ZMI/zao-market-intelligence/.data/debug/auto-runner-market-refresh-rotating/20261006_140000/jalan/classification_decisions/yad322447_2027-02-20.json,zao_local_history_v1
2026-10-06|jalan|三浦屋|yad302145|2027-02-13|2027-02-14|2_adults_1_room_1_night,4ab6d7450fea7dcaf1f650af8d2bb10d22a40ac38b3af02b4b047416418148fb,2027_02,2026-10-06,2026-10-06T14:00:00+09:00,2026-10-06T14:00:00+09:00,jalan,AUTO-RUNNER10X,integrated_jalan_bounded_live,三浦屋,国内旅行・海外旅行や宿・ホテルの宿泊予約はじゃらんnet　～日本最大級の宿・ホテル予約サイト～,true,yad302145,yad302145,2027-02-13,2027-02-14,1,2,1,0,JPY,ja,2_adults_1_room_1_night,sold_out,sold_out,,,missing_or_unclear,insufficient,insufficient,selected_date_calendar_sold_out,,,,missing_or_unclear,jalan_sold_out_excluded,false,false,true,sold_out_without_price,page_chrome_coupon_or_discount_evidence;tax_included_total_not_confirmed,,,/Volumes/SSD1/ZMI/zao-market-intelligence/.data/debug/auto-runner-market-refresh-rotating/20261006_140000/jalan/classification_decisions/yad302145_2027-02-13.json,zao_local_history_v1
2026-10-06|jalan|蔵王四季のホテル|yad322447|2027-02-23|2027-02-24|2_adults_1_room_1_night,65b90bb4b5bda5c914ea15ec5db6d71e7a84582fe9d629e1630ed99f0644bbfc,2027_02,2026-10-06,2026-10-06T14:00:00+09:00,2026-10-06T14:00:00+09:00,jalan,AUTO-RUNNER10X,integrated_jalan_bounded_live,蔵王四季のホテル,国内旅行・海外旅行や宿・ホテルの宿泊予約はじゃらんnet　～日本最大級の宿・ホテル予約サイト～,true,yad322447,yad322447,2027-02-23,2027-02-24,1,2,1,0,JPY,ja,2_adults_1_room_1_night,available,not_sold_out_confirmed,,,missing_or_unclear,C,C,Price visible but meal_basis=unknown_meal_basis (jalan_ambiguous_meal_and_room_only_tokens); excluded from room-only DP per confirmed policy.,95040,,,tax_included_total,jalan_unknown_meal_basis_excluded,false,false,true,unknown_meal_basis_excluded,page_chrome_coupon_or_discount_evidence;unknown_meal_basis_excluded;meal_basis=unknown_meal_basis,,,/Volumes/SSD1/ZMI/zao-market-intelligence/.data/debug/auto-runner-market-refresh-rotating/20261006_140000/jalan/classification_decisions/yad322447_2027-02-23.json,zao_local_history_v1
2026-10-06|jalan|蔵王温泉 高砂屋旅館|yad391608|2027-02-06|2027-02-07|2_adults_1_room_1_night,4d670a4938a2a5fcc4d51a12e6ff5484fc3018a1b5943257ec689c14c9d7bc2f,2027_02,2026-10-06,2026-10-06T14:00:00+09:00,2026-10-06T14:00:00+09:00,jalan,AUTO-RUNNER10X,integrated_jalan_bounded_live,蔵王温泉 高砂屋旅館,国内旅行・海外旅行や宿・ホテルの宿泊予約はじゃらんnet　～日本最大級の宿・ホテル予約サイト～,true,yad391608,yad391608,2027-02-06,2027-02-07,1,2,1,0,JPY,ja,2_adults_1_room_1_night,available,not_sold_out_confirmed,,,missing_or_unclear,C,C,Price visible but meal_basis=meal_included (jalan_meal_included_token_detected); excluded from room-only DP per confirmed policy.,48000,,,tax_included_total,jalan_meal_included_excluded,false,false,true,meal_included_plan_excluded,page_chrome_coupon_or_discount_evidence;meal_included_plan_excluded;meal_basis=meal_included,,,/Volumes/SSD1/ZMI/zao-market-intelligence/.data/debug/auto-runner-market-refresh-rotating/20261006_140000/jalan/classification_decisions/yad391608_2027-02-06.json,zao_local_history_v1
2026-10-06|jalan|三浦屋|yad302145|2027-02-20|2027-02-21|2_adults_1_room_1_night,af4bab7f5f798b9a12c5745e6bdb597f1c41fb318b8725e7be4cf357d76f1bb5,2027_02,2026-10-06,2026-10-06T16:00:01+09:00,2026-10-06T16:00:01+09:00,jalan,AUTO-RUNNER10X,integrated_jalan_bounded_live,三浦屋,国内旅行・海外旅行や宿・ホテルの宿泊予約はじゃらんnet　～日本最大級の宿・ホテル予約サイト～,true,yad302145,yad302145,2027-02-20,2027-02-21,1,2,1,0,JPY,ja,2_adults_1_room_1_night,available,not_sold_out_confirmed,48070,jalan_visible_total_tax_included,tax_included_total,B,B,Visible tax-included total usable as same-property directional price-pressure evidence; direct withheld due to non-hard gaps.,48070,,48070,tax_included_total,jalan_directional_tax_included_total,false,true,false,,page_chrome_coupon_or_discount_evidence;meal_basis_confirmed_room_only;meal_basis=confirmed_room_only;room_basis_confirmed_two_person_standard;room_basis=confirmed_two_person_standard_room,,,/Volumes/SSD1/ZMI/zao-market-intelligence/.data/debug/auto-runner-market-refresh-rotating/20261006_160001/jalan/classification_decisions/yad302145_2027-02-20.json,zao_local_history_v1
2026-10-06|jalan|三浦屋|yad302145|2027-02-23|2027-02-24|2_adults_1_room_1_night,c0a7f847cff4a8a94327be545f58d9d4bd87ad2928de49f336912f8577e3140e,2027_02,2026-10-06,2026-10-06T16:00:01+09:00,2026-10-06T16:00:01+09:00,jalan,AUTO-RUNNER10X,integrated_jalan_bounded_live,三浦屋,国内旅行・海外旅行や宿・ホテルの宿泊予約はじゃらんnet　～日本最大級の宿・ホテル予約サイト～,true,yad302145,yad302145,2027-02-23,2027-02-24,1,2,1,0,JPY,ja,2_adults_1_room_1_night,available,not_sold_out_confirmed,41745,jalan_visible_total_tax_included,tax_included_total,B,B,Visible tax-included total usable as same-property directional price-pressure evidence; direct withheld due to non-hard gaps.,41745,,41745,tax_included_total,jalan_directional_tax_included_total,false,true,false,,page_chrome_coupon_or_discount_evidence;meal_basis_confirmed_room_only;meal_basis=confirmed_room_only;room_basis_confirmed_two_person_standard;room_basis=confirmed_two_person_standard_room,,,/Volumes/SSD1/ZMI/zao-market-intelligence/.data/debug/auto-runner-market-refresh-rotating/20261006_160001/jalan/classification_decisions/yad302145_2027-02-23.json,zao_local_history_v1
2026-10-06|jalan|蔵王温泉 高砂屋旅館|yad391608|2027-02-11|2027-02-12|2_adults_1_room_1_night,ce0e563af91cee3a1fabdf663b05c53d38cacae5d1d08748f98f30bfa3d918a7,2027_02,2026-10-06,2026-10-06T16:00:01+09:00,2026-10-06T16:00:01+09:00,jalan,AUTO-RUNNER10X,integrated_jalan_bounded_live,蔵王温泉 高砂屋旅館,国内旅行・海外旅行や宿・ホテルの宿泊予約はじゃらんnet　～日本最大級の宿・ホテル予約サイト～,true,yad391608,yad391608,2027-02-11,2027-02-12,1,2,1,0,JPY,ja,2_adults_1_room_1_night,sold_out,sold_out,,,missing_or_unclear,insufficient,insufficient,selected_date_calendar_sold_out,,,,missing_or_unclear,jalan_sold_out_excluded,false,false,true,sold_out_without_price,page_chrome_coupon_or_discount_evidence;tax_included_total_not_confirmed,,,/Volumes/SSD1/ZMI/zao-market-intelligence/.data/debug/auto-runner-market-refresh-rotating/20261006_160001/jalan/classification_decisions/yad391608_2027-02-11.json,zao_local_history_v1
2026-10-06|jalan|蔵王温泉 高砂屋旅館|yad391608|2027-02-13|2027-02-14|2_adults_1_room_1_night,9262c56942ff610179e6f4d1fc251512ea3c1c86b1516dbcbd38cb407afd7c6a,2027_02,2026-10-06,2026-10-06T16:00:01+09:00,2026-10-06T16:00:01+09:00,jalan,AUTO-RUNNER10X,integrated_jalan_bounded_live,蔵王温泉 高砂屋旅館,国内旅行・海外旅行や宿・ホテルの宿泊予約はじゃらんnet　～日本最大級の宿・ホテル予約サイト～,true,yad391608,yad391608,2027-02-13,2027-02-14,1,2,1,0,JPY,ja,2_adults_1_room_1_night,available,not_sold_out_confirmed,,,missing_or_unclear,C,C,Price visible but meal_basis=meal_included (jalan_meal_included_token_detected); excluded from room-only DP per confirmed policy.,48000,,,tax_included_total,jalan_meal_included_excluded,false,false,true,meal_included_plan_excluded,page_chrome_coupon_or_discount_evidence;meal_included_plan_excluded;meal_basis=meal_included,,,/Volumes/SSD1/ZMI/zao-market-intelligence/.data/debug/auto-runner-market-refresh-rotating/20261006_160001/jalan/classification_decisions/yad391608_2027-02-13.json,zao_local_history_v1
2026-10-06|jalan|たかみや瑠璃倶楽|yad316848|2027-02-06|2027-02-07|2_adults_1_room_1_night,948f28c9010497e68dda4ae563ddb6f59f96670141b55b17ef590f5a13b9e9ca,2027_02,2026-10-06,2026-10-06T18:00:01+09:00,2026-10-06T18:00:01+09:00,jalan,AUTO-RUNNER10X,integrated_jalan_bounded_live,たかみや瑠璃倶楽,国内旅行・海外旅行や宿・ホテルの宿泊予約はじゃらんnet　～日本最大級の宿・ホテル予約サイト～,true,yad316848,yad316848,2027-02-06,2027-02-07,1,2,1,0,JPY,ja,2_adults_1_room_1_night,sold_out,sold_out,,,missing_or_unclear,insufficient,insufficient,selected_date_calendar_sold_out,,,,missing_or_unclear,jalan_sold_out_excluded,false,false,true,sold_out_without_price,page_chrome_coupon_or_discount_evidence;tax_included_total_not_confirmed,,,/Volumes/SSD1/ZMI/zao-market-intelligence/.data/debug/auto-runner-market-refresh-rotating/20261006_180001/jalan/classification_decisions/yad316848_2027-02-06.json,zao_local_history_v1
2026-10-06|jalan|蔵王四季のホテル|yad322447|2027-02-27|2027-02-28|2_adults_1_room_1_night,1674102b9c5a92d98b7f82b6d972b43db215582202eaa9f6e623eda608f28757,2027_02,2026-10-06,2026-10-06T18:00:01+09:00,2026-10-06T18:00:01+09:00,jalan,AUTO-RUNNER10X,integrated_jalan_bounded_live,蔵王四季のホテル,国内旅行・海外旅行や宿・ホテルの宿泊予約はじゃらんnet　～日本最大級の宿・ホテル予約サイト～,true,yad322447,yad322447,2027-02-27,2027-02-28,1,2,1,0,JPY,ja,2_adults_1_room_1_night,available,not_sold_out_confirmed,,,missing_or_unclear,C,C,Price visible but meal_basis=unknown_meal_basis (jalan_ambiguous_meal_and_room_only_tokens); excluded from room-only DP per confirmed policy.,114400,,,tax_included_total,jalan_unknown_meal_basis_excluded,false,false,true,unknown_meal_basis_excluded,page_chrome_coupon_or_discount_evidence;unknown_meal_basis_excluded;meal_basis=unknown_meal_basis,,,/Volumes/SSD1/ZMI/zao-market-intelligence/.data/debug/auto-runner-market-refresh-rotating/20261006_180001/jalan/classification_decisions/yad322447_2027-02-27.json,zao_local_history_v1
2026-10-06|jalan|蔵王温泉 高砂屋旅館|yad391608|2027-02-20|2027-02-21|2_adults_1_room_1_night,7828807aa0b3c6e4f93beb34076e278a3e48bdb06237e4af085e19663cac411a,2027_02,2026-10-06,2026-10-06T18:00:01+09:00,2026-10-06T18:00:01+09:00,jalan,AUTO-RUNNER10X,integrated_jalan_bounded_live,蔵王温泉 高砂屋旅館,国内旅行・海外旅行や宿・ホテルの宿泊予約はじゃらんnet　～日本最大級の宿・ホテル予約サイト～,true,yad391608,yad391608,2027-02-20,2027-02-21,1,2,1,0,JPY,ja,2_adults_1_room_1_night,sold_out,sold_out,,,missing_or_unclear,insufficient,insufficient,selected_date_calendar_sold_out,,,,missing_or_unclear,jalan_sold_out_excluded,false,false,true,sold_out_without_price,page_chrome_coupon_or_discount_evidence;tax_included_total_not_confirmed,,,/Volumes/SSD1/ZMI/zao-market-intelligence/.data/debug/auto-runner-market-refresh-rotating/20261006_180001/jalan/classification_decisions/yad391608_2027-02-20.json,zao_local_history_v1
2026-10-06|jalan|ペンション木いちご|yad325769|2027-02-23|2027-02-24|2_adults_1_room_1_night,296937dc10acc28321192efd9b4f784a75ae0e479d2f16fbf1b8d99259bc04e2,2027_02,2026-10-06,2026-10-06T18:00:01+09:00,2026-10-06T18:00:01+09:00,jalan,AUTO-RUNNER10X,integrated_jalan_bounded_live,ペンション木いちご,国内旅行・海外旅行や宿・ホテルの宿泊予約はじゃらんnet　～日本最大級の宿・ホテル予約サイト～,true,yad325769,yad325769,2027-02-23,2027-02-24,1,2,1,0,JPY,ja,2_adults_1_room_1_night,available,not_sold_out_confirmed,,,missing_or_unclear,C,C,"Price visible, meal_basis=confirmed_room_only, but room_basis=excluded_large_room (large_or_triple_or_quad_room_token_detected); excluded from two-person-standard DP per confirmed policy.",21000,,,tax_included_total,jalan_room_type_excluded,false,false,true,excluded_room_type_large,page_chrome_coupon_or_discount_evidence;meal_basis_confirmed_room_only;meal_basis=confirmed_room_only;excluded_room_type_large;room_basis=excluded_large_room,,,/Volumes/SSD1/ZMI/zao-market-intelligence/.data/debug/auto-runner-market-refresh-rotating/20261006_180001/jalan/classification_decisions/yad325769_2027-02-23.json,zao_local_history_v1
2026-10-06|jalan|たかみや瑠璃倶楽|yad316848|2027-02-11|2027-02-12|2_adults_1_room_1_night,b4205b55d882b4e0cb41598070f8d2eea672bd3e4cec5e53fd75f4f2fe72827a,2027_02,2026-10-06,2026-10-06T20:00:00+09:00,2026-10-06T20:00:00+09:00,jalan,AUTO-RUNNER10X,integrated_jalan_bounded_live,たかみや瑠璃倶楽,国内旅行・海外旅行や宿・ホテルの宿泊予約はじゃらんnet　～日本最大級の宿・ホテル予約サイト～,true,yad316848,yad316848,2027-02-11,2027-02-12,1,2,1,0,JPY,ja,2_adults_1_room_1_night,sold_out,sold_out,,,missing_or_unclear,insufficient,insufficient,selected_date_calendar_sold_out,,,,missing_or_unclear,jalan_sold_out_excluded,false,false,true,sold_out_without_price,page_chrome_coupon_or_discount_evidence;tax_included_total_not_confirmed,,,/Volumes/SSD1/ZMI/zao-market-intelligence/.data/debug/auto-runner-market-refresh-rotating/20261006_200000/jalan/classification_decisions/yad316848_2027-02-11.json,zao_local_history_v1
2026-10-06|jalan|蔵王温泉 高砂屋旅館|yad391608|2027-02-23|2027-02-24|2_adults_1_room_1_night,fd041fe26b671fe5010d7082f80f938be4d5328713794c1cc1cc315f928152c2,2027_02,2026-10-06,2026-10-06T20:00:00+09:00,2026-10-06T20:00:00+09:00,jalan,AUTO-RUNNER10X,integrated_jalan_bounded_live,蔵王温泉 高砂屋旅館,国内旅行・海外旅行や宿・ホテルの宿泊予約はじゃらんnet　～日本最大級の宿・ホテル予約サイト～,true,yad391608,yad391608,2027-02-23,2027-02-24,1,2,1,0,JPY,ja,2_adults_1_room_1_night,sold_out,sold_out,,,missing_or_unclear,insufficient,insufficient,selected_date_calendar_sold_out,,,,missing_or_unclear,jalan_sold_out_excluded,false,false,true,sold_out_without_price,page_chrome_coupon_or_discount_evidence;tax_included_total_not_confirmed,,,/Volumes/SSD1/ZMI/zao-market-intelligence/.data/debug/auto-runner-market-refresh-rotating/20261006_200000/jalan/classification_decisions/yad391608_2027-02-23.json,zao_local_history_v1
2026-10-06|jalan|蔵王温泉 高砂屋旅館|yad391608|2027-02-27|2027-02-28|2_adults_1_room_1_night,77f7bd483333f19f8863d617eca4515e2d9d2b46179ea1f3b1504352e1a1fbe3,2027_02,2026-10-06,2026-10-06T20:00:00+09:00,2026-10-06T20:00:00+09:00,jalan,AUTO-RUNNER10X,integrated_jalan_bounded_live,蔵王温泉 高砂屋旅館,国内旅行・海外旅行や宿・ホテルの宿泊予約はじゃらんnet　～日本最大級の宿・ホテル予約サイト～,true,yad391608,yad391608,2027-02-27,2027-02-28,1,2,1,0,JPY,ja,2_adults_1_room_1_night,sold_out,sold_out,,,missing_or_unclear,insufficient,insufficient,selected_date_calendar_sold_out,,,,missing_or_unclear,jalan_sold_out_excluded,false,false,true,sold_out_without_price,page_chrome_coupon_or_discount_evidence;tax_included_total_not_confirmed,,,/Volumes/SSD1/ZMI/zao-market-intelligence/.data/debug/auto-runner-market-refresh-rotating/20261006_200000/jalan/classification_decisions/yad391608_2027-02-27.json,zao_local_history_v1
2026-10-06|jalan|三浦屋|yad302145|2027-02-27|2027-02-28|2_adults_1_room_1_night,02823a8420243906343b47e1e7cd3021a2bf607c32578311e4a2ed95f88dae97,2027_02,2026-10-06,2026-10-06T22:00:00+09:00,2026-10-06T22:00:00+09:00,jalan,AUTO-RUNNER10X,integrated_jalan_bounded_live,三浦屋,国内旅行・海外旅行や宿・ホテルの宿泊予約はじゃらんnet　～日本最大級の宿・ホテル予約サイト～,true,yad302145,yad302145,2027-02-27,2027-02-28,1,2,1,0,JPY,ja,2_adults_1_room_1_night,available,not_sold_out_confirmed,48070,jalan_visible_total_tax_included,tax_included_total,B,B,Visible tax-included total usable as same-property directional price-pressure evidence; direct withheld due to non-hard gaps.,48070,,48070,tax_included_total,jalan_directional_tax_included_total,false,true,false,,page_chrome_coupon_or_discount_evidence;meal_basis_confirmed_room_only;meal_basis=confirmed_room_only;room_basis_confirmed_two_person_standard;room_basis=confirmed_two_person_standard_room,,,/Volumes/SSD1/ZMI/zao-market-intelligence/.data/debug/auto-runner-market-refresh-rotating/20261006_220000/jalan/classification_decisions/yad302145_2027-02-27.json,zao_local_history_v1
2026-10-06|jalan|たかみや瑠璃倶楽|yad316848|2027-02-13|2027-02-14|2_adults_1_room_1_night,148cf5056f15012ed15d507db74da917a9899532f4374637e95723c53fb478ca,2027_02,2026-10-06,2026-10-06T22:00:00+09:00,2026-10-06T22:00:00+09:00,jalan,AUTO-RUNNER10X,integrated_jalan_bounded_live,たかみや瑠璃倶楽,国内旅行・海外旅行や宿・ホテルの宿泊予約はじゃらんnet　～日本最大級の宿・ホテル予約サイト～,true,yad316848,yad316848,2027-02-13,2027-02-14,1,2,1,0,JPY,ja,2_adults_1_room_1_night,sold_out,sold_out,,,missing_or_unclear,insufficient,insufficient,selected_date_calendar_sold_out,,,,missing_or_unclear,jalan_sold_out_excluded,false,false,true,sold_out_without_price,page_chrome_coupon_or_discount_evidence;tax_included_total_not_confirmed,,,/Volumes/SSD1/ZMI/zao-market-intelligence/.data/debug/auto-runner-market-refresh-rotating/20261006_220000/jalan/classification_decisions/yad316848_2027-02-13.json,zao_local_history_v1
2026-10-06|jalan|蔵王国際ホテル|yad309590|2027-02-06|2027-02-07|2_adults_1_room_1_night,4d5387f80c4b319580c9fb35f7d5acc7048922dd1b44013dfd631c709513c67e,2027_02,2026-10-06,2026-10-06T22:00:00+09:00,2026-10-06T22:00:00+09:00,jalan,AUTO-RUNNER10X,integrated_jalan_bounded_live,蔵王国際ホテル,国内旅行・海外旅行や宿・ホテルの宿泊予約はじゃらんnet　～日本最大級の宿・ホテル予約サイト～,true,yad309590,yad309590,2027-02-06,2027-02-07,1,2,1,0,JPY,ja,2_adults_1_room_1_night,sold_out,sold_out,,,missing_or_unclear,insufficient,insufficient,selected_date_calendar_sold_out,,,,missing_or_unclear,jalan_sold_out_excluded,false,false,true,sold_out_without_price,page_chrome_coupon_or_discount_evidence;tax_included_total_not_confirmed,,,/Volumes/SSD1/ZMI/zao-market-intelligence/.data/debug/auto-runner-market-refresh-rotating/20261006_220000/jalan/classification_decisions/yad309590_2027-02-06.json,zao_local_history_v1
2026-10-07|jalan|たかみや瑠璃倶楽|yad316848|2027-02-20|2027-02-21|2_adults_1_room_1_night,a7d977845197b009f51200f18d3fe3adcb742154964f8c71be05a26b70fe45f0,2027_02,2026-10-07,2026-10-07T00:00:01+09:00,2026-10-07T00:00:01+09:00,jalan,AUTO-RUNNER10X,integrated_jalan_bounded_live,たかみや瑠璃倶楽,国内旅行・海外旅行や宿・ホテルの宿泊予約はじゃらんnet　～日本最大級の宿・ホテル予約サイト～,true,yad316848,yad316848,2027-02-20,2027-02-21,1,2,1,0,JPY,ja,2_adults_1_room_1_night,available,not_sold_out_confirmed,,,missing_or_unclear,C,C,"Price visible, meal_basis=confirmed_room_only, but room_basis=excluded_family_or_suite_room (family_or_suite_room_token_detected); excluded from two-person-standard DP per confirmed policy.",48400,,,tax_included_total,jalan_room_type_excluded,false,false,true,excluded_room_type_family_or_suite,selected_plan_coupon_or_discount_evidence;meal_basis_confirmed_room_only;meal_basis=confirmed_room_only;excluded_room_type_family_or_suite;room_basis=excluded_family_or_suite_room,,,/Volumes/SSD1/ZMI/zao-market-intelligence/.data/debug/auto-runner-market-refresh-rotating/20261007_000001/jalan/classification_decisions/yad316848_2027-02-20.json,zao_local_history_v1
2026-10-07|jalan|ペンション木いちご|yad325769|2027-02-27|2027-02-28|2_adults_1_room_1_night,375f49c95f8ff79d25e9c1aaceaa94f389564767ed04eeb61a4ae164017d195e,2027_02,2026-10-07,2026-10-07T00:00:01+09:00,2026-10-07T00:00:01+09:00,jalan,AUTO-RUNNER10X,integrated_jalan_bounded_live,ペンション木いちご,国内旅行・海外旅行や宿・ホテルの宿泊予約はじゃらんnet　～日本最大級の宿・ホテル予約サイト～,true,yad325769,yad325769,2027-02-27,2027-02-28,1,2,1,0,JPY,ja,2_adults_1_room_1_night,available,not_sold_out_confirmed,,,missing_or_unclear,C,C,"Price visible, meal_basis=confirmed_room_only, but room_basis=excluded_large_room (large_or_triple_or_quad_room_token_detected); excluded from two-person-standard DP per confirmed policy.",25000,,,tax_included_total,jalan_room_type_excluded,false,false,true,excluded_room_type_large,page_chrome_coupon_or_discount_evidence;meal_basis_confirmed_room_only;meal_basis=confirmed_room_only;excluded_room_type_large;room_basis=excluded_large_room,,,/Volumes/SSD1/ZMI/zao-market-intelligence/.data/debug/auto-runner-market-refresh-rotating/20261007_000001/jalan/classification_decisions/yad325769_2027-02-27.json,zao_local_history_v1
2026-10-07|jalan|ペンション木いちご|yad325769|2027-02-06|2027-02-07|2_adults_1_room_1_night,36395281c4ab26f4473b6de455725b7d40f1581a7275aca33a71b43c953aaf89,2027_02,2026-10-07,2026-10-07T06:00:00+09:00,2026-10-07T06:00:00+09:00,jalan,AUTO-RUNNER10X,integrated_jalan_bounded_live,ペンション木いちご,国内旅行・海外旅行や宿・ホテルの宿泊予約はじゃらんnet　～日本最大級の宿・ホテル予約サイト～,true,yad325769,yad325769,2027-02-06,2027-02-07,1,2,1,0,JPY,ja,2_adults_1_room_1_night,sold_out,sold_out,,,missing_or_unclear,insufficient,insufficient,selected_date_calendar_sold_out,,,,missing_or_unclear,jalan_sold_out_excluded,false,false,true,sold_out_without_price,page_chrome_coupon_or_discount_evidence;tax_included_total_not_confirmed,,,/Volumes/SSD1/ZMI/zao-market-intelligence/.data/debug/auto-runner-market-refresh-rotating/20261007_060000/jalan/classification_decisions/yad325769_2027-02-06.json,zao_local_history_v1
2026-10-07|jalan|ペンション木いちご|yad325769|2027-02-11|2027-02-12|2_adults_1_room_1_night,f20cb6fde96a5e00eb837839018d65c844a854981d58a3765ca467def37ad546,2027_02,2026-10-07,2026-10-07T08:00:00+09:00,2026-10-07T08:00:00+09:00,jalan,AUTO-RUNNER10X,integrated_jalan_bounded_live,ペンション木いちご,国内旅行・海外旅行や宿・ホテルの宿泊予約はじゃらんnet　～日本最大級の宿・ホテル予約サイト～,true,yad325769,yad325769,2027-02-11,2027-02-12,1,2,1,0,JPY,ja,2_adults_1_room_1_night,sold_out,sold_out,,,missing_or_unclear,insufficient,insufficient,selected_date_calendar_sold_out,,,,missing_or_unclear,jalan_sold_out_excluded,false,false,true,sold_out_without_price,page_chrome_coupon_or_discount_evidence;tax_included_total_not_confirmed,,,/Volumes/SSD1/ZMI/zao-market-intelligence/.data/debug/auto-runner-market-refresh-rotating/20261007_080000/jalan/classification_decisions/yad325769_2027-02-11.json,zao_local_history_v1
2026-10-07|jalan|ペンション木いちご|yad325769|2027-02-13|2027-02-14|2_adults_1_room_1_night,aac1ac0b43e44a47a2149ad118bb5942e187425960f08419e253e8d5e3562279,2027_02,2026-10-07,2026-10-07T08:00:00+09:00,2026-10-07T08:00:00+09:00,jalan,AUTO-RUNNER10X,integrated_jalan_bounded_live,ペンション木いちご,国内旅行・海外旅行や宿・ホテルの宿泊予約はじゃらんnet　～日本最大級の宿・ホテル予約サイト～,true,yad325769,yad325769,2027-02-13,2027-02-14,1,2,1,0,JPY,ja,2_adults_1_room_1_night,available,not_sold_out_confirmed,,,missing_or_unclear,C,C,"Price visible, meal_basis=confirmed_room_only, but room_basis=excluded_large_room (large_or_triple_or_quad_room_token_detected); excluded from two-person-standard DP per confirmed policy.",25000,,,tax_included_total,jalan_room_type_excluded,false,false,true,excluded_room_type_large,page_chrome_coupon_or_discount_evidence;meal_basis_confirmed_room_only;meal_basis=confirmed_room_only;excluded_room_type_large;room_basis=excluded_large_room,,,/Volumes/SSD1/ZMI/zao-market-intelligence/.data/debug/auto-runner-market-refresh-rotating/20261007_080000/jalan/classification_decisions/yad325769_2027-02-13.json,zao_local_history_v1
2026-10-07|jalan|蔵王四季のホテル|yad322447|2027-02-06|2027-02-07|2_adults_1_room_1_night,4726b7fd5e6cf3ffac9ec34f6069cf9b1fc0e95c5effc59bfe792f83307299d6,2027_02,2026-10-07,2026-10-07T10:00:01+09:00,2026-10-07T10:00:01+09:00,jalan,AUTO-RUNNER10X,integrated_jalan_bounded_live,蔵王四季のホテル,国内旅行・海外旅行や宿・ホテルの宿泊予約はじゃらんnet　～日本最大級の宿・ホテル予約サイト～,true,yad322447,yad322447,2027-02-06,2027-02-07,1,2,1,0,JPY,ja,2_adults_1_room_1_night,available,not_sold_out_confirmed,,,missing_or_unclear,C,C,Price visible but meal_basis=unknown_meal_basis (jalan_ambiguous_meal_and_room_only_tokens); excluded from room-only DP per confirmed policy.,116160,,,tax_included_total,jalan_unknown_meal_basis_excluded,false,false,true,unknown_meal_basis_excluded,page_chrome_coupon_or_discount_evidence;unknown_meal_basis_excluded;meal_basis=unknown_meal_basis,,,/Volumes/SSD1/ZMI/zao-market-intelligence/.data/debug/auto-runner-market-refresh-rotating/20261007_100001/jalan/classification_decisions/yad322447_2027-02-06.json,zao_local_history_v1
2026-10-07|jalan|ペンション木いちご|yad325769|2027-02-20|2027-02-21|2_adults_1_room_1_night,f8bd8f25e5d7a364f09b9e484642b1563ce156aa8228bcae36791c40174746cb,2027_02,2026-10-07,2026-10-07T10:00:01+09:00,2026-10-07T10:00:01+09:00,jalan,AUTO-RUNNER10X,integrated_jalan_bounded_live,ペンション木いちご,国内旅行・海外旅行や宿・ホテルの宿泊予約はじゃらんnet　～日本最大級の宿・ホテル予約サイト～,true,yad325769,yad325769,2027-02-20,2027-02-21,1,2,1,0,JPY,ja,2_adults_1_room_1_night,available,not_sold_out_confirmed,22000,jalan_visible_total_tax_included,tax_included_total,B,B,Visible tax-included total usable as same-property directional price-pressure evidence; direct withheld due to non-hard gaps.,22000,,22000,tax_included_total,jalan_directional_tax_included_total,false,true,false,,page_chrome_coupon_or_discount_evidence;meal_basis_confirmed_room_only;meal_basis=confirmed_room_only;room_basis_confirmed_two_person_standard;room_basis=confirmed_two_person_standard_room,,,/Volumes/SSD1/ZMI/zao-market-intelligence/.data/debug/auto-runner-market-refresh-rotating/20261007_100001/jalan/classification_decisions/yad325769_2027-02-20.json,zao_local_history_v1
2026-10-07|jalan|たかみや瑠璃倶楽|yad316848|2027-02-23|2027-02-24|2_adults_1_room_1_night,8c1e7188b612c705a7abe4b5d36ce46b6afbbad4ea0d01cccfd5d6221150fdb0,2027_02,2026-10-07,2026-10-07T12:00:01+09:00,2026-10-07T12:00:01+09:00,jalan,AUTO-RUNNER10X,integrated_jalan_bounded_live,たかみや瑠璃倶楽,国内旅行・海外旅行や宿・ホテルの宿泊予約はじゃらんnet　～日本最大級の宿・ホテル予約サイト～,true,yad316848,yad316848,2027-02-23,2027-02-24,1,2,1,0,JPY,ja,2_adults_1_room_1_night,available,not_sold_out_confirmed,,,missing_or_unclear,C,C,"Price visible, meal_basis=confirmed_room_only, but room_basis=excluded_family_or_suite_room (family_or_suite_room_token_detected); excluded from two-person-standard DP per confirmed policy.",40700,,,tax_included_total,jalan_room_type_excluded,false,false,true,excluded_room_type_family_or_suite,selected_plan_coupon_or_discount_evidence;meal_basis_confirmed_room_only;meal_basis=confirmed_room_only;excluded_room_type_family_or_suite;room_basis=excluded_family_or_suite_room,,,/Volumes/SSD1/ZMI/zao-market-intelligence/.data/debug/auto-runner-market-refresh-rotating/20261007_120001/jalan/classification_decisions/yad316848_2027-02-23.json,zao_local_history_v1
2026-10-07|jalan|たかみや瑠璃倶楽|yad316848|2027-02-27|2027-02-28|2_adults_1_room_1_night,fc241535b3e4e6913e7e5af7b8e631062d755b608ee1fe0e05ccc10f13e70b74,2027_02,2026-10-07,2026-10-07T12:00:01+09:00,2026-10-07T12:00:01+09:00,jalan,AUTO-RUNNER10X,integrated_jalan_bounded_live,たかみや瑠璃倶楽,国内旅行・海外旅行や宿・ホテルの宿泊予約はじゃらんnet　～日本最大級の宿・ホテル予約サイト～,true,yad316848,yad316848,2027-02-27,2027-02-28,1,2,1,0,JPY,ja,2_adults_1_room_1_night,available,not_sold_out_confirmed,,,missing_or_unclear,C,C,"Price visible, meal_basis=confirmed_room_only, but room_basis=excluded_family_or_suite_room (family_or_suite_room_token_detected); excluded from two-person-standard DP per confirmed policy.",40700,,,tax_included_total,jalan_room_type_excluded,false,false,true,excluded_room_type_family_or_suite,selected_plan_coupon_or_discount_evidence;meal_basis_confirmed_room_only;meal_basis=confirmed_room_only;excluded_room_type_family_or_suite;room_basis=excluded_family_or_suite_room,,,/Volumes/SSD1/ZMI/zao-market-intelligence/.data/debug/auto-runner-market-refresh-rotating/20261007_120001/jalan/classification_decisions/yad316848_2027-02-27.json,zao_local_history_v1
2026-10-07|jalan|三浦屋|yad302145|2027-02-06|2027-02-07|2_adults_1_room_1_night,2e3b3ad28601bd707f726dab93eb023a272ee0ade04d0445dffec695319c026b,2027_02,2026-10-07,2026-10-07T12:00:01+09:00,2026-10-07T12:00:01+09:00,jalan,AUTO-RUNNER10X,integrated_jalan_bounded_live,三浦屋,国内旅行・海外旅行や宿・ホテルの宿泊予約はじゃらんnet　～日本最大級の宿・ホテル予約サイト～,true,yad302145,yad302145,2027-02-06,2027-02-07,1,2,1,0,JPY,ja,2_adults_1_room_1_night,available,not_sold_out_confirmed,48070,jalan_visible_total_tax_included,tax_included_total,B,B,Visible tax-included total usable as same-property directional price-pressure evidence; direct withheld due to non-hard gaps.,48070,,48070,tax_included_total,jalan_directional_tax_included_total,false,true,false,,page_chrome_coupon_or_discount_evidence;meal_basis_confirmed_room_only;meal_basis=confirmed_room_only;room_basis_confirmed_two_person_standard;room_basis=confirmed_two_person_standard_room,,,/Volumes/SSD1/ZMI/zao-market-intelligence/.data/debug/auto-runner-market-refresh-rotating/20261007_120001/jalan/classification_decisions/yad302145_2027-02-06.json,zao_local_history_v1
2026-10-07|jalan|蔵王四季のホテル|yad322447|2027-02-11|2027-02-12|2_adults_1_room_1_night,e6bd11eaa972257868402679afb8e5be6e6eef172ca277cf42ff76b616227f67,2027_02,2026-10-07,2026-10-07T12:00:01+09:00,2026-10-07T12:00:01+09:00,jalan,AUTO-RUNNER10X,integrated_jalan_bounded_live,蔵王四季のホテル,国内旅行・海外旅行や宿・ホテルの宿泊予約はじゃらんnet　～日本最大級の宿・ホテル予約サイト～,true,yad322447,yad322447,2027-02-11,2027-02-12,1,2,1,0,JPY,ja,2_adults_1_room_1_night,available,not_sold_out_confirmed,,,missing_or_unclear,C,C,Price visible but meal_basis=unknown_meal_basis (jalan_ambiguous_meal_and_room_only_tokens); excluded from room-only DP per confirmed policy.,110880,,,tax_included_total,jalan_unknown_meal_basis_excluded,false,false,true,unknown_meal_basis_excluded,page_chrome_coupon_or_discount_evidence;unknown_meal_basis_excluded;meal_basis=unknown_meal_basis,,,/Volumes/SSD1/ZMI/zao-market-intelligence/.data/debug/auto-runner-market-refresh-rotating/20261007_120001/jalan/classification_decisions/yad322447_2027-02-11.json,zao_local_history_v1
